#번호	첫 위치	개수	종류	원문	번역
00001	D1:41:003CE	14	대사	　{w00}{k00}	
00002	D1:41:0041A	12	대사	{E985}アル{E986}‥‥‥‥‥‥。	
00003	D1:41:00434	1	대사	{E985}アル{E986}夢か‥‥しかし、えらくリアルな夢だったな。	
00004	D1:41:0046A	1	대사	{E985}アル{E986}誰だったんだろう。見たことがあるような、ないような‥‥。	
00005	D1:41:004C8	1	대사	{E985}アル{E986}夢というのは、えてして現実的なものだ。	
00006	D1:41:004FA	1	대사	{E985}アル{E986}それが例え非現実的な内容であっても‥‥。	
00007	D1:41:0052E	1	대사	{E985}アル{E986}フッ、今日の俺はいくぶん情緒的だな。	
00008	D1:41:0055E	1	대사	{E985}アル{E986}こんなところをマコトに見られでもしたら、バカにされるのがオチだ。	
00009	D1:41:005C4	1	대사	{E985}アナウンス{E986}ポーン。	
00010	D1:41:005E6	2	대사	{E985}アル{E986}ん？	
00011	D1:41:005F6	1	대사	{E985}アナウンス{E986}まもなく当機は現地時間１１時におきまして、	
00012	D1:41:0063C	1	대사	{E985}アナウンス{E986}《デザイア》に到着致します‥‥。	
00013	D1:41:00678	1	대사	{E985}アル{E986}どうやら見えてきたな。あれが‥‥。	
00014	D1:41:006B2	1	대사	{E985}アル{E986}あれが《デザイア》‥‥。	
00015	D1:41:006D6	1	대사	{E985}アル{E986}グランチェスタ財団の、技術の粋を集めて建造されたという研究施設か。	
00016	D1:41:0073E	1	대사	{E985}アル{E986}南海の孤島をまるまる改造したという話しだが‥‥、	
00017	D1:41:0077A	1	대사	{E985}アル{E986}なぜこの島に研究施設を建造したのか。	
00018	D1:41:007AA	1	대사	{E985}アル{E986}様々な憶測が、まことしやかに囁かれている。	
00019	D1:41:007E0	1	대사	{E985}アル{E986}地下に眠る鉱物資源説に始まり、革新的なエネルギー研究説、	
00020	D1:41:00824	1	대사	{E985}アル{E986}非合法の兵器開発説‥‥。	
00021	D1:41:00848	1	대사	{E985}アル{E986}いずれも、もっともな説ばかりだが、あくまで風聞だ。	
00022	D1:41:00886	1	대사	{E985}アル{E986}そういえば、財団会長の秘密のハーレムという説もあったな。	
00023	D1:41:008E4	1	대사	{E985}アル{E986}《デザイア》を訪れる初めての記者、が俺なわけだが‥‥。	
00024	D1:41:00926	1	대사	{E985}アル{E986}しかし不気味というのが本音だな。	
00025	D1:41:00952	1	대사	{E985}アル{E986}財団側が俺の取材申し込みをあっさり受理するとは、思ってもみなかった。	
00026	D1:41:009A2	1	대사	{E985}アル{E986}確かに俺の恋人のマコトは、研究所の技術主任という職に就いているが、	
00027	D1:41:009F0	1	대사	{E985}アル{E986}一職員の個人的関係を財団側が考慮するとは思えない。	
00028	D1:41:00A2E	1	대사	{E985}アル{E986}ま、おおかた財団のオープンイメージのプロパガンダに過ぎないと思うんだが。	
00029	D1:41:00A9C	1	대사	{E985}アル{E986}しかし意外に小さな島だな‥‥何人くらいの人がいるんだろう。	
00030	D1:41:00AE2	1	대사	{E985}女性の声{E986}全長２キロほどの島に、わずか１２４人の職員が勤務しているだけ。	
00031	D1:41:00B38	1	대사	{E985}アル{E986}‥‥？	
00032	D1:41:00B4A	1	대사	{E985}窓際の女性{E986}文字どおり秘密の島という訳ね。	
00033	D1:41:00BA4	1	대사	{E985}アル{E986}結構詳しいんだね。	
00034	D1:41:00BC2	2	대사	{E985}窓際の女性{E986}‥‥‥‥‥‥。	
00035	D1:41:00BE2	1	대사	{E985}アル{E986}君も《デザイア》に用があるのかい？	
00036	D1:41:00C10	1	대사	{E985}アル{E986}この飛行機の乗客は俺達だけだし‥‥まさか、俺と同じ記者とか。	
00037	D1:41:00C78	1	대사	{E985}アル{E986}（なんだよ、話しかけておいてダンマリとは。）	
00038	D1:41:00CB0	1	대사	{E985}アル{E986}まぁいいさ、さてと‥‥‥‥。	
00039	D1:41:00D00	1	대사	{E985}アル{E986}相変わらず世間では、ろくでもない事ばかり起きてやがる。	
00040	D1:41:00D42	1	대사	{E985}アル{E986}殺人、汚職、脱税、スキャンダル‥‥末世も甚だしいぜ。	
00041	D1:41:00D82	1	대사	{E985}アル{E986}もう少し目新しいことは、ないのかな。	
00042	D1:41:00DB2	1	대사	{E985}アル{E986}‥‥。	
00043	D1:41:00E1C	1	대사	{E985}アル{E986}輸送機が行方不明？　この付近だな‥‥。	
00044	D1:41:00E4E	1	대사	{E985}アル{E986}テロの可能性もあり、か‥‥。	
00045	D1:41:00E88	1	대사	{E985}窓際の女性{E986}違うわね。	
00046	D1:41:00EAC	1	대사	{E985}アル{E986}え？	
00047	D1:41:00EBC	1	대사	{E985}窓際の女性{E986}近頃が物騒になった訳じゃないわ。	
00048	D1:41:00EF6	1	대사	{E985}アル{E986}どういうことだい？	
00049	D1:41:00F14	1	대사	{E985}窓際の女性{E986}いつの時代も、物騒ではない時など、一度としてなかった。	
00050	D1:41:00F7E	1	대사	{E985}窓際の女性{E986}フフ、わからない？　今この時代が一番物騒だということ。	
00051	D1:41:00FCE	1	대사	{E985}アル{E986}‥‥‥‥面白い女性だな、君は。	
00052	D1:41:00FF8	1	대사	{E985}窓際の女性{E986}私はカズミ。あなたは？	
00053	D1:41:01028	1	대사	{E985}アル{E986}胸の自慢のヤツを見てくれ。	
00054	D1:41:0104E	1	대사	{E985}カズミ{E986}綺麗な刺繍ね。あなたがやったの？　ＡＬ‥‥アル？	
00055	D1:41:01094	1	대사	{E985}アル{E986}アルバートだ。アルでいい。	
00056	D1:41:010BA	1	대사	{E985}カズミ{E986}アル、一言だけ忠告しておくわ。	
00057	D1:41:010EE	1	대사	{E985}アル{E986}？	
00058	D1:41:010FC	1	대사	{E985}カズミ{E986}これから行く《デザイア》は、もっと物騒だということを心に留めておくことね。	
00059	D1:41:0115C	1	대사	{E985}アル{E986}‥‥物騒？	
00060	D1:41:01172	1	대사	{E985}カズミ{E986}フフ、今にわかるわ。	
00061	D1:41:0119C	1	대사	{E985}アル{E986}それは、いつさ。	
00062	D1:41:011B8	1	대사	{E985}カズミ{E986}‥‥‥‥‥‥。	
00063	D1:41:011EE	1	대사	{E985}カズミ{E986}‥‥すぐに、よ。	
00064	D1:70:03DC2	1	대사	【アル】研究所前だな。メタリックシルバーの屋根が寂しく輝いている。	
00065	D1:70:03E08	1	대사	【アル】相変わらず研究所だけは生きているな‥‥。	
00066	D1:70:03E3C	1	대사	【アル】だが、いったい誰が中にいるんだろうか。	
00067	D1:70:03E78	9	대사	【アル】ここは研究所前だ。	
00068	D1:70:03E96	1	대사	【アル】ここへ来るまでにも、何人かの職員とすれ違ったな‥‥。	
00069	D1:70:03EFE	4	대사	【アル】ティーナは‥‥いないようだな。	
00070	D1:70:03F60	1	대사	【アル】あれ、レイコさんじゃないか。	
00071	D1:70:03F88	1	대사	【レイコ】写真撮影は終わった？	
00072	D1:70:03FB2	1	대사	【アル】あぁ‥‥終わったんだけど、どうも妙な按配で。	
00073	D1:70:03FEA	1	대사	【レイコ】妙？	
00074	D1:70:04004	1	대사	【アル】うん、なんだかカズミさんとマルチナさんが、やけに険悪な雰囲気でね。	
00075	D1:70:04052	1	대사	【レイコ】カズミさんが？	
00076	D1:70:04076	1	대사	【アル】あぁ、マルチナさんが何か装置の説明を始めた途端、	
00077	D1:70:040B2	1	대사	【アル】「お話があるわっ！」とか言って、俺を放って２人でどこかに行っちゃったよ。	
00078	D1:70:04106	1	대사	【レイコ】‥‥‥‥‥‥。	
00079	D1:70:0412A	2	대사	【アル】どういうこと？	
00080	D1:70:04144	1	대사	【レイコ】え？	
00081	D1:70:0415E	1	대사	【アル】いやだから、あの２人ってそんなに仲が悪かったのかなって。	
00082	D1:70:041A2	1	대사	【レイコ】そ、そういうことではないと思うわ。	
00083	D1:70:041DC	1	대사	【レイコ】誤解による、単なるすれ違いじゃないかしら。	
00084	D1:70:0421E	1	대사	【アル】ふーん‥‥‥‥。	
00085	D1:70:0423A	1	대사	【レイコ】フフ、それよりもアル、昨晩はごめんね。	
00086	D1:70:04276	1	대사	【アル】そうですよ、俺さぁ、何だかすっごい切ない気分になっちゃって‥‥。	
00087	D1:70:042C2	1	대사	【アル】間男ってああいう気分を味わうんだろうな。	
00088	D1:70:042F6	1	대사	【レイコ】でもアルだって、途中で寝てしまうんだもの。	
00089	D1:70:04336	1	대사	【アル】えっ、途中って？	
00090	D1:70:04352	1	대사	【レイコ】な、なんでもないわ。	
00091	D1:70:0437C	1	대사	【アル】途中って何さ。ねぇ、なにさ。	
00092	D1:70:043A4	1	대사	【レイコ】ニヤニヤして聞かないで頂戴！　それよりも、その後よ。	
00093	D1:70:043EE	1	대사	【アル】あぁ、クリスのことか‥‥。	
00094	D1:70:04414	1	대사	【レイコ】クリスさん、残念ね。	
00095	D1:70:0443E	1	대사	【アル】あのお嬢さんは、なんで堂々と歩き回っていられるんだよ。	
00096	D1:70:04480	1	대사	【レイコ】だって、貴方の命を助けるためでしょう？	
00097	D1:70:044BC	1	대사	【アル】そ、それはそうだけど‥‥でもクリスを殺すことはなかったんだ。	
00098	D1:70:04504	1	대사	【レイコ】正式な司法の判断はまだ後だけど‥‥。	
00099	D1:70:0453E	1	대사	【アル】どうせ財団には、腕利きの弁護士がくさるほどいるだろうしね。	
00100	D1:70:04584	3	대사	【レイコ】そうね‥‥。	
00101	D1:70:045A8	1	대사	【レイコ】しかも、言いにくいのだけど、彼女の身体からは薬物反応が見つかったわ。	
00102	D1:70:04604	1	대사	【アル】薬物って‥‥いわゆる麻薬ってやつか？	
00103	D1:70:04634	2	대사	【レイコ】そう。	
00104	D1:70:04650	1	대사	【アル】じゃあ、クリスが一方的に悪いってことかよ！	
00105	D1:70:04686	1	대사	【レイコ】私に言ってもしょうがないわ‥‥でも、司法はそう裁定を下すでしょうね。	
00106	D1:70:046E0	155	대사	【アル】‥‥‥‥‥‥。	
00107	D1:70:046FA	1	대사	【レイコ】アル、あなたどうするの？　これを記事にする？	
00108	D1:70:0473C	1	대사	【アル】安心しなよ、人の悲劇を煽って楽しむ趣味はないぜ。	
00109	D1:70:04778	1	대사	【アル】第一ウチじゃあね、不謹慎だが面白くないから記事にはならない。	
00110	D1:70:047C0	1	대사	【レイコ】そう‥‥わかったわ、それじゃ。	
00111	D1:70:047F4	5	대사	【アル】えっ？	
00112	D1:70:04810	1	대사	【アル】ちょっと、レイコさん‥‥行っちゃったか。	
00113	D1:70:04844	1	대사	【アル】何だか、おかしな雰囲気になってきたな。来たときとは大分変わってきた‥‥。	
00114	D1:70:048A2	1	대사	【アル】ここは研究所だ。	
00115	D1:70:048BE	1	대사	【アル】相変わらず、メタリックシルバーの屋根が眩しいな‥‥。	
00116	D1:70:04908	1	대사	【アル】ここは研究所前だが‥‥。	
00117	D1:70:0492C	1	대사	【アル】あれ？　あそこにいるのは、カイルの野郎か！？	
00118	D1:70:04964	1	대사	【アル】おまけにレイコさんもいるようだ。	
00119	D1:70:04990	1	대사	【アル】何か口論をしているようだが‥‥レイコさん、かなり熱くなっているな。	
00120	D1:70:049DE	1	대사	【アル】おっ、こっちに来るぞ。	
00121	D1:70:04A0A	1	대사	【カイル】ちっ、なんだお前か‥‥。	
00122	D1:70:04A38	1	대사	【アル】どうしたよゴリラ。顔が赤いぜ。	
00123	D1:70:04A62	1	대사	【カイル】知らぬは亭主ばかりなりってな‥‥。	
00124	D1:70:04A9A	1	대사	【アル】なに、どういうことだ？	
00125	D1:70:04AC6	1	대사	【アル】おっ、ちょっ、まっ‥‥行っちゃったよ‥‥。	
00126	D1:70:04AFC	4	대사	【レイコ】アル。	
00127	D1:70:04B22	1	대사	【アル】レイコさん、あのゴリラと何の話を？	
00128	D1:70:04B50	1	대사	【レイコ】え、ええ‥‥フフ、見苦しいところを見られてしまったわね。	
00129	D1:70:04B9E	1	대사	【アル】そんなことはないけど‥‥。	
00130	D1:70:04BC4	1	대사	【レイコ】とにかく立ち話もなんだから、私の部屋に来てくれないかしら？	
00131	D1:70:04C14	1	대사	【アル】あ、ああ‥‥。	
00132	D1:70:04C2E	1	대사	【アル】あれ、研究所の裏手にまわって‥‥、	
00133	D1:70:04C5C	1	대사	【アル】ま、まさかレイコさん、おれおれ俺を誘っているのでは？	
00134	D1:70:04C9C	1	대사	【レイコ】バカね。	
00135	D1:70:04CBC	1	대사	【レイコ】夜間は研究所の鍵を閉めてしまうことが多いから、裏手から出入りするのよ。	
00136	D1:70:04D1A	3	대사	【アル】へぇ‥‥。	
00137	D1:70:04D3A	1	대사	【レイコ】ここよ‥‥どうぞ。	
00138	D1:70:04D62	1	대사	【アル】じゃ、ちょっとだけお邪魔します。	
00139	D1:70:04D96	1	대사	【アル】へぇ‥‥結構いい部屋だな。	
00140	D1:70:04DBC	1	대사	【レイコ】フフ、ありがとう。少しだけラフな格好に着替えさせて貰ったわ。	
00141	D1:70:04E0E	1	대사	【アル】い、いえいえ‥‥その、俺は全く気にしないから。	
00142	D1:70:04E48	1	대사	【アル】むしろこっちの方が‥‥いや、何でもないけど。	
00143	D1:70:04E80	1	대사	【レイコ】フフ、もう太股ばかり見ないのよ。	
00144	D1:70:04EB6	1	대사	【アル】み、見てない見てない。胸元だけですよ。	
00145	D1:70:04EE8	1	대사	【レイコ】相変わらずね‥‥アルもする？	
00146	D1:70:04F1A	1	대사	【アル】えっ‥‥す、するって？	
00147	D1:70:04F3C	1	대사	【レイコ】飲むかってこと。	
00148	D1:70:04F62	1	대사	【アル】あ、ああ。じゃあちょっとだけ。	
00149	D1:70:04F96	1	대사	【アル】ここは研究所前だな。	
00150	D1:70:04FB6	1	대사	【アル】ここにティーナがいるだろうか‥‥。	
00151	D1:70:04FEE	1	대사	【アル】あれ、君は‥‥。	
00152	D1:70:0500A	1	대사	【エレナ】あっ‥‥。	
00153	D1:70:0502A	1	대사	【アル】えっと、もしかして君、エレナ？	
00154	D1:70:05054	1	대사	【エレナ】はい、そうですが‥‥。	
00155	D1:70:05080	1	대사	【アル】ふーん、やっぱり。メディカルセンターに勤めているんだろ？	
00156	D1:70:050C4	1	대사	【エレナ】ええ、ゲーツ先生のお手伝いをさせてもらってます。	
00157	D1:70:0510A	1	대사	【アル】ふーん‥‥ね、このくらいの女の子、見なかった？	
00158	D1:70:05144	1	대사	【エレナ】女の子、ですか？	
00159	D1:70:0516A	1	대사	【アル】そう、金髪でクリクリした女の子さ。	
00160	D1:70:05198	1	대사	【エレナ】ティーナのことですね‥‥。	
00161	D1:70:051C8	1	대사	【アル】そう‥‥あぁ、なるほど、	
00162	D1:70:051EC	1	대사	【アル】メディカルセンターに勤めているんだから、知っていて当たり前だよな。	
00163	D1:70:0523A	1	대사	【エレナ】え、ええ‥‥。	
00164	D1:70:0525E	1	대사	【アル】（なんだろう、顔は笑っているけど、言いにくそうな感じだ‥‥。）	
00165	D1:70:052A8	1	대사	【アル】で、どう？　見なかったかな。	
00166	D1:70:052D0	1	대사	【エレナ】ごめんなさい、私は知りません。	
00167	D1:70:05304	6	대사	【アル】そうか‥‥。	
00168	D1:70:05326	1	대사	【アル】あっ、ねぇちょっと‥‥。	
00169	D1:70:0534A	205	대사	【アル】‥‥‥‥。	
00170	D1:70:05360	1	대사	【アル】行っちゃったか。別に変なことは言わなかったよな‥‥、	
00171	D1:70:053A0	1	대사	【アル】いやらしい目つきしたわけでもないし‥‥。	
00172	D1:70:053D4	1	대사	【アル】うーん、なんでだろう‥‥。	
00173	D1:70:053FA	1	대사	【アル】まぁいいさ。{n00}とにかくティーナを捜しださなきゃ。	
00174	D1:70:0545E	2	대사	【アル】さてと、どうするかな‥‥。	
00175	D1:70:0548E	1	대사	【アル】やぁ、レイコさん。	
00176	D1:70:054AC	1	대사	【レイコ】ウフフ、お疲れさま。可もなく不可もなかったようね。	
00177	D1:70:054F4	1	대사	【アル】クリスさんから聞いたんだね。	
00178	D1:70:0551C	1	대사	【レイコ】教授はどうだった？	
00179	D1:70:05544	1	대사	【アル】うーん、そうだな。	
00180	D1:70:05562	1	대사	【アル】映える服を着せれば、まだまだ現役のモデルとして通用しそうだ。	
00181	D1:70:055AA	1	대사	【レイコ】そんなことを聞いているんじゃないわよ、もう‥‥。	
00182	D1:70:055FA	3	대사	【アル】ここは研究所前だ‥‥。	
00183	D1:70:0561C	3	대사	【アル】ところどころ光が漏れている所を見ると、	
00184	D1:70:0564E	2	대사	【アル】まだ中に人が何人かいるのかもしれない。	
00185	D1:70:0570C	1	대사	【アル】マコト、もしかしたら仕事で研究所に来ているのかな‥‥。	
00186	D1:70:057AC	1	대사	【アル】まだ人が何人かいるのかもしれない。	
00187	D1:70:057E2	12	대사	【アル】ふぅ‥‥。	
00188	D1:70:057F8	1	대사	【アル】まいったな、まさかあそこで、あんな大胆な‥‥うーん。	
00189	D1:70:05838	1	대사	【アル】しかし、来いって言っておいて、来たら来たでアレだもんな。	
00190	D1:70:0587C	1	대사	【アル】やられたよ、クリスさんには。	
00191	D1:70:058A2	1	대사	【アル】しかも相手が、例のマウンテンゴリラときちゃあね‥‥。	
00192	D1:70:058E2	1	대사	【アル】レイコさんの言っていたことが、今になって理解できるぜ。	
00193	D1:70:0593E	1	대사	【アル】ＩＤカード、どうしようかな。あれがないと、意外に不便そうだし‥‥。	
00194	D1:70:0598C	1	대사	【アル】とりあえず、ほとぼりがさめたら、また来てみよう。	
00195	D1:70:059F0	1	대사	【アル】メタリックシルバーの屋根が、薄暗く光を放っている。	
00196	D1:70:05A56	1	대사	【アル】もうあのイベント会場にも慣れてしまったな。	
00197	D1:70:05A9C	1	대사	【アル】ふぅ、外は眩しいなぁ。	
00198	D1:70:05ABE	1	대사	【レイコ】もう、アルのせいで冷や汗ものよ！	
00199	D1:70:05AF4	1	대사	【アル】へへへ、レイコさん感謝してますよ。	
00200	D1:70:05B22	1	대사	【レイコ】調子がいいんだから‥‥ウフフ、でもちょっぴりスリルがあったわね。	
00201	D1:70:05B78	1	대사	【アル】なんだかんだで、楽しんでるなぁ。	
00202	D1:70:05BCC	1	대사	【アル】メタリックシルバーの屋根が、相変わらず眩しいな。	
00203	D1:70:05C08	307	선택지	　{E980}{E981}{E982}{E983}{E984}	
00204	D1:70:05C16	307	선택지	　移動する	
00205	D1:70:05C22	189	선택지	　あたりの様子	
00206	D1:70:05C32	71	선택지	　研究所	
00207	D1:70:05C3C	1	대사	【アル】目の前に研究所があるな‥‥今は人の姿が見えない。	
00208	D1:70:05C78	1	대사	【アル】昨日の夕方は、慌ただしい観光客のような人が、	
00209	D1:70:05CB0	1	대사	【アル】飛行場への長蛇の列を築いていたが‥‥。	
00210	D1:70:05CE2	1	대사	【アル】長蛇の列は言い過ぎか。別に列をつくるほど人はいなかったし。	
00211	D1:70:05D28	1	대사	【アル】ま、ヘビは一匹くらいで、やたらと細身の身体かな。	
00212	D1:70:05D64	1	대사	【アル】うん、そんなことはどうでもいい。わかっている。	
00213	D1:70:05D9E	1	대사	【アル】恐らく今日で見納めになるかもしれないな、この研究所も。	
00214	D1:70:05DE0	1	대사	【アル】まだ中に誰かがいるんだろうか。かすかに何かの音が聞こえてくるが‥‥。	
00215	D1:70:05E30	1	대사	【アル】恐らくもう、数えるくらいの人数しか、研究所には残っていないんだろう。	
00216	D1:70:05E80	1	대사	【アル】カズミさんの仕掛けたバクチってのは、いったい何だったんだろうか‥‥。	
00217	D1:70:05ED0	62	선택지	　中に入る	
00218	D1:70:05EDC	70	선택지	　宿舎	
00219	D1:70:05EE4	39	선택지	　メディカルセンター	
00220	D1:70:05EFA	88	선택지	　飛行場	
00221	D1:70:05F04	1	대사	【アル】そうだな、中に入ってみるか。	
00222	D1:70:05F32	1	대사	【アル】宿舎に行くのか？	
00223	D1:70:05F4E	12	대사	【アル】よし、行ってみよう。	
00224	D1:70:05F74	1	대사	【アル】メディカルセンターか‥‥ちょっとだけ行ってみるかな。	
00225	D1:70:05FBA	1	대사	【アル】飛行場だな、よし、行ってみるか。	
00226	D1:70:06020	1	대사	【アル】あたりは暗くなっているが、人とはよくすれ違うな‥‥。	
00227	D1:70:06060	1	대사	【アル】飛行場に行く最中なんだろうか。	
00228	D1:70:0608A	1	대사	【アル】今日はいつにも増して寂しい気がするな‥‥。	
00229	D1:70:060C0	1	대사	【アル】あたりに人が少ないのは、しょうがないのかな‥‥。	
00230	D1:70:060FC	1	대사	【アル】どうもここの職員はみな内向的みたいだし。	
00231	D1:70:06130	1	대사	【アル】俺みたいにアウトドアライフを送っている人は、３人くらいしかいないのかな？	
00232	D1:70:06184	1	대사	【アル】研究所からはまだ明かりがもれているが‥‥人はいるんだろうか。	
00233	D1:70:061CC	1	대사	【アル】イベント会場だな。うん。	
00234	D1:70:061F0	2	대사	【アル】ここの職員達には悪いが、どう見てもイベント会場だな。	
00235	D1:70:06230	2	대사	【アル】中では車の展示会とか、やっているんじゃないか？	
00236	D1:70:0629E	1	대사	【アル】メディカルセンターか‥‥よし、行ってみるか。	
00237	D1:70:062DC	1	대사	【アル】そうだな、よし中に入るぞ。	
00238	D1:70:06308	1	대사	【アル】宿舎に戻るのか？	
00239	D1:70:0632A	1	대사	【アル】飛行場か‥‥よし、行ってみるか。	
00240	D1:70:06390	1	대사	【アル】もう夜は遅い‥‥あたりに人は誰もいないようだ‥‥。	
00241	D1:70:063CE	1	대사	【アル】南国とはいえ夜は冷えると聞いていたが、うーぶるぶる、結構肌寒いな。	
00242	D1:70:0641C	1	대사	【アル】昨日はそれほどでもなかったのだけど‥‥。	
00243	D1:70:06450	1	대사	【アル】今日に限って肌寒いのはどういうことだ。	
00244	D1:70:06482	1	대사	【アル】あの中にレイコさんの部屋がある。	
00245	D1:70:064AE	1	대사	【アル】たった今、追い出されてきたところだけど‥‥。	
00246	D1:70:064E6	1	대사	【アル】ったくレイコさんは‥‥あの扱いはちょっとないんじゃないか？	
00247	D1:70:0652C	1	대사	【アル】焦っていたのはわかるけどさ‥‥。	
00248	D1:70:0656E	1	대사	【アル】でもマコト、なんでレイコさんの部屋になんか来たんだろうな。	
00249	D1:70:065B4	1	대사	【アル】しかもあんな時間に‥‥。	
00250	D1:70:065F6	1	대사	【アル】いま追い出されてきたばかりだぜ。	
00251	D1:70:06622	1	대사	【アル】まだ中にはマコトがいるはずだしな‥‥。	
00252	D1:70:06654	1	대사	【アル】今戻るとまた話がややこしくなりそうだ。	
00253	D1:70:06686	1	대사	【アル】そうだな‥‥こんな夜更けにすることもないし。	
00254	D1:70:066BE	2	대사	【アル】宿舎に戻るか。	
00255	D1:70:066DE	1	대사	【アル】飛行場にこれといって用事はない。	
00256	D1:70:0670A	1	대사	【アル】飛行場に行くのか？　別に用事はないんだが‥‥。	
00257	D1:70:06744	1	대사	【アル】それに、シルビアが泊まっていけって言うだろうし‥‥。	
00258	D1:70:0679E	98	선택지	　話す	
00259	D1:70:067A6	1	선택지	　飲む	
00260	D1:70:067AE	3	선택지	　抱く	
00261	D1:70:067C6	21	선택지	　レイコ	
00262	D1:70:067D0	1	선택지	　太股	
00263	D1:70:067D8	1	대사	【アル】レイコさんにしては、質素な内装と言えるかもしれない。	
00264	D1:70:06818	1	대사	【レイコ】レイコさんにしてはって何よ、もう。	
00265	D1:70:06850	1	대사	【アル】意外に質素な部屋だな‥‥もうちょっとこう、派手な内装を想像していたけど。	
00266	D1:70:068A4	1	대사	【レイコ】意外とは失礼ね、私は元来質素な方なのよ。	
00267	D1:70:068E2	1	대사	【アル】ホントですかぁ？	
00268	D1:70:068FE	1	대사	【レイコ】本当よ！　だけどほら、いわゆるナイスバディじゃない？	
00269	D1:70:0694A	1	대사	【レイコ】だからお色気お姉さまって見られるのよね。	
00270	D1:70:0698A	1	대사	【アル】うーん、酒が入っているせいかな。饒舌になってきたぞ。	
00271	D1:70:069CA	1	대사	【アル】グラスを傾けるレイコさんは綺麗だな。	
00272	D1:70:069FA	1	대사	【アル】しかしちょっとピッチが早いような気がするけど‥‥。	
00273	D1:70:06A38	1	대사	【アル】グラスを少し傾ける仕草が、なんとも絵になる女性だ。	
00274	D1:70:06A76	1	대사	【アル】ほんのりと頬に赤味がさしているのが、また色香を漂わせているな‥‥。	
00275	D1:70:06AC4	1	대사	【レイコ】ほら、アルも見てないで飲みなさい。	
00276	D1:70:06AFC	4	대사	【アル】へいへい‥‥。	
00277	D1:70:06B16	1	대사	【アル】レイコさんの太股は、ハムのかたまりを太らしたような感じだ。	
00278	D1:70:06B5C	1	대사	【レイコ】それって褒めているつも{n00}り？	
00279	D1:70:06B8E	1	대사	【アル】相変わらずムッチリした太股だ。	
00280	D1:70:06BB8	1	대사	【アル】あそこに触れたいと思うのは、俺だけじゃないはずだ。	
00281	D1:70:06BF6	1	대사	【アル】しかし、太股にも赤味がましてきたような‥‥ちょっと飲み過ぎじゃないか？	
00282	D1:70:06C48	1	대사	【レイコ】この程度はたしなむって言うのよ。	
00283	D1:70:06C80	1	대사	【レイコ】飲み過ぎって言葉は、ボトルを３本も４本もあけたときに使いなさい。	
00284	D1:70:06CD8	3	대사	【アル】そ、そうなのか‥‥。	
00285	D1:70:06CF8	1	대사	【レイコ】そうなの！	
00286	D1:70:06D18	60	선택지	　部屋を出る	
00287	D1:70:06D26	1	대사	【アル】まだレイコさんとの話が終わっていないぜ。	
00288	D1:70:06D5A	1	대사	【レイコ】こら、どこに行くのよ。まだお話が終わっていないわよ。	
00289	D1:70:06DA4	1	대사	【アル】うーん、なんだか説教されている生徒みたいな気分だ。	
00290	D1:70:06DE2	1	대사	【レイコ】そうよ、私は、お色気たっぷりの女教師、あなたは元気な男子生徒。	
00291	D1:70:06E36	1	대사	【アル】れ、レイコさん、酔ってませんか？	
00292	D1:70:06E62	1	대사	【レイコ】そ、そうみたいね‥‥やだ、何を言ってるのかしら‥‥。	
00293	D1:70:06EAC	1	대사	【アル】（うーん、結構酔って乱れる方なのかな、レイコさんって。）	
00294	D1:70:06EFA	1	대사	【レイコ】どうせ私は行かず後家よ！	
00295	D1:70:06F28	1	대사	【アル】誰もそんなこと言ってないってば。	
00296	D1:70:06F54	1	대사	【アル】ねぇ、レイコさん‥‥ちょっと俺たち飲み過ぎちゃいないか？	
00297	D1:70:06F98	1	대사	【レイコ】まーらまら、このくらい序の口らない。	
00298	D1:70:06FD2	1	대사	【アル】まーらまらって、危ないなぁもう。口で言うほど酒に強くないな、この女性は。	
00299	D1:70:07026	1	대사	【レイコ】なによ！　私が悪いって言うの！？	
00300	D1:70:0705C	1	대사	【アル】そ、そんなことはないけど‥‥。	
00301	D1:70:07086	1	대사	【レイコ】クリスには優しくするくせに、私とは飲めないって言うねろ！	
00302	D1:70:070D4	1	대사	【アル】（うーむ‥‥お、俺もちょっと酔いがまわってきたような‥‥。）	
00303	D1:70:0711C	1	대사	【レイコ】何だかちょっと熱いわ‥‥あぁ‥‥。	
00304	D1:70:07154	1	대사	【アル】（そ、そんなに胸元を{n00}バサバサしたら‥‥おぉぉ‥‥。）	
00305	D1:70:07196	1	대사	【レイコ】アル、鼻下が４０センチくらいになっているわよ。	
00306	D1:70:071DA	1	대사	【レイコ】アル、あなた、クリスさんと抱き合ってたでしょう？	
00307	D1:70:07220	1	대사	【アル】な、なんだよ急に。いったい何を証拠に言うんだ。	
00308	D1:70:0725A	1	대사	【レイコ】証拠なんて関係ないわ、女の勘よ。	
00309	D1:70:07290	1	대사	【アル】そんな不確かな勘などで、非難をされる謂れはないぞ。	
00310	D1:70:072CE	1	대사	【レイコ】でも、抱き合ってたんでしょう？	
00311	D1:70:07302	1	대사	【アル】う、うん‥‥。	
00312	D1:70:0731C	2	대사	【レイコ】ほらみなさい。	
00313	D1:70:07340	1	대사	【アル】言い訳はしたくないけど、あれはクリスさんにも問題が多分にあるぞ。	
00314	D1:70:0738C	1	대사	【レイコ】わかっているわ。どうせアルのことだから、	
00315	D1:70:073CC	1	대사	【レイコ】迫りに迫られて、やむなくしてしまった、というところかしら。	
00316	D1:70:0741E	1	대사	【アル】よ、よくわかってらっしゃる。	
00317	D1:70:07446	1	대사	【レイコ】あれほど彼女には気をつけろって言ってたのに。	
00318	D1:70:07488	1	대사	【アル】でもそれとマコトと一体何の関係が‥‥{s00}あっ！	
00319	D1:70:074C0	1	대사	【レイコ】そう。マコトはもう、あなたとクリスさんの事に気付いているわよ。	
00320	D1:70:07514	1	대사	【アル】う、うそ‥‥。	
00321	D1:70:0752E	1	대사	【レイコ】本当にウソだとおもう？	
00322	D1:70:0755A	1	대사	【レイコ】まったくしょうがない人ね。	
00323	D1:70:0758A	1	대사	【アル】で、でもなぁ、男ってものの悲しい性で‥‥。	
00324	D1:70:075C0	1	대사	【レイコ】わかっているわ。	
00325	D1:70:075E8	1	대사	【レイコ】女遊びくらいはしょうがないし、それが男って生き物だから妥協はできるわよ。	
00326	D1:70:07648	1	대사	【レイコ】でもっ！	
00327	D1:70:07668	1	대사	【アル】ビクッ。	
00328	D1:70:0767C	1	대사	【レイコ】よりによって、恋人の目の前でするバカが、どこにいるというのよ！	
00329	D1:70:076D0	1	대사	【アル】こ、ここにいるけど‥‥。	
00330	D1:70:076F4	1	대사	【レイコ】なに！？	
00331	D1:70:07712	1	대사	【アル】しょ、しょうがないじゃん。	
00332	D1:70:07738	1	대사	【アル】俺だってしばらくお預けでたまっていたし‥‥ブツブツブツ。	
00333	D1:70:0777C	1	대사	【レイコ】何か言った？	
00334	D1:70:0779E	1	대사	【アル】い、いえ何も‥‥。	
00335	D1:70:077C2	1	대사	【レイコ】アルバーロ！	
00336	D1:70:077E4	1	대사	【アル】あ、アルバートだけど‥‥。	
00337	D1:70:0780A	1	대사	【レイコ】そんなささいな事はどうでもいいの。	
00338	D1:70:07844	1	대사	【レイコ】あなたね、そんなに女ったらしらと、しょうがないれろ！	
00339	D1:70:07890	1	대사	【アル】は？　何か、最後がちょっと変だったけど‥‥。	
00340	D1:70:078C8	1	대사	【レイコ】アルビート！	
00341	D1:70:078EA	1	대사	【アル】アルバートだってば。	
00342	D1:70:0790A	1	대사	【レイコ】熱いわ‥‥、なんだか。	
00343	D1:70:07936	1	대사	【アル】そ、そう言われてみると、俺もなんだかちょっとめまいが‥‥。	
00344	D1:70:0797C	1	대사	【レイコ】男は覇気と熱意ね。	
00345	D1:70:079A4	1	대사	【アル】それはレイコさんの好みだろう？	
00346	D1:70:079CE	1	대사	【レイコ】ねぇ、アル。	
00347	D1:70:079F0	13	대사	【アル】なんだい？	
00348	D1:70:07A06	1	대사	【レイコ】最近マコトとうまくいっていないんじゃないの？	
00349	D1:70:07A48	1	대사	【アル】あぁ、そうなんだ‥‥なんだか外で会っても、うまく話せないっていうか。	
00350	D1:70:07A98	1	대사	【レイコ】もう、そんなことだから他の男に‥‥。	
00351	D1:70:07AD2	1	대사	【アル】えっ、どういうこと？	
00352	D1:70:07AF2	1	대사	【レイコ】ううん、何でもないわ。とにかく、男だったらもっと押しを強くしなさいよ。	
00353	D1:70:07B4E	1	대사	【アル】押しを強くって言ったってさぁ‥‥。	
00354	D1:70:07B7C	1	대사	【レイコ】ちょっとくらい拒否されたって、	
00355	D1:70:07BB2	1	대사	【レイコ】強引にもっていくくらいの甲斐性が、時には必要なこともあるわ。	
00356	D1:70:07C06	1	대사	【アル】な、何か言ってることが結構過激になってきたような‥‥。	
00357	D1:70:07C50	1	대사	【レイコ】アルバート！	
00358	D1:70:07C72	1	대사	【アル】へ、へい。	
00359	D1:70:07C88	1	대사	【レイコ】あなたに甲斐性があって？	
00360	D1:70:07CB6	1	대사	【アル】甲斐性があるかって言われたって‥‥マコトのやつ、やたらガードが固いしさ。	
00361	D1:70:07D0A	1	대사	【レイコ】そんなことだからダメなのよ。欲しいものだったら、	
00362	D1:70:07D52	1	대사	【レイコ】時には力尽くでも手に入れるくらいの熱意と覇気が欲しいわぁ。	
00363	D1:70:07DA4	1	대사	【アル】れ、レイコさん、何遠い目をしてるんだよ。	
00364	D1:70:07DD8	1	대사	【レイコ】うるさいわね、私はそういう男が好きなの！	
00365	D1:70:07E16	1	대사	【アル】何だか話がそれているような‥‥。	
00366	D1:70:07E42	1	대사	【レイコ】私には偶然以外に考えられないのだけど‥‥。	
00367	D1:70:07E82	1	대사	【アル】ま、偉そうに言ったけど、俺だってその必然の意味なんて、	
00368	D1:70:07EC4	1	대사	【アル】わかってはいないんだからね。	
00369	D1:70:07EEC	1	대사	【アル】そういえばレイコさん、１つ聞きたいんだけどさ。	
00370	D1:70:07F26	1	대사	【レイコ】なにかしら。	
00371	D1:70:07F48	1	대사	【アル】マルチナさんの‥‥教授の娘って知ってます？	
00372	D1:70:07F7E	1	대사	【レイコ】ええ。確かティーナとか‥‥あら、名前がいっしょね。	
00373	D1:70:07FC6	1	대사	【アル】名前だけじゃないんだぜ、容姿もそっくりだ。	
00374	D1:70:07FFC	1	대사	【レイコ】そうだったかしら‥‥。	
00375	D1:70:0802A	1	대사	【レイコ】私は何度か見たことがあるのだけど、そっくりというほどでもなかったわ。	
00376	D1:70:08086	1	대사	【アル】そりゃ別人っていうのはわかるけど、	
00377	D1:70:080B4	1	대사	【アル】でも姉妹くらいだったら十分通用しそうな感じなんだ。	
00378	D1:70:080F2	1	대사	【レイコ】アル、あなた何が言いたいの？	
00379	D1:70:08124	1	대사	【アル】その辺が俺にもまだよく分かっていなくてね。でも、偶然という感じがしない。	
00380	D1:70:08178	1	대사	【レイコ】偶然じゃないんだったら、いったい何だというの？	
00381	D1:70:081BC	1	대사	【アル】それがわからないから悩んでいるんじゃないか。	
00382	D1:70:081F4	1	대사	【レイコ】考え過ぎよ‥‥教授の娘さんは残念なことにテオドラ研究所事故で亡くなったわ、	
00383	D1:70:08256	1	대사	【レイコ】彼女の夫と共に。	
00384	D1:70:08298	1	대사	【レイコ】アル、あなたまさか、	
00385	D1:70:082C4	1	대사	【レイコ】好奇心や功名心のために、教授の私生活に立ち入ろうとしていないでしょうね。	
00386	D1:70:08324	1	대사	【アル】そ、そんなことは考えていないよ。ただ、何となく気になっただけでさ。	
00387	D1:70:08372	1	대사	【レイコ】あの年頃の女の子なんて、結構見た目が似てしまうものよ。	
00388	D1:70:083C0	1	대사	【レイコ】たまたま名前が同じだからといって‥‥。	
00389	D1:70:083FE	1	대사	【アル】偶然が３つも重なれば、それは必然って言うんだ。	
00390	D1:70:08438	1	대사	【アル】俺はなんだかそれが気になってね。	
00391	D1:70:08464	1	대사	【レイコ】偶然に偶然が３つ重なったと、私なんかは考えてしまうわね。	
00392	D1:70:084B2	1	대사	【アル】それはむしろ不自然さ。そうなる必然性を考察する方が建設的だぜ。	
00393	D1:70:084FC	4	대사	【レイコ】‥‥‥‥。	
00394	D1:70:08514	1	대사	【アル】ティーナは俺が引き取って育てるさ。	
00395	D1:70:08542	1	대사	【レイコ】ええ‥‥もしかしたら、それがいいのかもしれないわ。	
00396	D1:70:0858A	1	대사	【レイコ】話というのは他でもないわ、ティーナのことよ。	
00397	D1:70:085CC	1	대사	【アル】ティーナのこと？	
00398	D1:70:085E8	1	대사	【レイコ】ええ‥‥彼女の身元をデータバンクで調べてみたのだけど、該当者はなかったわ。	
00399	D1:70:08648	1	대사	【アル】そうですか‥‥何となく予想はしていたんだけど。	
00400	D1:70:08682	1	대사	【レイコ】最初からないのか、あるいは単に財団のデータバンクに登録されていなかったか。	
00401	D1:70:086E2	1	대사	【アル】でも、{n00}財団のデータバンクは世界でも屈指なんだろう？	
00402	D1:70:08722	1	대사	【レイコ】そうね、でもあの子は現にあそこにいる。いる者をいないとは言えないわ。	
00403	D1:70:0877C	1	대사	【アル】ってことは、故意に抹消されたか？	
00404	D1:70:087A8	1	대사	【レイコ】それはわからないのだけどね‥‥。	
00405	D1:70:087DE	1	대사	【アル】いずれにせよ身元不明じゃあ、両親の元に返してやるなんてことはできないな。	
00406	D1:70:08854	1	대사	【アル】ティーナ、{n00}どうなるんだい？	
00407	D1:70:0887C	1	대사	【レイコ】最終的には、どこかの施設に入所してもらうということになるのだけど‥‥。	
00408	D1:70:088D8	1	대사	【アル】やっぱりな。そんなことはさせない！	
00409	D1:70:08906	1	대사	【レイコ】でも、どうしようもないじゃない。	
00410	D1:70:0893C	1	대사	【アル】どうしようもあるさ。俺があの子を引き取る。	
00411	D1:70:08972	1	대사	【レイコ】本気？	
00412	D1:70:0898E	1	대사	【アル】本気も本気、大本気さ。	
00413	D1:70:089B0	1	대사	【レイコ】でも‥‥。	
00414	D1:70:089D0	1	대사	【アル】みくびってもらっちゃ困るな。	
00415	D1:70:089F8	1	대사	【アル】１人くらい扶養する程度の生活力は、俺にだってあるんだぜ。	
00416	D1:70:08A3C	1	대사	【レイコ】それはわかるのだけど‥‥マコトはどうするの？	
00417	D1:70:08A7E	1	대사	【アル】マコトにはわかってもらうさ。いや、わかってくれる。	
00418	D1:70:08ABC	1	대사	【レイコ】アル、ちょっぴり見直したわ‥‥本当よ。	
00419	D1:70:08AF8	1	대사	【アル】へへ、昔は生活力のアルと言われたもんだ。	
00420	D1:70:08B2C	4	대사	【レイコ】ウフフ‥‥。	
00421	D1:70:08B4E	1	선택지	　お酒	
00422	D1:70:08B56	1	대사	【レイコ】寂しいわよね‥‥誰も私の魅力をわかってくれないのよ。	
00423	D1:70:08BA0	1	대사	【アル】おい、レイコさんそんなに飲んじゃ‥‥。	
00424	D1:70:08BD2	1	대사	【レイコ】うるらいわね！　男はみんな、私の内面なんて判ろうとしないのよ。	
00425	D1:70:08C26	1	대사	【レイコ】何のために一生懸命勉強して経営学の修士まで取得して‥‥ヒック。	
00426	D1:70:08C7A	1	대사	【アル】レイコさん、もうお酒は‥‥‥‥ヒック。あれ？	
00427	D1:70:08CB2	1	대사	【レイコ】なによ、あなただって酔ってるらない！	
00428	D1:70:08CEE	1	대사	【レイコ】もう寂しいわ‥‥飲むしかないわね、ほらアルも。	
00429	D1:70:08D34	1	대사	【アル】グビグビっ。	
00430	D1:70:08D4C	1	대사	【レイコ】あぁ、熱いわ‥‥もうシャツの下がグッショリよ‥‥。	
00431	D1:70:08D94	1	대사	【アル】ぐ、グッショリ‥‥ですか。	
00432	D1:70:08DBA	1	대사	【レイコ】そう、もうグッショリ。	
00433	D1:70:08DE6	1	대사	【アル】（グッショリ‥‥グッショリ‥‥グッショリ‥‥。）	
00434	D1:70:08E22	1	대사	【アル】（あぁっ、頭の中でこだまするぞ。）	
00435	D1:70:08E50	1	대사	【レイコ】アル‥‥寂しい者同士、夜を通して慰めあいましょう。	
00436	D1:70:08E98	1	대사	【アル】な、慰めあう、でででで‥‥。	
00437	D1:70:08EC0	1	대사	【レイコ】なに言ってるのよ、もう、私１人で寝るわ。	
00438	D1:70:08EFE	1	대사	【アル】そ、そんなことはさせないぞ。	
00439	D1:70:08F26	1	대사	【アル】ふぅ、ちょっと飲み過ぎたような気がするぞ。	
00440	D1:70:08F5C	1	대사	【レイコ】まだまだ序の口よ。	
00441	D1:70:08F84	1	대사	【アル】レイコさんも、なんだかとまってるぜ。	
00442	D1:70:08FB4	1	대사	【レイコ】な、なによ‥‥。	
00443	D1:70:08FDA	1	대사	【アル】もうダウンかい？　意外にだらしないなぁ。	
00444	D1:70:0900E	1	대사	【レイコ】あなたとは年期が違うわ‥‥ごくっごくっ‥‥ぷはぁ。	
00445	D1:70:09056	1	대사	【アル】おっ、いい飲みっぷりだな、じゃあ俺も‥‥ぐびっぐびっっと。	
00446	D1:70:0909C	1	대사	【レイコ】なかなかやるわね。	
00447	D1:70:090C4	1	대사	【アル】お互いに。	
00448	D1:70:090FC	1	대사	【レイコ】アル、ピッチが落ちてきたんじゃない？　だらしないわね。	
00449	D1:70:09148	1	대사	【アル】なにを！　グビグビっと‥‥ぷはぁぁぁぁっ、	
00450	D1:70:0917E	1	대사	【アル】しかしこのアルコールって何度なんだい？　やたら強いけど。	
00451	D1:70:091C2	1	대사	【レイコ】あら、もうダメ？	
00452	D1:70:091E8	1	대사	【アル】なんのなんの。	
00453	D1:70:09224	1	대사	【レイコ】さっ、じゃあティーナに乾杯といきましょう。	
00454	D1:70:09264	1	대사	【アル】おぉ、いいねぇ。ティーナの栄えある未来に！	
00455	D1:70:0929A	1	대사	【レイコ】かんぱーい。	
00456	D1:70:092BC	1	대사	【アル】グビグビっと‥‥っかー、効くぅ。	
00457	D1:70:092E8	1	대사	【レイコ】あら、なかなかいい飲みっぷりね。私も負けないわよ、ごくっごくっ。	
00458	D1:70:0933E	1	대사	【アル】も、もっと飲んで‥‥はぁ、はぁ。	
00459	D1:70:0936A	2	대사	【レイコ】蹴るわよ。	
00460	D1:70:09394	1	선택지	　酒瓶	
00461	D1:70:0939C	1	대사	【アル】（や、やばいな‥‥レイコさんが急激に魅力的に見えてきた‥‥。）	
00462	D1:70:093E6	1	대사	【レイコ】どうしたのよ、アル。目が血走っているわ。	
00463	D1:70:09424	1	대사	【アル】そ、そんなことはない‥‥ほ、ほら全然下心なんてないぞ。	
00464	D1:70:09466	1	대사	【レイコ】目をつむったら、鼻の下が３０センチに伸びたわよ。	
00465	D1:70:094AC	1	대사	【アル】くっ、これでどうだ。	
00466	D1:70:094CC	1	대사	【レイコ】鼻の下が縮まったら、また目が血走ったわ。	
00467	D1:70:0950A	1	대사	【アル】ええい、ままよ！	
00468	D1:70:09526	1	대사	【レイコ】きゃぁっ！！！	
00469	D1:70:09550	1	대사	【レイコ】だ、ダメよ‥‥アル‥‥。	
00470	D1:70:0957E	1	대사	【アル】ちょっとくらい拒否されたって、強引にもっていくくらいの甲斐性が必要なんだ。	
00471	D1:70:095D4	1	대사	【レイコ】そ、それは私が言った言葉よ。あっ、こら抱きついたら‥‥。	
00472	D1:70:09622	1	대사	【アル】レイコさんが言ったから、実践しているのさ。	
00473	D1:70:09658	1	대사	【レイコ】ち、力尽くはやめて‥‥お願い‥‥いや‥‥。	
00474	D1:70:09698	1	대사	【アル】欲しいものだったら、時には力尽くでも手に入れるくらいの、	
00475	D1:70:096DC	1	대사	【アル】熱意と覇気が必要なんだ。	
00476	D1:70:09700	1	대사	【レイコ】それも、私が言った言葉よ。あっ、もうっ！	
00477	D1:70:0973E	1	대사	【アル】だから実践している！	
00478	D1:70:0975E	1	대사	【レイコ】マコトに‥‥マコトに悪いわ。あぁ‥‥ちょっと、シャツを引っ張らないで‥‥。	
00479	D1:70:097BE	1	대사	【アル】マコトは関係ないだろう？　これは俺と、レイコさんの問題だぜ。	
00480	D1:70:09806	1	대사	【アル】マコトを持ち出さないと乗り切れないのか？	
00481	D1:70:0983A	1	대사	【レイコ】そんなことは‥‥。	
00482	D1:70:09864	1	대사	【レイコ】あっ、そ、そんなところ引っ張ったら破れちゃうじゃないのっ！	
00483	D1:70:098B6	1	대사	【アル】大きい胸だね。	
00484	D1:70:098D0	1	대사	【レイコ】あン、エ、ッチィィ！{n00}ダメ‥‥あっ。	
00485	D1:70:0990A	1	대사	【アル】何言ってんだよ！レイコさんのご教授通りに僕はっ！	
00486	D1:70:09946	1	대사	【レイコ】あーっ！！	
00487	D1:70:09966	1	대사	【アル】ほらこんなにベトベトに‥‥。	
00488	D1:70:0998E	1	대사	【レイコ】バカッ！　勘違いするようなこと言わないの、それは‥‥汗でしょ。	
00489	D1:70:099E2	1	대사	【レイコ】あぁぁ‥‥。	
00490	D1:70:09A04	1	대사	【レイコ】ちょ‥‥ホントに、ちょっとアルッ！	
00491	D1:70:09A3E	1	대사	【レイコ】‥‥あっやめて、お願いだからもうこのくらいにしてっ！‥‥。	
00492	D1:70:09A90	1	대사	【アル】レイコさん、後から後から僕の欲望が溢れてくる‥‥。	
00493	D1:70:09ACE	1	대사	【アル】ほら、舌から漏れだしてきた。	
00494	D1:70:09AF6	1	대사	【レイコ】何言ってんの！　よだれ垂らしてっ！	
00495	D1:70:09B30	1	대사	【レイコ】あっ、いやよ、よだれを垂らすのはやめて！	
00496	D1:70:09B70	1	대사	【レイコ】服がビチョビチョになっているじゃないの！！	
00497	D1:70:09BB2	1	대사	【レイコ】あぅ、こ、こんなことって‥‥。	
00498	D1:70:09BE6	1	대사	【アル】大きな胸が透けて見えているぞ！！	
00499	D1:70:09C12	1	대사	【レイコ】あっ！！　そんなに見ないでっ！‥‥。	
00500	D1:70:09C4C	1	대사	【アル】レイコさんが悪いのさ、こんなに大きくていやらしい胸をしているから‥‥。	
00501	D1:70:09C9E	1	대사	【レイコ】そんなことはないわ。{n00}私のは普通よ‥‥。	
00502	D1:70:09CDC	1	대사	【アル】これがかい？	
00503	D1:70:09CF4	1	대사	【レイコ】キャゥ！！　あっ‥‥触っちゃだめっ！お願い‥‥。	
00504	D1:70:09D3A	1	대사	【アル】こんなに大きな胸をしているじゃないか。	
00505	D1:70:09D6C	1	대사	【レイコ】ふ、普通よ、普通よ！　ちょっと‥‥。	
00506	D1:70:09DA6	1	대사	【レイコ】いや‥‥だめよダメダメ！	
00507	D1:70:09DD4	1	대사	【アル】うそつけよ、ちっとも嫌がっていないじゃないか。大きな胸をしておいて。	
00508	D1:70:09E24	1	대사	【レイコ】む、胸が大きいのは、私のせいじゃないわ。	
00509	D1:70:09E62	1	대사	【アル】僕が慰めてあげよう。	
00510	D1:70:09E82	1	대사	【レイコ】‥‥‥や‥やめて‥‥。	
00511	D1:70:09EAE	1	대사	【アル】もういいじゃないか。誰にもわかりゃしないさ。そうだろう？	
00512	D1:70:09EF2	1	대사	【レイコ】もうっ！	
00513	D1:70:09F10	1	대사	【アル】そうそう、寂しい夜を２人きりで‥‥（あ、アレ？）	
00514	D1:70:09F4C	1	대사	【アル】（お、おかしいな‥‥{n00}まわりの風景がまわっているぞ。）	
00515	D1:70:09F8E	45	대사	　{w00}	
00516	D1:70:09F9A	1	대사	【レイコ】きゃっ！　あ、アル‥‥大丈夫なの？	
00517	D1:70:09FD2	1	대사	【アル】ぐごーっ‥‥ぐごーっ‥‥。	
00518	D1:70:09FF8	1	대사	【レイコ】アル‥‥{s00}アル？	
00519	D1:70:0A01E	1	대사	【アル】スピーっ‥‥。	
00520	D1:70:0A038	1	대사	【レイコ】もうっ！　盛り上げるだけ盛り上げといて‥‥なんなのよぉ！	
00521	D1:70:0A086	1	대사	【アル】むにゃむにゃ、だ、ダメだよレイコさん、そんなことしちゃ‥‥むにゃ。	
00522	D1:70:0A0D4	2	대사	【レイコ】もう‥‥。	
00523	D1:70:0A0F4	1	대사	【アル】レイコさん、うわっ、そんなに過激な‥‥。	
00524	D1:70:0A128	1	대사	【レイコ】ウフフ、まったく憎めない人ね‥‥。	
00525	D1:70:0A160	1	대사	【アル】むにゃむにゃ‥‥レイコさん好きだぜ‥‥。	
00526	D1:70:0A194	1	대사	【レイコ】しょうがない人。アル‥‥アルってば‥‥。	
00527	D1:70:0A1D2	1	대사	アル‥‥アルってば‥‥。	
00528	D1:70:0A20C	1	대사	アル‥‥ほら、アル！	
00529	D1:70:0A22C	1	대사	【アル】‥‥‥‥ん？	
00530	D1:70:0A244	1	대사	なにをやっているの？　ほら、アル！	
00531	D1:70:0A272	1	대사	【アル】なんだい‥‥誰だ、君は。	
00532	D1:70:0A296	1	대사	フフ、アル、ほらアル‥‥‥‥。	
00533	D1:70:0A2C0	1	대사	【アル】人の名前を気安く呼ぶなよ‥‥まったく。	
00534	D1:70:0A2F2	1	대사	アルってば、アル、アル。	
00535	D1:70:0A316	1	대사	【アル】もう、うるさいなぁ‥‥‥‥。{k00}	
00536	D1:70:0A348	1	대사	【レイコ】アル、もうアル！　早く起きてってば！	
00537	D1:70:0A382	1	대사	【アル】むにゃむにゃ‥‥れ、レイコしゃん、な、なんだって俺の部屋に‥‥。	
00538	D1:70:0A3CE	1	대사	【アル】もう朝でしゅか？	
00539	D1:70:0A3EA	1	대사	【レイコ】アル、もう。	
00540	D1:70:0A40C	1	대사	ピシッ、{s00}ピシッ！	
00541	D1:70:0A432	1	대사	【アル】たっ、いたっ、痛いよ‥‥。	
00542	D1:70:0A458	1	대사	【レイコ】目が覚めた？	
00543	D1:70:0A47A	1	대사	【アル】め、目は覚めたけど‥‥れ、レイコさん、なんて格好をしてるんだよ！	
00544	D1:70:0A4C6	1	대사	【レイコ】いいから早く起きるの、マコトが来たのよ！	
00545	D1:70:0A504	1	대사	【アル】ま、マコトって‥‥なんでマコトが俺の部屋に？	
00546	D1:70:0A53C	1	대사	【レイコ】バカ！　ここは私のベッドの上なの。	
00547	D1:70:0A576	1	대사	【レイコ】こんなところをマコトに見つかったら、一巻の終わりよ！	
00548	D1:70:0A5C2	1	대사	【アル】な、何だってレイコさんのベッドが、俺の部屋にあるんだ？	
00549	D1:70:0A604	1	대사	ビシィッ！	
00550	D1:70:0A61A	1	대사	【アル】痛っ！　ってーなー、もう何だよ、レイコさん。	
00551	D1:70:0A652	1	대사	【レイコ】目が覚めた？　マコトが、いま、ここに来るの。わかった？	
00552	D1:70:0A69E	1	대사	【アル】ま、マコトが！？　わ、わかった。	
00553	D1:70:0A6CA	1	대사	ドカァッ！！	
00554	D1:70:0A6DE	1	대사	【レイコ】ど、どうしたの！	
00555	D1:70:0A704	1	대사	【アル】ッテテテ‥‥い、いやズボンがうまくはけなくて‥‥。	
00556	D1:70:0A742	1	대사	【レイコ】もう、なにやってるのよ！	
00557	D1:70:0A770	33	대사	コンコン‥‥。	
00558	D1:70:0A794	1	대사	【アル・レイコ】ビクゥッ！	
00559	D1:70:0A7BA	2	대사	【マコト】レイコ‥‥どうしたの？　いるんでしょう？	
00560	D1:70:0A7F8	1	대사	【レイコ】ちょっと待って！{n00}いまパックを落としている最中で‥‥。	
00561	D1:70:0A844	1	대사	【マコト】もう、そんなのいいわよ、見慣れているから‥‥それよりも早く開けて頂戴！	
00562	D1:70:0A8A8	1	대사	【レイコ】さっ、早く、これがあなたのシャツよ。あの窓から出てって頂戴！	
00563	D1:70:0A8FA	1	대사	【アル】そ、そりゃないんじゃないの？　間男じゃあるまいし、窓から出ていけって‥‥。	
00564	D1:70:0A950	1	대사	【レイコ】じゃあ、あのドアから出ていく？　マコトが立っている、あのドアから！？	
00565	D1:70:0A9AA	1	대사	【アル】わ、わかった。（ちぇっ、キスの１つでも、して欲しいところだぜ。）	
00566	D1:70:0A9F6	1	대사	【レイコ】なにやってるのよ！　ほら、このシャツも持って‥‥。	
00567	D1:70:0AA40	1	대사	【レイコ】あっ、あとクツよクツ、忘れてるわよ！	
00568	D1:70:0AA7C	1	대사	【アル】わ、わかったよぉ‥‥ちぇっ。	
00569	D1:70:0AAA4	1	대사	コンコンコンコン。	
00570	D1:70:0AAC4	1	대사	【マコト】レイコ、{n00}何やっているの？{n00}早くあけてよ。	
00571	D1:70:0AB04	1	대사	【アル】じゃ、じゃあレイコさん、続きはまた今度‥‥。	
00572	D1:70:0AB3C	1	대사	【レイコ】バカなこと言っていないで、早く行きなさい！	
00573	D1:70:0AB7C	1	대사	スタッ。	
00574	D1:70:0AB86	1	대사	【アル】ふぅ‥‥な、何だか肌寒い気が‥‥あっ、う、上着を着忘れていた。	
00575	D1:70:0ABF0	1	대사	【アル】そうか、俺、レイコさんの部屋でぶっ倒れて、寝てしまったんだな‥‥。	
00576	D1:70:0AC3E	1	대사	【アル】酔いの不埒とはいえ、まずかったか。なんて無様な醜態をさらしちゃったんだ。	
00577	D1:70:0AC92	1	대사	【アル】‥‥明日、ちゃんと謝っておこう、うん。	
00578	D1:70:0ACDA	1	대사	【アル】何だか、変に肌寒い‥‥どうしたんだろう、妙な感覚だ。	
00579	D1:70:0AD1A	1	대사	【アル】だから酒瓶抱いて、何が楽しいのかっての。	
00580	D1:70:0AD4E	1	대사	【アル】俺もちょっと酔いがまわってきたようだな‥‥酒瓶とレイコさんを見誤るとは。	
00581	D1:70:0ADA2	1	대사	【アル】くぅー、レイコさん！	
00582	D1:70:0ADC2	1	대사	ぎゅぅぅっ！！	
00583	D1:70:0ADD2	1	대사	【アル】い、意外に身体が堅いんですね‥‥。	
00584	D1:70:0AE00	1	대사	【アル】でもこの細い身体にひんやりとした温度、いずれも俺を魅了してやまないんだ。	
00585	D1:70:0AE54	1	대사	【レイコ】酒瓶かついで何やってるのよ。	
00586	D1:70:0AE86	1	대사	【アル】あれ？　レイコさん。	
00587	D1:70:0AEC0	8	선택지	　のぼる	
00588	D1:70:0AEE4	1	대사	【アル】ここにはいないようだな。	
00589	D1:70:0AF08	1	대사	【アル】あたりに人はほとんどいない。	
00590	D1:70:0AF30	1	대사	【アル】あのチョコマカしたティーナがいれば、すぐにわかるんだが‥‥。	
00591	D1:70:0AF78	1	대사	【アル】研究所を見ていたってしょうがない。	
00592	D1:70:0AFA6	1	대사	【アル】また研究所にいるなんてことは‥‥。	
00593	D1:70:0AFD4	1	대사	【アル】いやいや、ティーナのことだ。ポリバケツの中にいたとしても、俺は驚かないぞ。	
00594	D1:70:0B048	4	대사	【アル】中に入るのか？	
00595	D1:70:0B068	3	대사	【アル】よし、宿舎に行ってみるか。	
00596	D1:70:0B094	7	대사	【アル】飛行場か‥‥よし、行ってみよう。	
00597	D1:70:0B0C6	6	선택지	　階段	
00598	D1:70:0B0CE	3	선택지	　木	
00599	D1:70:0B0D4	1	대사	【アル】階段をのぼってる場合じゃないだろう。	
00600	D1:70:0B104	2	대사	【アル】早くティーナを捜そうぜ。	
00601	D1:70:0B128	1	대사	【アル】階段を上ってもティーナが現れるとは思えないな。	
00602	D1:70:0B162	1	대사	【アル】第一ここに階段なんてないぞ。	
00603	D1:70:0B18A	1	대사	【アル】木登りをしてもティーナを見つけることはできないみたいだ。	
00604	D1:70:0B1CE	1	대사	【アル】木に登れば、ティーナを捜しやすいかな‥‥、	
00605	D1:70:0B204	1	대사	【アル】うん、視界も良くなるし、道理にかなっている。	
00606	D1:70:0B23C	1	대사	よいしょ、よいしょっと。	
00607	D1:70:0B270	1	대사	【アル】木の葉で何も見えない‥‥。	
00608	D1:70:0B2D4	2	대사	【アル】今日は休暇づくしで人がいないみたいだ。	
00609	D1:70:0B306	2	대사	【アル】いいねぇ、俺もたまには休みがほしいもんだな。	
00610	D1:70:0B33E	2	대사	【アル】相変わらず人が少ないが、今日は休暇をもらった職員が少なくないって話だ。	
00611	D1:70:0B390	2	대사	【アル】そのせいもあるんだろう。	
00612	D1:70:0B3B4	2	대사	【アル】イベント会場がどうかしたのか？	
00613	D1:70:0B502	5	대사	【アル】運動のためにまことに良いことだが、ここに階段はなさそうだ。	
00614	D1:70:0B548	5	대사	【アル】俺は一応、階段は駆けのぼるように心がけている。	
00615	D1:70:0B582	5	대사	【アル】デスクワークが過ぎると、運動不足になるからな‥‥老いは足からとも言うし。	
00616	D1:70:0B5D6	5	대사	【アル】だがしかし残念なことに、ここに階段は無かった。	
00617	D1:70:0B610	2	대사	【アル】疲れるから、木のぼりはしたくない。	
00618	D1:70:0B63E	2	대사	【アル】よし、久しぶりに木のぼりとシャレこむか。	
00619	D1:70:0B672	2	대사	【アル】ズリズリ、ズリズリ。	
00620	D1:70:0B6A8	2	대사	【アル】口で「ズリズリ」言ってもしょうがないな。	
00621	D1:70:0B6DC	2	대사	【アル】疲れるから木のぼりはやめよう。	
00622	D1:70:0B82C	1	대사	【レイコ】なぜ休暇のことを知っているの？	
00623	D1:70:0B860	1	대사	【アル】なぜって、シェリルやクリスさんに聞いたのさ。	
00624	D1:70:0B898	1	대사	【レイコ】そ、そう‥‥。	
00625	D1:70:0B8BC	1	대사	【アル】（何だか、変な感じだな‥‥。）	
00626	D1:70:0B910	1	대사	【レイコ】まだそんなことを言っている。	
00627	D1:70:0B942	1	대사	【アル】どう見てもイベント会場だな。中では車の展示会とか、やっているんじゃないか？	
00628	D1:70:0B998	1	대사	【レイコ】もう、アル。それは言わない約束でしょう？	
00629	D1:70:0B9D6	1	대사	【アル】でもレイコさん、青い空を見てピンク色とは言えないだろう？	
00630	D1:70:0BA1A	1	대사	【アル】イベント会場は、やっぱりイベント会場なんじゃないかな。	
00631	D1:70:0BA5C	1	대사	【レイコ】イベント会場じゃないの。	
00632	D1:70:0BA8A	1	대사	【アル】あれ、そうだっけ？	
00633	D1:70:0BAC8	1	대사	【アル】胸も尻も見ることができない。しょうがないから顔を見ていよう。	
00634	D1:70:0BB10	1	대사	【レイコ】それが普通なの。	
00635	D1:70:0BB36	1	대사	【アル】（しかし、{n00}お尻のラインも量感溢れていて悪くないな。）	
00636	D1:70:0BB78	1	대사	【レイコ】もう、何を見ているの？	
00637	D1:70:0BBA4	1	대사	【アル】いや、胸をじっと見つめるのは失礼みたいだから。	
00638	D1:70:0BBDE	1	대사	【レイコ】お尻をじっと見つめるのは、もっと失礼なの。	
00639	D1:70:0BC1E	1	대사	【アル】胸も尻も見れないなんて、じゃあどこを見つめればいいのさ。	
00640	D1:70:0BC62	1	대사	【レイコ】アル、あなた、普通に考えられないの？	
00641	D1:70:0BCD4	3	대사	【レイコ】アル、夜の件‥‥。	
00642	D1:70:0BCFC	3	대사	【アル】わかってるよ、レイコさんの部屋へ、忍び込んだらいいんだろう？	
00643	D1:70:0BD44	5	대사	【レイコ】アル！	
00644	D1:70:0BD60	3	대사	【アル】おーこわっ。	
00645	D1:70:0BD7E	1	대사	【レイコ】どこにいくのよ。	
00646	D1:70:0BDA4	1	대사	【アル】いや、中に入ろうかなぁって。	
00647	D1:70:0BDCC	1	대사	【レイコ】いま出てきたばかりじゃない。	
00648	D1:70:0BDFE	1	대사	【アル】そう言われてみればそうでした。	
00649	D1:70:0BEF8	1	대사	【レイコ】アル、さっきから宿舎の方ばかり気にしているわね。何かあるの？	
00650	D1:70:0BF4A	1	대사	【アル】いや、そういう訳じゃ‥‥。	
00651	D1:70:0C046	1	대사	【レイコ】まだ話の途中よ。どこに行くつもり？	
00652	D1:70:0C088	1	대사	【レイコ】とにかく、今日の夜に来て頂戴。詳細はその時ね。	
00653	D1:70:0C0CC	1	대사	【アル】あぁ、レイコさんもちゃんとシャワーしておくように。	
00654	D1:70:0C12A	1	대사	【アル】じょ、冗談じゃないか‥‥ちぇっ。	
00655	D1:70:0C156	1	대사	【レイコ】そういえば、シルビアのことなんだけど‥‥。	
00656	D1:70:0C196	1	대사	【アル】シルビア？　彼女がどうかしたのかい？	
00657	D1:70:0C1C6	1	대사	【レイコ】ええ、それがちょっとおかしいのよ。	
00658	D1:70:0C1FE	1	대사	【アル】まぁ、ちょっと普通の女性とは違うよな。	
00659	D1:70:0C230	1	대사	【レイコ】ううん、そうじゃないの。	
00660	D1:70:0C260	1	대사	【レイコ】何でも女として男に見られる為のノウハウみたいのを、聞きに来たわ。	
00661	D1:70:0C2B8	1	대사	【アル】へぇ、ついに目覚めたかな。	
00662	D1:70:0C2DE	1	대사	【レイコ】まるで、好きな男の人でもできたみたいな‥‥{s00}あっ！	
00663	D1:70:0C332	1	대사	【アル】な、なにさ。	
00664	D1:70:0C34A	1	대사	【レイコ】アル！　あなた、まさかシルビアに手を出してはいないでしょうね。	
00665	D1:70:0C39E	1	대사	【アル】な、何で俺なんだよ。	
00666	D1:70:0C3BE	1	대사	【レイコ】あなたくらいしか、いないじゃないの。	
00667	D1:70:0C3F8	1	대사	【アル】俺ほど人畜無害な男も珍しいぜ。	
00668	D1:70:0C422	1	대사	【アル】だいたい、あのマウンテンゴリラのカイルだって、十分危ないだろう？	
00669	D1:70:0C486	1	대사	【アル】俺なんかより、ずっとたちが悪いと思うぜ。	
00670	D1:70:0C4BA	1	대사	【レイコ】‥‥そう言われてみればそうね。	
00671	D1:70:0C4F0	1	대사	【レイコ】あなたもタチが悪いけど、それ以上かも知れないわ。	
00672	D1:70:0C538	1	대사	【アル】フォローになってないぜ、レイコさん。	
00673	D1:70:0C568	1	대사	【レイコ】教授はなかなか手強かったでしょう？	
00674	D1:70:0C5A0	1	대사	【アル】あぁ、そうだね。	
00675	D1:70:0C5BC	1	대사	【アル】でもときどき、レスポンスタイムが異様に長くなる時があったぜ。	
00676	D1:70:0C604	1	대사	【レイコ】それは珍しいわね‥‥彼女はポンポンと明晰に回答を出すタイプよ。	
00677	D1:70:0C65A	1	대사	【レイコ】ね、{n00}どんなことを聞いたの？	
00678	D1:70:0C68E	1	대사	【アル】それはどうですかね。企業秘密ってやつかな。	
00679	D1:70:0C6C4	1	대사	【レイコ】ずるいわね。じゃあ私もいいこと教えて上げない。	
00680	D1:70:0C708	1	대사	【アル】い、いい事？　い、いい事って、何？	
00681	D1:70:0C736	1	대사	【レイコ】ウフフ、交換条件ね。	
00682	D1:70:0C760	1	대사	【アル】ちぇっ、しっかりしてるなぁ‥‥教授に出した質問は、旦那の研究のことさ。	
00683	D1:70:0C7B2	1	대사	【レイコ】故ステラドヴィッチ教授の‥‥？	
00684	D1:70:0C7E6	1	대사	【アル】あぁ。ほら、あの『環境と人類の融合』とかいう論文に関して。	
00685	D1:70:0C82C	1	대사	【レイコ】そうだったの‥‥。	
00686	D1:70:0C854	1	대사	【アル】じゃ、レイコさんの番。	
00687	D1:70:0C876	1	대사	【レイコ】ウフフ、いいわよ。じゃあ今晩、私の部屋に来て頂戴。	
00688	D1:70:0C8BE	1	대사	【アル】えっ、こ、今晩！？	
00689	D1:70:0C8F8	1	대사	【アル】じゃ、じゃあシャワーを浴びて、下着を換えていくからね。	
00690	D1:70:0C93A	1	대사	【レイコ】バカ！　何勘違いしているの、マコトのことよ。	
00691	D1:70:0C97C	1	대사	【アル】なんだよそれは。約束が違うじゃないか。	
00692	D1:70:0C9AE	1	대사	【レイコ】変な約束はしてないわよ。まったくもう、すぐにそうなんだから‥‥。	
00693	D1:70:0CA04	13	대사	【アル】ちぇっ。	
00694	D1:70:0CA56	6	선택지	　立て札	
00695	D1:70:0CA60	3	대사	【アル】月光を反射して、鈍い光を放っている。	
00696	D1:70:0CA90	3	대사	【アル】メタリックシルバーの暗い光を不気味に放っている。	
00697	D1:70:0CACC	2	대사	【アル】ところどころから明かりが漏れているのは、	
00698	D1:70:0CB00	3	대사	【アル】まだ研究所内に人がいる証拠だろう。	
00699	D1:70:0CB2C	2	대사	【アル】夜遅くまでご苦労なことだ。	
00700	D1:70:0CB52	5	대사	【アル】あたりは静かだ‥‥。	
00701	D1:70:0CB72	3	대사	【アル】こんな小島だからな‥‥人がいないとシンと静まりかえってしまう。	
00702	D1:70:0CBBC	3	대사	【アル】無論、人はいるんだろうが、存在をあまり感じさせないな。	
00703	D1:70:0CBFE	2	대사	【アル】別にこれといって変化はない立て札だな。	
00704	D1:70:0CC30	2	대사	【アル】こんなのを見ていてもしょうがないだろう。	
00705	D1:70:0CC82	1	대사	【アル】鍵が掛かっていて中には入れない。	
00706	D1:70:0CCAE	7	대사	【アル】中に入るのか‥‥？	
00707	D1:70:0CCCC	2	대사	ガチャ、ガチャ。	
00708	D1:70:0CCE8	1	대사	【アル】鍵が閉まっているようだな。中にはまだ人がいそうなものだが‥‥。	
00709	D1:70:0CD32	1	대사	【アル】とにかく中に入ることはできないみたいだ。	
00710	D1:70:0CD66	10	대사	【アル】宿舎に行ってみるか。	
00711	D1:70:0CDBE	5	선택지	　頭に血	
00712	D1:70:0CEDE	5	대사	【アル】あまりやりすぎると、頭がクラクラきてしまう。	
00713	D1:70:0CF16	4	대사	【アル】もうやめておこう。	
00714	D1:70:0CF34	4	대사	【アル】くすうぉぉ、編集長だからって、俺様を舐めるなよぉっ！！	
00715	D1:70:0CFA2	5	대사	【アル】だいぶ頭に血がのぼったようだ。少しクラクラするな‥‥。	
00716	D1:70:0D02C	1	대사	【アル】人はいないようだ‥‥カズミさんも、無論いない。	
00717	D1:70:0D066	1	대사	【アル】カズミさんはどこかに行ってしまった。方角からすると、宿舎の方だろうか。	
00718	D1:70:0D0B8	1	대사	【アル】相変わらずツンツンしていたなぁ。もうちょっと、マルくなれば可愛いのに。	
00719	D1:70:0D10A	1	대사	【アル】今まで通りだ。ところどころ明かりが漏れていて、	
00720	D1:70:0D144	1	대사	【アル】まだ人がいそうな気配はするが‥‥。	
00721	D1:70:0D170	1	대사	【アル】カズミさんが出てきただけで、変化は全くないみたいだ。	
00722	D1:70:0D1B0	1	대사	【アル】それにしても、受付も真っ暗だったし‥‥何をしていたんだろうな。	
00723	D1:70:0D27E	1	대사	【アル】鍵が掛かっていて、中には入れない‥‥。	
00724	D1:70:0D2B0	1	대사	【アル】そうだな、宿舎に戻ろう。	
00725	D1:70:0D718	3	대사	【アル】何度見ても、道しるべは道しるべだ。	
00726	D1:70:0D746	3	대사	【アル】もちろん回したりして、他人の迷惑になるようなことはしない。	
00727	D1:70:0D78C	3	대사	【アル】ほう、どれどれ‥‥普通の道しるべだな。	
00728	D1:70:0D7BE	3	대사	【アル】道しるべを回したりしたら、他人の迷惑になるからな、俺はそんなことはしないぜ。	
00729	D1:70:0D82C	3	대사	【アル】だから、しないってば。	
00730	D1:70:0D86C	1	대사	【アル】そうだな、もしかしたらマコトのやつ、仕事で研究所にいるのかもしれない。	
00731	D1:70:0D8BE	1	대사	【アル】あれ？　誰か研究所から出て来るぞ‥‥。	
00732	D1:70:0D8F0	1	대사	【アル】おかしいな、受付に人がいる訳でもないし、	
00733	D1:70:0D924	1	대사	【アル】第一真っ暗闇で何をしていたんだろう。	
00734	D1:70:0D952	1	대사	【アル】こ、こっちにくるぞ‥‥。	
00735	D1:70:0D980	1	대사	【アル】あれ、カズミさんじゃないか。こんなところで何をやっているんだい？	
00736	D1:70:0D9CC	1	대사	【カズミ】アルバート‥‥あなたこそ、ここで何を？	
00737	D1:70:0DA08	1	대사	【アル】いや、俺は散歩中で‥‥でも、ちゃんと教授の許可をもらっているぜ。	
00738	D1:70:0DA54	27	대사	【カズミ】‥‥‥‥。	
00739	D1:70:0DA6C	1	대사	【アル】カズミさんこそ何をしてたんだい？	
00740	D1:70:0DAB0	1	대사	【アル】暗い研究所から出てくるなんて、何だか怪しいな。	
00741	D1:70:0DAEA	1	대사	【カズミ】言葉に気を付ける事ね。私は財団から視察に来た者なのよ。	
00742	D1:70:0DB36	1	대사	【アル】ふーん、視察の人だったんだ。で、視察の人がこんな夜更けに研究所で何を？	
00743	D1:70:0DB88	1	대사	【カズミ】教授にお話があったのよ。	
00744	D1:70:0DBB6	1	대사	【アル】どんな話です？	
00745	D1:70:0DBD0	1	대사	【カズミ】あなたに言う必要はないわ。知りたかったら教授に聞くことね。	
00746	D1:70:0DC20	2	대사	【アル】えっ、ちょっ‥‥。	
00747	D1:70:0DC48	1	대사	【アル】あーぁ、行っちゃったよ‥‥。	
00748	D1:70:0DC70	1	대사	【アル】教授に聞けっていうなら、聞いてやるさ。	
00749	D1:70:0DCA2	1	대사	【アル】ま、とりあえず明日のインタビューかな‥‥。	
00750	D1:70:0DCD6	1	대사	【アル】鍵が掛かっていて、入れない。	
00751	D1:70:0DCFE	1	대사	【アル】中に入るのか‥‥んー、あまり気乗りはしないが。	
00752	D1:70:0DD54	1	대사	【アル】あれ、おかしいな‥‥閉まっているぞ。	
00753	D1:70:0DD84	1	대사	【アル】まだところどころから光が漏れているのに‥‥。	
00754	D1:70:0DDC6	1	대사	【アル】困ったな‥‥俺のＩＤカードはどうなるんだろうか。	
00755	D1:70:0E0C8	1	대사	【アル】受付から、微かに光がもれているようだ。	
00756	D1:70:0E0FA	1	대사	【アル】受付から明かりが漏れているのは‥‥。	
00757	D1:70:0E12A	1	대사	【アル】まったく、あんなところでよくやるぜ。	
00758	D1:70:0E35A	1	대사	【アル】中はまだ例のアレ中だろう‥‥。	
00759	D1:70:0E384	1	대사	【アル】ほとぼりがさめたら、また行ってみようぜ。	
00760	D1:70:0E3B8	1	대사	【アル】そうだな、宿舎に行ってみるか。	
00761	D1:70:0E6EA	1	대사	【アル】研究所のところどころから明かりが漏れているのは、	
00762	D1:70:0E752	1	대사	【アル】マコトの他にも、まだ誰か残っていたのかな‥‥。	
00763	D1:70:0E7AC	1	대사	【アル】マコトはティーナを連れて、宿舎の方へ行ったようだ。	
00764	D1:70:0E7EA	1	대사	【アル】さっきはあれほど賑やかに感じたんだが‥‥今はシンと静まり返っている。	
00765	D1:70:0E98E	1	대사	【アル】そうだ、クリスさんがカードを発行してくれるんだった。	
00766	D1:70:0E9CE	4	대사	【アル】よし、中に入ろう。	
00767	D1:70:0E9F2	1	대사	【アル】今は宿舎に行っている暇はないはずだが。	
00768	D1:70:0EA24	1	대사	【アル】飛行場に行ってもしょうがないだろう。さっさと中に入ろうぜ。	
00769	D1:70:0EA6A	2	대사	【アル】あれ？　あそこにいるのは‥‥。	
00770	D1:70:0EA9C	1	대사	【アル】マコトじゃないか‥‥それにティーナも。何をやっているんだ。	
00771	D1:70:0EAE2	1	대사	【アル】それにもう１人の男は誰だろう、見たことがないが‥‥。	
00772	D1:70:0EB22	1	대사	【アル】何か話しているようだな‥‥。	
00773	D1:70:0EB4A	3	대사	【アル】ティーナ！	
00774	D1:70:0EB68	2	대사	【ティーナ】あっ、アル！	
00775	D1:70:0EBAA	2	대사	【アル】うぉっと‥‥いいタックルだ。	
00776	D1:70:0EBD2	1	대사	【ティーナ】アル、アルー！	
00777	D1:70:0EBF8	1	대사	【アル】よっ、王女様。具合はどうだい？	
00778	D1:70:0EC22	1	대사	【ティーナ】アルぅ、会いたかったの‥‥とっても、寂しかったの。	
00779	D1:70:0EC6C	1	대사	【アル】嬉しいことを言ってくれるねぇ、男冥利に尽きるってもんだ。	
00780	D1:70:0ECB0	1	대사	【ティーナ】うん、{n00}ティーナも嬉しいっ！	
00781	D1:70:0ECE4	1	대사	【アル】身体はもう大丈夫？	
00782	D1:70:0ED02	1	대사	【ティーナ】うん、もう大丈夫！	
00783	D1:70:0ED2C	1	대사	【アル】そうか‥‥それはよかった。	
00784	D1:70:0ED52	1	대사	【ティーナ】えへへ。	
00785	D1:70:0ED72	10	대사	【マコト】アル‥‥。	
00786	D1:70:0ED9C	2	대사	【アル】よぉ、マコト‥‥また一段と綺麗にシワが増えたな。	
00787	D1:70:0EDD8	1	대사	【マコト】バーカ。{n00}あなたは元気だった？	
00788	D1:70:0EE0C	2	대사	【アル】おぉ、この胸の刺繍を見てくれよ。どうだ、腕をあげたろう？	
00789	D1:70:0EE50	2	대사	【マコト】フフ、相変わらずね。	
00790	D1:70:0EE7A	2	대사	【アル】いったいここで何をしていたんだい？	
00791	D1:70:0EEA8	2	대사	【マコト】何をって‥‥ティーナがドクターに‥‥。	
00792	D1:70:0EEE4	2	대사	【アル】ドクター？	
00793	D1:70:0EF04	2	대사	【ゲーツ】見ない顔だな、誰かね？	
00794	D1:70:0EF30	1	대사	【アル】俺は‥‥アルバートといいます。	
00795	D1:70:0EF5A	1	대사	【ゲーツ】ほぉ、君が例の記者か。確かマクドガル君、と言ったかな。	
00796	D1:70:0EFA6	1	대사	【アル】そうです。あなたは？	
00797	D1:70:0EFC6	1	대사	【ゲーツ】失礼‥‥私はゲーツ。メディカルセンターの責任者だ。	
00798	D1:70:0F040	13	선택지	　マコト	
00799	D1:70:0F04A	39	선택지	　ティーナ	
00800	D1:70:0F056	2	선택지	　ゲーツ	
00801	D1:70:0F060	1	대사	【アル】夜の研究所前というとかなり地味で、なおかつ静寂というイメージだったが‥‥。	
00802	D1:70:0F0B6	1	대사	【アル】今は結構にぎやかだな。	
00803	D1:70:0F0D8	1	대사	【アル】ただでさえ静かな場所に、人が４人も集まっているんだ。	
00804	D1:70:0F118	1	대사	【アル】なんだか、かなり騒然という気がするな。	
00805	D1:70:0F14A	3	대사	【ティーナ】アルぅ！	
00806	D1:70:0F16A	1	대사	【アル】実際、騒然かもしれない‥‥。	
00807	D1:70:0F19C	1	대사	【アル】なかなか渋い中年男子の趣を兼ね備えているな。	
00808	D1:70:0F1D4	1	대사	【アル】ま、俺の魅力には叶わないが。	
00809	D1:70:0F210	1	대사	【アル】この人がメディカルセン{n00}ターの責任者か‥‥。	
00810	D1:70:0F248	1	대사	【アル】なかなか渋い中年男子だが‥‥ま、俺の魅力にはかなわないな。	
00811	D1:70:0F28E	2	대사	【ゲーツ】何かね？	
00812	D1:70:0F2AC	1	대사	【アル】いや、かなわないなって。	
00813	D1:70:0F2D0	1	대사	【ゲーツ】フッ、そうだろう。男は三十路を過ぎてから円熟した魅力というものが‥‥。	
00814	D1:70:0F32C	1	대사	【アル】何言ってるんだ、このオッサンは。	
00815	D1:70:0F358	1	대사	【ゲーツ】何か言ったかね？	
00816	D1:70:0F37E	1	대사	【アル】いえ別に、ガンチクのあるお言葉ですな。	
00817	D1:70:0F3B0	1	대사	【ゲーツ】そうだろう、うむ。	
00818	D1:70:0F402	1	대사	【アル】マコトは傍らで俺を見つめている。	
00819	D1:70:0F42E	1	대사	【マコト】なにかしら？	
00820	D1:70:0F464	1	대사	【アル】本当に久しぶりに見るな‥‥相変わらずチャーミングだ。	
00821	D1:70:0F4A4	1	대사	【アル】制服を着ているところを見ると、仕事だったのかもしれない。	
00822	D1:70:0F4E8	1	대사	【マコト】な、なにかしら‥‥そんなに見つめて。	
00823	D1:70:0F522	1	대사	【アル】へへ、相変わらず、見目麗しいですな、お嬢ちゃん。	
00824	D1:70:0F55E	1	대사	【マコト】なっ‥‥もう、そんなところばかり見ている。	
00825	D1:70:0F59E	1	대사	【アル】綺麗なものに目がいくのは、誰しも同じだぜ。	
00826	D1:70:0F5D4	1	대사	【マコト】おだてても何も出ないわよ。	
00827	D1:70:0F60E	1	대사	【アル】ティーナは俺の横にひっついて離れない。	
00828	D1:70:0F640	1	대사	【ティーナ】アルのそばが、いいんだもの。	
00829	D1:70:0F67E	1	대사	【アル】検査服のようなシャツが、痛々しく感じる‥‥	
00830	D1:70:0F6B4	2	대사	【アル】もっともボロボロ服じゃどうしようもないしな。	
00831	D1:70:0F6EA	2	대사	【アル】でも、そんな痛々しさを吹き飛ばすほど、元気いっぱいという感じだな。	
00832	D1:70:0F738	2	대사	【ティーナ】うん、ティーナ、{n00}元気だよ！	
00833	D1:70:0F77C	1	대사	【アル】検査服のようなシャツが、痛々しく感じる‥‥。	
00834	D1:70:0F896	1	대사	【アル】もう少し話した方がいいだろう。	
00835	D1:70:0F8C0	1	대사	【アル】早くカードを取りに行きたいのはやまやまだが‥‥	
00836	D1:70:0F8FA	1	대사	【アル】今はもうちょっとここで話した方がいいだろう。	
00837	D1:70:0F930	1	대사	【ティーナ】いいだろう。	
00838	D1:70:0F954	1	대사	【マコト】いいわね。	
00839	D1:70:0F974	1	대사	【アル】真似すんなよ‥‥。	
00840	D1:70:0F992	1	대사	【アル】もうちょっと話した方がいいかな。	
00841	D1:70:0F9BE	1	대사	【アル】さぁ帰って寝るかな。	
00842	D1:70:0F9DE	1	대사	【ティーナ】うん、ティーナ、一緒に寝る！	
00843	D1:70:0FA12	1	대사	【マコト】ダメよ、私が一緒に寝るんだから。	
00844	D1:70:0FA48	1	대사	【アル】おい。	
00845	D1:70:0FA5A	1	대사	【マコト】や、やだ、私ったら。	
00846	D1:70:0FA84	1	대사	【アル】（うーむ‥‥。）	
00847	D1:70:0FAA0	1	대사	【アル】飛行場に行くのは後でもいいか。今はもう少し話した方がいい。	
00848	D1:70:0FAE6	1	대사	【マコト】どこへ行くの？　そっちは飛行場よ。	
00849	D1:70:0FB1E	1	대사	【ティーナ】飛行場、ティーナも行く！	
00850	D1:70:0FB4E	1	대사	【アル】いや足が勝手に飛行場の方へ‥‥。	
00851	D1:70:0FB7A	1	대사	【マコト】もう、変な人ね。	
00852	D1:70:0FBCA	1	대사	【ゲーツ】だが、彼女にはまだ精密検査が必要だ。	
00853	D1:70:0FC04	1	대사	【アル】何か具合の悪いところで{n00}も？	
00854	D1:70:0FC2C	1	대사	【ゲーツ】どうも、記憶が所々欠損しているようだ。	
00855	D1:70:0FC68	1	대사	【アル】というと？	
00856	D1:70:0FC7E	1	대사	【ゲーツ】うむ、平たく言うと、記憶喪失の類だな。	
00857	D1:70:0FCBA	1	대사	【アル】じゃあ身元なんかは‥‥。	
00858	D1:70:0FCDE	1	대사	【ゲーツ】覚えているのは、名前の類だけだ。	
00859	D1:70:0FD16	1	대사	【ゲーツ】まぁこの記憶喪失症には色々なケースがあってね。	
00860	D1:70:0FD5C	1	대사	【アル】ケースというと、箱のことですか？	
00861	D1:70:0FD88	1	대사	【ゲーツ】何を言っとるのかね。	
00862	D1:70:0FDB4	1	대사	【ゲーツ】つまり、身体の外傷云々とは全く別に、脳のシナプスに異状がある場合だ。	
00863	D1:70:0FE10	1	대사	【アル】あっ、それ聞いたことありますよ。	
00864	D1:70:0FE3C	1	대사	【アル】友達とか、名前とかは覚えているのに、両親だけは覚えていないとか。	
00865	D1:70:0FE86	1	대사	【ゲーツ】そうだ、脳神経が異状な交錯をした時に、記憶違いが起きてくる。	
00866	D1:70:0FEDA	1	대사	【ゲーツ】まぁ、彼女の場合は典型的だがね。	
00867	D1:70:0FF12	1	대사	【アル】でも、それだったら精密検査なんて必要ないじゃないですか。	
00868	D1:70:0FF56	2	대사	【ゲーツ】具合の云々が顕著でなくても、それなりの検査を行うのは当然なのだよ。	
00869	D1:70:0FFB0	2	대사	【ゲーツ】それがドクターの責務でもある。	
00870	D1:70:0FFE6	2	대사	【アル】ふーん、でも悪くないのに診るってのも、どうですかね。	
00871	D1:70:10026	2	대사	【ティーナ】そうよ、ティーナどこも悪くないもん！	
00872	D1:70:10062	2	대사	【アル】と、本人も言っていますが。	
00873	D1:70:10088	2	대사	【ゲーツ】しかしだね、君。そもそも検診というものは‥‥。	
00874	D1:70:100CC	2	대사	【ティーナ】やっ！	
00875	D1:70:100EA	2	대사	【アル】だそうですが。	
00876	D1:70:10104	2	대사	【マコト】アル、あなたがティーナと一緒になってダダをこねてどうするのよ。	
00877	D1:70:10158	2	대사	【アル】いや、俺はあくまで本人の意思を尊重する主義なんでね。	
00878	D1:70:10198	2	대사	【アル】本人が嫌がっているのに無理矢理はよくない。	
00879	D1:70:101CC	2	대사	【ティーナ】そーそー、無理矢理はよくない！	
00880	D1:70:10202	2	대사	【ゲーツ】ティーナ、そんなことを言っては‥‥。	
00881	D1:70:1023C	2	대사	【ティーナ】あちこち身体をいじられるの、やっ！	
00882	D1:70:10276	2	대사	【アル】あちこちいじったんです{n00}か？	
00883	D1:70:1029E	2	대사	【ゲーツ】当たり前だろう、検査のためだ、ほら。	
00884	D1:70:102D8	2	대사	【ティーナ】いやよ‥‥アルぅ‥‥すりすり。	
00885	D1:70:1030E	2	대사	【アル】まぁこう言っていることだし、差し当たって具合も悪くないようだから。	
00886	D1:70:1035C	2	대사	【ティーナ】ティーナ、アルと一緒に寝る！	
00887	D1:70:10390	1	대사	【マコト】だ、ダメよ。	
00888	D1:70:103B2	2	대사	【アル】なに剥きになってるんだよ、マコト。	
00889	D1:70:103E0	3	대사	【マコト】だって‥‥。	
00890	D1:70:10402	2	대사	【ゲーツ】仕方がないな。	
00891	D1:70:10426	2	대사	【マコト】ドクター。	
00892	D1:70:10446	2	대사	【ゲーツ】しかし私は、医者として忠告はしたからね。後の責任は君が取りたまえ。	
00893	D1:70:1049E	2	대사	【アル】ええ。構いませんよ。	
00894	D1:70:104C8	2	대사	【アル】行ってしまったか。ちょっと怒ったかな？	
00895	D1:70:104FA	1	대사	【マコト】当たり前よ、もう‥‥。	
00896	D1:70:10530	1	대사	【ゲーツ】ティーナは軽い疲労のようだ。心配はいらない。	
00897	D1:70:10586	1	대사	【アル】メディカルセンターの責任者というと‥‥ティーナを診たというのは‥‥。	
00898	D1:70:105D6	1	대사	【ゲーツ】うむ、いかにも私だ。	
00899	D1:70:10600	1	대사	【アル】具合はどうなんですか？　ティーナの。	
00900	D1:70:10630	1	대사	【ゲーツ】軽い疲労のようだな。海を漂流していたという話だが、とてもそうは思えんな。	
00901	D1:70:1068E	1	대사	【アル】そうか‥‥とりあえずは良かったな。	
00902	D1:70:106D0	1	대사	【マコト】じゃあ‥‥アル、早くね。	
00903	D1:70:106FE	4	대사	【アル】あぁ。	
00904	D1:70:10710	2	대사	【ティーナ】アルぅ、早くね！	
00905	D1:70:10738	2	대사	【アル】おぅ、任せておけって！	
00906	D1:70:10764	3	대사	【アル】行ってしまったか‥‥。	
00907	D1:70:10790	2	대사	【マコト】どうするの？　これから。	
00908	D1:70:107BE	2	대사	【アル】そうだった。これからＩＤカードを取りに行かなくちゃならないんだ。	
00909	D1:70:1080A	2	대사	【マコト】カード？　まだ発行してもらっていなかったの？	
00910	D1:70:1084C	2	대사	【アル】あぁ‥‥。ま、このテのは遅れるのが常道だからな。	
00911	D1:70:10888	2	대사	【アル】そうだな、ティーナを連れて俺の部屋で待っていてくれないか。	
00912	D1:70:108CC	1	대사	【マコト】ティーナを‥‥。	
00913	D1:70:108F2	2	대사	【アル】露骨に嫌な顔をするなよ、相手は可愛らしい女の子とはいえ、子供だぜ。	
00914	D1:70:10940	2	대사	【アル】嫉妬は少し早すぎるんじゃないか？	
00915	D1:70:1096C	2	대사	【マコト】それは、そうだけど‥‥。	
00916	D1:70:1099A	1	대사	【アル】カードを受け取ったら、すぐに部屋に戻るからさ。俺の部屋番号は‥‥。	
00917	D1:70:109E8	2	대사	【マコト】知っているわ。しょうがないわね、じゃあ先に行って待っているから‥‥。	
00918	D1:70:10A42	2	대사	【アル】とまぁそういう成りゆきだ。わかったかい、王女様。	
00919	D1:70:10A7E	2	대사	【ティーナ】うん、このオバチャンと一緒にアルの部屋で待っていればいいのね。	
00920	D1:70:10AD4	2	대사	【アル】そうだ。	
00921	D1:70:10AE8	2	대사	【マコト】違うでしょ。まったく、この歳でオバサンなんて呼ばれたくないわ。	
00922	D1:70:10B3C	2	대사	【ティーナ】オバサンじゃないわ、オバチャンよ。	
00923	D1:70:10B76	218	대사	【マコト】‥‥‥‥‥‥。	
00924	D1:70:10BA6	2	대사	【マコト】どうするのよ、ドクターを怒らせてしまって。	
00925	D1:70:10BE8	2	대사	【マコト】私、ドクターに会わせる顔がないわ。	
00926	D1:70:10C22	2	대사	【アル】何でマコトが会わせる顔を作るのさ。関係ないじゃないか。	
00927	D1:70:10C64	2	대사	【マコト】だって、一応あなたは私の‥‥。	
00928	D1:70:10C98	2	대사	【アル】だいたい、悪くもないのに検診検診って、医者の悪い癖さ。	
00929	D1:70:10CDA	22	대사	【マコト】‥‥‥‥。	
00930	D1:70:10CF2	2	대사	【アル】病室みたいな、あんな不健康な場所に押し込められたら、	
00931	D1:70:10D32	2	대사	【アル】誰だって病気になっちまうぜ。	
00932	D1:70:10D58	2	대사	【マコト】でもドクターは善意で言ってくれているのよ。	
00933	D1:70:10D98	2	대사	【アル】善意の押し売りほど、ありがた迷惑なものはないな。	
00934	D1:70:10DD4	2	대사	【アル】本人に悪気がないぶん、余計にたちが悪い。	
00935	D1:70:10E06	2	대사	【マコト】でも‥‥。	
00936	D1:70:10E26	1	대사	【アル】だいたい、検診だって本人の了承が必要だぜ。	
00937	D1:70:10E5C	1	대사	【アル】嫌だって言っているのに、	
00938	D1:70:10E80	2	대사	【アル】無理矢理その善意とやらを押しつけるのはどうだろうな。	
00939	D1:70:10EC0	2	대사	【マコト】まったく‥‥変わってないわね、アル。	
00940	D1:70:10EFA	2	대사	【アル】俺は永遠不滅のアルだからな。	
00941	D1:70:10F36	1	대사	【マコト】でも、セキュリティが甘いという訳ではないわ。	
00942	D1:70:10F78	1	대사	【アル】ふーん。（別に取って付けたように言わなくていいのに。）	
00943	D1:70:10FCE	1	대사	【アル】ティーナと何かあったのかい？　マコト。	
00944	D1:70:11000	1	대사	【マコト】研究室に紛れ込んでたのよ。その子が。	
00945	D1:70:1103A	1	대사	【アル】紛れ込む？　あそこは完璧のセキュリティじゃあなかったのか？	
00946	D1:70:11080	1	대사	【マコト】多分、職員が入室した時、ドアがあいている隙に入り込んだのね。	
00947	D1:70:110D2	1	대사	【アル】へぇ。（意外にもろいんだな‥‥。）	
00948	D1:70:11100	1	대사	【マコト】フフ、まるで捨てられた子猫ちゃんのような感じだったわね。	
00949	D1:70:11150	1	대사	【マコト】装置の隙間に座ってたわ。	
00950	D1:70:11180	1	대사	【アル】部外者で研究室に入室したのは、ティーナが初めてって訳か。	
00951	D1:70:111C4	1	대사	【マコト】‥‥そういうことになるかもね。	
00952	D1:70:111F8	1	대사	【ティーナ】そうよ、{n00}ティーナが初めて！	
00953	D1:70:11236	1	대사	【ゲーツ】ほらティーナ、２人の邪魔をしたらマズいだろう。さぁ、行こうか。	
00954	D1:70:1128A	1	대사	【ティーナ】イヤよぉ、アルぅ。スリスリぃ‥‥。	
00955	D1:70:112C4	1	대사	【アル】（んー、ティーナは嫌がってるみたいだな‥‥。）	
00956	D1:70:112FE	1	대사	【アル】悪い重臣は行ってしまったね。	
00957	D1:70:11326	1	대사	【ティーナ】うん。ありがとう、アル！	
00958	D1:70:11356	1	대사	【アル】だけど、いくら本当のことでも、これからはちっちゃな声で言おうね。	
00959	D1:70:113A2	1	대사	【ティーナ】うん、魔法使いのオバチャンと、悪いジューシン。	
00960	D1:70:113E8	1	대사	【マコト】もう、聞こえているわよ。	
00961	D1:70:1141C	1	대사	【ティーナ】アルぅ、ティーナ寂しかったの。	
00962	D1:70:11452	1	대사	【アル】そうか‥‥さしずめ、囚われの王女様ってところだな。	
00963	D1:70:11490	1	대사	【ティーナ】うん、アルは王子様ね。	
00964	D1:70:114BE	1	대사	【アル】俺が王子様かい？　へへ、じゃ、あそこの女の人は？	
00965	D1:70:114FA	1	대사	【ティーナ】魔法使いのオバチャン。	
00966	D1:70:11528	2	대사	【マコト】まっ。	
00967	D1:70:11544	1	대사	【アル】じゃ、{n00}あそこのオジサンは？	
00968	D1:70:1156C	1	대사	【ティーナ】悪いジューシンね。	
00969	D1:70:11596	1	대사	【ゲーツ】おっほん。	
00970	D1:70:115B6	1	대사	【アル】はははっ！　ティーナ、お前結構センスいいぜ。	
00971	D1:70:115EE	2	대사	【マコト】もう、アル！	
00972	D1:70:11658	1	대사	【アル】研究所前というと、やたらうるさいイメージがあったんだがな‥‥やけに静かだ。	
00973	D1:70:116AE	1	대사	【アル】そういえばここ{n00}《デザイア》は、	
00974	D1:70:116DA	1	대사	【アル】格納庫以外はどこでも静かという気がする。	
00975	D1:70:1170E	1	대사	【アル】そろそろ日が傾きつつあるようだ。	
00976	D1:70:1173A	1	대사	【アル】空が澄んでいるせいだろう、太陽がかなり綺麗に見えるな。	
00977	D1:70:1177A	1	대사	【アル】都会の雑踏の中じゃ滅多にお目にかかれないものだ。	
00978	D1:70:117B6	1	대사	【アル】やっぱり直しておこう。俺が道に迷ってしまう。	
00979	D1:70:117EE	2	대사	ズリズリ、ズリズリ。	
00980	D1:70:1180E	1	대사	【アル】ふぅ‥‥なんとか直ったぞ。	
00981	D1:70:11834	1	대사	【アル】フッフッフ、こういう立て札をみるとな、俺は無性に‥‥んー、うぉりゃー！	
00982	D1:70:118A6	1	대사	【アル】ふぅ、立て札を回したくなるんだ。	
00983	D1:70:118D2	1	대사	【アル】へへっ、これで道に迷う奴が出て来るに違いない。	
00984	D1:70:1190A	1	대사	【アル】そういえば今気付いたが、あそこに妙な立て札があるな、なになに‥‥。	
00985	D1:70:11958	1	대사	【アル】この先、研究所。こちら、宿舎‥‥なんだ、単なる道しるべか。	
00986	D1:70:119BC	1	대사	【アル】よし、この立て札によると‥‥‥研究所はこっちだな。	
00987	D1:70:119FA	1	대사	【アル】目の前だ、間違えるはずがないぞ。	
00988	D1:70:11A50	1	대사	【アル】よし、この立て札によると‥‥‥宿舎はこっちだな。	
00989	D1:70:11AD8	1	대사	【アル】よし、この立て札によると‥‥‥飛行場はこっちだな。	
00990	D1:70:11B16	2	대사	【アル】飛行場に行ってみよう。	
00991	D1:70:11B3E	1	대사	【アル】飛行場に行くのか？　よし行ってみよう。	
00992	D1:70:11B76	2	선택지	　天	
00993	D1:70:11B86	1	대사	【アル】天にのぼるのは、１日１回で十分だろう。	
00994	D1:70:11BB8	4	대사	【アル】うっ！	
00995	D1:70:11BCA	1	대사	【アル】今回は速かったな‥‥もう天にのぼっちゃったよ。	
00996	D1:70:11C3C	1	대사	【アル】くすうぉぉっ！　編集長だからって、俺様を舐めるなよぉっ！	
00997	D1:70:11C80	1	대사	【アル】編集長の{n00}ぶわかやろぉぉっ！！	
00998	D1:70:11D58	1	대사	【アル】あたりは何事もなかったかのように静まっている。	
00999	D1:70:11D92	1	대사	【レイコ】あったじゃないの。	
01000	D1:70:11DBA	1	대사	【アル】そうだったっけ？	
01001	D1:70:11DD6	1	대사	【レイコ】どうしたの？　何か気になることでも？	
01002	D1:70:11E10	1	대사	【アル】いや、誰もいないところで２人きりというのも、おつなもんだね。	
01003	D1:70:11E58	1	대사	【レイコ】ジロッ。	
01004	D1:70:11E76	1	대사	【アル】そ、そんな目で見つめないでくれ。恥ずかしいぜ。	
01005	D1:70:11EB0	1	대사	【レイコ】睨んでいるのよ。	
01006	D1:70:11ED6	1	대사	【アル】顔つきは若干和んでいる。言葉で言うほど怒ってはいないみたいだな‥‥。	
01007	D1:70:11F26	1	대사	【アル】目の前のレイコさんは、ちょっと怒ったような顔をしている‥‥。	
01008	D1:70:11F6E	1	대사	【レイコ】当たり前じゃない、もうびっくりしたわ。	
01009	D1:70:11FAC	1	대사	【レイコ】クリスさんにバレたりしたら、ただじゃすまないわ。	
01010	D1:70:11FF4	1	대사	【アル】ど、どんなお仕置きが待ってるんだろうな‥‥なぜかドキドキしてしまうぞ。	
01011	D1:70:12064	1	대사	【アル】そうだな、中に入るか。	
01012	D1:70:12086	4	대사	【レイコ】アル、くれぐれも‥‥。	
01013	D1:70:120B2	3	대사	【アル】わかってるってば、じゃ。	
01014	D1:70:120D6	3	대사	【レイコ】心配だわ‥‥。	
01015	D1:70:12100	1	대사	【アル】もう少しレイコさんと話した方がいいだろう。	
01016	D1:70:12136	1	대사	【アル】宿舎か、よし行ってみよう。	
01017	D1:70:121D6	1	대사	【アル】宿舎か‥‥だけどレイコさんと話す方が先だぜ。	
01018	D1:70:1220E	3	대사	【アル】飛行場に行ってみるかな。	
01019	D1:70:122AC	1	대사	【アル】飛行場よりも、レイコさんともうちょっと話そう。	
01020	D1:70:122F0	1	대사	【レイコ】少しは反省しなさい。	
01021	D1:70:1231A	1	대사	【レイコ】どうするの？　これから。	
01022	D1:70:12348	1	대사	【アル】どうするって、しょうがないさ。	
01023	D1:70:12372	1	대사	【アル】とりあえず宿舎にでも戻って、静かに余生を過ごすさ。	
01024	D1:70:123AE	1	대사	【レイコ】そうね‥‥私がお相手してあげてもいいのだけど、マコトに怒られてしまうし。	
01025	D1:70:1240C	1	대사	【アル】お、お相手‥‥？　お相手というと、お相手のこと？	
01026	D1:70:12448	1	대사	【レイコ】また、変なことを考えている。話し相手になってあげてもいいわってこと。	
01027	D1:70:124A2	1	대사	【アル】うん、いいね。	
01028	D1:70:124BC	1	대사	【レイコ】でもやめたわ。すこしその鼻の下が縮まったら、お相手してあげるわ。	
01029	D1:70:12512	1	대사	【アル】なんだよそれは。ちぇっ。	
01030	D1:70:12536	1	대사	【レイコ】ウフフ、少しは反省なさい。	
01031	D1:70:12566	1	대사	【レイコ】そういえば聞いたわよ。	
01032	D1:70:12592	1	대사	【アル】な、何を？　まさか、俺が毎週月曜日の朝は必ずカいているってことを‥‥。	
01033	D1:70:125E4	1	대사	【レイコ】なに訳の分からない事を言ってるの。ラウンジでの一件よ。	
01034	D1:70:12630	1	대사	【アル】あー、アレですか。	
01035	D1:70:1264E	1	대사	【レイコ】あのカイルをのしちゃうなんて、見かけによらず凄いのね。	
01036	D1:70:1269C	1	대사	【レイコ】カイルはあの通り‥‥。	
01037	D1:70:126CA	1	대사	【アル】武道１２段のマウンテンゴリラ、だろう？	
01038	D1:70:126FC	1	대사	【レイコ】知っていたの？　知っていて彼と喧嘩するなんて‥‥。	
01039	D1:70:12744	1	대사	【アル】別にこっちからふっかけた訳じゃない。あいつが絡んできたんだ。	
01040	D1:70:127AC	1	대사	【アル】男としては、降り懸かる火の粉は払わねばならないって訳さ。	
01041	D1:70:127F0	1	대사	【アル】それにシェリルのこともあったしね‥‥。	
01042	D1:70:12822	1	대사	【レイコ】シェリルのことって、どういうこと？	
01043	D1:70:1285A	1	대사	【アル】いやつまり、カイルの阿呆がシェリルに酷い事を言ったからさ。	
01044	D1:70:128A0	1	대사	【レイコ】そうだったの‥‥あの子は純真よ、	
01045	D1:70:128D8	1	대사	【レイコ】彼女の気持ちを踏みにじるような事だけは、しないで欲しいわ。	
01046	D1:70:1292A	1	대사	【アル】（ドキッ。）わ、わかってるよ。	
01047	D1:70:12954	1	대사	【アル】別にシップ薬を取りに行かせている間に逃げ出すなんて事は、してないぜ。	
01048	D1:70:129A4	1	대사	【レイコ】なによそれは‥‥もう本当に不思議な人ね、あなたって。	
01049	D1:70:129EE	1	대사	【アル】不思議かな。	
01050	D1:70:12A06	1	대사	【レイコ】ええ、何だか放っておけないような、それでいて頼れるような‥‥。	
01051	D1:70:12A5A	1	대사	【アル】人徳と言ってくれ。	
01052	D1:70:12A78	1	대사	【レイコ】ウフフ、しょっているわね。	
01053	D1:70:12AA8	1	대사	【レイコ】でもアル、今回みたいなことは、もうこれっきりにして欲しいの。	
01054	D1:70:12AFA	1	대사	【アル】これっきり？　切ないな。	
01055	D1:70:12B1E	1	대사	【レイコ】アル、冗談じゃないのよ。お願い、約束して頂戴。	
01056	D1:70:12B62	1	대사	【アル】わかったよ、そんなに切なそうな目で懇願されたら、断れる訳がない。	
01057	D1:70:12BAE	1	대사	【レイコ】フフ、ありがとう。	
01058	D1:70:12BD8	1	대사	【レイコ】何か調べたいときは私に言って頂戴、出来る限りの協力はするわ。	
01059	D1:70:12C2C	1	대사	【アル】ほんと？　じゃあレイコさんの身体を調べたいな。	
01060	D1:70:12C66	1	대사	【レイコ】ちょ、調子に乗るんじゃないわよ、マコトに言いつけるから。	
01061	D1:70:12CB4	1	대사	【アル】照れるなんて可愛いとこあるな、レイコさんも。	
01062	D1:70:12CEC	1	대사	【レイコ】もう、しょうがないわね。	
01063	D1:70:12D58	1	대사	【アル】道は綺麗に舗装されている。まるで公園みたいだ。	
01064	D1:70:12D92	3	대사	【アル】木々が人工物とマッチしていて、結構いいな。自然との調和ってやつか。	
01065	D1:70:12DE0	1	대사	【アル】確か高名な建築家とやらに、レイアウトを頼んだということだ。	
01066	D1:70:12E26	1	대사	【アル】しかし誰が何と言おうと、そう見えてしまうな。	
01067	D1:70:12E5E	3	대사	【アル】メタリックシルバーのドームに覆われた建物だ。	
01068	D1:70:12E96	3	대사	【アル】モダンとも言えるし、{n00}フューチャライズされてもいる。	
01069	D1:70:12ED4	3	대사	【アル】でも、どこかのイベント会場みたいな気もするな‥‥。	
01070	D1:70:12F12	1	대사	【アル】ということを言うと、ここの職員に睨まれてしまうそうだ。	
01071	D1:70:13056	1	대사	【アル】よく考えたら、天にのぼれる訳がない。あまり間抜けなことをさせないでくれ。	
01072	D1:70:130AA	1	대사	シュッ、シュッ、シュッ‥‥。	
01073	D1:70:130DA	1	대사	【アル】ふぅ‥‥天にものぼる気分だったな。	
01074	D1:70:1311E	1	대사	【アル】外で、そんなことできる訳がないだろう？	
01075	D1:70:13192	3	대사	【アル】宿舎か‥‥よし、行ってみよう。	
01076	D1:70:131C2	4	대사	【アル】飛行場に行ってみるか。	
01077	D1:541:014AE	1	대사	【アル】な、なんだ。	
01078	D1:541:014C6	22	대사	【ティーナ】‥‥‥‥‥‥。	
01079	D1:541:014EE	1	대사	【アル】研究所が少し‥‥ゆ、歪んで見えるのは気のせいか？	
01080	D1:541:0152A	1	대사	【ティーナ】私も‥‥私も歪んで見える‥‥。	
01081	D1:541:01562	1	대사	【アル】どうしたんだ？　これは。	
01082	D1:541:01586	1	대사	【ティーナ】み、見て！　稲妻が研究所に集まっている‥‥。	
01083	D1:541:015CA	1	대사	ピカピカ、ドドーン！！	
01084	D1:541:015E8	4	대사	【ティーナ】きゃっ！	
01085	D1:541:01608	1	대사	【アル】な、何なんだよ、{n00}あれは！？	
01086	D1:541:01630	1	대사	【ティーナ】研究所が‥‥何か揺れて見える‥‥。	
01087	D1:541:0166A	1	대사	【アル】お、俺もだ。ということは、実際に揺れているんじゃないか？	
01088	D1:541:016AE	1	대사	【ティーナ】そうなの？	
01089	D1:541:016D0	1	대사	【アル】俺が知るもんか。	
01090	D1:541:016EC	1	대사	【ティーナ】‥‥‥‥‥‥でも、そういえば‥‥。	
01091	D1:541:01726	1	대사	【アル】え？　なんだって？	
01092	D1:541:01744	1	대사	【ティーナ】私、ちょっと行ってくる！	
01093	D1:541:01774	1	대사	【アル】どうしたんだ‥‥お、おい‥‥。	
01094	D1:541:0179E	1	대사	【アル】おい、ティーナ！　どこに行く！？	
01095	D1:541:017E4	1	대사	【アル】なんてこった、研究所の中に入っちまいやがった！	
01096	D1:541:01828	1	대사	【アル】ここは研究所の前だ‥‥。	
01097	D1:541:0184C	1	대사	【アル】メタリックシルバーの屋根が、寂しく光っているな。	
01098	D1:541:01892	1	대사	【アル】ここは研究所の前だ。	
01099	D1:541:018B2	1	대사	【アル】ティーナが例の場所にいるはずだ、行ってみようぜ。	
01100	D1:541:01916	2	대사	【アル】人の姿はないな‥‥。	
01101	D1:541:01940	1	대사	【アル】何だあの空は‥‥‥‥。	
01102	D1:541:01962	1	대사	【アル】淡く、灰色にくすんでいて、太陽が見えない‥‥いったいどういうことなんだ？	
01103	D1:541:019DE	1	대사	【アル】なんだ、この音は‥‥聞き覚えがあるような‥‥。	
01104	D1:541:01A18	2	대사	ビービービー、{n00}ビービービー。	
01105	D1:541:01A44	1	대사	【アル】あっ、もしかして警報！？俺がよく鳴らした‥‥{n00}あの？	
01106	D1:541:01A9E	1	대사	【アル】わからないな、どういうことだ。	
01107	D1:541:01AC8	1	대사	【アル】レイコさん、研究所の中に入って行ったんだろうか‥‥？	
01108	D1:541:01B08	2	대사	ダーンッ！！！{w00}	
01109	D1:541:01B24	1	대사	【アル】何だ！？	
01110	D1:541:01B38	1	대사	【アル】い、今のは銃の音みたいだぞ‥‥‥‥どこだ？	
01111	D1:541:01B8A	1	대사	【アル】ま、また‥‥‥‥{s00}中！？	
01112	D1:541:01BAE	1	대사	【アル】ど、どういうことなんだ‥‥‥‥とにかく、早く中に入ってみよう！	
01113	D1:541:01C02	1	대사	【アル】ま、マコト！？	
01114	D1:541:01C1C	2	대사	【マコト】あ‥‥‥‥アル。	
01115	D1:541:01C42	2	대사	【アル】マコト、どうしたんだよ、おいマコト！？	
01116	D1:541:01C74	2	대사	【マコト】あ、アル‥‥私‥‥‥‥。	
01117	D1:541:01CA2	2	대사	【アル】なんだったんだ、さっきの銃声は！？	
01118	D1:541:01CD0	1	대사	【マコト】私、撃っちゃったの‥‥撃って‥‥撃っちゃたの‥‥。	
01119	D1:541:01D18	2	대사	【アル】ま、マコト‥‥‥‥。	
01120	D1:541:01D38	2	대사	【マコト】私‥‥‥‥私、撃っちゃったのよーっ！！	
01121	D1:541:01D7A	2	대사	【アル】ど、どうしたんだよ、マコト。	
01122	D1:541:01DA2	2	대사	【マコト】アル‥‥アルーっ！！	
01123	D1:541:01DCC	2	대사	【アル】ま、マコト、泣いていちゃわからないよ。	
01124	D1:541:01DFE	2	대사	【マコト】うっ、うぅぅっ‥‥‥‥あぁぁぁぁっ！！！	
01125	D1:541:01E3C	2	대사	【アル】あ‥‥‥‥おい、あ、あそこに倒れているのは、まさか‥‥。	
01126	D1:541:01E80	2	대사	【マコト】違うわ、違うのよ！	
01127	D1:541:01EA8	1	대사	【アル】（な、なんだあれは‥‥レイコさん！？）	
01128	D1:541:01EDA	1	대사	【アル】（い、いや違う‥‥何なんだ、額に‥‥額に何か突起物が‥‥。）	
01129	D1:541:01F22	1	대사	【マコト】アル‥‥フフ、{n00}わからない？　アル！{n00}違うのよ！	
01130	D1:541:01F68	2	대사	【アル】ち、違うって‥‥違わないだろう！？	
01131	D1:541:01F96	2	대사	【マコト】ここでは‥‥‥‥フフフ、ここではね、こういう研究をしているのよ！	
01132	D1:541:02006	1	대사	【マコト】あれは‥‥あれは‥‥‥‥‥‥あれが‥‥‥‥。	
01133	D1:541:02048	2	대사	【声】アルぅーーーーっ！！	
01134	D1:541:0206E	2	대사	【アル】はっ、ティーナ！？	
01135	D1:541:020A8	2	대사	【アル】いま聞こえたろ！？　研究室の方からだぞ。どういうことだよ、マコト！？	
01136	D1:541:020F8	2	대사	【マコト】わ、私は‥‥私は知らない‥‥。	
01137	D1:541:0212C	4	대사	【アル】マコト！！	
01138	D1:541:02142	1	대사	【マコト】本当に‥‥‥‥本当に知らないの！	
01139	D1:541:02178	1	대사	【アル】くそっ‥‥‥{n00}お前のＩＤカードを貸せ！	
01140	D1:541:021AA	3	대사	【マコト】あっ！	
01141	D1:541:021C6	1	대사	【アル】（た、確かこうして、こうだったかな‥‥。）	
01142	D1:541:021FC	2	대사	【マコト】アル、ダメよ危険だわ！　もうここは‥‥‥‥。	
01143	D1:541:0223E	1	대사	ビー‥‥‥‥ガチャ。	
01144	D1:541:0225A	2	대사	【アル】よし、ドアが開いたぞ。ティーナ、いま助けに行くからな！	
01145	D1:541:0229C	2	대사	【マコト】アル！　待って！！　私の話をきいてっ！！！	
01146	D1:541:022DC	2	대사	【アル】ティーナを助け出したら、ゆっくり聞くさ！	
01147	D1:541:0234E	1	대사	【アル】今にもここに稲妻が、落ちてくるんじゃないか‥‥？	
01148	D1:541:0238A	1	대사	【アル】そんなことよりも、早くティーナを連れ戻そうぜ。	
01149	D1:541:023C4	1	대사	【アル】あたりはやけに明るい‥‥。	
01150	D1:541:023EA	1	대사	【アル】今までくすんでいた空が、稲妻によって明るく輝いている。	
01151	D1:541:0242C	1	대사	【アル】いったいどうしたっていうんだ？	
01152	D1:541:02456	1	대사	【アル】研究所を見ている場合じゃないぞ。早くティーナの所へ行こう！	
01153	D1:541:0249C	1	대사	【アル】研究所が少し歪んで見えるのは俺の気のせいか‥‥？	
01154	D1:541:024F2	1	대사	【アル】しかし、ティーナも歪んで見えると言っていた‥‥。	
01155	D1:541:0252E	1	대사	【アル】そうだ、ティーナだ。悠長に研究所を眺めている場合じゃないぞ。	
01156	D1:541:025AA	1	대사	【アル】そうだ、ティーナは中に入っていったんだ。	
01157	D1:541:025DE	4	대사	【アル】よし、中に入るぞ。	
01158	D1:541:02604	1	대사	【アル】だから、宿舎に行っている暇なんてないってば。	
01159	D1:541:0263C	1	대사	【アル】宿舎に行っている暇なんてなさそうだ。	
01160	D1:541:0266C	1	대사	【アル】ティーナを追いかけなくちゃ。	
01161	D1:541:02694	1	대사	【アル】メディカルセンターに用事はない。今はティーナの方が気になる。	
01162	D1:541:026DC	1	대사	【アル】メディカルセンターなんか行ってどうするんだ？	
01163	D1:541:02714	1	대사	【アル】だいたい、こことは反対側にあるんだぜ。そんな暇はないぞ。	
01164	D1:541:02758	1	대사	【アル】飛行場なんか、どうだっていい。今はティーナの方が先だ！	
01165	D1:541:0279A	1	대사	【アル】飛行場に行っている場合じゃないだろう。	
01166	D1:541:027CC	1	대사	【アル】俺はいま、ティーナが気になってしょうがないんだ。	
01167	D1:541:0283C	1	대사	【アル】ここでこうしていてもしょうがない。早く移動しようぜ。	
01168	D1:541:0287C	1	대사	【アル】研究所前に来るたびに、あの時のことを思い出す‥‥。	
01169	D1:541:028BA	1	대사	【アル】レイコさん、マルチナさん、グスタフ、そしてマコト‥‥。	
01170	D1:541:028FC	1	대사	【アル】みんなどこへ行ってしまったんだろうか‥‥。	
01171	D1:541:02932	1	대사	【アル】《デザイア》の研究所だ‥‥ここから始まったんだよな‥‥。	
01172	D1:541:02976	2	대사	【アル】メタリックシルバーの屋根が、どんよりとした鈍い光を反射している。	
01173	D1:541:029C2	2	대사	【アル】見ていると、何だか寂しくなってくるな‥‥。	
01174	D1:541:02A2C	2	대사	【アル】中に入るか‥‥。	
01175	D1:541:02A50	3	대사	【アル】そうだな、ティーナが例の場所にいるはずだ。	
01176	D1:541:02A86	3	대사	【アル】よし、中に入ってみよう。	
01177	D1:541:02AB2	1	대사	【アル】宿舎か。もしかしたら誰か、いるかもしれないな。	
01178	D1:541:02AEC	1	대사	【アル】そんな訳ないか‥‥。	
01179	D1:541:02B12	2	대사	【アル】メディカルセンターに行ってみよう。	
01180	D1:541:02BA4	1	대사	【アル】どうしたんだ、この変わりようは‥‥。	
01181	D1:541:02BD4	1	대사	【アル】あたりがやけに薄暗い‥‥。	
01182	D1:541:02BFA	1	대사	【アル】空はどんよりと曇っていて、太陽の光を遮断しているかのようだ。	
01183	D1:541:02CC4	1	대사	【アル】研究所内には人はいないようだったな‥‥。	
01184	D1:541:02CF8	1	대사	【アル】いったいみんな、どこへ行ってしまったんだろう。	
01185	D1:541:02D66	1	대사	【アル】中にはいるのか‥‥よし。	
01186	D1:541:02D90	1	대사	【アル】宿舎か‥‥もしかしたら誰か、いるかもしれないな。	
01187	D1:541:02E62	2	선택지	　グスタフ	
01188	D1:541:02E6E	1	대사	【アル】マルチナさんはもういない‥‥。	
01189	D1:541:02E98	1	대사	【アル】俺の目の前には、ドクター‥‥いや、グスタフ・ステラドヴィッチがいる！	
01190	D1:541:02EE8	1	대사	【アル】装置は、相変わらず不気味な光を放っている。	
01191	D1:541:02F1E	1	대사	【アル】いったい何の光なんだろうか‥‥。	
01192	D1:541:02F4A	1	대사	【グスタフ】君には恐らく思いもよらないモノだよ。	
01193	D1:541:02F86	1	대사	【アル】誰もあんたには聞いてないぜ。	
01194	D1:541:02FAE	1	대사	【グスタフ】‥‥‥‥‥‥。	
01195	D1:541:02FD4	1	대사	【アル】不気味な笑みを浮かべている。見ているだけでムカムカしてくるな。	
01196	D1:541:0301E	1	대사	【グスタフ】これはこれで、気に入ってくれる女性もいるのだよ。	
01197	D1:541:03066	1	대사	【アル】誰もそんなことは聞いてない。	
01198	D1:541:0308E	1	대사	【アル】グスタフの手には銃が握られていて‥‥。	
01199	D1:541:030C0	1	대사	【アル】そしてその銃口は俺達に向けられている！	
01200	D1:541:030F2	1	대사	【グスタフ】あまり怪しい行動は慎んでくれたまえ。この引き金は非常に軽いのでね。	
01201	D1:541:0314C	1	대사	【アル】（くそっ‥‥何とか活路を見いださなくちゃな。）	
01202	D1:541:03186	8	선택지	　装置室を出る	
01203	D1:541:03196	1	대사	【アル】もうちょっと話を聞いてやるか。	
01204	D1:541:031C0	1	대사	【グスタフ】そうした方が、君のためだと思うよ。	
01205	D1:541:031FA	1	대사	【グスタフ】どこにいくのかね？　まだ私の話が終わっていないが。	
01206	D1:541:03244	1	대사	【アル】別にあんたの話なんて聞きたくないんだけどな。	
01207	D1:541:0327C	1	대사	【グスタフ】つれないことを言うもんじゃない。年長者の言葉は傾聴するものだ。	
01208	D1:541:032D2	1	대사	【アル】（自己顕示欲の権化め。{n00}ばーか、ばーか。）	
01209	D1:541:03308	1	대사	【グスタフ】聞こえているよ、アルバート君。	
01210	D1:541:0334A	1	대사	【グスタフ】しかしマルチナめ‥‥娘によく似た少女が現れたからといって、	
01211	D1:541:0339E	1	대사	【グスタフ】安っぽいヒューマニズムに目覚めおって。	
01212	D1:541:033DE	2	대사	【アル】マルチナさんが‥‥？	
01213	D1:541:033FE	1	대사	【グスタフ】フッ‥‥マルチナは少し気が触れていたのだよ、娘が死んで以来な‥‥。	
01214	D1:541:03472	1	대사	【グスタフ】そこにいる少女を、かつて死んだ自分の娘と錯覚し、	
01215	D1:541:034BC	1	대사	【グスタフ】実験に使うことをためらったのだ。	
01216	D1:541:03510	1	대사	【グスタフ】幼体のサンプルは手に入りにくいからな。	
01217	D1:541:03550	1	대사	【グスタフ】まだ私も未開発の部分だったことも相まって、	
01218	D1:541:03594	1	대사	【グスタフ】極めて貴重なサンプルになるはずだったが‥‥マルチナの馬鹿めが。	
01219	D1:541:035EC	1	대사	【アル】な‥‥いったい何の研究を行っていたんだ！？	
01220	D1:541:03622	1	대사	【グスタフ】君は本当にドラマティックに驚いてくれる。	
01221	D1:541:03664	1	대사	【グスタフ】なんだか、もっと秘密を聞かせたい気分になってくるよ。	
01222	D1:541:036CC	1	대사	【グスタフ】あの女は‥‥マルチナは私のために良く働いてくれた。	
01223	D1:541:03718	1	대사	【グスタフ】そう恐らく才能だけは、私をも凌駕していたろう。	
01224	D1:541:03780	1	대사	【グスタフ】ここ《デザイア》がある場所の地脈や方位、気候、磁場など、	
01225	D1:541:037D2	1	대사	【グスタフ】どこでどう調べたのかはわからないがな、まさに理想的な場所を見つけ‥‥。	
01226	D1:541:0384C	1	대사	【グスタフ】ここへ研究施設を移すと、反応装置を遂に完成させおったわ。	
01227	D1:541:038B6	1	대사	【グスタフ】感動が少ないな‥‥ま、君のような凡人には、	
01228	D1:541:038FA	1	대사	【グスタフ】この装置の計り知れない可能性に思いを馳せるのは、少し困難なようだが。	
01229	D1:541:03958	1	대사	【アル】非人道的な{n00}兵器開発がか！？	
01230	D1:541:03980	1	대사	【グスタフ】非人道的？　馬鹿言っちゃいかん、	
01231	D1:541:039BA	1	대사	【グスタフ】この装置はな、人類の未来を予見するための装置なのだよ。	
01232	D1:541:03A0A	1	대사	【アル】人類の未来‥‥？　狂ったか、グスタフ。	
01233	D1:541:03A3C	1	대사	【グスタフ】まぁ君に言ったところで詮無きことだ。そろそろ旅立ってくれるかね？	
01234	D1:541:03A94	1	대사	【アル】旅立つ？	
01235	D1:541:03AA8	1	대사	【グスタフ】そうだ。あの子は確かに貴重なサンプルで惜しいがな、まぁ、やむをえんだろう。	
01236	D1:541:03B0A	1	대사	【アル】こ、殺す気か‥‥だが遅いぜ、もう俺は特ダネを本社に送っちまったからな！	
01237	D1:541:03B5C	1	대사	【グスタフ】ハッタリはよしたまえ。	
01238	D1:541:03B8C	1	대사	【グスタフ】例のカズミ嬢が、君に情報をリークする前に、ちゃんと殺したのだからな。	
01239	D1:541:03BEA	1	대사	【アル】か、カズミさんを殺ったのは、きさまか！？	
01240	D1:541:03C1E	1	대사	【グスタフ】私は直接手を下してはいないが‥‥まぁ間違いではないな。	
01241	D1:541:03C6C	1	대사	【アル】（なに‥‥すると共犯がいるのかよ！？）	
01242	D1:541:03C9E	1	대사	【グスタフ】ではそろそろ‥‥‥‥。	
01243	D1:541:03CCC	2	대사	【マコト】アル！！	
01244	D1:541:03CEA	1	대사	【グスタフ】なんだと？	
01245	D1:541:03D0C	2	대사	【マコト】アル、伏せてぇっ！！	
01246	D1:541:03D5A	2	대사	ダーンッ！！！	
01247	D1:541:03D6C	2	대사	【マコト】きゃぁぁぁ！！	
01248	D1:541:03D90	2	대사	【アル】マコト！！！	
01249	D1:541:03DA8	1	대사	【グスタフ】ば、バカな‥‥制御パネルに‥‥！	
01250	D1:541:03DEC	2	대사	ゴゴゴゴゴゴゴッ‥‥‥‥。	
01251	D1:541:03E08	1	대사	【アル】ど、どうした‥‥どうしたんだ！　なんだ、辺りが真っ白に‥‥。	
01252	D1:541:03E68	1	대사	【ティーナ】アルぅ！！	
01253	D1:541:03E8A	1	대사	【アル】ティーナ、{n00}俺から離れるな！{n00}手を離すんじゃ無いぞ！！	
01254	D1:541:03ECC	1	대사	【ティーナ】うん！！	
01255	D1:541:03EEC	1	대사	【アル】何なんだ、あたりが真っ白に‥‥‥‥白くなって‥‥‥‥。{w00}{k00}	
01256	D1:541:03F38	1	대사	【グスタフ】私はね、それこそ非人道的な財団の低能共に、命を狙われていたのだよ。	
01257	D1:541:03F92	1	대사	【アル】命を狙われて‥‥？	
01258	D1:541:03FB0	1	대사	【グスタフ】そう、私が他国へ研究成果をもって逃げるのではないかと猜疑していたのだな。	
01259	D1:541:04012	1	대사	【グスタフ】馬鹿共が‥‥。	
01260	D1:541:0403A	1	대사	【アル】で、では‥‥。	
01261	D1:541:04054	1	대사	【グスタフ】だから擬態だと言ったろう。死んだ真似をしただけのことだ。	
01262	D1:541:040A6	1	대사	【グスタフ】まんまと低能共は騙されてくれたがね。	
01263	D1:541:040E4	1	대사	【アル】む、娘は‥‥じゃあ、あんたの娘も‥‥。	
01264	D1:541:04116	1	대사	【グスタフ】あぁ、娘のティーナは死んだよ。	
01265	D1:541:0414C	2	대사	【アル】！？	
01266	D1:541:0415C	1	대사	【グスタフ】そうでなければ信憑性が薄いではないか。	
01267	D1:541:0419C	1	대사	【グスタフ】娘が死んでこそ、騙せる可能性は高くなる。	
01268	D1:541:041DE	1	대사	【アル】な、なんだと‥‥。	
01269	D1:541:041FC	1	대사	【グスタフ】フッ、まさに君のように感情的で短絡的な輩はきっとこう思うだろう、	
01270	D1:541:04256	1	대사	【グスタフ】まさか自分の娘を犠牲にしてまで‥‥とな。	
01271	D1:541:042B2	1	대사	【グスタフ】そこが私のねらい目だったのだな。娘も私の役に立てて、喜んでいることだろう。	
01272	D1:541:04314	1	대사	【アル】き、きさま‥‥この腐れ外道が！！	
01273	D1:541:04340	1	대사	【グスタフ】おっと、動かないでくれたまえ。	
01274	D1:541:04378	1	대사	【グスタフ】私は憶病だし、この引き金は凄く軽いのでね‥‥間違えて引いてしまいそうだ。	
01275	D1:541:043DA	1	대사	【アル】くっ‥‥。（落ちつけ、チャンスはいつかめぐってくるさ。）	
01276	D1:541:0441E	1	대사	【グスタフ】フッ、そんなに意外だったかね？	
01277	D1:541:04454	1	대사	【アル】だってあんたは‥‥テオドラの事故で死んだんじゃなかったのか！？	
01278	D1:541:0449E	1	대사	【グスタフ】そうだね、そういうことになっている。	
01279	D1:541:044DA	1	대사	【アル】なっている！？　すると‥‥。	
01280	D1:541:04502	1	대사	【グスタフ】わからんかね、あれは擬態だよ。財団の目を欺くためのね‥‥。	
01281	D1:541:04554	1	대사	【アル】ど、どういうことなんだ‥‥どういうことだよ！？	
01282	D1:541:0458E	1	대사	【グスタフ】やれやれ、頭の回転の鈍い男だ。では話してやろう。	
01283	D1:541:045F0	1	대사	【グスタフ】私はね、アルバート君、	
01284	D1:541:04620	1	대사	【グスタフ】軍事兵器開発などという野暮なことには最初から荷担したくなかったのだ。	
01285	D1:541:04698	1	대사	【アル】（どういうことだ確かにステラドヴィッチ教授は、）	
01286	D1:541:046D4	1	대사	【アル】（軍事兵器開発には否定的だったと聞くが‥‥‥。）	
01287	D1:541:04714	1	대사	【アル】なんだ、このタマゴみたいなのは。	
01288	D1:541:04740	1	대사	【アル】表面は結構なめらかだな‥‥コンコン。	
01289	D1:541:04770	9	대사	‥‥‥‥‥‥。	
01290	D1:541:04780	1	대사	【アル】中が空洞だと、たいてい低い音がするんだが、単に壁が厚いだけかもしれないな。	
01291	D1:541:047D6	1	대사	【アル】どこかに手がかりのようなものは‥‥‥‥{s00}おっ。	
01292	D1:541:04810	1	대사	【アル】露骨に怪しい四角形の線が‥‥。	
01293	D1:541:0483A	1	대사	【アル】いかにも「開きます」って自己主張しているようだな‥‥。	
01294	D1:541:0487C	1	대사	【アル】しかしどうやって開けるんだ？	
01295	D1:541:048A4	1	대사	【アル】押して‥‥んー！！　お、押すのはダメか。	
01296	D1:541:048D8	1	대사	【アル】じゃあ押してダメなら‥‥しかし持つところがないから、引けないぞ。	
01297	D1:541:04924	1	대사	【アル】こ、この傍らのコンソールパネルかな。	
01298	D1:541:04954	1	대사	【アル】ＩＤカード差込口があるが‥‥でもまた、警報が鳴るんじゃないだろうな。	
01299	D1:541:049BE	1	대사	【アル】そうだ、さっきマコトから奪ったカードがある。	
01300	D1:541:049F6	1	대사	【アル】あいつだって肩書きは技術主任だ、きっと中に入れるはずだ。	
01301	D1:541:04A3A	1	대사	ビーッ‥‥‥‥ガチャッ。	
01302	D1:541:04A5A	1	대사	【アル】よし、開いたぞ！　中に入ろう！！	
01303	D1:541:04AAA	1	대사	【アル】な、なんだここは‥‥‥‥。	
01304	D1:541:04AD0	1	대사	【アル】あ、あれは‥‥あれはなんだ！？	
01305	D1:541:04B14	1	대사	【アル】底の深い皿を、逆さにしたような‥‥‥‥。	
01306	D1:541:04B48	1	대사	【アル】そ、底が光っているようだが‥‥いったい何なんだ。	
01307	D1:541:04B84	1	대사	【アル】暑い‥‥この室温はただ事じゃないぞ。	
01308	D1:541:04BB4	1	대사	【アル】こ、これが例の反応装置というやつか？	
01309	D1:541:04BE4	1	대사	【女性の声】そうね‥‥。	
01310	D1:541:04C08	1	대사	【アル】えっ！？	
01311	D1:541:04C3E	1	대사	【アル】いいタックルだぜ。	
01312	D1:541:04C5C	1	대사	【ティーナ】アルぅ‥‥‥‥。	
01313	D1:541:04C84	1	대사	【アル】ティーナ、捜したんだぞ、こいつ！	
01314	D1:541:04CB0	1	대사	【ティーナ】アルぅ、ティーナもアルに会いたかったの。本当よ！	
01315	D1:541:04CF8	1	대사	【アル】よーしよし、もう大丈夫だ。	
01316	D1:541:04D1E	12	대사	【ティーナ】うん！	
01317	D1:541:04D3C	1	대사	【女性の声】アル‥‥‥‥。	
01318	D1:541:04D84	15	대사	【マルチナ】‥‥‥‥‥‥。	
01319	D1:541:04DA2	1	대사	【アル】マルチナさん‥‥やはりあなたは‥‥。	
01320	D1:541:04DD2	1	대사	【マルチナ】アル‥‥‥もはや、あなたに何を言っても無駄かもしれない。	
01321	D1:541:04E22	1	대사	【アル】罪の償いは、言葉では軽すぎるんじゃないですか？	
01322	D1:541:04EAC	12	선택지	　マルチナ	
01323	D1:541:04EC4	1	대사	【アル】いったい後ろの装置は何なんだろうな‥‥。	
01324	D1:541:04EF8	1	대사	【アル】目の前にはマルチナさんが厳しい顔をして立っている。	
01325	D1:541:04F36	1	대사	【アル】その後ろには、何だか訳がわからないが、	
01326	D1:541:04F68	1	대사	【アル】とってもデンジャーな装置が横たわっている。	
01327	D1:541:04F9E	1	대사	【マルチナ】危険ではないわ。	
01328	D1:541:04FC8	1	대사	【マルチナ】ただ、使い方をあやまると、この島が無くなってしまうのだけど。	
01329	D1:541:0501E	1	대사	【アル】そういうのを危険っていうんですよ。	
01330	D1:541:0504C	1	대사	【アル】マルチナさんは厳しい顔して、俺を睨んでいる。	
01331	D1:541:05084	1	대사	【アル】マルチナさんは厳しい顔をしている。	
01332	D1:541:050B2	1	대사	【アル】だが冷静な表情だ。まるでマシーンのようだが‥‥。	
01333	D1:541:050EE	1	대사	【マルチナ】フフ、私にだって感情はあるわ。	
01334	D1:541:05124	1	대사	【アル】ただし、感情を表に出さない‥‥？	
01335	D1:541:05150	1	대사	【マルチナ】そうかもしれないわね‥‥。	
01336	D1:541:05182	1	대사	【アル】ティーナは俺のそばによりそっている。	
01337	D1:541:051B2	1	대사	【アル】ティーナは俺の傍らによりそっているな。どんな状況でも笑顔を絶やさない子だ。	
01338	D1:541:05208	1	대사	【ティーナ】うん、ティーナ、アルのそばにいたい！	
01339	D1:541:05244	1	대사	【アル】よーし、俺のそばから離れるなよ、いいな？	
01340	D1:541:052A6	1	대사	【アル】いまここを出る訳にはいかない。	
01341	D1:541:052D0	1	대사	【アル】冗談だろう？　今ここを出たら、俺は一生後悔するぜ。	
01342	D1:541:0530E	1	대사	【マルチナ】ここを出ていくのであれば、ティーナを置いていって欲しいわ。	
01343	D1:541:05360	1	대사	【アル】冗談言わないでくれよ。俺はちょっとマジだぜ。	
01344	D1:541:053A4	1	대사	【マルチナ】その子には生まれ変わってもらうのよ。	
01345	D1:541:053E2	1	대사	【マルチナ】ティーナには‥‥それがその子のため、そして私のため‥‥。	
01346	D1:541:05434	1	대사	【アル】論外だな。	
01347	D1:541:0544A	1	대사	【マルチナ】あなたなら、そう言うと思った。	
01348	D1:541:05480	1	대사	【アル】マルチナさん、あなたの研究に対する熱意は確かに凄いと思う。	
01349	D1:541:054C6	1	대사	【アル】並々ならぬ迫力すら感じるよ。	
01350	D1:541:0550C	1	대사	【アル】だからこそ俺は許せない。あんた自分で何をしているのか、	
01351	D1:541:0554E	1	대사	【アル】わかっているのか！？	
01352	D1:541:0556E	1	대사	【アル】兵器開発なんて非人道的なことをして、恥ずかしくないのか！？	
01353	D1:541:055B4	1	대사	【男の声】兵器開発ではない！	
01354	D1:541:055DC	1	대사	【アル】な、なに！	
01355	D1:541:055F8	1	대사	【アル】ど、ドクター。な、なんであんたがここに？	
01356	D1:541:0562C	1	대사	【マルチナ】グスタフ‥‥。	
01357	D1:541:05652	1	대사	【ゲーツ】マルチナ、きさま、最後になって裏切ったな。	
01358	D1:541:05692	1	대사	【アル】裏切る？　どういうことだよ！？	
01359	D1:541:056BC	1	대사	【ゲーツ】彼女に監視させておいた甲斐があったよ。	
01360	D1:541:056FA	1	대사	【ゲーツ】マルチナ、反応方程式は既に手に入れた。	
01361	D1:541:05738	1	대사	【マルチナ】ここまでのようね‥‥。	
01362	D1:541:0576E	2	대사	【アル】ま、マルチナさん‥‥。	
01363	D1:541:05790	1	대사	【マルチナ】ここまで来て‥‥運命には逆らえなかったわ。	
01364	D1:541:057D2	1	대사	【アル】やめろよ、罪を重くするだけだぜ！	
01365	D1:541:057FE	1	대사	【マルチナ】アル、あなたにはわからない。だけど、わかって欲しかった。	
01366	D1:541:0584E	1	대사	【アル】科学者の詭弁をか！？　冗談はよしてくれ。	
01367	D1:541:05882	1	대사	【マルチナ】運命の螺旋に捉えられ、この身が朽ち果てようとも‥‥。	
01368	D1:541:058CE	4	대사	【アル】‥‥？	
01369	D1:541:058E0	1	대사	【マルチナ】グスタフ！	
01370	D1:541:0590E	1	대사	バーンッ！！！	
01371	D1:541:0591E	1	대사	【マルチナ】きゃぁぁぁーっっ！！！	
01372	D1:541:0594C	1	대사	【アル】ま、マルチナさん！！	
01373	D1:541:05986	1	대사	【アル】（そ、装置の中に落ちていった‥‥あの光の中に。マルチナさん‥‥。）	
01374	D1:541:059D4	1	대사	【アル】（落ちる間際に何か言ったようだが‥‥よく聞き取れなかった。）	
01375	D1:541:05A1C	1	대사	【アル】（いったい何を言おうとしていたんだ‥‥？）	
01376	D1:541:05A52	1	대사	【ゲーツ】フッフッフ‥‥。	
01377	D1:541:05A88	1	대사	【ゲーツ】さて、アルバート君とやら。	
01378	D1:541:05ABE	1	대사	【アル】ど、ドクター！　いったい何の真似だ！？	
01379	D1:541:05AF0	1	대사	【ゲーツ】ドクターという呼称はもう必要がないよ。教授という肩書きを言ってくれたまえ。	
01380	D1:541:05B50	1	대사	【アル】‥‥なに？　どういうことだよ！？	
01381	D1:541:05B7C	1	대사	【ゲーツ】わからないかね？　私はグスタフ‥‥グスタフ・ステラドヴィッチ教授だ。	
01382	D1:541:05BD6	2	대사	【アル】な、なんだって！？	
01383	D1:541:05BF4	1	대사	【ゲーツ】君は実にドラマティックに驚いてくれるね。	
01384	D1:541:05C34	1	대사	【ゲーツ】正体を言った甲斐があるというものだよ。	
01385	D1:541:05C72	1	대사	【アル】ば、バカな！	
01386	D1:541:05C8A	1	대사	【アル】マルチナさん、俺はあなたのことを結構気に入ってたんだ。	
01387	D1:541:05CCC	1	대사	【アル】まさかという気持ちがどこかにあった。	
01388	D1:541:05D1A	1	대사	【アル】その期待を、見事に裏切ってくれたな。	
01389	D1:541:05D4A	1	대사	【マルチナ】アル。私が何をしようとしていたのか、	
01390	D1:541:05D88	1	대사	【マルチナ】あなたは恐らく理解できないし、理解しようとしないでしょうね‥‥。	
01391	D1:541:05DE2	1	대사	【アル】科学者の詭弁など聞きたくはないな。	
01392	D1:541:05E10	1	대사	【アル】こんな年端もいかない子供まで利用するなんて、あんたそれでも人間かよ！？	
01393	D1:541:05E62	1	대사	【マルチナ】あなたには‥‥恐らく‥‥理解できないわ‥‥。	
01394	D1:541:05EA6	1	대사	【アル】（まさか‥‥涙？）	
01395	D1:541:05EC4	1	대사	【アル】（そこまでこの研究にかける熱意とは、いったい何なんだ！？）	
01396	D1:541:05F28	1	대사	【アル】あなたは、軍事兵器の開発を急ぐあまりに、	
01397	D1:541:05F5C	1	대사	【アル】それを阻止しようとするカズミさんを殺害した、あるいは、させた。	
01398	D1:541:05FC4	1	대사	【アル】レイコさんですか？　実行犯は。	
01399	D1:541:05FEE	1	대사	【マルチナ】あの子は無実よ。	
01400	D1:541:06016	1	대사	【アル】そうか‥‥では直接手をくだしたのは、やはりあなたか。	
01401	D1:541:06074	1	대사	【アル】そして、クリスだけでなく、ティーナまで実験サンプルとして利用しようと‥‥。	
01402	D1:541:060CA	1	대사	【アル】違いますか？	
01403	D1:541:060E2	1	대사	【マルチナ】そうね。	
01404	D1:541:06102	1	대사	【アル】淡泊だな、追いつめられた人間は冷静になるというが‥‥。	
01405	D1:541:06166	1	대사	【アル】ここは研究室だ。あたりには誰もいない‥‥‥‥。	
01406	D1:541:061A0	1	대사	【アル】だがティーナがどこかにいるんだ。{n00}いや、いるはずだ！	
01407	D1:541:0620A	2	선택지	　右の制御エリア	
01408	D1:541:0621C	4	선택지	　正面の球体ドーム	
01409	D1:541:06230	2	선택지	　左の柵	
01410	D1:541:0623A	1	대사	【アル】ティーナの声はどこから聞こえてくるんだ。	
01411	D1:541:0626E	1	대사	【アル】だが屋内だと共鳴して、なかなか判別がつかない‥‥どうすればいいんだ。	
01412	D1:541:062BE	1	대사	【ティーナ】アルぅーーーーっ！！	
01413	D1:541:062EA	1	대사	【アル】てぃ、ティーナ！？　どこだ、どこだよ！！	
01414	D1:541:0631E	1	대사	【ティーナ】‥‥‥‥アルぅ‥‥‥‥。	
01415	D1:541:0634E	1	대사	【アル】ティーナ！！　返事をしろ、おいティーナ！？	
01416	D1:541:06384	8	대사	‥‥‥‥‥‥‥‥。	
01417	D1:541:06398	1	대사	【アル】くそっ、どこにいるんだよ！	
01418	D1:541:063BE	1	대사	【アル】ティーナの姿は見えない。確かにこの研究室から声がしたんだが‥‥。	
01419	D1:541:0640A	1	대사	【アル】相変わらず意味もなく広い研究室だ‥‥。	
01420	D1:541:0643C	1	대사	【アル】研究室と言うよりは、研究場という感じだな。	
01421	D1:541:06472	1	대사	【アル】ティーナはどこにいるんだろうか。姿はみえないんだが‥‥。	
01422	D1:541:064D0	1	대사	【アル】それにしてもマコトのやつ、追ってくると思えば来る気配すらない。	
01423	D1:541:0651A	1	대사	【アル】何をしているんだろうな‥‥。	
01424	D1:541:06542	1	대사	【アル】ティーナ、いるのか！？	
01425	D1:541:06578	1	대사	【アル】ティーナは、そこにはいないようだ‥‥。	
01426	D1:541:065AA	1	대사	【アル】右の制御区画にも、人は誰もいない。	
01427	D1:541:065D8	1	대사	【アル】本来なら、オペレータか何かが座って、	
01428	D1:541:06608	1	대사	【アル】ディスプレイと睨めっこをしているはずだが‥‥。	
01429	D1:541:06642	1	대사	【アル】今は誰もいないようだ‥‥無論、ティーナも‥‥。	
01430	D1:541:0667C	1	대사	【アル】だから、正面の階段から昇って行けそうだぞ。見ていないで早く行こうぜ。	
01431	D1:541:066CC	1	대사	【アル】だいたい、あの球体ドームはいったい何なんだ！？	
01432	D1:541:06720	1	대사	【アル】唯一、視認できない場所だぞ、よく考えてみたら。	
01433	D1:541:0675A	1	대사	【アル】もしかしたらあそこに{n00}ティーナが‥‥。	
01434	D1:541:0678C	1	대사	【アル】よし、あの正面の階段から昇っていけそうだ。行ってみよう！！	
01435	D1:541:067D2	1	대사	【アル】あの、よく滑りそうな表面にティーナが張り付いている‥‥わけはないな。	
01436	D1:541:06822	1	대사	【アル】前から気にはなっていたんだが、いったいあの正面の球体ドームは何だろう。	
01437	D1:541:06874	1	대사	【アル】何かの装置のようなんだが‥‥。	
01438	D1:541:0689E	1	대사	【アル】もしかすると、シェリルが以前言っていた。	
01439	D1:541:068D2	1	대사	【アル】「反応装置」というやつだろうか。	
01440	D1:541:068FE	1	대사	【アル】何がどう反応するのかわからないが、	
01441	D1:541:0692C	1	대사	【アル】とにかく正面のドームの所に、ティーナはいないみたいだ。	
01442	D1:541:0696E	1	대사	【アル】ティーナらしき人影は全く見えない‥‥。	
01443	D1:541:069A0	1	대사	【アル】どこにいるんだ！？{n00}ティーナ‥‥。	
01444	D1:541:069CE	1	대사	【アル】左側は確か、サブシステム的な制御エリアという話だったな‥‥。	
01445	D1:541:06A16	1	대사	【アル】ティーナは‥‥‥‥いないようだ。	
01446	D1:541:06A42	1	대사	【アル】確かにここから声が聞こえてきた気がしたんだが‥‥。	
01447	D1:541:06A80	15	선택지	　研究室を出る	
01448	D1:541:06AA4	1	대사	【アル】俺はここにいるぞ。ティーナを捜さなくちゃ。	
01449	D1:541:06ADA	1	대사	【アル】おい、冗談だろう？{n00}ティーナがここにいるんだぜ。	
01450	D1:541:06B16	1	대사	【アル】なんで研究室を出なくちゃならないんだ！	
01451	D1:541:06B48	1	대사	【アル】よし、あの階段から昇って行けそうだ。	
01452	D1:541:06B78	1	대사	【アル】行ってみよう！	
01453	D1:693:035B8	1	대사	【アル】どうやら無事に到着したらしい。	
01454	D1:693:035E2	1	대사	【アル】しかし、椅子にじっと座っているというのも、結構疲れるモノだ。	
01455	D1:693:03640	1	대사	【アル】マコトが迎えに来ているはずなんだが‥‥。	
01456	D1:693:03674	1	대사	【アル】どうしたんだろう、まさか忘れているんじゃないだろうな。	
01457	D1:693:036D8	3	선택지	　待つ	
01458	D1:693:036E0	3	선택지	　マコトのこと	
01459	D1:693:036F0	1	대사	【アル】おかしいな‥‥マコトが来る気配はない。	
01460	D1:693:03722	1	대사	【アル】しかしマコトが来る気配とは一体何だ。	
01461	D1:693:03752	1	대사	【アル】彼女が来そうになると、事前に気配を察知できるということだろうか。	
01462	D1:693:0379E	1	대사	【アル】うーん、自分で言っておきながら訳がわからないな。	
01463	D1:693:037DA	1	대사	【アル】マコト、おーい、マコト。	
01464	D1:693:037FE	1	대사	ゴソゴソゴソ。	
01465	D1:693:03818	1	대사	【アル】ここかな？	
01466	D1:693:03844	1	대사	【アル】ダンボールをのぞいてもしょうがない。	
01467	D1:693:03874	1	대사	【アル】まったく、マコトのやつ。	
01468	D1:693:03898	1	대사	【アル】久々に再会する恋人に、この仕打ちはないんじゃないか。	
01469	D1:693:038D8	1	대사	【アル】ふっ、まぁいいさ。	
01470	D1:693:038F6	1	대사	【アル】久しぶりだしな‥‥たっぷりと後でお仕置きしてやるぞ。	
01471	D1:693:03946	1	대사	【アル】広い格納庫が俺の眼前に広がっている。	
01472	D1:693:03976	1	대사	【アル】マコトはまだ来ていないようだ。	
01473	D1:693:039A0	1	대사	【アル】そういえば、機内で一緒だったカズミは、どうしたんだろう。	
01474	D1:693:039E4	1	대사	【アル】いつの間にかいなくなっている。トイレにでも行ったのかな。	
01475	D1:693:03A28	1	대사	【アル】ここは格納庫だ。かなり広いな。	
01476	D1:693:03A52	1	대사	【アル】ま、飛行機がまるまる入ってしまうのだから、当然と言えば当然だ。	
01477	D1:693:03A9C	1	대사	【アル】しかし、島をまるまる研究施設に作り替えてしまうというのも、凄いもんだ。	
01478	D1:693:03AEE	1	대사	【アル】おまけに、飛行機は離着陸するときている。	
01479	D1:693:03B22	1	대사	【アル】そのうち、島が浮上して空中を移動するということもあり得るな。	
01480	D1:693:03B6A	1	대사	【アル】俺の話し相手はいないようだ。	
01481	D1:693:03BA8	1	대사	【アル】少し寂しい気がする。	
01482	D1:693:03BC8	1	대사	【アル】やぁ、俺はアルっていうんだ、胸の刺繍を見てくれ。	
01483	D1:693:03C04	1	대사	【アル】君はどこから来たんだい？	
01484	D1:693:03C3E	1	대사	【アル】独り言も、わびしいものだな。	
01485	D1:693:03C66	1	대사	【アル】話すといっても‥‥誰と話せばいいんだ。	
01486	D1:693:03C98	1	대사	【アル】マコトはいないし、機内で一緒だったカズミも、どこかへ行ってしまったようだ。	
01487	D1:693:03CEE	1	대사	【アル】ここでこうしていても、しょうがないな。	
01488	D1:693:03D20	1	대사	【アル】少しぶらっと歩いてみるか‥‥。	
01489	D1:693:03D4A	1	대사	【女の声】おい、なに部外者が勝手に歩きまわってるんだ。	
01490	D1:693:03D8C	1	대사	【アル】‥‥えっ？	
01491	D1:693:03DA2	2	대사	【アル】移動するといっても‥‥どこへ移動すればいいんだ。	
01492	D1:693:03E24	1	대사	【アル】君は‥‥誰だい？	
01493	D1:693:03E40	1	대사	【ツナギの女】それはこっちのセリフだ。お前は誰だ？	
01494	D1:693:03E7E	1	대사	【アル】俺は‥‥。	
01495	D1:693:03E94	1	대사	【ツナギの女】なんだよ、胸元を指さして‥‥ん？　ＡＬｂｅ‥‥アルバート？	
01496	D1:693:03EE8	1	대사	【アル】アルさ。	
01497	D1:693:03EFC	1	대사	【ツナギの女】女みたいなヤツだな。刺繍なんてしやがって。	
01498	D1:693:03F40	1	대사	【アル】それは偏見だな。男だって刺繍はする。	
01499	D1:693:03F70	1	대사	【ツナギの女】‥‥‥‥。	
01500	D1:693:03F8C	2	대사	【アル】君は？	
01501	D1:693:03F9E	1	대사	【ツナギの女】オレ？	
01502	D1:693:03FBE	1	대사	【アル】そう、俺。	
01503	D1:693:03FD4	1	대사	【ツナギの女】オレだろう？　オレは、シ、シル‥‥。	
01504	D1:693:04012	1	대사	【アル】汁？　汁というと、物体からしみ出る液のことか？　なかなか個性的な名前だな。	
01505	D1:693:04068	1	대사	【ツナギの女】なにボケこいてるんだ。シルビアだよ、シルビア・ブラザー。	
01506	D1:693:040BA	1	대사	【アル】シルビア‥‥へぇ、可愛らしい名前だな。	
01507	D1:693:040EC	1	대사	【シルビア】可愛らしいって言うなよ。	
01508	D1:693:0411C	31	대사	【アル】え？	
01509	D1:693:0412C	1	대사	【シルビア】そういう風に言われるの、オレは嫌いなんだ。	
01510	D1:693:0416E	1	대사	【アル】なに恐い顔してるんだよ。そんなに変なこと{n00}言ったか？	
01511	D1:693:041AE	23	대사	【シルビア】‥‥‥‥。	
01512	D1:693:041F2	10	선택지	　聞く	
01513	D1:693:0420A	25	선택지	　シルビア	
01514	D1:693:04216	1	대사	【アル】確かに、設備だけは凄そうだ。	
01515	D1:693:0423E	1	대사	【シルビア】何か引っかかる言い方だな。	
01516	D1:693:04270	1	대사	【アル】しかし広い格納庫だな‥‥どのくらいの飛行機が着陸できるんだろう。	
01517	D1:693:042BC	1	대사	【シルビア】隣の第２格納庫と滑走路を使用すれば、	
01518	D1:693:042FA	1	대사	【シルビア】計３機までこの飛行場に着陸できるんだぜ。	
01519	D1:693:0433A	1	대사	【アル】３機か‥‥意外に狭いんだな。	
01520	D1:693:04362	1	대사	【シルビア】そりゃ大都市の空港なんかに比べれば小さいけど、	
01521	D1:693:043AA	1	대사	【シルビア】そこに勝るとも劣らない設備が整っているんだ、ここには。	
01522	D1:693:043F8	1	대사	【アル】わ、わかったよ。なにムキになってるんだ。	
01523	D1:693:0442C	1	대사	【シルビア】なにキョロキョロ見回しているんだよ？	
01524	D1:693:04468	1	대사	【アル】いや、なんというか‥‥結構凄い設備だな。	
01525	D1:693:0449C	1	대사	【シルビア】だろ？　《デザイア》で自慢できる場所さ。	
01526	D1:693:044DC	1	대사	【アル】結構可愛らしい顔をしているのに、惜しいな。	
01527	D1:693:04512	1	대사	【シルビア】へっ、オレはとっくの昔に女を捨ててるんだ。	
01528	D1:693:04554	1	대사	【アル】薄汚れたツナギに、手にしたレンチ‥‥	
01529	D1:693:04584	1	대사	【アル】まさに整備士とアピールせんばかりの姿だな。	
01530	D1:693:045B8	1	대사	【シルビア】整備士だよ。	
01531	D1:693:045DC	1	대사	【アル】なんだ、やっぱりそうだったのか。	
01532	D1:693:04608	1	대사	【シルビア】チッチッチ、甘いな。ただの整備士じゃあないぜ。	
01533	D1:693:0464E	1	대사	【アル】ただの整備士じゃない？　するとなんだ、薄汚れた整備士か。	
01534	D1:693:04692	1	대사	【シルビア】バカ言ってるんじゃないよ。整備士長だ。	
01535	D1:693:046D0	1	대사	【アル】ほぉ、整備士長か。それならオレは新聞記者だ。	
01536	D1:693:04708	1	대사	【シルビア】‥‥？　それがどうしたんだよ。	
01537	D1:693:0473E	1	대사	【アル】いや、単に言ってみたかっただけだ。	
01538	D1:693:0478E	1	대사	【アル】結構可愛らしい顔立ちをしてるが‥‥あの言葉遣いは何とかならないのかな。	
01539	D1:693:047E0	1	대사	【シルビア】仕方がないだろう、生まれつきだ。	
01540	D1:693:04818	1	대사	【アル】生まれつきで言葉遣いが決まるかよ。	
01541	D1:693:04846	1	대사	【シルビア】決まる。	
01542	D1:693:04866	3	대사	【アル】断言されてしまった‥‥。	
01543	D1:693:04896	1	대사	【シルビア】たぶんもうすぐイズミさんが来るはずだから、	
01544	D1:693:048DA	1	대사	【シルビア】あまり遠くには行かない方がいいと思うぜ。	
01545	D1:693:0491A	2	대사	【アル】わかってる。	
01546	D1:693:04932	1	대사	【アル】マコトのやつ、遅いな。	
01547	D1:693:04954	1	대사	【シルビア】だから、フォンでイズミさんを呼び出そうか？	
01548	D1:693:04996	1	대사	【アル】いや、ずっと会えない訳じゃないしな。少しその辺をぶらついてみるさ。	
01549	D1:693:049E4	1	대사	【シルビア】そうか‥‥でも格納庫の中はあまり歩き回らないでくれ。	
01550	D1:693:04A32	1	대사	【シルビア】アルの身に何かあったら、イズミさんに顔向け出来ないからな。	
01551	D1:693:04A84	1	대사	【アル】わかってるって。その辺を散歩するだけさ。	
01552	D1:693:04AB8	1	대사	【シルビア】どうする？　フォンでイズミさんを呼び出すかい？	
01553	D1:693:04AFE	1	대사	【アル】どうしたものかな‥‥。	
01554	D1:693:04B20	1	대사	【シルビア】で、イズミさんの恋人が、いったいここでなにをしてるんだい？	
01555	D1:693:04B72	1	대사	【アル】なにをって言われても、何もすることがないので途方にくれていたのさ。	
01556	D1:693:04BC0	1	대사	【アル】ったく、マコトのやつ‥‥。	
01557	D1:693:04BE4	1	대사	【シルビア】約束を？	
01558	D1:693:04C04	1	대사	【アル】あぁ、１２時に迎えにくるはずだったのに、きやしない。	
01559	D1:693:04C44	1	대사	【シルビア】‥‥？　今はまだ１１時を少し過ぎたくらいだぜ。	
01560	D1:693:04C9A	1	대사	【シルビア】機内放送で言ったはずだろう？　１時間ほど早く到着するって。	
01561	D1:693:04CEC	1	대사	【アル】そういえば、そう言っていたような気も‥‥そうか、時差か！	
01562	D1:693:04D30	1	대사	【シルビア】脳天気な男だな。本当にイズミさんの恋人かよ。	
01563	D1:693:04D74	1	대사	【アル】脳天気な男が恋人だと何か困るのか？	
01564	D1:693:04DA2	1	대사	【シルビア】困る。	
01565	D1:693:04DE4	1	대사	【シルビア】いったい、何をやっているんだ？　ここは部外者がウロチョロする所じゃない。	
01566	D1:693:04E44	1	대사	【アル】あぁ、だけど迎えが来ているはずなんだが。	
01567	D1:693:04E78	1	대사	【シルビア】見ない顔だな‥‥誰だ、お前は。	
01568	D1:693:04EAE	1	대사	【アル】だから、アルだよ。	
01569	D1:693:04ECC	1	대사	【シルビア】あっ‥‥もしかするとお前、今日取材に来る予定の新聞記者？	
01570	D1:693:04F1C	1	대사	【アル】予定じゃなくて、もう来てしまったんだがな。	
01571	D1:693:04F52	1	대사	【シルビア】するってーと、技術主任の恋人？	
01572	D1:693:04F88	1	대사	【アル】技術主任？	
01573	D1:693:04F9E	1	대사	【シルビア】ミス・イズミのことさ。	
01574	D1:693:04FCC	1	대사	【アル】あ、あぁ‥‥しかしなんでそんなことを知ってるんだよ。	
01575	D1:693:0500C	1	대사	【シルビア】結構有名だぜ、{n00}《デザイア》じゃ。	
01576	D1:693:05046	1	대사	【アル】‥‥そ、そうだったのか。	
01577	D1:693:0506A	91	선택지	　外に出る	
01578	D1:693:05076	1	대사	【アル】そうだな、その辺をすこし散歩してみるか。	
01579	D1:693:050AA	1	대사	【シルビア】あまり遠くには‥‥。	
01580	D1:693:050D6	2	대사	【アル】わかってるよ。	
01581	D1:693:050F0	1	대사	【アル】もう少し、シルビアと話そうぜ。	
01582	D1:693:0511A	1	대사	【アル】そうだな、外に出ようか。	
01583	D1:693:0513E	1	대사	【アル】いやしかし、もう少しシルビアと話した方がいいような気も‥‥。	
01584	D1:693:05186	1	대사	【シルビア】なに行ったり来たりしてるんだよ、不気味なヤツだな。	
01585	D1:693:051E0	1	선택지	　《デザイア》のこと	
01586	D1:693:051F6	1	선택지	　格納庫のこと	
01587	D1:693:05206	1	대사	【アル】質問はない。	
01588	D1:693:0521E	1	대사	【シルビア】まだ何も言ってないじゃないか。	
01589	D1:693:05254	1	대사	【シルビア】よし、まずはこのハイパーカーボンを使用した格納庫の素材だが‥‥。	
01590	D1:693:052AC	1	대사	【アル】あっ、でもやっぱいいや。	
01591	D1:693:052D0	1	대사	【シルビア】おい！	
01592	D1:693:052EE	1	대사	【アル】そんなことよりも他に、教えて欲しいことがある。	
01593	D1:693:05328	1	대사	【シルビア】なんだい？　何でも聞いてくれ。	
01594	D1:693:0535E	1	대사	【アル】シルビアって結構胸が大きいんだな。何センチ？	
01595	D1:693:053B8	1	대사	【アル】何でも聞いてくれって言ったろう？	
01596	D1:693:053E4	1	대사	【シルビア】給油装置のパイプラインの処理内容とか、全自動に近いメンテナンスとか、	
01597	D1:693:05442	1	대사	【シルビア】もっとこう、まともな質問はないのか？	
01598	D1:693:0547E	1	대사	【アル】ない。	
01599	D1:693:05490	1	대사	【シルビア】そ、そうか‥‥。	
01600	D1:693:054B8	1	대사	【アル】残念そうな顔をするなよ。	
01601	D1:693:054DC	1	대사	【シルビア】フフフ、よく聞いてくれたな。	
01602	D1:693:05510	1	대사	【アル】やっぱいいや。	
01603	D1:693:0552A	1	대사	【シルビア】なっ‥‥{n00}それはないだろう？	
01604	D1:693:0555E	1	대사	【アル】いいもんはいい。	
01605	D1:693:0557A	4	대사	【シルビア】ちぇっ。	
01606	D1:693:0559A	1	대사	【シルビア】イズミさん、まだ来ないな。	
01607	D1:693:055CC	1	대사	【シルビア】でも最近のイズミさん、大変そうだからな‥‥。	
01608	D1:693:05610	1	대사	【アル】大変？	
01609	D1:693:05622	1	대사	【シルビア】あぁ。近頃、教授と何かやりあってるらしいぜ。	
01610	D1:693:05666	1	대사	【アル】上司とうまくいっていないってのは問題だな。	
01611	D1:693:0569C	1	대사	【シルビア】あっ‥‥いや、イズミさんがちょっと愚痴を洩らしていただけで、	
01612	D1:693:056F2	1	대사	【シルビア】対立とか、そういうのじゃないみたいだよ。	
01613	D1:693:05732	1	대사	【アル】しかし、穏やかな間柄じゃないと。	
01614	D1:693:0575E	1	대사	【シルビア】あぁ‥‥。お、オレが言ったってことは内緒だぜ。	
01615	D1:693:057A4	4	대사	【アル】あぁ‥‥。	
01616	D1:693:057BA	1	대사	【シルビア】今日は見ていないな‥‥でも、予定時になれば来るんじゃないか？	
01617	D1:693:0580E	1	대사	【シルビア】イズミさんかい？　彼女はオレから見ても素敵な人だと思うぜ。	
01618	D1:693:05860	1	대사	【アル】へぇ、どう素敵なんだい？	
01619	D1:693:05884	1	대사	【シルビア】なんて言えばいいのかな‥‥清楚で上品な感じがして、優しいし。	
01620	D1:693:058D8	3	대사	【アル】ふーん。	
01621	D1:693:058EC	1	대사	【シルビア】オレが男だったら絶対に放っておかないタイプだよな。	
01622	D1:693:0594C	1	대사	【シルビア】ご、誤解しないでくれよ。	
01623	D1:693:0597E	1	대사	【シルビア】オレは単に彼女が女らしくて素敵だなって、そう思うだけさ。	
01624	D1:693:059CE	1	대사	【アル】なに焦ってるんだよ。	
01625	D1:693:05A10	2	대사	【シルビア】飛行機のこととか、格納庫に関することであれば、何でも聞いてくれよ。	
01626	D1:693:05A6A	1	대사	【アル】ふーん、おいそれと人には言えないようなことか。	
01627	D1:693:05AA4	1	대사	【シルビア】ち、違うさ。	
01628	D1:693:05AC8	1	대사	【アル】じゃあなに？	
01629	D1:693:05AE0	1	대사	【シルビア】まったく‥‥正直言うと、オレみたいな整備士は全然知らされていないんだよ。	
01630	D1:693:05B40	1	대사	【アル】全く、全然？	
01631	D1:693:05B58	1	대사	【シルビア】そりゃ、雰囲気くらいはわかるけど‥‥	
01632	D1:693:05B96	1	대사	【シルビア】オレはできるだけ向こうに行かないようにしてるからな‥‥。	
01633	D1:693:05BE6	1	대사	【アル】向こう？	
01634	D1:693:05BFA	1	대사	【シルビア】研究所の方さ。もう格納庫に篭もりっぱなし。	
01635	D1:693:05C3C	2	대사	【アル】なぜさ。	
01636	D1:693:05C50	1	대사	【シルビア】ちょっとヤバそうな雰囲気だし‥‥。	
01637	D1:693:05C8A	1	대사	【アル】ヤバい？	
01638	D1:693:05C9E	1	대사	【シルビア】この間なんか‥‥{s00}あっ。	
01639	D1:693:05CDA	1	대사	【アル】この間？　何かあったんだ。	
01640	D1:693:05D00	1	대사	【シルビア】い、いや‥‥その‥‥。	
01641	D1:693:05D2E	1	대사	【アル】おいおい、そこまで言っておいてやめるか？　普通。	
01642	D1:693:05D6A	1	대사	【シルビア】詳しい話しはイズミさんにでも聞いてくれ。	
01643	D1:693:05DAC	1	대사	【シルビア】ったく、あんたの前にいると根ほり葉ほり聞かれそうだな。	
01644	D1:693:05DFA	1	대사	【アル】強制はしていないつもりだけど。	
01645	D1:693:05E24	1	대사	【シルビア】そりゃそうだ‥‥	
01646	D1:693:05E4E	1	대사	【シルビア】とにかく、オレはあれこれ記者の質問に答えられる立場にいないんだよ‥ゴメン。	
01647	D1:693:05EB0	1	대사	【アル】そんなすまなそうな顔で謝らないでくれよ。	
01648	D1:693:05EE4	1	대사	【アル】俺も言いづらいことを聞いたりして、すまなかった。	
01649	D1:693:05F1E	1	대사	【シルビア】そのかわり	
01650	D1:693:05F9C	1	대사	【アル】ここ《デザイア》って、どういう所なんだろうなぁ。	
01651	D1:693:05FD8	1	대사	【シルビア】どういう所って‥‥こういう所さ。	
01652	D1:693:06010	1	대사	【アル】あ、独り言のつもりだったんだけど、聞こえたかい？	
01653	D1:693:0604C	1	대사	【シルビア】聞かせるつもりだったんだろう？　いけしゃあしゃあと言うなよ。	
01654	D1:693:060A0	1	대사	【アル】で、どうなんだい？	
01655	D1:693:060BE	1	대사	【シルビア】まったく、ずいぶんと厚顔な奴だな、お前って。	
01656	D1:693:06102	1	대사	【アル】フフン、それが記者ってもんだ。	
01657	D1:693:0612C	1	대사	【シルビア】まぁいいさ。オレはよく知らないぜ。	
01658	D1:693:06166	1	대사	【アル】どんな研究をしてるのか{n00}も？	
01659	D1:693:0618E	2	대사	【シルビア】それは‥‥。	
01660	D1:693:061EA	1	대사	【アル】（なんだか話し辛そうだな‥‥。）	
01661	D1:693:06220	1	대사	【アル】とりあえず出てきたものの‥‥どこへ行ったらいいんだ。	
01662	D1:693:06276	1	대사	【アル】こうしてみると広いな。滑走路を歩くだけで数十分は時間が潰せそうだ。	
01663	D1:693:062E6	11	선택지	　考える	
01664	D1:693:062F0	1	선택지	　違和感のこと	
01665	D1:693:06300	1	대사	【アル】考えても、答えは出ないみたいだ。	
01666	D1:693:0632C	1	대사	【アル】ま、俺の思い過ごしということもあるしな‥‥。	
01667	D1:693:06364	1	대사	【アル】空は澄んでいて、空気もうまく、心地よい気温に明るい陽射し‥‥	
01668	D1:693:063AC	1	대사	【アル】いいことずくめなんだが、何かがひっかかる。	
01669	D1:693:063F6	1	대사	【アル】そういえば、色調や地面の角度などによって、	
01670	D1:693:0642C	1	대사	【アル】人間の不快感が増すという心理学の学説があるそうだが。	
01671	D1:693:0646A	1	대사	【アル】しかしこれといって、不自然な色合いじゃないしな。	
01672	D1:693:064BC	1	대사	【アル】んー、地面も傾いていないみたいだ。	
01673	D1:693:064EA	1	대사	【アル】いったい何なんだろう‥‥。	
01674	D1:693:0652A	1	대사	【アル】早いとこ、海岸に行ってみようぜ。	
01675	D1:693:06556	1	대사	【アル】そういえば、どこからともなく海のにおいが漂ってくる。	
01676	D1:693:06596	1	대사	【アル】ときおり吹く風が、潮の香りを運んでくるのか‥‥。	
01677	D1:693:065D2	1	대사	【アル】あっ、もしかしたら、さっき感じた違和感は、これだったのかもしれないな。	
01678	D1:693:0663A	1	대사	【アル】それによく考えてみたら、この島の大きさはたかだか３キロほどという話だしな。	
01679	D1:693:06690	1	대사	【アル】ここが例え島の真ん中でも、１０分も歩けばもう海岸に着く計算だ。	
01680	D1:693:066DA	1	대사	【アル】よし、いっちょう行ってみるかな。	
01681	D1:693:06706	1	대사	【アル】あたりの様子に、変わったところはない。	
01682	D1:693:06738	1	대사	【アル】ま、俺は顔の上をナメクジが這っただけで、不快感を抱く人間だからな。	
01683	D1:693:0679C	1	대사	【アル】誰でも抱くって？	
01684	D1:693:067CE	1	대사	【アル】しかし、なんというか‥‥。	
01685	D1:693:067F4	1	대사	【アル】何かちょっと、違和感があるな。	
01686	D1:693:06834	1	대사	【アル】いったい何なんだろう。	
01687	D1:693:06856	2	대사	【アル】なかなか爽快な気分にさせてくれるな。	
01688	D1:693:06886	2	대사	【アル】空は澄んでいるし、空気もうまい。	
01689	D1:693:068B2	2	대사	【アル】暖かい気温は、暑すぎず寒すぎず。まさに南国の楽園というところか。	
01690	D1:693:068FE	1	대사	【アル】どうせ来るなら取材じゃなくて、	
01691	D1:693:06928	1	대사	【アル】マコトと一緒にバケーションといきたかったな‥‥。	
01692	D1:693:06962	3	대사	【アル】滑走路の向こう側が、かすかに揺れている。	
01693	D1:693:06996	3	대사	【アル】地面にうつり込みがあるのは、逃げ水というやつか。	
01694	D1:693:069D0	3	대사	【アル】機内から見たときはそれほどでもなかったが、	
01695	D1:693:06A06	3	대사	【アル】地面におりたってみると、さすがに広く感じるな。	
01696	D1:693:06A3E	3	대사	【アル】ま、飛行機が離着陸するためのスペースだからな。当然と言えば当然だ。	
01697	D1:693:06A8C	1	대사	【アル】話し相手はいないようだ。	
01698	D1:693:06AB0	1	대사	【アル】やはり少し寂しい。	
01699	D1:693:06ACE	1	대사	【アル】話すといっても‥‥誰と話せばいいんだ？	
01700	D1:693:06B00	27	선택지	　格納庫	
01701	D1:693:06B0A	20	선택지	　浜辺	
01702	D1:693:06B12	1	대사	【アル】そうだな、気晴らしに浜辺へ行ってみよう。	
01703	D1:693:06B46	1	대사	【アル】格納庫に戻るか。	
01704	D1:693:06B6C	1	대사	【シルビア】よぉ、どうしたんだい？	
01705	D1:693:06BD8	1	대사	【シルビア】格好良い整備士長のシルビアが立っている。	
01706	D1:693:06C18	1	대사	【アル】自分で言うなよ。	
01707	D1:693:06C34	1	대사	【アル】シルビアが俺の目の前に立っている。	
01708	D1:693:06C62	1	대사	【シルビア】違うぜ。	
01709	D1:693:06C92	1	대사	【シルビア】格好良い整備士長のシルビアが立っている、だ。	
01710	D1:693:06CD6	1	대사	【アル】‥‥いい根性してるな。	
01711	D1:693:06CF8	1	대사	【アル】マコトはまだ来ていないみたいだな。	
01712	D1:693:06D26	1	대사	【シルビア】イズミさんは時間に几帳面だからね。	
01713	D1:693:06D62	1	대사	【シルビア】予定時にならないと、来ないんじゃないか？	
01714	D1:693:06DA2	1	대사	【アル】まだ１時間近くもあるじゃないか。	
01715	D1:693:06DCE	1	대사	【シルビア】ま、あきらめな。	
01716	D1:693:06DF6	1	대사	【シルビア】な、なに人の顔をジロジロ見てるんだよ。	
01717	D1:693:06E34	1	대사	【アル】ジロジロじゃない。しげしげ見つめているんだ。	
01718	D1:693:06E8E	1	대사	【シルビア】また格納庫の説明が聞きたくなったのかい？	
01719	D1:693:06ECE	1	대사	【アル】いや、そんなことは全く無い。	
01720	D1:693:06EF6	2	대사	【シルビア】断言すんなよ‥‥。	
01721	D1:693:06F2C	1	대사	【シルビア】まだイズミさんは来てないぜ。	
01722	D1:693:06F6C	1	대사	【アル】そうだな‥‥外に出るか。	
01723	D1:693:06F90	1	대사	【シルビア】もうすぐイズミさんが来るんだろう？　あまり遠くに行かない方がいいぜ。	
01724	D1:693:06FEC	1	대사	【アル】こうして木陰を散歩するなんて、何年ぶりだろう。	
01725	D1:693:07026	1	대사	【アル】俺はいつも都会の雑踏の中を、あくせく歩き回っているだけだからな‥‥。	
01726	D1:693:0708C	1	대사	【アル】しかし当初、《デザイア》が南海に浮かぶ孤島と聞いたときは、	
01727	D1:693:070D2	1	대사	【アル】密林のジャングルを想像したが‥‥。	
01728	D1:693:070FE	1	대사	【アル】どちらかというと、観光名所にでもなりそうな所だな。	
01729	D1:693:07152	1	대사	【アル】おっ、だんだんひらけてきたぞ‥‥‥‥{s00}海だ。	
01730	D1:693:07194	1	대사	【アル】ほぉ‥‥。	
01731	D1:693:071AA	1	대사	【アル】結構綺麗なところだな。	
01732	D1:693:071F6	4	선택지	　海	
01733	D1:693:071FC	1	대사	【アル】マコトと一緒に来ようかな。うん、夜の浜辺に２人で横たわって‥‥。	
01734	D1:693:07248	1	대사	【アル】彼女は、そう、ちょうどあんな風に‥‥{s00}えっ！	
01735	D1:693:07280	1	대사	【アル】ほ、本当に人が倒れている。た、大変だ！	
01736	D1:693:072B2	1	대사	【アル】今夜は月が綺麗になりそうだ。	
01737	D1:693:072DA	1	대사	【アル】そうだな、夜になったらまた違った趣があるかもしれない。	
01738	D1:693:0731C	1	대사	【アル】寝る前にでも、散歩がてら来てみようか。	
01739	D1:693:0734E	1	대사	【アル】こうしてみると、	
01740	D1:693:0736A	1	대사	【アル】《デザイア》に何かあるんじゃないかという猜疑は、嘘のように思えてくる。	
01741	D1:693:073BA	1	대사	【アル】平和そのものだな‥‥。	
01742	D1:693:073DC	1	대사	【アル】どこかの海水浴場みたいに、	
01743	D1:693:07402	1	대사	【アル】空き缶やビンが敷き詰めてあるようなことはないな‥‥さすがに。	
01744	D1:693:07448	1	대사	【アル】マスコミが宣伝する海水浴場などは、人もゴミも大量にあってやるせない。	
01745	D1:693:07498	1	대사	【アル】なぜみんなこぞって、ああいう所に行きたがるのかな‥‥	
01746	D1:693:074D8	1	대사	【アル】俺はこういう静かな所の方が断然好きだ。	
01747	D1:693:07508	1	대사	【アル】綺麗な海だな。無性に泳ぎたくなってくる。	
01748	D1:693:0753C	1	대사	【アル】綺麗な海だ‥‥こんなことなら、水着でも持って来るんだった。	
01749	D1:693:07582	1	대사	【アル】しかし誰も泳いでないな。	
01750	D1:693:075A6	3	대사	【アル】１人や２人、泳いでいる人がいても、いいようなものだが‥‥。	
01751	D1:693:075F6	1	선택지	　海の中	
01752	D1:693:07600	1	대사	【アル】もう少し、ここにいたいな。	
01753	D1:693:07626	1	대사	【アル】海の中へ行くのは、人生に飽きてからでもいいだろう。	
01754	D1:693:07664	1	대사	【アル】よし、海の中へ行くか。	
01755	D1:693:0769C	1	대사	ズブズブ‥‥	
01756	D1:693:076B4	1	대사	【アル】うっ、く、苦しい。	
01757	D1:693:076E8	1	대사	【アル】早く誰か突っ込んでくれ。	
01758	D1:693:07718	1	대사	【アル】まだ子供じゃないか‥‥。	
01759	D1:693:0773C	1	대사	【アル】外傷はないみたいだが‥‥とにかく息はまだある。	
01760	D1:693:07798	2	선택지	　女の子	
01761	D1:693:077A2	1	대사	【アル】なまじ可愛らしいだけに、痛々しさを感じるな‥‥。	
01762	D1:693:077DE	1	대사	【アル】透き通るような肌をしているな‥‥良く見ると、結構可愛らしい。	
01763	D1:693:07826	1	대사	ピーンポーン‥‥。	
01764	D1:693:07844	4	대사	【アル】なんだ？	
01765	D1:693:07858	1	대사	【放送の声】技術主任、至急研究室までおいで下さい。	
01766	D1:693:078A4	2	대사	【放送の声】繰り返します。技術主任、至急研究室までおいで下さい‥‥。	
01767	D1:693:07902	1	대사	【アル】技術主任というと‥‥マコトのことか？	
01768	D1:693:07932	1	대사	【アル】とにかくいったん戻った方が良さそうだ。	
01769	D1:693:07964	1	대사	【アル】歳の頃は１２、３歳というところか。	
01770	D1:693:07992	1	대사	【アル】しかしまだ、幼気という形容が当てはまりそうだ。	
01771	D1:693:079CC	1	대사	【アル】服はボロボロで、痛々しいが‥‥。	
01772	D1:693:079F8	1	대사	【アル】だけど妙だな、素肌に傷はないみたいだ。	
01773	D1:693:07A34	1	대사	【アル】じゃ、行こうか。	
01774	D1:693:07A50	27	대사	【ティーナ】うん。	
01775	D1:693:07A6E	1	대사	【女の子】ん‥‥。	
01776	D1:693:07A8C	1	대사	【アル】気付いたか‥‥{n00}大丈夫かい？	
01777	D1:693:07ABC	1	대사	【女の子】あ、アル‥‥。	
01778	D1:693:07AE0	1	대사	【アル】えっ？‥‥あぁ、胸の刺繍を見たんだね。	
01779	D1:693:07B12	1	대사	【女の子】アル‥‥。	
01780	D1:693:07B32	1	대사	【アル】ああ、俺はアル。もう大丈夫だ。	
01781	D1:693:07B5C	1	대사	【女の子】うん‥‥。	
01782	D1:693:07B8E	1	대사	【女の子】私は‥‥。	
01783	D1:693:07BC4	1	대사	【女の子】私はティーナ。	
01784	D1:693:07BE8	1	대사	【アル】ティーナか、可愛い名前だね。	
01785	D1:693:07C10	2	대사	【ティーナ】うん、ありがとう‥‥。	
01786	D1:693:07C3E	1	대사	【アル】で、ティーナ。どうしてこんなところに倒れているんだい？	
01787	D1:693:07C80	11	대사	【ティーナ】‥‥‥‥。	
01788	D1:693:07C9A	2	대사	【アル】どうしたの？	
01789	D1:693:07CB2	1	대사	【ティーナ】わからないの‥‥わからない‥‥。	
01790	D1:693:07CEA	1	대사	【アル】わからない？	
01791	D1:693:07D02	7	대사	【ティーナ】うん‥‥。	
01792	D1:693:07D24	1	대사	【アル】どこから来たのかも？	
01793	D1:693:07D66	1	대사	【アル】そうか‥‥とりあえず、俺と一緒に行くかい？	
01794	D1:693:07DBA	1	대사	【アル】よし。それでは王女さま、わたくしめの背中に。ささっ。	
01795	D1:693:07DFA	1	대사	【ティーナ】クスクスッ、うん、ありがとう‥‥アル。	
01796	D1:693:07E38	1	대사	【アル】女の子は気を失っている。	
01797	D1:693:07E5C	1	대사	【アル】大丈夫か？	
01798	D1:693:07E72	1	대사	【女の子】‥‥‥‥。	
01799	D1:693:07E8A	1	대사	【アル】気を失っているのか‥‥困ったな、どうしようか。	
01800	D1:693:07ECE	1	대사	【アル】とりあえずこの子を格納庫まで運ぼう。	
01801	D1:693:07EFE	1	대사	【アル】いいかい？　ティーナ‥‥{s00}ティーナ？	
01802	D1:693:07F58	1	대사	【アル】おい、ちょっと大丈夫か？	
01803	D1:693:07F7C	1	대사	【ティーナ】ん‥‥。	
01804	D1:693:07F9C	1	대사	【アル】とにかく早く格納庫まで行こう。	
01805	D1:693:07FC6	1	대사	【アル】このまま、この子を置いていくのか？	
01806	D1:693:07FFE	1	대사	【アル】ふぅ、どうやら格納庫まで来たが‥‥シルビアはどこへ行ったんだ？	
01807	D1:693:08048	1	대사	【アル】シルビア‥‥シルビア！	
01808	D1:693:0806A	1	대사	【アル】なんだよ、こういう肝心な時にいないなんて。	
01809	D1:693:080B6	1	대사	【アル】おい、そこのお前、お前だよ‥‥あっ、そっちへ行くな！こっちだってば！	
01810	D1:693:08106	1	대사	【アル】どうしよう‥‥このままじゃティーナが‥‥。	
01811	D1:693:0813C	1	대사	【アル】ティーナ‥‥ティーナ？　くそ、また意識がなくなったのか‥‥。	
01812	D1:693:08184	1	대사	【女性の声】あら、あなたマクドガルさん？	
01813	D1:693:081B8	2	대사	【アル】‥‥え？	
01814	D1:693:081D6	1	대사	【アル】あ、あなたは‥‥？	
01815	D1:693:081F4	1	대사	【女の人】私は‥‥{s00}あら、その背中の女の子は？　あなたのお子さん？	
01816	D1:693:0824E	1	대사	【アル】冗談言わないでくれ。浜辺で倒れているのを見つけたんだ。	
01817	D1:693:08290	1	대사	【女の人】浜辺で？　どういうこと？	
01818	D1:693:082BE	1	대사	【アル】どういうことって‥‥こっちが聞きたいくらいさ。	
01819	D1:693:082F8	1	대사	【女の人】‥‥‥‥。	
01820	D1:693:08318	1	대사	【アル】とにかく、この子を病院に‥‥あっ、そうか。ここには‥‥。	
01821	D1:693:0835C	1	대사	【女の人】あるわ。	
01822	D1:693:0838A	1	대사	【女の人】そういう施設も、ここにはあるの。そうね、シルビアに頼みましょう。	
01823	D1:693:083EA	1	대사	【シルビア】よぉ、アル。イズミさんはさっき‥‥{s00}誰だい？　その子は。まさかアルの子供？	
01824	D1:693:08458	1	대사	【アル】同じボケをするなよ。	
01825	D1:693:08478	1	대사	【女の人】シルビア、この子を至急メディカルセンターへ。お願い。	
01826	D1:693:084C2	1	대사	【シルビア】あっ、レイコさん‥‥。	
01827	D1:693:084F0	1	대사	【女の人】教授には私から言っておきます。今は部署を離れて構わないわ。	
01828	D1:693:08540	1	대사	【シルビア】メディカルセンターですね、わかりました。	
01829	D1:693:08580	1	대사	【レイコ】お願いするわ。	
01830	D1:693:085AE	1	대사	【アル】大丈夫かな‥‥。	
01831	D1:693:085CA	1	대사	【レイコ】シルビアは大丈夫よ。彼女は信頼できるわ。	
01832	D1:693:0861E	1	대사	【レイコ】挨拶がまだだったわね。私はレイコ・クサナギ。教授の秘書をしています。	
01833	D1:693:086B2	1	선택지	　シルビアのこと	
01834	D1:693:086C4	1	선택지	　レイコのこと	
01835	D1:693:086D4	1	대사	【レイコ】スリーサイズなんかは、内緒よ。	
01836	D1:693:08708	1	대사	【アル】だ、誰もそんなこと‥‥ちょっとは聞きたかったけど。	
01837	D1:693:08746	1	대사	【レイコ】フフ、正直な人ね。	
01838	D1:693:0876E	1	대사	【レイコ】一応、教授の秘書というところね。	
01839	D1:693:087A4	1	대사	【アル】秘書か‥‥どんな仕事なんですか？	
01840	D1:693:087D0	1	대사	【レイコ】もう取材かしら？　さすがね。	
01841	D1:693:08802	1	대사	【アル】い、いや‥‥これは取材じゃなくて、好奇心さ。	
01842	D1:693:0883A	1	대사	【レイコ】フフ、いいわ‥‥教授の研究の阻害にならないように、	
01843	D1:693:08884	1	대사	【レイコ】書類の整理や身の回りのお世話などを仰せつかっているの。	
01844	D1:693:088D2	4	대사	【アル】なるほどね‥‥。	
01845	D1:693:088EE	1	대사	【レイコ】マコトが来られなくて、ご免なさいね。	
01846	D1:693:08928	1	대사	【アル】いや、気にしてませんよ。	
01847	D1:693:0894C	1	대사	【アル】そういえば、マコトはどうしたんですか？　来るはずだったんですけど‥‥。	
01848	D1:693:0899E	1	대사	【レイコ】彼女はちょっと急用で‥‥迎えに来られなくなったわ。	
01849	D1:693:089E6	1	대사	【アル】急用？	
01850	D1:693:089F8	1	대사	【レイコ】えぇ‥‥だから代わりに私が来たの。	
01851	D1:693:08A30	1	대사	【アル】さっきの放送、ですか。	
01852	D1:693:08A52	1	대사	【レイコ】そう。せっかく久々に会えるというのに、ご免なさい。	
01853	D1:693:08A9A	1	대사	【アル】レイコさんが謝る必要はないさ。仕事なんだし、その辺は俺もわきまえている。	
01854	D1:693:08AEE	1	대사	【レイコ】そう言ってもらえると、助かるわ。	
01855	D1:693:08B24	1	대사	【レイコ】シルビアなら心配ないわ。	
01856	D1:693:08B54	1	대사	【レイコ】ちゃんと{n00}メディカルセンターにあの女の子を連れていくわよ。	
01857	D1:693:08BA6	1	대사	【レイコ】彼女、少しがさつなところもあって、	
01858	D1:693:08BE0	1	대사	【レイコ】もしかしたら不快に感じたかもしれないけど‥‥。	
01859	D1:693:08C3C	1	대사	【レイコ】でも、根は悪い子じゃないのよ。	
01860	D1:693:08C70	2	대사	【アル】わかっていますよ。	
01861	D1:693:08C8E	1	대사	【レイコ】ただ、ちょっと自分の容姿や性格にコンプレックスがあるみたいなのよね。	
01862	D1:693:08CE8	1	대사	【アル】‥‥いや、俺は彼女みたいな女性、結構好きだな。	
01863	D1:693:08D22	1	대사	【レイコ】フフ、シルビアが聞いたらきっと喜ぶわよ。でも‥‥。	
01864	D1:693:08D6A	1	대사	【アル】でも？	
01865	D1:693:08D7C	1	대사	【レイコ】マコトが聞いたら怒るかもね。	
01866	D1:693:08DAE	1	대사	【アル】違いない。	
01867	D1:693:08DDE	1	대사	【アル】何人かの職員が働いているようだ。整備士の人かな。	
01868	D1:693:08E1A	1	대사	【レイコ】主に整備士の方々がここにはつめているわ。シルビアはそのリーダーという訳ね。	
01869	D1:693:08E7A	1	대사	【アル】シルビアはティーナを連れて出ていってしまった。	
01870	D1:693:08EB4	1	대사	【アル】少し心配だな‥‥大丈夫だろうか。	
01871	D1:693:08EE0	1	대사	【レイコ】彼女なら大丈夫よ、そんなに心配そうにしないで。	
01872	D1:693:08F24	2	대사	【アル】ええ‥‥。	
01873	D1:693:08F3A	1	대사	【アル】（綺麗な人だな‥‥胸も結構あるしプロポーションも抜群だ。）	
01874	D1:693:08F80	1	대사	【レイコ】何を見ているのかしら。	
01875	D1:693:08FAC	1	대사	【アル】い、いや‥‥ナイスバディだなって。	
01876	D1:693:08FDA	2	대사	【レイコ】ウフフ、ありがとう。	
01877	D1:693:09004	1	대사	【アル】教授の秘書というと、かなりの才媛のはずだ。	
01878	D1:693:0903A	1	대사	【アル】容姿も頭もいいってのは、結構凄いことだな。	
01879	D1:693:0906E	1	대사	【レイコ】天は二物を与える、という訳ね。	
01880	D1:693:090A2	1	대사	【アル】うーむ、自分で言ってしまうところも凄い。	
01881	D1:693:090E0	2	대사	【レイコ】さ、早く行きましょう。	
01882	D1:693:0910C	1	대사	【レイコ】そろそろ、ステラ教授の所へ行きましょうか。	
01883	D1:693:0914C	1	대사	【アル】ステラ教授？　マルチナ・ステラドヴィッチ教授のこと？	
01884	D1:693:0918C	1	대사	【レイコ】ええ‥‥でもステラドヴィッチ教授と言うと、	
01885	D1:693:091CE	1	대사	【レイコ】今は亡き彼女の夫のことを指すことが多いのよ、慣習的に。	
01886	D1:693:0921C	1	대사	【アル】なるほどね‥‥ステラ教授か。	
01887	D1:693:09244	1	대사	【レイコ】行きましょうか。	
01888	D1:693:0926A	1	대사	【レイコ】よろしくね、アル。	
01889	D1:693:09292	1	대사	【アル】そういえば、自己紹介がまだだった。俺は‥‥。	
01890	D1:693:092CA	1	대사	【レイコ】アルバート・マクドガルさん、通称アル。趣味は刺繍。	
01891	D1:693:09314	1	대사	【レイコ】現在新聞社に勤務する前途有望な若手記者‥‥違ったかしら？	
01892	D1:693:09364	1	대사	【アル】なかなか詳しいですね。前途あるかどうかはわからないが、間違いじゃない。	
01893	D1:693:093B6	1	대사	【レイコ】いつも聞かされているのよ、マコトから。	
01894	D1:693:093F2	1	대사	【アル】俺も、聞いていますよ。	
01895	D1:693:09414	1	대사	【レイコ】何をかしら？	
01896	D1:693:09436	1	대사	【アル】マコトの悪友にレイコさんって人がいるのを、常々。	
01897	D1:693:09472	1	대사	【レイコ】ま、そんな風に言っていたなんて、マコトったら‥‥。	
01898	D1:693:094BA	1	대사	【アル】お互い様ですね。	
01899	D1:693:094D6	1	대사	【レイコ】アル、と呼んで構わないかしら？	
01900	D1:693:0950A	1	대사	【アル】全く構いませんよ。	
01901	D1:693:09528	1	대사	【アル】俺もクサナギさんのことをファーストネームで呼んで構いませんか？	
01902	D1:693:09570	1	대사	【レイコ】ウフフ、大歓迎よ。	
01903	D1:693:09598	1	대사	【レイコ】あの女の子‥‥浜辺で見つけたということだけど？	
01904	D1:693:095DC	4	대사	【アル】ええ。	
01905	D1:693:095EE	1	대사	【レイコ】どういうことかしら。	
01906	D1:693:09618	1	대사	【アル】俺が誰かに聞きたいですよ。	
01907	D1:693:0963E	1	대사	【アル】職員の子供ということは、ないんですか？	
01908	D1:693:0966E	1	대사	【レイコ】いいえ、子供同伴の職員はいないわ。	
01909	D1:693:096BC	1	대사	【レイコ】遭難、かしら？	
01910	D1:693:096E0	1	대사	【アル】遭難？　こんなへんぴな所で‥‥{s00}あっ、すみません。	
01911	D1:693:0971E	1	대사	【レイコ】ウフフ、いいのよ。実際へんぴな所ですもの。	
01912	D1:693:09760	1	대사	【レイコ】でもへんぴな所だからこそ遭難するんじゃなくて？	
01913	D1:693:097A6	1	대사	【アル】確かにそうですね。	
01914	D1:693:097C4	1	대사	【レイコ】本部のデータと照合すれば、すぐに身元が判明すると思うわ。心配いらないわよ。	
01915	D1:693:09824	1	대사	【アル】だといいんですけどね‥‥。	
01916	D1:693:09856	2	대사	【レイコ】じゃあ行きましょうか。	
01917	D1:693:09894	1	대사	【アル】レイコさんが多分案内役だろう。とりあえず彼女に任せるかな。	
01918	D1:693:098DA	1	대사	【レイコ】あらあら、気が早いことね。もう外に飛び出したいの？	
01919	D1:693:09922	1	대사	【アル】い、いやそういう訳じゃないけど‥‥。	
01920	D1:693:09952	1	대사	【レイコ】鉄砲玉みたいな人って、マコトは言っていたけど、本当みたいね。	
01921	D1:693:099AE	5	대사	【アル】ここは飛行場前だ。	
01922	D1:693:099CC	1	대사	【レイコ】規模はそれほど大きくはないのだけど、それなりの設備は誇っているわ。	
01923	D1:693:09A24	1	대사	【アル】ええ。シルビアからたっぷり聞かされそうになりましたよ。	
01924	D1:693:09A66	1	대사	【レイコ】ウフフ、でしょう？　彼女、ここの格納庫で寝泊まりしているんですもの。	
01925	D1:693:09AF2	2	선택지	　滑走路	
01926	D1:693:09B74	1	대사	【レイコ】アスファルトが熱を帯びるとよく生じる現象ね。	
01927	D1:693:09C72	1	대사	【レイコ】千メートルは先にのびているの。	
01928	D1:693:09CA8	1	대사	【レイコ】一般の空港に比べれば小さいのだけど、過不足なく離着陸できるわ。	
01929	D1:693:09CFE	1	대사	【レイコ】あまり見つめられると困るわ‥‥。	
01930	D1:693:09D34	1	대사	【アル】す、すみません。	
01931	D1:693:09D50	1	대사	【アル】（太陽に照らされて輝いて見える。やっぱり綺麗だな‥‥。）	
01932	D1:693:09D94	1	대사	【レイコ】ウフフ、何を見つめているのかしら？	
01933	D1:693:09DCC	1	대사	【アル】特に何があるという訳でもないし、気にしなければいいだろう。	
01934	D1:693:09E12	1	대사	【アル】確かに広々としていて、気持ちはいいんだけど‥‥。	
01935	D1:693:09E64	1	대사	【アル】しかし、別段変なところはないが、相変わらず違和感があるな‥‥。	
01936	D1:693:09EAE	1	대사	【レイコ】どうしたの？	
01937	D1:693:09ED0	1	대사	【アル】い、いや‥‥。	
01938	D1:693:09EEA	1	대사	【レイコ】広々としていて、綺麗で、いいところでしょう？	
01939	D1:693:09F2C	1	대사	【アル】ええ、そうですね。	
01940	D1:693:09F4A	1	대사	【レイコ】この規模の島で、約１００万平方メートルという、	
01941	D1:693:09F90	1	대사	【レイコ】広大な敷地を飛行場に利用したという例はないのよ。	
01942	D1:693:09FD8	1	대사	【アル】でも、キロメートル単位に直したら、１平方キロということですか。	
01943	D1:693:0A022	1	대사	【レイコ】そういう時は小さい単位で説明するのが普通ね。	
01944	D1:693:0A064	1	대사	【アル】じゃあ例えば、１兆平方ミリメートルとか？	
01945	D1:693:0A098	1	대사	【レイコ】ミリメートルだと、逆に狭く感じるわ。	
01946	D1:693:0A0DC	1	대사	【レイコ】じゃあ研究所へ行きましょう。	
01947	D1:693:0A10E	1	대사	【レイコ】じゃあそろそろ、研究所に案内しましょうか。	
01948	D1:693:0A14E	1	대사	【アル】（研究所か‥‥いよいよ疑惑の核心に迫る訳だ。）	
01949	D1:693:0A188	1	대사	【レイコ】あらかじめ言っておくわ。	
01950	D1:693:0A1B8	1	대사	【レイコ】研究所の取材は決められた日時に行って欲しいの。いい？	
01951	D1:693:0A204	1	대사	【アル】え、ええ‥‥（見すかされたのかな。）	
01952	D1:693:0A234	1	대사	【レイコ】ご免なさい、口うるさく言ってしまって‥‥	
01953	D1:693:0A274	1	대사	【レイコ】教授は結構ナーバスな方だから、気を付けて欲しいのよ。	
01954	D1:693:0A2C0	1	대사	【アル】なるほどね、噂通りの人だな‥‥。	
01955	D1:693:0A2EC	1	대사	【レイコ】ううん‥‥教授はね、素晴らしい人だわ。	
01956	D1:693:0A33E	1	대사	【レイコ】ただ、そういったナーバスな面が誇張されて、	
01957	D1:693:0A380	1	대사	【レイコ】気難しい人という印象だけが先走っているのよ。	
01958	D1:693:0A3C4	1	대사	【アル】‥‥そうなんですか。	
01959	D1:693:0A3E4	1	대사	【レイコ】これというのも、	
01960	D1:693:0A40C	1	대사	【レイコ】マスコミが面白半分で記事を書くようなことをするからだと思うわ。	
01961	D1:693:0A462	1	대사	【アル】申し訳ない‥‥一言もないな。	
01962	D1:693:0A48A	1	대사	【レイコ】あっ、あなたのことを言っている訳じゃないの。	
01963	D1:693:0A4CE	1	대사	【レイコ】アルの記事は、分析も解釈も事実に基づくモノだと思うわ。	
01964	D1:693:0A51C	1	대사	【アル】そんなこと言ってくれるの、レイコさんだけだよ。	
01965	D1:693:0A556	1	대사	【レイコ】あら、マコトは言ってくれないの？	
01966	D1:693:0A58C	1	대사	【アル】まあマコトのことはいいとして‥‥うん、とにかく気を付けることにするよ。	
01967	D1:693:0A5DE	1	대사	【レイコ】ありがとう、アル。	
01968	D1:693:0A606	1	대사	【アル】何だか変な気がするが‥‥。	
01969	D1:693:0A62C	1	대사	【アル】ねぇ、レイコさん。	
01970	D1:693:0A64A	1	대사	【レイコ】何かしら？	
01971	D1:693:0A66A	1	대사	【アル】ここに立ってみて、何か違和感を感じませんか？	
01972	D1:693:0A6A2	1	대사	【レイコ】違和感‥‥別に感じないわね。ちょっと陽射しが強い、くらいかしら。	
01973	D1:693:0A6F8	1	대사	【アル】‥‥そうですか。	
01974	D1:693:0A714	1	대사	【レイコ】気分でも悪いの？	
01975	D1:693:0A73A	1	대사	【アル】いえ‥‥ま、気のせいかな。	
01976	D1:693:0A760	1	대사	【レイコ】‥‥？	
01977	D1:693:0A77C	1	대사	【レイコ】ここ《デザイア》は、技術の粋の結晶ね。	
01978	D1:693:0A7B8	1	대사	【レイコ】でも、島を一つまるまる改造してしまうのは、結構すごいことよね。	
01979	D1:693:0A80C	1	대사	【アル】ああ‥‥さすがに資本力のあるところは違う。	
01980	D1:693:0A842	1	대사	【アル】確か完成までわずか２年ほど、でしたよね。	
01981	D1:693:0A874	1	대사	【レイコ】ええ、財団の技術の粋を結集して建設したようなものね。	
01982	D1:693:0A8D2	1	대사	【アル】何だか怪しまれるから、やめておこう。	
01983	D1:693:0A902	1	대사	【アル】ま、時間はまだたっぷりあるさ。後で来ればいいだろう。	
01984	D1:693:0A942	1	대사	【レイコ】どこに行くの？　そっちは格納庫よ。	
01985	D1:693:0A97A	1	대사	【アル】いや、またシルビアに会いたいなぁって。	
01986	D1:693:0A9AC	1	대사	【レイコ】あらあら、{n00}来た早々に浮気？	
01987	D1:693:0A9DE	1	대사	【アル】う、浮気なんか‥‥。（してみたいけど‥‥。）	
01988	D1:693:0AA16	1	대사	【レイコ】こっちよ。ここからだと、ものの数分ね。	
01989	D1:693:0AA5C	1	대사	【レイコ】ここが研究所よ。	
01990	D1:693:0AA82	1	대사	【アル】へぇ、想像していたよりはずいぶんと‥‥。	
01991	D1:693:0AAB6	1	대사	【レイコ】ずいぶんと？	
01992	D1:693:0AAD8	1	대사	【アル】何というか、こう、屋根からアンテナみたいのがたくさん出ていて、	
01993	D1:693:0AB22	1	대사	【アル】ランプがピカピカ光ってるみたいな‥‥。	
01994	D1:693:0AB52	1	대사	【レイコ】ウフフ、それじゃまるでコミックね。	
01995	D1:693:0AB8A	1	대사	【アル】まあでも、外観が普通なんで、結構驚いていますよ。	
01996	D1:693:0ABF0	1	선택지	　取材許可の事	
01997	D1:693:0AC00	2	선택지	　研究の事	
01998	D1:693:0AC0C	1	선택지	　環境と人類の融合の事	
01999	D1:693:0AC24	1	선택지	　故ステラドヴィッチの事	
02000	D1:693:0AC3E	1	대사	【レイコ】多分、財団側のイメージアップ戦略の一環じゃないかしら。	
02001	D1:693:0AC8A	1	대사	【アル】ねぇレイコさん、１つ聞きたいんだけど、いいかな。	
02002	D1:693:0ACC6	1	대사	【レイコ】なにかしら？	
02003	D1:693:0ACE8	1	대사	【アル】取材許可の理由さ。	
02004	D1:693:0AD06	1	대사	【レイコ】許可の理由？	
02005	D1:693:0AD28	1	대사	【アル】あぁ‥‥《デザイア》に対する取材を一切拒否していた財団が、	
02006	D1:693:0AD6E	1	대사	【アル】どうしてここに来て態度を軟化させ始めたのか。	
02007	D1:693:0ADA4	1	대사	【レイコ】さあ、それはちょっとわからないわ‥‥。	
02008	D1:693:0ADE2	1	대사	【レイコ】私はステラ教授から、取材のことを聞かされただけだし‥‥。	
02009	D1:693:0AE32	1	대사	【アル】じゃあ、その教授が取材許可を？	
02010	D1:693:0AE5C	1	대사	【レイコ】‥‥それは、どうかしら。	
02011	D1:693:0AE8A	5	대사	【アル】？	
02012	D1:693:0AE98	1	대사	【レイコ】教授はマスコミの取材などを、極端に嫌う傾向があるのよ‥‥性格的に。	
02013	D1:693:0AEF0	1	대사	【アル】そうらしいですね。	
02014	D1:693:0AF0E	1	대사	【レイコ】確かに《デザイア》の総監督だから、	
02015	D1:693:0AF48	1	대사	【レイコ】彼女が許可を出せば本部もＯＫになる筈だけど、	
02016	D1:693:0AF8C	1	대사	【レイコ】とりたててそうする必然性がないわ。	
02017	D1:693:0AFC6	1	대사	【アル】そう言われてみればそうだな‥‥	
02018	D1:693:0AFF0	1	대사	【アル】やっぱり、財団側のプロパガンダというところか。	
02019	D1:693:0B028	1	대사	【レイコ】‥‥えぇ、そうね。	
02020	D1:693:0B050	1	대사	【レイコ】現在最も進歩的な学説、と言われているわ。	
02021	D1:693:0B08E	1	대사	【レイコ】でも、一般のエコロジストが言う調和とは意味が違うのよ。	
02022	D1:693:0B0DA	1	대사	【アル】意味が違う？	
02023	D1:693:0B0F2	1	대사	【レイコ】ん‥‥つまり、人間と自然を概念的に分離するという従来の考えではなく、	
02024	D1:693:0B14E	1	대사	【レイコ】人間による環境破壊すらも、自然という概念に包含されるという着眼点なのね。	
02025	D1:693:0B1AE	1	대사	【アル】面白いな‥‥じゃあ人間がいくら自然を破壊したとしても、	
02026	D1:693:0B1F0	1	대사	【アル】それすら大自然の意志のなせる技、という訳か。	
02027	D1:693:0B226	1	대사	【レイコ】なかなか文学的な表現ね。でも間違いじゃないわ。	
02028	D1:693:0B26A	1	대사	【アル】環境保護だの破壊だの言ってみても、	
02029	D1:693:0B298	1	대사	【アル】相変わらずシャカの手のひらの上で踊らされている‥‥	
02030	D1:693:0B2D4	1	대사	【アル】エコロジストが聞いたら、さぞや激怒するだろうな。	
02031	D1:693:0B30E	1	대사	【レイコ】故ステラドヴィッチ教授は痛烈に批判していたわ。	
02032	D1:693:0B354	1	대사	【レイコ】彼らの環境保全運動は、理念ではなく事業だと。	
02033	D1:693:0B3B4	1	대사	【アル】融合か‥‥人間が土と同化するとか、そういうことなのかな。	
02034	D1:693:0B3F8	1	대사	【レイコ】ウフフ、違うわ。この場合の『融合』とは、自然環境との調和を意味するの。	
02035	D1:693:0B454	1	대사	【アル】ふーん‥‥だったらそう言えばいいようなものだけどな。	
02036	D1:693:0B494	1	대사	【レイコ】詳しいことは、取材の時に聞いてみるといいわ。	
02037	D1:693:0B4D6	1	대사	【アル】ここでの研究は、主にエコロジーをベースとした環境工学、という話ですね。	
02038	D1:693:0B528	2	대사	【レイコ】ええ。	
02039	D1:693:0B546	1	대사	【レイコ】故ステラドヴィッチ教授の提唱した『環境と人類の融合』というコンセプトは、	
02040	D1:693:0B5A6	1	대사	【レイコ】現在最も進歩したエコロ{n00}ジーとして認識されているわ。	
02041	D1:693:0B5F2	1	대사	【アル】その研究を、ステラ教授が引き継いでいる訳か。	
02042	D1:693:0B62A	1	대사	【レイコ】そういうことね。	
02043	D1:693:0B650	1	대사	【レイコ】教授の前ではできるだけ触れないで欲しいの。	
02044	D1:693:0B6AE	1	대사	【アル】メキメキと頭角をあらわすか‥‥	
02045	D1:693:0B6D8	1	대사	【アル】でもそれまでは、確か平凡な大学教授だったという話ですね。	
02046	D1:693:0B71A	1	대사	【レイコ】言いづらいことをズケズケ聞く人ね。	
02047	D1:693:0B752	1	대사	【アル】それが記者魂というものさ。	
02048	D1:693:0B778	1	대사	【レイコ】ウフフ、いいわ‥‥そう、確かにそれまではごく普通の大学教授だった。	
02049	D1:693:0B7D2	1	대사	【レイコ】でも遅咲きの天才は、いつの時代にもいるものよ。	
02050	D1:693:0B818	1	대사	【アル】確かにね‥‥４０くらいになってから、	
02051	D1:693:0B848	1	대사	【アル】初めて自分の素質や才能が開花する例も少なくないしな。	
02052	D1:693:0B886	1	대사	【レイコ】そう、	
02053	D1:693:0B8A4	1	대사	【レイコ】だから夫婦でノーベルプライスも、夢じゃないとまで言われていたのに‥‥。	
02054	D1:693:0B902	1	대사	【アル】確か‥‥事故で娘さんと一緒に亡くなられたということですね。	
02055	D1:693:0B948	1	대사	【レイコ】え、ええ‥‥。	
02056	D1:693:0B982	1	대사	【レイコ】‥‥アル、そのことはステラ教授の前で口にして欲しくないの。	
02057	D1:693:0B9E2	1	대사	【レイコ】教授は、やっと立ち直ってきたのよ。	
02058	D1:693:0BA1C	1	대사	【レイコ】そのことは、彼女の前ではタブーになっているわ。	
02059	D1:693:0BA62	1	대사	【アル】そ、そうだったんですか‥‥。	
02060	D1:693:0BA8A	1	대사	【レイコ】お願い、面白半分で記事にするようなことは、しないで欲しいの。	
02061	D1:693:0BADC	1	대사	【アル】‥‥わかりました。	
02062	D1:693:0BAFA	1	대사	【レイコ】ステラ教授の夫で、生体工学の権威だった人よ。	
02063	D1:693:0BB3C	1	대사	【アル】俺も一度でいいから、権威とか呼ばれてみたいものだな。	
02064	D1:693:0BB7C	1	대사	【レイコ】ウフフ、そうね‥‥彼はある時期からメキメキと頭角を現してきた人よ。	
02065	D1:693:0BBEE	2	대사	【アル】道は綺麗に舗装されている。まるで公園みたいだな。	
02066	D1:693:0BC78	2	대사	【レイコ】レイアウトや配置は、高名な建築家にお願いしたのよ。	
02067	D1:693:0BCD6	2	대사	【アル】まるで、どこかのイベント会場のようだ。	
02068	D1:693:0BD24	2	대사	【アル】そ、そんなに恐い目で見ないでくれ。	
02069	D1:693:0BE06	2	대사	【レイコ】その事をみんなに言ってはダメよ。	
02070	D1:693:0BE3E	2	대사	【レイコ】ここの職員はみんな、それを気にしているのだから。	
02071	D1:693:0BEB0	1	대사	【レイコ】じゃあ、そろそろ研究所の中へ行きましょうか。	
02072	D1:693:0BEF2	1	대사	【レイコ】他にも凄い機能が沢山あるんだけど‥‥。	
02073	D1:693:0BF2E	1	대사	【アル】けど？	
02074	D1:693:0BF40	1	대사	【レイコ】後は、ヒ・ミ・ツ。	
02075	D1:693:0BF68	1	대사	【アル】（んー、そう言われると聞きたくなるのが人情というものさ。）	
02076	D1:693:0BFAE	1	대사	【レイコ】さらにいうと、島の全てをここから監視できるようになっているの。	
02077	D1:693:0C002	1	대사	【アル】というと、バスルームやトイレなんかも？	
02078	D1:693:0C034	1	대사	【レイコ】ウフフ、本当に面白い人ね‥‥	
02079	D1:693:0C068	1	대사	【レイコ】またここを中心に、半径４キロにおよんで追尾型レーダー網が敷かれているわ。	
02080	D1:693:0C0C8	1	대사	【アル】レーダーか‥‥。	
02081	D1:693:0C0E4	1	대사	【レイコ】ええ、ドップラー効果を利用していないから、静止している物体にも作用するの。	
02082	D1:693:0C146	1	대사	【レイコ】ステラ教授がその理論を発案したのよ。	
02083	D1:693:0C182	1	대사	【アル】なるほどねぇ‥‥{s00}そういえばこれって、オフレコ？	
02084	D1:693:0C1BE	1	대사	【レイコ】ウフフ、記事にしても構わないわよ。	
02085	D1:693:0C1F6	1	대사	【レイコ】ここが《デザイア》の中枢を担う研究所よ。	
02086	D1:693:0C234	1	대사	【レイコ】主だった研究の他にも、《デザイア》の様々な制御をここで行っているわ。	
02087	D1:693:0C28E	1	대사	【アル】じゃあここが潰れたら、《デザイア》は一貫の終わりという訳ですか。	
02088	D1:693:0C2DA	1	대사	【レイコ】そういうことにならないように、ちゃんと分散処理を行っているわ。	
02089	D1:693:0C330	1	대사	【レイコ】マルチ・デュプレクスシステムが稼働しているの。	
02090	D1:693:0C376	1	대사	【アル】マルチ‥‥{s00}なんですって？	
02091	D1:693:0C39C	1	대사	【レイコ】デュプレクスシステムよ。ここと、シルビアのいる１番格納庫と、	
02092	D1:693:0C3F0	1	대사	【レイコ】メディカルセンターが同時に異状事態に陥らない限り、	
02093	D1:693:0C43A	1	대사	【レイコ】どこからでも制御可能になっているわ。	
02094	D1:693:0C476	1	대사	【アル】へぇ‥‥何だか凄そうだな。	
02095	D1:693:0C4B2	1	대사	【レイコ】じゃあ、そろそろ研究所内に行きましょう。	
02096	D1:693:0C4F0	2	대사	【アル】飛行場に戻る必要はないぞ。	
02097	D1:693:0C516	1	대사	【アル】いま来た道を引き返して、どうするんだよ。	
02098	D1:693:0C54A	1	대사	【レイコ】アル、そっちは方向が違うわよ。	
02099	D1:693:0C588	1	대사	【レイコ】ここが研究所内のホール。まあ、受付みたいなところね。	
02100	D1:693:0C5D2	1	대사	【アル】この自動ドアみたいなの{n00}は？	
02101	D1:693:0C5FA	1	대사	【レイコ】ちょ、ちょっと、そんなパネルを勝手にいじったら‥‥。	
02102	D1:693:0C644	1	대사	ビービービー！{n00}ビービービー！	
02103	D1:693:0C66E	1	대사	【アル】わっ、わっ、凄いな。	
02104	D1:693:0C68E	1	대사	【レイコ】当たり前よ‥‥少しは自重して欲しいわ。	
02105	D1:693:0C6CA	1	대사	【アル】好奇心は取材の基礎さ。	
02106	D1:693:0C6EC	1	대사	【レイコ】もう。	
02107	D1:693:0C708	1	대사	【女性の声】何事ですか？	
02108	D1:693:0C736	1	대사	【レイコ】あぁ、く、クリスさん‥‥	
02109	D1:693:0C766	1	대사	【レイコ】こちら今日取材に見えた、アルバート・マクドガル‥‥さんです。	
02110	D1:693:0C7BA	1	대사	【アル】アルって呼んで下さい。	
02111	D1:693:0C7DC	1	대사	【クリス】非常警報が鳴るから、何かと思えば‥‥。	
02112	D1:693:0C818	1	대사	【クリス】レイコさん、気を付けて下さい。	
02113	D1:693:0C84E	1	대사	【クリス】ここで何かあれば、私の責任になってしまいます。	
02114	D1:693:0C894	1	대사	【レイコ】す、すみません‥‥。	
02115	D1:693:0C8F0	18	선택지	　クリス	
02116	D1:693:0C8FA	5	선택지	　正面の扉	
02117	D1:693:0C906	1	대사	【アル】知的な雰囲気の漂う人だ。	
02118	D1:693:0C92A	2	대사	【クリス】‥‥あの、何か？	
02119	D1:693:0C950	2	대사	【アル】いや、ついみとれてしまって。	
02120	D1:693:0C978	1	대사	【クリス】フフ、お上手ですね。	
02121	D1:693:0C9A2	1	대사	【レイコ】なに身構えているの？　アル。	
02122	D1:693:0C9D4	1	대사	【アル】いや、なんとなくね。	
02123	D1:693:0C9F4	1	대사	【アル】物静かな雰囲気の人だな‥‥眼鏡の横の鎖が、	
02124	D1:693:0CA2A	1	대사	【アル】また知的な雰囲気を醸し出している。	
02125	D1:693:0CA58	2	대사	【クリス】この眼鏡が、何か？	
02126	D1:693:0CA80	1	대사	【アル】えっ、いやその、結構似合っているなって。クリスさんの方が秘書らしいですね。	
02127	D1:693:0CAD6	2	대사	【クリス】フフ、どうもありがとう。	
02128	D1:693:0CB04	1	대사	【レイコ】もう、アル。	
02129	D1:693:0CB36	1	대사	【アル】イテテ、なんでつねるんだよ。	
02130	D1:693:0CB5E	1	대사	【アル】どこかのオフィスのような趣だ。	
02131	D1:693:0CB88	1	대사	【アル】綺麗だけど、あまり研究所という感じがしないな。	
02132	D1:693:0CBC2	1	대사	【アル】どちらかというとオフィスビルの受付みたいだ。	
02133	D1:693:0CBF8	1	대사	【クリス】ここは、オフィスライクな雰囲気を醸し出すようなデザインをされていますの。	
02134	D1:693:0CC56	1	대사	【アル】そうなのか‥‥ちぇっ。	
02135	D1:693:0CC78	1	대사	【レイコ】何を悔しがっているのよ。	
02136	D1:693:0CCA6	1	대사	【クリス】この扉は研究室へ通じています。	
02137	D1:693:0CCDC	1	대사	【クリス】ＩＤカードがなければ中へ入ることはできません。	
02138	D1:693:0CD22	1	대사	【アル】このパネルをいじると、警報がなるんですね。	
02139	D1:693:0CD58	1	대사	【クリス】違います。カードを差し込まずに、デタラメな操作を行うと、警報がなるのです。	
02140	D1:693:0CDD0	1	대사	【レイコ】アル、そういいながらパネルをデタラメにいじらないで。	
02141	D1:693:0CE24	1	대사	【アル】早く教授の部屋に行こう。	
02142	D1:693:0CE48	1	대사	【クリス】教授がお待ちになっています、マクドガルさん。	
02143	D1:693:0CE8A	1	대사	【アル】だから、アルでいいよ。	
02144	D1:693:0CEAC	1	대사	【クリス】フフ、じゃあアル、こちらへ。	
02145	D1:693:0CEDE	1	대사	【レイコ】私はここで待っているわ。	
02146	D1:693:0CF0C	1	대사	【アル】総務というと、事務のほとんどを？	
02147	D1:693:0CF38	1	대사	【クリス】ええ、研究所内に限ってですけど。	
02148	D1:693:0CF6E	1	대사	【クリス】あなたが、アルバート・マクドガルさんね。教授からお話はうかがっています。	
02149	D1:693:0CFCC	1	대사	【アル】アルって呼び捨てにして構いませんよ。	
02150	D1:693:0CFFC	1	대사	【クリス】私は研究所内の総務を担当しているクリスです。	
02151	D1:693:0D040	1	대사	【クリス】主にここの受付に常駐していますわ。	
02152	D1:693:0D07A	1	대사	【アル】はぁ‥‥（物腰がおしとやかでいいな。）	
02153	D1:693:0D0AC	1	대사	【レイコ】デレッとしないで。	
02154	D1:693:0D0E4	1	대사	【アル】イテッ、なんでレイコさんが怒るのさ。	
02155	D1:693:0D114	1	대사	【クリス】パネルを勝手にいじられては困ります。レイコさん、気を付けて下さい。	
02156	D1:693:0D16C	1	대사	【レイコ】も、申し訳ありません。	
02157	D1:693:0D198	1	대사	【アル】なぜ俺に直接言わないん{n00}だ？	
02158	D1:693:0D1C0	1	대사	【レイコ】今のところ、アルの保護者は私ということになっているの。	
02159	D1:693:0D20C	1	대사	【アル】保護者‥‥なんだか複雑だな。	
02160	D1:693:0D240	16	선택지	　教授の部屋	
02161	D1:693:0D24E	1	대사	ビーーーッ。	
02162	D1:693:0D266	1	대사	【クリス】ステラ教授、お客様をお連れします。	
02163	D1:693:0D29E	1	대사	【女性の声】わかりました。	
02164	D1:693:0D2F0	1	대사	【アル】わかっているよ。	
02165	D1:693:0D30C	1	대사	【アル】シャレはもうやめよう。教授に会うために研究所に来たんだぜ。	
02166	D1:693:0D352	1	대사	【アル】俺はまだ、教授に会っていないぞ。	
02167	D1:693:0D37E	4	대사	【アル】じゃまぁ、そういうことで。	
02168	D1:693:0D3A4	1	대사	【クリス】あの、足の下に潜り込まないでもらえます？	
02169	D1:693:0D3FE	1	대사	【アル】しゃ、シャレじゃないか‥‥ちぇっ。	
02170	D1:693:0D452	1	대사	【クリス】そこは受付ですが‥‥‥‥。	
02171	D1:693:0D482	1	대사	【アル】あはは、シャレですよ、シャレ。	
02172	D1:693:0D4D2	1	대사	【レイコ】アル、そっちは研究室よ。	
02173	D1:693:0D500	1	대사	【アル】シャレですよ、シャレ。	
02174	D1:693:0D53E	1	대사	【クリス】クリスです。アルバード・マクドガルさんをお連れしました。	
02175	D1:693:0D58C	2	대사	【マルチナ】どうぞ‥‥。	
02176	D1:693:0D5BA	1	대사	【クリス】では失礼します。	
02177	D1:693:0D5E0	1	대사	【マルチナ】ごくろうさま。	
02178	D1:693:0D606	1	대사	パタンッ。	
02179	D1:693:0D61C	1	대사	【アル】（なるほど、結構シンプルな部屋だな‥‥。）	
02180	D1:693:0D652	1	대사	【アル】（あれ？{n00}あの女性は‥‥。）	
02181	D1:693:0D67A	1	대사	【マルチナ】ではミス‥‥。	
02182	D1:693:0D6A0	1	대사	【カズミ】カズミで構いません。	
02183	D1:693:0D6CA	1	대사	【マルチナ】ではカズミ、その話はまた今度に‥‥。	
02184	D1:693:0D710	1	대사	【アル】あ、あなたは‥‥。	
02185	D1:693:0D750	2	대사	【アル】あっ‥‥。	
02186	D1:693:0D766	1	대사	【アル】（なんだよ、声くらい掛けてくれても‥‥。）	
02187	D1:693:0D7B2	1	대사	【マルチナ】アルバート・マクドガル、さん？	
02188	D1:693:0D7F0	1	대사	【アル】ど、どうも‥‥。	
02189	D1:693:0D80C	11	대사	【マルチナ】‥‥‥‥。	
02190	D1:693:0D826	1	대사	【アル】（何だか、結構緊張するな‥‥。）	
02191	D1:693:0D888	8	선택지	　机	
02192	D1:693:0D88E	1	대사	【アル】（しかし‥‥{n00}聞いていたよりも、だいぶ印象が違うな。）	
02193	D1:693:0D8D0	1	대사	【アル】（優しそうで、暖かさを感じる‥‥。）	
02194	D1:693:0D8FE	1	대사	【アル】（何だか妙に緊張してしまう‥‥）	
02195	D1:693:0D92A	1	대사	【アル】（事前にレイコさんから色々と聞かされたせいか{n00}な。）	
02196	D1:693:0D968	1	대사	【マルチナ】何をそんなに見つめているのかしら？	
02197	D1:693:0D9A2	1	대사	【アル】い、いや、すみません。	
02198	D1:693:0D9C4	1	대사	【マルチナ】別に、謝ることはないのよ‥‥。	
02199	D1:693:0D9FA	1	대사	【アル】（ドキッ。）	
02200	D1:693:0DA12	1	대사	【アル】は、はい‥‥{n00}（何でドキドキしなくちゃいけないんだ。）	
02201	D1:693:0DA54	1	대사	【アル】なかなか整理された机だ。	
02202	D1:693:0DA78	1	대사	【アル】個人の机というのは、大抵ゴチャゴチャしているものだけど、	
02203	D1:693:0DABC	1	대사	【アル】意外にさっぱりと片づいているな。	
02204	D1:693:0DAE6	1	대사	【マルチナ】あら、意外かしら？	
02205	D1:693:0DB10	1	대사	【アル】い、いや‥‥俺の机より遥かに整理整頓されているなってことです。	
02206	D1:693:0DB5A	1	대사	【アル】机の上には、何かの端末が置いてある。あっ、これはもしかすると‥‥。	
02207	D1:693:0DBA8	1	대사	【マルチナ】この端末に興味があるのかしら？	
02208	D1:693:0DBDE	1	대사	【アル】い、いや‥‥俺が仕事で愛用しているＤＴＥの機種と同じかもしれないなって。	
02209	D1:693:0DC32	1	대사	【マルチナ】私にとって、これが一番使いやすいの。	
02210	D1:693:0DC6E	1	대사	【アル】ですよね！？　{s00}あっ‥‥す、すみません。	
02211	D1:693:0DCA2	1	대사	【マルチナ】フフ、いいんですよ。	
02212	D1:693:0DCDA	1	선택지	　さっきの女性の事	
02213	D1:693:0DCEE	1	대사	【アル】聞いても答えてくれそうにないな。	
02214	D1:693:0DD1A	1	대사	【アル】ここ《デザイア》の研究というのは‥‥。	
02215	D1:693:0DD4C	2	대사	【マルチナ】取材は明日以降にお願いします。	
02216	D1:693:0DD82	2	대사	【アル】そ、そうですね‥‥。	
02217	D1:693:0DDA2	1	대사	【マルチナ】彼女のことに関しては話せないわ。	
02218	D1:693:0DDDA	1	대사	【アル】そういえば、さきほどの女性‥‥ええと‥‥。	
02219	D1:693:0DE10	1	대사	【マルチナ】カズミ・グランチェスタのことかしら？	
02220	D1:693:0DE4C	1	대사	【アル】そうそう‥‥。	
02221	D1:693:0DE66	1	대사	【アル】えっ？　ぐ、グランチェスタ！？	
02222	D1:693:0DE90	1	대사	【マルチナ】彼女が何か？	
02223	D1:693:0DEB4	1	대사	【アル】グランチェスタというと、財団の‥‥？	
02224	D1:693:0DEE4	1	대사	【マルチナ】‥‥そういうことになるわね。	
02225	D1:693:0DF18	1	대사	【アル】どんな理由でここに？	
02226	D1:693:0DF52	1	대사	【アル】あっ、す、すみません。どうも職業病ってやつで‥‥別に答えは期待してません。	
02227	D1:693:0DFA8	1	대사	【マルチナ】‥‥立場的に、私から彼女のことを話す訳には、いかないの。	
02228	D1:693:0DFF8	1	대사	【アル】でしょうね‥‥。	
02229	D1:693:0E020	1	대사	【マルチナ】まだ他に何か？	
02230	D1:693:0E046	1	대사	【マルチナ】そう、言い忘れていましたが‥‥。	
02231	D1:693:0E07E	1	대사	【アル】なにか？	
02232	D1:693:0E092	1	대사	【マルチナ】ここ《デザイア》では、ＩＤカードが必携です。これがないと‥‥。	
02233	D1:693:0E0E8	1	대사	【アル】警報が鳴ったりすると。	
02234	D1:693:0E10A	1	대사	【マルチナ】フフ、そうです。今日中に、外のクリスさんにカードを発行して貰って下さい。	
02235	D1:693:0E16A	2	대사	【アル】わかりました。	
02236	D1:693:0E184	1	대사	【マルチナ】それと‥‥。	
02237	D1:693:0E1B8	1	대사	【マルチナ】‥‥いえ、それだけです。	
02238	D1:693:0E1E8	1	대사	【アル】は、はぁ。	
02239	D1:693:0E24E	1	대사	【マルチナ】フフ、ご免なさいね。写真で見るよりも、ずっと魅力的だわ。	
02240	D1:693:0E29E	1	대사	【アル】そ、それはどうも‥‥。	
02241	D1:693:0E2C0	1	대사	【マルチナ】事前に聞いているとは思いますが、取材期間は、明日から２日間です。	
02242	D1:693:0E318	1	대사	【アル】ええ、明日がインタビュー、明後日が研究室の写真撮影でしたね。	
02243	D1:693:0E360	1	대사	【マルチナ】そうです。今日は旅の疲れを十分に癒して下さい。	
02244	D1:693:0E3A6	1	대사	【アル】別に明日からと言わず、今日からでも構いませんよ。	
02245	D1:693:0E3E2	1	대사	【マルチナ】たくましいですね。でも、規則は遵守してもらいます。	
02246	D1:693:0E442	1	대사	【マルチナ】返事は？	
02247	D1:693:0E462	2	대사	【アル】は、はい‥‥。	
02248	D1:693:0E47C	1	대사	【マルチナ】よろしい。	
02249	D1:693:0E4B4	1	대사	【マルチナ】ウフフ、まるで教師とその教え子みたいね。	
02250	D1:693:0E4F4	1	대사	【アル】そ、そうですね。ははは‥‥（な、何なんだ、この雰囲気は。）	
02251	D1:693:0E53A	1	대사	【マルチナ】アルバート・マクドガルさん‥‥。	
02252	D1:693:0E572	1	대사	【アル】あ、アルで構いませんよ。	
02253	D1:693:0E5B0	1	대사	【アル】な、なんでしょうか。	
02254	D1:693:0E5D0	3	대사	【マルチナ】アル。	
02255	D1:693:0E5EE	1	대사	【アル】‥‥はい？	
02256	D1:693:0E604	1	대사	【マルチナ】と呼んで構わないのかし{n00}ら？	
02257	D1:693:0E638	1	대사	【アル】え？　ええ、大歓迎ですよ。	
02258	D1:693:0E678	1	대사	【アル】（な、何だかやりにくいな‥‥。）	
02259	D1:693:0E6B2	1	대사	【アル】で、では失礼します‥‥。	
02260	D1:693:0E6F4	2	대사	【アル】な、なんでしょうか？	
02261	D1:693:0E72E	1	대사	【アル】な、なにか？	
02262	D1:693:0E746	1	대사	【マルチナ】ようこそ、《デザイア》へ。	
02263	D1:693:0E78E	1	대사	【アル】まだ教授と話すことが残っているぞ。	
02264	D1:693:0E7BC	1	대사	【アル】んじゃ、失礼しましたー。	
02265	D1:693:0E7E0	1	대사	【マルチナ】アル、そっちは私の寝室よ。	
02266	D1:693:0E812	1	대사	【アル】え？　いやぁ、間違っちゃった。	
02267	D1:693:0E85A	1	대사	【アル】ご、ごめんなさい‥‥。（シャレの通じない人だ{n00}な。）	
02268	D1:693:0E8A4	2	대사	【アル】あぁ、クリスさん。	
02269	D1:693:0E8C2	1	대사	【クリス】お話はどうでした？	
02270	D1:693:0E8EA	1	대사	【アル】え、えぇまあ‥‥。	
02271	D1:693:0E950	1	대사	【アル】観葉植物やタペストリが、場にマッチしているな。	
02272	D1:693:0E98A	1	대사	【アル】床は綺麗に磨いてあって綺麗だ。	
02273	D1:693:0E9B2	1	대사	【クリス】床は職員の方が毎日磨いているのよ。	
02274	D1:693:0E9EA	1	대사	【アル】静かだな‥‥本当に研究職員が働いているんだろうか。	
02275	D1:693:0EA28	1	대사	【クリス】ここは研究所ですからね。	
02276	D1:693:0EA58	1	대사	【クリス】雑談や憩いは、宿舎のラウンジを利用して下さい。	
02277	D1:693:0EA9E	1	대사	【クリス】もうイタズラはやめて下さいね。	
02278	D1:693:0EAD2	1	대사	【アル】確かここをこうして、こうすると‥‥。	
02279	D1:693:0EB02	1	대사	ビービービー{n00}ビービービー	
02280	D1:693:0EB28	1	대사	【アル】おぉ、やはり鳴ったか。	
02281	D1:693:0EB4A	1	대사	【クリス】アルバートさん！	
02282	D1:693:0EB70	1	대사	【アル】しゃ、シャレですよ、シャレ。	
02283	D1:693:0EB98	1	대사	【アル】この静かすぎる場を、なんとか和まそうという俺の努力をですね‥‥。	
02284	D1:693:0EBE2	1	대사	【クリス】イタズラはやめて下さい。	
02285	D1:693:0EC10	1	대사	【アル】す、すみません‥‥（シャレのわからない人だな。）	
02286	D1:693:0EC9A	1	대사	【クリス】フフ、お上手ね。	
02287	D1:693:0ECC0	1	대사	【アル】物静かな雰囲気の人だな‥‥。	
02288	D1:693:0ECE8	1	대사	【アル】眼鏡の横の鎖が、また知的な雰囲気を醸し出している。	
02289	D1:693:0ED4E	1	대사	【アル】えっ、いやその、結構似合っていますね。クリスさんの方が秘書らしいですね。	
02290	D1:693:0EDDA	1	대사	【クリス】私はここを離れる訳にはいかないから‥‥恋人さんでも呼びましょうか？	
02291	D1:693:0EE32	1	대사	【アル】また恋人って‥‥いいよ、こんな小さな島だ、迷うということはないしね。	
02292	D1:693:0EE82	1	대사	【クリス】アルバートさんは‥‥。	
02293	D1:693:0EEAE	1	대사	【アル】だからアルでいいですって。	
02294	D1:693:0EED4	1	대사	【クリス】フフ、アルはどうしてここに？	
02295	D1:693:0EF06	1	대사	【アル】俺は、取材のためさ。	
02296	D1:693:0EF26	1	대사	【クリス】でも不思議ね‥‥。	
02297	D1:693:0EF4E	2	대사	【アル】何が？	
02298	D1:693:0EF60	1	대사	【クリス】いえね、今まで記者がここを訪れたということは、一度もなかったのよ。	
02299	D1:693:0EFB8	1	대사	【アル】あぁ‥‥それはレイコさんから聞いたよ。何でも財団側のプロパガンダらしい。	
02300	D1:693:0F00C	1	대사	【クリス】そうなの‥‥でも‥‥。	
02301	D1:693:0F038	7	대사	【アル】ん？	
02302	D1:693:0F048	1	대사	【クリス】ううん、何でもないのよ。	
02303	D1:693:0F076	1	대사	【アル】まぁいいか。ねぇ、クリスさん。	
02304	D1:693:0F0A0	2	대사	【クリス】なにかしら？	
02305	D1:693:0F0C2	1	대사	【アル】クリスさんみたいな人が、何故《デザイア》に？	
02306	D1:693:0F0FA	1	대사	【クリス】あら、私がここで働くの、そんなに意外かしら？	
02307	D1:693:0F13C	1	대사	【アル】いや、そういうことじゃなくて‥‥きっかけを知りたいと思ってさ。	
02308	D1:693:0F186	1	대사	【クリス】きっかけねぇ‥‥。	
02309	D1:693:0F1AE	1	대사	【アル】あっ、言いづらいようなことだったら、別に構いませんよ。	
02310	D1:693:0F1F0	1	대사	【クリス】フフ、そうね‥‥いつまでも若くありたいと思うから、かしら？	
02311	D1:693:0F250	1	대사	【クリス】ほらよく言うでしょう？　働く女性はいつも輝いているって。	
02312	D1:693:0F29E	1	대사	【アル】あぁ、なるほどね。	
02313	D1:693:0F2BC	1	대사	【クリス】レイコさんなら、さっきまでここにいたのだけど‥‥。	
02314	D1:693:0F304	1	대사	【アル】そういえば、レイコさんはどこに行ったんですか？	
02315	D1:693:0F33E	1	대사	【クリス】あら、そういえば見えないわね‥‥さっきまでここにいたのに。	
02316	D1:693:0F38E	1	대사	【アル】ったく、保護者の義務を放棄しないでほしいな。	
02317	D1:693:0F3D2	16	선택지	　研究室	
02318	D1:693:0F3EA	1	대사	【クリス】研究室に入ることはできませんよ。	
02319	D1:693:0F420	3	대사	【クリス】部外者の方は、研究室に入れません。	
02320	D1:693:0F458	2	대사	【アル】ヘヘン、これでもかい？	
02321	D1:693:0F47A	1	대사	【クリス】システム手帳に何の意味があるんですか？	
02322	D1:693:0F4B6	1	대사	【アル】いやその、何でも無いです‥‥。	
02323	D1:693:0F53A	1	대사	【クリス】なんです？　車の免許証なんて出して。	
02324	D1:693:0F574	1	대사	【アル】いや、ただ何となく‥‥。	
02325	D1:693:0F5D0	1	대사	【アル】フフン、これでもかい？	
02326	D1:693:0F5F2	1	대사	【クリス】あら、なぜＩＤカードを。	
02327	D1:693:0F620	1	대사	【アル】クリスさんのです。	
02328	D1:693:0F63E	1	대사	【クリス】‥‥‥‥‥‥。	
02329	D1:693:0F662	1	대사	【アル】こう見えても、昔は早抜きのアルと呼ばれたもんだ。	
02330	D1:693:0F69E	1	대사	【クリス】返して下さい。	
02331	D1:693:0F6C2	1	대사	【アル】教授には、いま会ってきたばかりだぜ。	
02332	D1:693:0F6F2	1	대사	【クリス】あっ、{n00}どこに行くんですか？	
02333	D1:693:0F724	1	대사	【アル】教授の部屋だけど。	
02334	D1:693:0F742	1	대사	【クリス】教授は、理由もなく訪問されるのを嫌がられます。	
02335	D1:693:0F786	1	대사	【アル】理由はあるぞ。	
02336	D1:693:0F7A0	1	대사	【クリス】どんな理由ですか？	
02337	D1:693:0F7C8	1	대사	【アル】ただ何となく、という立派な理由がある。	
02338	D1:693:0F7FA	1	대사	【クリス】そういうのを理由もなくと言うんです。	
02339	D1:693:0F848	1	대사	【アル】そうだ、ところでＩＤカードを作ってくれるということですけど‥‥。	
02340	D1:693:0F894	1	대사	【クリス】ええ、聞いています。確か今日の夜、でしたね。	
02341	D1:693:0F8D6	1	대사	【アル】夜、ですか。	
02342	D1:693:0F8EE	1	대사	【クリス】そうね、８時くらいに来て戴けるかしら？	
02343	D1:693:0F92A	1	대사	【アル】８時ですね？　じゃあよろしく。	
02344	D1:693:0F954	1	대사	【アル】もう少しここにいた方がいいだろう。	
02345	D1:693:0F992	1	대사	【アル】あっ、レイコさん‥‥受付にいなかったから、見捨てられたかと思ったよ。	
02346	D1:693:0F9E2	1	대사	【レイコ】見捨てる訳がないでしょ？　さっきまで、マコトと話していたのよ、ここで。	
02347	D1:693:0FA3E	1	대사	【アル】マコトが？‥‥なんだ、待っていてくれてもいいようなものだが。	
02348	D1:693:0FA86	1	대사	【レイコ】彼女にも仕事があるのだから、そんなことを言ってはかわいそうよ。	
02349	D1:693:0FADA	1	대사	【アル】それは、そうだけどさ‥‥。	
02350	D1:693:0FB00	1	대사	【レイコ】ウフフ、そんなにスねないで。	
02351	D1:693:0FE30	1	대사	【アル】ナイスバディは相変わらずだ。	
02352	D1:693:0FE58	1	대사	【アル】豊満な胸だな‥‥マコトのとは、えらい違いだ。	
02353	D1:693:0FE90	1	대사	【レイコ】褒められているのかしら？	
02354	D1:693:0FEBE	1	대사	【アル】もちろんです。	
02355	D1:693:0FED8	1	대사	【レイコ】ウフフ、ありがとう。でも色々と悩みもあるのよ。	
02356	D1:693:0FF1C	1	대사	【アル】な、悩み‥‥？{n00}（ドキドキ。）	
02357	D1:693:0FF46	1	대사	【レイコ】いま、エッチなことを考えていたでしょう？	
02358	D1:693:0FF84	1	대사	【アル】か、考えてなんかいないよ。で、悩みとは？	
02359	D1:693:0FFB8	1	대사	【レイコ】もう‥‥男性にしてみれば、見栄えがいいんでしょうけど‥‥	
02360	D1:693:10008	1	대사	【レイコ】肩はこるし、お手入れも大変だし‥‥。	
02361	D1:693:1005A	1	대사	【レイコ】アル、鼻の下が２０センチくらいになってるわ。	
02362	D1:693:1009C	1	대사	【アル】あ？　いや、お、俺は哲学的なことを考えると、鼻の下が伸びるんです。	
02363	D1:693:100EA	1	대사	【アル】生きるべきか死ぬべきか‥‥。	
02364	D1:693:10110	1	대사	【レイコ】ウフフ、本当にマコトの言う通りの人ね。	
02365	D1:693:10182	1	대사	【レイコ】じゃあそろそろ、寝室へ案内するわ。	
02366	D1:693:101BA	1	대사	【アル】し、寝室！？	
02367	D1:693:101D2	1	대사	【レイコ】バカね。宿舎のことよ。	
02368	D1:693:101FE	1	대사	【アル】なんだ‥‥。	
02369	D1:693:10216	1	대사	【レイコ】ガッカリした顔をしないで、アル。	
02370	D1:693:1024C	1	대사	【レイコ】マコトを悲しませるようなことだけは、しないでね。	
02371	D1:693:10292	1	대사	【レイコ】そういえば、クリスさんに何か言われなかった？	
02372	D1:693:102D4	1	대사	【アル】クリスさん？　何かって、何さ。	
02373	D1:693:102FE	1	대사	【レイコ】その‥‥何か誘われるようなこととか。	
02374	D1:693:10338	1	대사	【アル】誘う？	
02375	D1:693:1034A	1	대사	【レイコ】ええ‥‥彼女ああ見えて、男関係にちょっとルーズなのよ。	
02376	D1:693:10396	1	대사	【アル】本当かい？　どんな風に？	
02377	D1:693:103BA	1	대사	【レイコ】そんなに、いやらしいって程じゃないんだけど、変に色目を使ったり‥‥。	
02378	D1:693:10414	1	대사	【アル】それくらいいいんじゃないの？	
02379	D1:693:1043C	1	대사	【レイコ】と、とにかく、せっかくマコトと会えるんだから、変な浮気心を出してはダメよ。	
02380	D1:693:1049C	1	대사	【アル】大丈夫だよ。	
02381	D1:693:104B4	1	대사	【アル】ま、確かにクリスさんは魅力的だから、誘われてもいいかなって思うけど。	
02382	D1:693:1051E	1	대사	【アル】じょ、冗談だってば‥‥（なんでレイコさんが怒るんだよ。）	
02383	D1:693:10562	1	대사	【レイコ】それよりも、教授とのお話はどうだったの？	
02384	D1:693:105A0	1	대사	【アル】ああ、レイコさんから散々聞かされていたから、どんな人かと思ったけど‥‥。	
02385	D1:693:105F4	1	대사	【レイコ】けど？	
02386	D1:693:10610	1	대사	【アル】結構感じのいい人でしたね。ジョークなんかも言っていたし。	
02387	D1:693:10654	1	대사	【レイコ】本当に？	
02388	D1:693:10672	1	대사	【アル】嘘をついたってしょうがない。	
02389	D1:693:1069A	1	대사	【レイコ】ごめんなさい‥‥でも、ステラ教授が愛想いいなんて、滅多にないの。	
02390	D1:693:106F0	1	대사	【アル】タイミングが、良かったのかな。	
02391	D1:693:1071A	1	대사	【レイコ】気を悪くしないで欲しいけど、	
02392	D1:693:1074E	1	대사	【レイコ】アルは記者でしょう？ちょっと考えられないわ‥‥。	
02393	D1:693:10796	1	대사	【アル】気難しいというよりは、温厚で優しそうな印象だったな。	
02394	D1:693:107D6	1	대사	【レイコ】へぇ‥‥アル、すごく気に入られたのかも。	
02395	D1:693:10814	1	대사	【アル】どうだかね。	
02396	D1:693:1084A	1	대사	【レイコ】そっちは研究所よ。早く宿舎へ行きましょう。	
02397	D1:693:1088A	1	대사	【アル】研究所には、さしあたって用はないな。	
02398	D1:693:108BA	1	대사	【レイコ】研究所にまだ用があるの？	
02399	D1:693:108E8	1	대사	【アル】いや‥‥特にないんだけど。	
02400	D1:693:1090E	1	대사	【レイコ】もう、変な人ね。	
02401	D1:693:10934	1	대사	【レイコ】飛行場に戻ってどうする{n00}の？　早く宿舎に行きましょう。	
02402	D1:693:109A6	1	대사	【アル】よし、飛行場に行ってみよう‥‥‥‥。	
02403	D1:693:109D6	1	대사	【アル】といっても、どっちが飛行場かわからないぞ。	
02404	D1:693:10A0C	1	대사	【レイコ】道に迷いそうだったら、あちこちに設置してある立て札を見るといいわ。	
02405	D1:693:10A64	1	대사	【アル】あぁ、なるほど。道しるべってやつだね。	
02406	D1:693:10A96	1	대사	【レイコ】飛行場に何か用があるの？	
02407	D1:693:10AC4	1	대사	【アル】いや、全くないぞ。	
02408	D1:693:10AE2	1	대사	【レイコ】なに威張ってるのよ。	
02409	D1:693:10B0C	1	대사	【レイコ】じゃあ、行きましょうか。	
02410	D1:693:10B3A	3	대사	【アル】ああ。	
02411	D1:693:10B56	1	대사	【アル】へぇ、これはいいな。	
02412	D1:693:10B76	1	대사	【レイコ】ウフフ、驚いた？	
02413	D1:693:10B9C	1	대사	【アル】ええ‥‥何と言うか、避暑地の別荘か、バカンス用のホテルという感じですね。	
02414	D1:693:10BF0	1	대사	【レイコ】これにはね、ちゃんと訳があるのよ。	
02415	D1:693:10C28	1	대사	【アル】どんな訳？	
02416	D1:693:10C3E	1	대사	【レイコ】それはね‥‥。	
02417	D1:693:10C62	1	대사	ピピッピピッ！	
02418	D1:693:10C7C	1	대사	【アル】な、なんだ、どうしたんですか。	
02419	D1:693:10CA6	1	대사	【レイコ】いけない‥‥ポケベルだわ。	
02420	D1:693:10CD6	1	대사	【アル】何か問題でも？	
02421	D1:693:10CF0	1	대사	【レイコ】どうしようかしら‥‥急用ができてしまったの。	
02422	D1:693:10D32	1	대사	【アル】俺なら、大丈夫ですよ。	
02423	D1:693:10D54	1	대사	【アル】目の前に宿舎がある訳だし、迷うことはないんじゃないかな。	
02424	D1:693:10D96	1	대사	【レイコ】そういう訳にもいかないのよ‥‥{s00}あっ、シェリル。	
02425	D1:693:10DE8	1	대사	【アル】えっ、誰？	
02426	D1:693:10DFE	1	대사	【レイコ】シェリル！{n00}シェリルーっ！！	
02427	D1:693:10E3A	1	대사	【シェリル】あ、レイコさん。どうなさったんですか？	
02428	D1:693:10E78	1	대사	【レイコ】シェリル、お願いがあるの。	
02429	D1:693:10EA8	2	대사	【シェリル】はい、なんでしょうか？	
02430	D1:693:10ED6	1	대사	【レイコ】このアルを‥アルバート・マクドガルさんを部屋まで連れていって欲しいのよ。	
02431	D1:693:10F36	1	대사	【レイコ】大丈夫かしら？	
02432	D1:693:10F5C	1	대사	【シェリル】はい、私は構いません。	
02433	D1:693:10F8A	1	대사	【レイコ】助かったわ‥‥部屋番号は‥‥。	
02434	D1:693:10FD4	1	대사	【アル】（綺麗な子だな。眼鏡が顔にマッチしていて、可愛らしい。）	
02435	D1:693:11018	1	대사	【アル】（少し色黒なのは、日焼けのせいかな？）	
02436	D1:693:1104A	1	대사	【レイコ】‥‥アル、アルったら。	
02437	D1:693:11086	1	대사	【レイコ】何をボーっとしているのよ。	
02438	D1:693:110B8	1	대사	【レイコ】私はちょっと行かなくてはいけないところがあるの。アルは‥‥。	
02439	D1:693:1110C	1	대사	【アル】この子と一緒に、部屋へ行けばいいんでしょう？	
02440	D1:693:11144	1	대사	【レイコ】シェリルよ。とにかく後で連絡をいれるから、部屋にいて。	
02441	D1:693:11190	1	대사	【アル】連絡って、どうやって？	
02442	D1:693:111B2	1	대사	【レイコ】室内フォンよ。じゃ、シェリル、アルを頼んだわ。	
02443	D1:693:111F6	2	대사	【シェリル】はい、わかりました。	
02444	D1:693:11222	1	대사	【アル】レイコさん、ちょっ‥‥{n00}あーぁ、行っちゃったよ‥‥。	
02445	D1:693:11262	1	대사	【アル】（何だか慌てていたようだけど‥‥{n00}何かあったのかな。）	
02446	D1:693:112A4	6	대사	【シェリル】クスクスッ。	
02447	D1:693:112C8	2	대사	【アル】な、何か？	
02448	D1:693:112DE	1	대사	【シェリル】ごめんなさい‥‥でも、レイコさんとアルバートさんて、何だか漫才みたい。	
02449	D1:693:1133C	1	대사	【アル】ま、まんざい‥‥{n00}（少し、傷ついたかもしれない‥‥。）	
02450	D1:693:1137E	1	대사	【シェリル】では、お部屋にご案内します。	
02451	D1:693:113B2	1	대사	【アル】その前に‥‥。	
02452	D1:693:113CC	12	대사	【シェリル】はい？	
02453	D1:693:113EA	1	대사	【アル】自己紹介さ。{n00}俺は取材にきた記者でアルバート、君は？	
02454	D1:693:1142A	1	대사	【シェリル】私はシェリルです。《デザイア》で研究のお手伝いをしています。	
02455	D1:693:1147E	1	대사	【アル】シェリルか、いい名前だね。	
02456	D1:693:114A4	1	대사	【シェリル】ウフフ、どうもありがとう。	
02457	D1:693:114D6	1	대사	【アル】じゃあ案内してくれる？	
02458	D1:693:114F8	16	대사	【シェリル】はい。	
02459	D1:693:11520	1	대사	【アル】ここが宿舎か、結構広いな。	
02460	D1:693:11546	1	대사	【シェリル】ええ、１階はこのホールとラウンジだけになっています。	
02461	D1:693:115C4	20	선택지	　シェリル	
02462	D1:693:115D0	2	선택지	　服	
02463	D1:693:115D6	1	대사	【アル】結構広々としているホールだな。	
02464	D1:693:11600	1	대사	【アル】ここの職員らしき人たちが数人いるだけだ。	
02465	D1:693:11634	1	대사	【シェリル】昼休みも終わって、そろそろ各自持ち場につくころですね。	
02466	D1:693:11682	1	대사	【アル】じゃあシェリルも？　悪かったね、仕事の邪魔になっちゃって。	
02467	D1:693:116C8	1	대사	【シェリル】いえ、全く構いません。	
02468	D1:693:116F6	1	대사	【アル】（仕草の１つ１つが、可愛らしいんだよな‥‥。）	
02469	D1:693:11730	1	대사	【シェリル】あの、何か？	
02470	D1:693:11754	1	대사	【アル】いやその‥‥結構綺麗に日焼けしているね。あの浜辺で？	
02471	D1:693:11794	1	대사	【シェリル】これは‥‥日焼けじゃないんです。	
02472	D1:693:117CC	1	대사	【アル】え、もしかすると火傷？	
02473	D1:693:117EE	1	대사	【シェリル】クスクスッ、アルバートさんって面白い人ですね。	
02474	D1:693:11834	1	대사	【アル】そ、そうかな。	
02475	D1:693:1184E	1	대사	【シェリル】私には黒人の血が４分の１だけ混じっているんです。	
02476	D1:693:11896	2	대사	【アル】へぇ。	
02477	D1:693:118A8	1	대사	【シェリル】もっと色白だといいんですけどね‥‥。	
02478	D1:693:118E4	1	대사	【アル】そ、そんなことはない。何と言うか‥‥	
02479	D1:693:11914	1	대사	【アル】野性的で、なおかつ繊細で、それでいて健康的で、俺はいいと思うな。	
02480	D1:693:1195E	1	대사	【シェリル】ウフフ、そんなに褒めてくれたの、アルバートさんが初めてです。	
02481	D1:693:119B2	1	대사	【アル】そ、そうなの？	
02482	D1:693:119CC	1	대사	【アル】うん、でも色白が美なんていうのは偏見だぜ。	
02483	D1:693:11A00	1	대사	【アル】シェリルは凄くいい線いっていると思う。	
02484	D1:693:11A30	1	대사	【シェリル】あ、ありがとう‥‥。	
02485	D1:693:11A5C	1	대사	【アル】（頬が少し赤くなっているような‥‥結構可愛らしいな。）	
02486	D1:693:11A9E	1	대사	【アル】（しかしよく見ると、意外に色黒だな‥‥日焼けでもしているのかな。）	
02487	D1:693:11B1A	1	대사	【アル】なかなか機能的な服のようだ。	
02488	D1:693:11B42	1	대사	【アル】面白い服だな。	
02489	D1:693:11B5C	1	대사	【アル】赤いスカーフにジャケット、それにタイトスカートか‥‥	
02490	D1:693:11B9A	1	대사	【アル】制服か何かかな。	
02491	D1:693:11BB4	1	대사	【シェリル】これは研究職員用の制服なんです。	
02492	D1:693:11BEC	1	대사	【アル】制服か‥‥何か妙にそそられるフレーズだな。	
02493	D1:693:11C2E	1	대사	【シェリル】それではお部屋にご案内します。	
02494	D1:693:11C64	1	대사	【アル】そういえば、あの左手にある通路は？	
02495	D1:693:11C92	1	대사	【シェリル】あそこはラウンジに通じています。	
02496	D1:693:11CCC	1	대사	【シェリル】明るくて眺めもいいし、とっても気持ちのいいところですよ。	
02497	D1:693:11D1E	1	대사	【アル】へぇ‥‥俺も行けるかな？　ＩＤカードとやらを持っていないんだけど。	
02498	D1:693:11D6C	1	대사	【シェリル】はい、ＩＤカードは研究所内と格納庫内での携帯を義務づけられていますけど、	
02499	D1:693:11DCE	1	대사	【シェリル】ラウンジでは大丈夫です。	
02500	D1:693:11E00	1	대사	【アル】そうか‥‥ねぇシェリル、いま暇？	
02501	D1:693:11E2C	1	대사	【シェリル】えっ‥‥は、はい‥‥でもまだ用事が少し残っていて‥‥あの、それが何か？	
02502	D1:693:11E8A	1	대사	【アル】その用事ってのはいつ終わるの？	
02503	D1:693:11EB4	1	대사	【シェリル】そんなに時間はかからないと思いますけど‥‥。	
02504	D1:693:11EF8	1	대사	【アル】ね、ラウンジで色々話さない？	
02505	D1:693:11F20	1	대사	【シェリル】は、はい‥‥あっ、でもお部屋に案内しなくては‥‥。	
02506	D1:693:11F6A	1	대사	【アル】じゃあ荷物を置いてからでいいからさ。いいだろう？	
02507	D1:693:11FA6	1	대사	【シェリル】は、はい。わかりました。	
02508	D1:693:11FD6	1	대사	【シェリル】個室は自由に使って構わないんですよ。	
02509	D1:693:12012	1	대사	【アル】ここにみんな寝袋でも敷いて寝る訳か。	
02510	D1:693:12042	1	대사	【シェリル】ウフフ、アルバートさんて、本当に面白い人ですね。	
02511	D1:693:1208A	1	대사	【アル】なんだ、違うの。	
02512	D1:693:120A6	1	대사	【シェリル】職員１人１人に、ちゃんと個室が与えられています。	
02513	D1:693:120EE	1	대사	【アル】俺にも？	
02514	D1:693:12102	1	대사	【シェリル】はい、もちろんです。アルバートさんは、２階に部屋が用意されています。	
02515	D1:693:1215E	1	대사	【アル】俺は別にシェリルと相部屋でも、全く構わないんだけどね。	
02516	D1:693:121A0	1	대사	【シェリル】そんなことを言っていると、恋人さんに怒られてしまいますよ。	
02517	D1:693:121F2	1	대사	【アル】ガクッ‥‥。	
02518	D1:693:1220A	1	대사	【アル】（なんだまたそれか。マコトと俺のことは、もう公然の事実らしいな。）	
02519	D1:693:12264	22	선택지	　ラウンジ	
02520	D1:693:12270	32	선택지	　２階	
02521	D1:693:12278	37	선택지	　３階	
02522	D1:693:12280	1	대사	【アル】俺の部屋は２階だそうだ。	
02523	D1:693:122A4	1	대사	【アル】ついでに、シェリルの部屋は３階らしいぞ。	
02524	D1:693:122D8	1	대사	【シェリル】あの‥‥どこに行かれるんですか？	
02525	D1:693:12310	1	대사	【アル】３階だけど。	
02526	D1:693:12328	1	대사	【シェリル】アルバートさんのお部屋は２階ですよ。	
02527	D1:693:12364	1	대사	【アル】えっ、じゃあ３階には誰も住んでいないの？	
02528	D1:693:12398	1	대사	【シェリル】住んでいます。私は３階ですよ。	
02529	D1:693:123CE	1	대사	【アル】へぇ‥‥で、部屋番号は？	
02530	D1:693:123F2	1	대사	【シェリル】えっ、そんな‥‥こ、困ります。	
02531	D1:693:12428	1	대사	【アル】（うーむ、何がどう困るんだろうか‥‥。）	
02532	D1:693:1245C	1	대사	【アル】まずは、荷物を置いてからだ。	
02533	D1:693:12484	1	대사	【アル】シェリルと待ち合わせの場所だな。荷物を置いてから、行ってみようぜ。	
02534	D1:693:124D2	1	대사	【アル】とりあえず、外に用はないな。	
02535	D1:693:124FA	1	대사	【アル】おいおい、外に出てどうするんだ？　宿舎に来たばかりじゃないか。	
02536	D1:693:12544	1	대사	【シェリル】独り言が多いんですね、アルバートさんって。	
02537	D1:693:12586	1	대사	【アル】そ、そうかな‥‥。	
02538	D1:693:125A4	1	대사	【シェリル】じゃあお部屋にご案内します。	
02539	D1:693:125E6	1	대사	【シェリル】右手のドアが、アルバートさんのお部屋です。	
02540	D1:693:12628	1	대사	【アル】へぇ、マンションみたいだな。	
02541	D1:693:12650	2	대사	【シェリル】では私はこれで‥‥。	
02542	D1:693:1267C	1	대사	【アル】えっ、そんな。	
02543	D1:693:12696	1	대사	【シェリル】クスクスッ、じゃあ用事をすませてから、ラウンジに行きますね。	
02544	D1:693:126EA	1	대사	【アル】よし、じゃあ何分くらい？	
02545	D1:693:1270E	1	대사	【シェリル】そうですね‥‥３０分ほどしたら。	
02546	D1:693:12746	1	대사	【アル】わかった、じゃあ必ず行くから。	
02547	D1:693:127A4	1	대사	【アル】‥‥行ってしまった。	
02548	D1:693:127C4	1	대사	【アル】ふぅ、でも疲れた。さっさと荷物を置いてしまいたいな。	
02549	D1:693:1282E	28	선택지	　ドア	
02550	D1:693:12836	5	대사	【アル】あたりに人は誰もいないようだ。	
02551	D1:693:12860	3	대사	【アル】しかし、どこかのマンションとか、そういう感じだな。	
02552	D1:693:1289E	3	대사	【アル】掲示板に消火器、ネームプレートに呼び鈴か。	
02553	D1:693:128D2	3	대사	【アル】これで回覧板が回ってきたら完璧だな。	
02554	D1:693:12900	5	대사	【アル】ドアをじっと見ていても、しょうがないだろう。	
02555	D1:693:12938	2	대사	【アル】堅いな‥‥鉄製か。防音もかなり効いていそうな造りだな。	
02556	D1:693:1297A	2	대사	【アル】しかも電磁式のロックシステム。フフン、こんなの俺にかかればチョロイな。	
02557	D1:693:129CC	17	선택지	　自分の部屋	
02558	D1:693:129DA	33	선택지	　ホール	
02559	D1:693:129F0	1	대사	【アル】よし、とりあえず部屋で一息つくか。	
02560	D1:693:12A22	1	대사	【アル】荷物を置いてからにしようぜ。	
02561	D1:693:12A4A	1	대사	【アル】だから、荷物を置いてからにしようぜ。	
02562	D1:1241:03246	7	대사	【アル】ここは研究所内の受付だ。	
02563	D1:1241:0326A	1	대사	【アル】ここにも誰もいない‥‥無論クリスも‥‥。	
02564	D1:1241:032CC	1	대사	【アル】もっとも、誰かが応対してくれる訳じゃ、ないんだがな‥‥。	
02565	D1:1241:0331A	1	대사	【アル】ここは研究所内の受付だ‥‥。	
02566	D1:1241:03342	1	대사	【アル】もっとも、誰かが応対してくれる訳じゃ、ないんだけど‥‥。	
02567	D1:1241:03390	1	대사	【アル】ここは研究所内の受付だが‥‥。	
02568	D1:1241:033BA	1	대사	【アル】ティーナの姿は見えない。いったいどこへ行ったんだよ。	
02569	D1:1241:03404	1	대사	【アル】ここは研究所内の受付だ。今は誰もいないな‥‥。	
02570	D1:1241:0345E	1	대사	【アル】俺の何でもない一言が、どうも悶着を巻き起こしてしまったようだ。	
02571	D1:1241:034C2	1	대사	【アル】マルチナさんの話は、気になるな。	
02572	D1:1241:034EE	1	대사	【アル】Ｂ兵器とか話していたけど、本当だろうか‥‥？	
02573	D1:1241:03526	1	대사	【アル】まさか俺を欺くための、演技じゃないだろうな‥‥。	
02574	D1:1241:0357C	1	대사	【アル】いずれにせよ、最終日で意外な収穫があったな。	
02575	D1:1241:035F8	1	대사	【アル】クリスの姿は、もうない‥‥。	
02576	D1:1241:0362A	1	대사	【アル】ここは研究所内の受付だ。クリスさんは、まだいないようだが‥‥。	
02577	D1:1241:03674	1	대사	【アル】ティーナ、ここにいるだろうか。	
02578	D1:1241:036CC	1	대사	【アル】クリスさんは、まだいないようだな‥‥。	
02579	D1:1241:03708	1	대사	【クリス】どうだったの、{n00}インタビューは？	
02580	D1:1241:0373E	1	대사	【アル】あぁ‥‥可もなく、不可もなくというところかな。	
02581	D1:1241:03778	1	대사	【クリス】その顔を見ると、得たモノは少なくなかったようね。	
02582	D1:1241:037BE	1	대사	【アル】いやいや、まだこれからさ。	
02583	D1:1241:037E4	1	대사	【クリス】フフ‥‥さてと。	
02584	D1:1241:0380A	1	대사	【アル】えっ、どこかにいくの？	
02585	D1:1241:0382C	1	대사	【クリス】ええ、エステサロンに、これから。	
02586	D1:1241:03862	1	대사	【アル】‥‥え、エステ？	
02587	D1:1241:0387E	1	대사	【クリス】フフ、冗談よ。メディカルセンターに行って、診て貰うの。	
02588	D1:1241:038CA	1	대사	【アル】どこか身体でも悪いの？	
02589	D1:1241:038EC	1	대사	【クリス】いいえ、まぁ定期検診というところね。身体を気遣うことは若さを保つ秘訣よ。	
02590	D1:1241:0394A	1	대사	【アル】ふーん‥‥それよりさ、クリス。	
02591	D1:1241:03996	1	대사	【アル】最近何か、研究所で変わったことはない？	
02592	D1:1241:039C8	1	대사	【クリス】変わったこと‥‥別に無いわね。	
02593	D1:1241:039FC	1	대사	【アル】普段と違うっていうレベルでも構わないからさ。	
02594	D1:1241:03A34	1	대사	【クリス】そうねぇ‥‥そういえば、研究員さんたちの多くが、休暇を貰っているみたいね。	
02595	D1:1241:03A94	1	대사	【アル】ふーん、なるほどね。（シェリルも、確かそんなことを言っていたな‥‥。）	
02596	D1:1241:03AE6	1	대사	【クリス】でも、教授はときどき、不定期に休暇をお出しになる方だから、	
02597	D1:1241:03B38	1	대사	【クリス】別に珍しいというほどでもないわね。	
02598	D1:1241:03B72	1	대사	【アル】この時期に休暇ってのはおかしくないのかな。	
02599	D1:1241:03BA8	1	대사	【アル】何でも聞くところによると、研究は最終段階を迎えたとかなんとか‥‥。	
02600	D1:1241:03BF6	1	대사	【クリス】さぁ‥‥私にはちょっと、内情まではわからないわ。	
02601	D1:1241:03C3C	1	대사	【アル】そうか‥‥（ま、しょうがないな。）	
02602	D1:1241:03C6A	1	대사	【クリス】じゃね、アル。	
02603	D1:1241:03C8E	1	대사	【アル】ああ、しっかり四十肩をなおしてもらいなって。	
02604	D1:1241:03CC6	1	대사	【クリス】まっ、失礼ね。フフ‥‥。	
02605	D1:1241:03D2A	1	대사	【レイコ】さっ、研究所内の受付まで付いてきてあげたわ。	
02606	D1:1241:03D6C	1	대사	【アル】ちぇっ、「あげた」はないだろう？　別に頼んじゃいないのに。	
02607	D1:1241:03DB2	1	대사	【レイコ】何か言ったかしら？	
02608	D1:1241:03DDA	1	대사	【アル】い、いや何も‥‥（うーむ、何だかこの人には弱いな‥‥。）	
02609	D1:1241:03E1E	1	대사	【クリス】あら、アルバートさん、お待ちしていました。	
02610	D1:1241:03E68	1	대사	【アル】やぁ、クリス。今日のブラウスはまた一段といいね。	
02611	D1:1241:03EA4	2	대사	【クリス】フフ、ありがとう。	
02612	D1:1241:03ECC	1	대사	【レイコ】クリス‥‥？{s00}　アル。	
02613	D1:1241:03F04	1	대사	【アル】な、何かな。	
02614	D1:1241:03F1C	1	대사	【レイコ】ずいぶんと仲がよくなったようね、クリスさんと。	
02615	D1:1241:03F60	1	대사	【アル】（ドキッ。）い、いや‥‥その何というか、クリスさんですね。	
02616	D1:1241:03FA6	1	대사	【アル】すみません、敬称略は僭越でした。	
02617	D1:1241:03FD2	1	대사	【クリス】フフ、別にいいのよ、昨日と同じ‥‥。	
02618	D1:1241:0400C	1	대사	【アル】うわぁぁぁぁぁぁっっ！！！	
02619	D1:1241:04032	1	대사	【レイコ】ど、どうしたのよ。	
02620	D1:1241:0405A	1	대사	【アル】さぁて、今日も爽快な気分で仕事に挑もう！	
02621	D1:1241:0408E	1	대사	【アル】いやなにね、仕事に入る前の気合いさ。	
02622	D1:1241:040BE	1	대사	【レイコ】変な人ね‥‥じゃあ、私は外で待っているわ。しっかりね。	
02623	D1:1241:04136	1	대사	【アル】（ふぅ、何で俺がこんなに気疲れしなくちゃなんないんだ。）	
02624	D1:1241:0417A	1	대사	【クリス】ウフフ、本当に面白い人ね。	
02625	D1:1241:041AA	1	대사	【アル】たのむよ、クリス‥‥ただでさえ、レイコさんに目つけられてるんだから。	
02626	D1:1241:041FA	1	대사	【クリス】大丈夫よ、昨晩のことは言わないわ。そこまで野暮じゃなくてよ。	
02627	D1:1241:0424C	1	대사	【アル】（昨日のことは、本当に一時の気の迷いと思いたいね‥‥。）	
02628	D1:1241:04290	1	대사	【クリス】じゃあ、教授の部屋へご案内するわ。	
02629	D1:1241:042C8	1	대사	【アル】あぁ‥‥（さてと、マジに気合いを入れるぜ。）	
02630	D1:1241:0431C	1	대사	【クリス】ステラ教授、アルバート・マクドガルさんをお連れしました。	
02631	D1:1241:0436A	1	대사	【マルチナ】‥‥どうぞ。	
02632	D1:1241:0438E	1	대사	【クリス】フフ、いい顔になっているわよ。がんばってらっしゃい。	
02633	D1:1241:043F4	1	대사	【アル】あれ？　ここは研究所内の受付だぞ‥‥俺は確か飛行場に行くつもりだったのに。	
02634	D1:1241:0444A	1	대사	【アル】まぁ、いいか‥‥。	
02635	D1:1241:04472	2	대사	【クリス】ウフフ、いらっしゃい。今度はどんなご用かしら？	
02636	D1:1241:044B6	1	대사	【アル】あぁ、クリスさん。フッ、クリスさんのことを考えていたら、	
02637	D1:1241:044FA	1	대사	【アル】足が何気なしにこちらに向いてしまったんだ。	
02638	D1:1241:04530	1	대사	【クリス】それは私に会いに来た、ということかしら？	
02639	D1:1241:0456E	2	대사	【アル】さあ、どうですかね。	
02640	D1:1241:0458E	2	대사	【クリス】ウフフ、ずるいのね。	
02641	D1:1241:04648	1	대사	【アル】クリスさんのことを考えていたら、足が何気なしにこちらに向いてしまったんだ。	
02642	D1:1241:0469C	1	대사	【クリス】それは私に会いにきた、ということかしら？	
02643	D1:1241:0472E	2	대사	【アル】ここは研究所の受付だ。	
02644	D1:1241:04750	1	대사	【アル】あれ？　クリスさんいないな‥‥どうしたんだろう。	
02645	D1:1241:047B8	1	대사	【クリス】あら、今度は何かしら。	
02646	D1:1241:04808	1	대사	【アル】クリスさん、いないのかな‥‥。	
02647	D1:1241:0483C	1	대사	【クリス】あら、どうしたのかしら。	
02648	D1:1241:0486A	1	대사	【アル】いや、ちょっとブラっと散歩に‥‥ね。	
02649	D1:1241:0489A	1	대사	【クリス】お散歩ね‥‥んー、私もたまには羽を伸ばしたいわ。	
02650	D1:1241:048E0	1	대사	【アル】そういうクリスさんを見ていると、別のモノが伸びてきますね。	
02651	D1:1241:04926	1	대사	【クリス】ウフフ、若々しいわ。	
02652	D1:1241:04950	1	대사	【アル】何だか、凄い会話になってきたな。	
02653	D1:1241:049AC	3	선택지	　本	
02654	D1:1241:049B2	1	대사	【アル】いつも通りの部屋だが‥‥しかしいつも通りじゃないんだ。	
02655	D1:1241:049F4	1	대사	【アル】ここには誰かいるかと思ったんだが‥‥相変わらず人の気配はない。	
02656	D1:1241:04A3E	1	대사	【アル】比較的狭い室内のせいもあるんだろう、シンとしていて少し耳が痛い。	
02657	D1:1241:04A8A	1	대사	【アル】端末やら花瓶やらが置いてあるだけだ。別段変わったところはない。	
02658	D1:1241:04AD4	1	대사	【アル】机の上には端末や何かの書類などが置いてある。	
02659	D1:1241:04B0C	1	대사	【アル】マシン類には電源が入っていない。もっとも入る見込みもなさそうだがな‥‥。	
02660	D1:1241:04B60	1	대사	【アル】専門書が溢れている。当面、俺には必要のないものだ。	
02661	D1:1241:04B9E	1	대사	【アル】相変わらず本のラインナップは変わっていないようだ。	
02662	D1:1241:04BDC	1	대사	【アル】基礎関係の本が目立つが、どの分野でも基礎は大事だからな。	
02663	D1:1241:04C20	1	대사	【アル】こんなに本や丁度品を残していくなんて‥‥。	
02664	D1:1241:04C56	1	대사	【アル】やはりマルチナさんは、死んでしまったんだろうか‥‥。	
02665	D1:1241:04CA4	5	대사	【アル】そうだな、ここでこうしていてもしょうがない。	
02666	D1:1241:04CDC	1	대사	【アル】部屋を出よう。	
02667	D1:1241:04D20	5	선택지	　受付	
02668	D1:1241:04D30	1	대사	【アル】シンと静まり返っているな‥‥寂しい限りだ。	
02669	D1:1241:04D66	1	대사	【アル】いつもいつも人がいない受付だったが、今回は格別だ。	
02670	D1:1241:04DA4	1	대사	【アル】普段なら、気配くらいは感じるものだが、今は人の気配すら感じない。	
02671	D1:1241:04DF0	1	대사	【アル】いったいどういうことなんだ‥‥。	
02672	D1:1241:04E1C	1	대사	【アル】受付の場所には誰もいない。	
02673	D1:1241:04E42	1	대사	【アル】普段からだれも座っちゃいない椅子だが‥‥	
02674	D1:1241:04E76	1	대사	【アル】でも、誰か座るんじゃないかって期待感はあったな。	
02675	D1:1241:04EB2	1	대사	【アル】今はその期待感すら抱くことができない‥‥。	
02676	D1:1241:04EE8	1	대사	【アル】研究室に通じるドアだな。あのドアに何度阻まれたことか‥‥。	
02677	D1:1241:04F2E	1	대사	【アル】研究室へ通じるドアだ。	
02678	D1:1241:04F50	1	대사	【アル】今は電気系統が切れているせいかもしれない‥‥。	
02679	D1:1241:04F8A	1	대사	【アル】手動でドアを開けることができる。	
02680	D1:1241:04FDA	1	대사	【アル】よし、外に出てみよう。	
02681	D1:1241:05004	1	대사	【アル】研究室か‥‥もしかしたら誰かいるかもしれないな。	
02682	D1:1241:05040	1	대사	【アル】行ってみよう。	
02683	D1:1241:05060	1	대사	【アル】そうだな、教授の部屋に行ってみよう。	
02684	D1:1241:0509A	1	대사	【アル】ここは教授の部屋だ。誰もいないようだ‥‥。	
02685	D1:1241:050D0	1	대사	【アル】教授の部屋か‥‥もしかしたら誰かいるかも知れない。	
02686	D1:1241:0512E	1	대사	【アル】教授、ステラ教授、いるんですか？	
02687	D1:1241:05164	1	대사	【アル】誰もいないようだ‥‥‥‥。	
02688	D1:1241:051A6	1	대사	【アル】アルバートです。写真撮影のため、やってきました。	
02689	D1:1241:05210	1	대사	【アル】（今日は‥‥マルチナさんが１人、かな？）	
02690	D1:1241:05244	1	대사	【アル】（例のお嬢様は、いないのかな。）	
02691	D1:1241:05270	1	대사	【アル】遅れてすみません。じゃあさっそく写真撮影にかかりましょう。	
02692	D1:1241:052B6	1	대사	【マルチナ】そうね、スタッフの方達も待っていると思うわ。	
02693	D1:1241:05304	1	대사	【アル】ときに、マルチナさん。	
02694	D1:1241:05326	6	대사	【マルチナ】なにかしら？	
02695	D1:1241:0534A	1	대사	【アル】今日もなかなかナイスなメイクですね。	
02696	D1:1241:0537A	1	대사	【マルチナ】あら、嬉しいわ。フフ‥‥。	
02697	D1:1241:053AC	1	대사	【アル】今日はマルチナさんをメインに撮ろうかな。	
02698	D1:1241:053E0	1	대사	【アル】やはり映える被写体は、撮影意欲を急速に増加させますから。	
02699	D1:1241:05424	1	대사	【マルチナ】それが言いたいこと？	
02700	D1:1241:05450	1	대사	【アル】じゃなかった、はは‥‥。	
02701	D1:1241:05474	1	대사	【アル】いやぁ、美しい女性とみると、まず最初に褒め言葉が出ちゃうんですよ。	
02702	D1:1241:054C2	1	대사	【アル】それでですね‥‥。	
02703	D1:1241:054E0	1	대사	【マルチナ】お上手ね。でも、インタビューには答えられないわ。	
02704	D1:1241:05528	1	대사	【アル】いやそんなことは‥‥（ちっ。）	
02705	D1:1241:05552	1	대사	【マルチナ】それで御用は何かしら？	
02706	D1:1241:05580	1	대사	【アル】ええと‥‥んんと‥‥今何時ですか？	
02707	D1:1241:055AE	1	대사	【マルチナ】３時を過ぎたくらいね。	
02708	D1:1241:055DC	1	대사	【アル】もうそんな時間ですか、例のお嬢さんがまた怒りだすからな、	
02709	D1:1241:05620	1	대사	【アル】さっさと行きましょう。	
02710	D1:1241:05642	3	대사	【マルチナ】そうね‥‥。	
02711	D1:1241:05670	1	대사	【マルチナ】では、出して頂戴。	
02712	D1:1241:0569A	1	대사	【アル】わ、わかりました。	
02713	D1:1241:056B8	1	대사	【マルチナ】ズボンのチャックをあげなさい。ＩＤカードが必要なの、一応規則だから。	
02714	D1:1241:05714	1	대사	【アル】いやぁ、軽いジョークですよ。（しかし冷静に対処する人だな。）	
02715	D1:1241:0575C	1	대사	ビー‥‥ウィーン。	
02716	D1:1241:0577A	1	대사	【アル】おぉ、感動だな、研究室に入ることができるぞ。	
02717	D1:1241:057B2	8	대사	【マルチナ】どうぞ。	
02718	D1:1241:05812	1	대사	【アル】寂しくなった受付だな‥‥。	
02719	D1:1241:05838	1	대사	【アル】何だか、クリスがいなくなったら、ずいぶんと寂しくなっちゃったな。	
02720	D1:1241:05884	1	대사	【アル】クリス１人でも、結構華やかな印象があったんだが‥‥。	
02721	D1:1241:058C4	1	대사	【アル】そのうちその辺から、	
02722	D1:1241:058E4	1	대사	【アル】ひょっこりと顔をだすんじゃないかって錯覚に襲われる‥‥。	
02723	D1:1241:05928	1	대사	【アル】もちろんそんなことが無いのは、十分承知しているのだが‥‥。	
02724	D1:1241:0596E	1	대사	【アル】普段はあそこに人がいたはずだが‥‥。	
02725	D1:1241:0599E	2	대사	【アル】今は誰もいないようだ。	
02726	D1:1241:059C0	1	대사	【アル】受付には誰も人が座っていない。	
02727	D1:1241:059EA	1	대사	【アル】その理由は明らかだな‥‥クリスがいないからだ。	
02728	D1:1241:05A24	2	대사	【アル】研究室に通じるドアだな。	
02729	D1:1241:05A48	1	대사	【アル】ＩＤカードを入れることによって、開閉する仕組みになっている。	
02730	D1:1241:05AB4	1	대사	【アル】今日こそは、ＩＤカードを使って入ることができるはずだ。	
02731	D1:1241:05AF6	1	대사	【アル】研究所に通じるドアだ。	
02732	D1:1241:05B18	1	대사	【アル】あそこのコンパネをいじって警報をならしても、クリスはもう怒ってくれない。	
02733	D1:1241:05B6C	1	대사	【アル】そう思うと寂しいな‥‥。	
02734	D1:1241:05BB4	9	대사	【アル】よし、外に出よう。	
02735	D1:1241:05BD8	1	대사	【アル】外に出るのか？	
02736	D1:1241:05BF8	1	대사	【アル】研究室には入れないようだ。	
02737	D1:1241:05C1E	1	대사	【アル】研究室に入るのか？　よし、このＩＤカードを使ってと。	
02738	D1:1241:05C88	2	대사	【声】このカードは使用できません。	
02739	D1:1241:05CAE	1	대사	【アル】写真撮影の時は使えたのに‥‥なんだよ、たった１回っきりか、切ないな。	
02740	D1:1241:05D24	1	대사	【アル】わかったよ、２回も言うな。	
02741	D1:1241:05D4A	1	대사	【アル】研究室にはまだ入れない。ＩＤカードの使い方をまだ知らないんだ。	
02742	D1:1241:05D94	1	대사	【アル】マルチナさん、いるかな‥‥？	
02743	D1:1241:05DEE	1	대사	【アル】いないようだな、どうしたんだろう。	
02744	D1:1241:05E26	1	대사	【アル】そうだな、教授の部屋に行こう。	
02745	D1:1241:05E8A	1	대사	【アル】クリスさんはいないようだ‥‥ティーナもいない。	
02746	D1:1241:05EC4	1	대사	【アル】クリスさんはまだ帰ってきていないようだ。	
02747	D1:1241:05EF8	1	대사	【アル】彼女に聞けば、	
02748	D1:1241:05F12	1	대사	【アル】もしかしたらティーナの行方を知ってるかもしれなかったんだけど‥‥。	
02749	D1:1241:05F60	1	대사	【アル】だから、いないってば。	
02750	D1:1241:05F82	1	대사	【アル】この受付の影にティーナが隠れているという事は‥‥なさそうだな。	
02751	D1:1241:05FCC	1	대사	【アル】受付のところにはいないみたいだ。	
02752	D1:1241:05FF8	1	대사	【アル】研究室に通じるドアだが‥‥俺はあの向こう側に行くことができない。	
02753	D1:1241:06044	2	대사	【アル】研究室に通じるドアだ。	
02754	D1:1241:06066	1	대사	【アル】昨日はうまくここを通り抜けて研究室への進入を果たしたらしい。	
02755	D1:1241:060AE	1	대사	【アル】もしかすると今日も‥‥？	
02756	D1:1241:060F6	2	대사	【アル】よし、外に出ようぜ。	
02757	D1:1241:0611C	2	대사	【アル】一応ＩＤカードは持っているんだが‥‥これはまだ使えないらしい。	
02758	D1:1241:06166	2	대사	【アル】つまりまだ研究室には入れないということだ。	
02759	D1:1241:0619C	1	대사	【アル】教授の部屋にティーナはいないみたいだ。	
02760	D1:1241:061CE	2	대사	【アル】教授の部屋に行くのか？	
02761	D1:1241:061F0	1	대사	【アル】うん、もしかしたら相談に乗ってもらえるかもしれないな‥‥。	
02762	D1:1241:06268	1	대사	【アル】マルチナさん、俺です、アルバートです。	
02763	D1:1241:0629A	1	대사	【ゲーツ】あぁ、君か。入りたまえ。	
02764	D1:1241:062C8	1	대사	【アル】（おや？　男の声がしたようだが‥‥。）	
02765	D1:1241:062FA	1	대사	【アル】失礼します‥‥。	
02766	D1:1241:06320	1	대사	【アル】ドクター‥‥ゲーツ。	
02767	D1:1241:06340	1	대사	【ゲーツ】何か用かね？	
02768	D1:1241:06362	1	대사	【アル】ドクターこそここで何を？　マルチナさんは？	
02769	D1:1241:06398	1	대사	【ゲーツ】質問に質問で答えるのはなってないな。１つ１つケジメをつけたまえ。	
02770	D1:1241:063EE	1	대사	【アル】（いちいちうるさい人だな‥‥。）	
02771	D1:1241:0641A	1	대사	【アル】ええと、ティーナがお邪魔していないかなって‥‥。	
02772	D1:1241:06456	1	대사	【ゲーツ】ティーナ？　あの子がいなくなったのかね？	
02773	D1:1241:064AA	1	대사	【ゲーツ】君は保護者をかって出たのだろう？　そういうことでは‥‥。	
02774	D1:1241:064F8	1	대사	【アル】だからこうして捜しているんです。では俺の質問ですが、マルチナさんは？	
02775	D1:1241:06548	1	대사	【ゲーツ】彼女はいま出かけているところでね‥‥ティーナはここにはいないよ。	
02776	D1:1241:0659E	1	대사	【アル】‥‥そうですか。わかりました、失礼します。	
02777	D1:1241:065DE	2	대사	バタムッ。	
02778	D1:1241:065F4	1	대사	【アル】なんだかあのセンセも嫌な感じだな‥‥俺の気のせいだろうか。	
02779	D1:1241:06674	2	대사	【アル】あたりに人はいないようだ。	
02780	D1:1241:0669A	1	대사	【アル】昨日と同じく、人の姿はほとんど無いな。	
02781	D1:1241:066CC	1	대사	【アル】もっとも今日は、職員の多くが休暇を出されたという話だ。	
02782	D1:1241:0670E	1	대사	【アル】そのせいかもしれないが‥‥。	
02783	D1:1241:06736	1	대사	【アル】研究所内の受付だな。今クリスさんはいない。	
02784	D1:1241:0676C	1	대사	【アル】あの受付には、人が座っていたためしがないな。	
02785	D1:1241:067A4	1	대사	【アル】いまのところ、クリスさん１人が、受付を担当しているみたいだが‥‥。	
02786	D1:1241:067F2	1	대사	【アル】研究室に通じるドアだ‥‥あの向こう側に、マコトがいるのかもしれないな。	
02787	D1:1241:06866	1	대사	【アル】傍らのパネルを操作すると、非常ベルが勝手に鳴る仕掛けになっている。	
02788	D1:1241:068B4	1	대사	【アル】もっともデタラメにいじると、という条件が必要だが。	
02789	D1:1241:069FA	1	대사	【アル】教授、アルバートですが。	
02790	D1:1241:06A30	1	대사	【アル】いないようだな。	
02791	D1:1241:06A4C	1	대사	【アル】いま取材が終わったばかりだぜ。	
02792	D1:1241:06A76	1	대사	【アル】どうせ行ったところで、あのお嬢様がいることだし、まぁ無駄だな。	
02793	D1:1241:06AC0	1	대사	【アル】（あれ？　あれは‥‥カズミさんか？）	
02794	D1:1241:06AFA	1	대사	【カズミ】こんにちは、アルバート。	
02795	D1:1241:06B28	1	대사	【アル】アルでいい。仕事とはいえ、堅っ苦しいのは無しにしようぜ。	
02796	D1:1241:06B6C	1	대사	【カズミ】仕事とは堅っ苦しいものだわ。わかって？	
02797	D1:1241:06BA8	1	대사	【アル】じゃあ別にアルバートで構わないさ。	
02798	D1:1241:06BD6	1	대사	【カズミ】アルバート、私は教授の付添人よ。	
02799	D1:1241:06C0C	1	대사	【アル】付添人？	
02800	D1:1241:06C20	1	대사	【カズミ】そう、	
02801	D1:1241:06C3E	1	대사	【カズミ】不当ないし不利益なインタビューにならぬよう、適時助言させてもらうわ。	
02802	D1:1241:06C9A	1	대사	【アル】（なるほどね、お目付役ってところか‥‥。）	
02803	D1:1241:06CD0	1	대사	【アル】俺は誰に利益、不利益をもたらすといったことは考えていない。	
02804	D1:1241:06D16	1	대사	【アル】俺が知りたいのは真実だけだ。	
02805	D1:1241:06D3E	1	대사	【カズミ】その心がけはいいことだわ。ただ、記者の多くは、	
02806	D1:1241:06D84	1	대사	【カズミ】自己の好奇心に基づく主観を、真実と勘違いすることが往々にしてあるの。	
02807	D1:1241:06DF6	1	대사	【カズミ】あるいは、真実と捏造して記事にする‥‥。	
02808	D1:1241:06E34	1	대사	【アル】俺はそんな記者とは違うぜ。	
02809	D1:1241:06E5A	1	대사	【カズミ】それを見極めるのも、私の勤めなの。わかって？	
02810	D1:1241:06E9C	1	대사	【アル】あぁ‥‥とりあえずインタビューは、させてもらえるのかな。	
02811	D1:1241:06EE0	1	대사	【カズミ】ええ、もちろんよ。私はあくまで裏方‥‥ただし録音は許可できないわ。	
02812	D1:1241:06F38	1	대사	【アル】わかっている。では、裏方は裏に引っ込んでてもらおうか‥‥ステラ教授。	
02813	D1:1241:06F90	1	대사	【マルチナ】ようこそ、アルバートさん‥‥	
02814	D1:1241:06FC6	1	대사	【マルチナ】フフ、初対面ではないのだけど、一応形式に乗っ取らせてもらったわ。	
02815	D1:1241:07020	1	대사	【アル】アルで構いませんよ、教授。	
02816	D1:1241:07046	1	대사	【マルチナ】では私のこともファーストネームで呼んで戴こうかしら。	
02817	D1:1241:07092	1	대사	【アル】わかりました、マルチナ‥‥さん、ですね。	
02818	D1:1241:070C6	2	대사	【マルチナ】ええ。	
02819	D1:1241:0711A	17	선택지	　カズミ	
02820	D1:1241:07124	1	대사	【マルチナ】話はそれだけかしら？	
02821	D1:1241:07150	1	대사	【アル】えぇ‥‥。	
02822	D1:1241:07166	1	대사	【アル】そういえば教授。	
02823	D1:1241:07182	1	대사	【カズミ】インタビューは終わりよ。	
02824	D1:1241:071B0	1	대사	【アル】インタビューじゃないさ、世間話。	
02825	D1:1241:071DC	1	대사	【カズミ】そんな戯れ言が‥‥。	
02826	D1:1241:07206	1	대사	【マルチナ】まぁ、カズミさん‥‥取材じゃないというのだから、いいじゃないですか。	
02827	D1:1241:0727A	1	대사	【アル】よっ、さすがに話がわかりますね。	
02828	D1:1241:072CA	1	대사	【アル】今日は何だか、研究所が静かですね。	
02829	D1:1241:072F8	1	대사	【マルチナ】ええ、職員の人たちには休暇を与えました。	
02830	D1:1241:07338	1	대사	【アル】へぇ、休暇か。	
02831	D1:1241:07352	1	대사	【マルチナ】でもアルに取っては残念かもしれないわ、	
02832	D1:1241:07392	1	대사	【マルチナ】イズミさんは技術主任という役職のため、休暇はありません。	
02833	D1:1241:073E4	1	대사	【アル】マルチナさんが、がんばって仕事をしてるんだ。	
02834	D1:1241:0741C	1	대사	【アル】あいつが休むのはちょっと問題があるってもんでしょう。	
02835	D1:1241:0745C	1	대사	【マルチナ】そう言ってもらえると助かるわ。	
02836	D1:1241:07492	1	대사	【アル】そういえばもう一つ、気になることがあって。	
02837	D1:1241:074C8	1	대사	【マルチナ】何かしら。	
02838	D1:1241:074EA	1	대사	【アル】俺が浜辺で見つけた少女のことは知ってますか？	
02839	D1:1241:07522	1	대사	【マルチナ】ええ、レイコさんや{n00}ドクターから伺っているわ。	
02840	D1:1241:07568	1	대사	【アル】その身元の照会がどうなっているのか、知りたくて。	
02841	D1:1241:075A4	1	대사	【マルチナ】身元の照会はレイコさんに一任しています。	
02842	D1:1241:075E6	1	대사	【マルチナ】彼女に聞いた方がいいんじゃないかしら。	
02843	D1:1241:07626	1	대사	【アル】そうですか‥‥（さぁて、ここからだな。）	
02844	D1:1241:0765A	1	대사	【アル】あの女の子、自分の名前だけは覚えていましてね。	
02845	D1:1241:07694	1	대사	【マルチナ】記憶喪失症には、よく見られる症状ね。	
02846	D1:1241:076D0	1	대사	【アル】確か、名前をティーナっていうんです。	
02847	D1:1241:07700	1	대사	【マルチナ】そう、可愛らしい名前ね。	
02848	D1:1241:07730	1	대사	【アル】（あら、肩すかしだな‥‥読み違えたか？）	
02849	D1:1241:07764	1	대사	【マルチナ】お話はそれだけかしら？	
02850	D1:1241:07792	1	대사	【アル】い、いや‥‥ティーナという名前に心当たり、ないかなって。	
02851	D1:1241:077D6	1	대사	【マルチナ】私の死んだ娘が、同じ名前だったけど‥‥	
02852	D1:1241:07816	1	대사	【マルチナ】フフ、だからどうだという訳ではないわね。	
02853	D1:1241:07858	1	대사	【アル】は、はは‥そうですね‥‥	
02854	D1:1241:0787C	1	대사	【アル】（うーん、どうもわからないな‥‥この教授の考えは‥‥。）	
02855	D1:1241:078C0	1	대사	【マルチナ】では何でも聞いて下さい。	
02856	D1:1241:078F0	1	대사	【アル】ええ、遠慮無くいきますよ。	
02857	D1:1241:07916	1	대사	【アル】一応、自己紹介です‥‥アルバート・マクドガル、ＳＮＴの記者です。	
02858	D1:1241:07962	1	대사	【マルチナ】私は、マルチナ・ステラドヴィッチ。	
02859	D1:1241:0799E	1	대사	【マルチナ】総監督として、この《デザイア》に従事しているわ。	
02860	D1:1241:079E8	1	대사	【アル】何か、かたっくるしいですね。	
02861	D1:1241:07A10	2	대사	【マルチナ】フフ、そうね。	
02862	D1:1241:07A36	1	대사	【アル】ま、堅い人が後ろにいるから、とりあえずこのまま続けさせてもらいます。	
02863	D1:1241:07A86	1	대사	【マルチナ】ええ、構わないわ。	
02864	D1:1241:07AB0	1	대사	【カズミ】無駄口はやめて、早くインタビューに入りなさい。	
02865	D1:1241:07AF4	1	대사	【アル】おー、恐い恐い。	
02866	D1:1241:07B10	1	대사	【マルチナ】フフ‥‥。	
02867	D1:1241:07B32	1	대사	【カズミ】取材終了は、不服かしら？	
02868	D1:1241:07B60	1	대사	【アル】いや、時間一杯使わせてもらったからね。いさぎよく引き下がるさ。	
02869	D1:1241:07BAA	1	대사	【カズミ】殊勝なことね。	
02870	D1:1241:07BCE	1	대사	【アル】（なーに、まだまだチャンスはあるさ。）	
02871	D1:1241:07C00	1	대사	【アル】ま、仕事に没頭しようぜ。	
02872	D1:1241:07C24	1	대사	【アル】カズミさん、歳はいくつです？	
02873	D1:1241:07C4C	1	대사	【カズミ】大切な時間を割いて、インタビューの時間を作っているのよ。	
02874	D1:1241:07C9C	1	대사	【カズミ】その辺のところをよく考えて頂戴。	
02875	D1:1241:07CEE	3	선택지	　《デザイア》	
02876	D1:1241:07CFE	2	선택지	　研究内容	
02877	D1:1241:07D0A	1	선택지	　環境と人類の融合	
02878	D1:1241:07D1E	1	선택지	　将来の展望	
02879	D1:1241:07D2C	1	대사	【マルチナ】まだ他に？	
02880	D1:1241:07D4E	1	대사	【アル】いえ‥‥（ま、だいたい予想したとおりだがな。）	
02881	D1:1241:07D88	1	대사	【アル】ではまず、	
02882	D1:1241:07D9E	1	대사	【アル】ここ《デザイア》の概要とその設立コンセプトなどを聞きたいのですが。	
02883	D1:1241:07DEC	1	대사	【マルチナ】《デザイア》は全長２キロほどの小さな島。	
02884	D1:1241:07E2E	1	대사	【マルチナ】そこに研究所、宿舎、飛行場、メディカルセンターなどの施設が設けられ、	
02885	D1:1241:07E8C	1	대사	【マルチナ】１２４人の職員が勤務しているわ。	
02886	D1:1241:07EC6	1	대사	【アル】設立コンセプトはどのようなものですか？	
02887	D1:1241:07EF8	1	대사	【マルチナ】まず第一に、都会の雑踏から離れることによる研究能率のアップ。	
02888	D1:1241:07F4E	1	대사	【マルチナ】自然環境は人間にゆとりを持たせ、	
02889	D1:1241:07F88	1	대사	【マルチナ】頭脳の働きを活性化させるという期待のためね。	
02890	D1:1241:07FCE	1	대사	【アル】（なるほどね、公式発表とまったく同じことを言うつもりだな。）	
02891	D1:1241:08016	1	대사	【アル】別に、大陸の辺境でも構わなかったのでは？	
02892	D1:1241:0804A	1	대사	【マルチナ】第二に、保守のため。	
02893	D1:1241:08078	1	대사	【マルチナ】ここで行われている研究はグランチェスタ財団の知の粋を集めたもの。	
02894	D1:1241:080D2	1	대사	【マルチナ】その研究成果が外部に漏れるようなことがあってはならないのよ。	
02895	D1:1241:08128	1	대사	【アル】（なるほど、筋は通っているな‥‥。）	
02896	D1:1241:08158	1	대사	【アル】ですが、その秘密保守性が、極端なまでに高すぎるのではないか、	
02897	D1:1241:081A0	1	대사	【アル】という疑問の声も少なくありませんね。	
02898	D1:1241:081D0	1	대사	【マルチナ】保守性が高くなる事によるメリットこそあれ、	
02899	D1:1241:08214	1	대사	【マルチナ】デメリットはほとんどないのが現状ね。	
02900	D1:1241:08252	1	대사	【マルチナ】保守性を高くすると、誰かが不利益を被るようなことが、あるのかしら？	
02901	D1:1241:082AE	1	대사	【アル】（なかなか弁達者だな、喰えない教授だぜ。）	
02902	D1:1241:082E4	1	대사	【アル】なるほど。	
02903	D1:1241:082FA	1	대사	【アル】では別に、巷で囁かれるような軍事兵器開発などとは、全く関係ないんですね。	
02904	D1:1241:0834E	1	대사	【カズミ】アルバート、風聞を便りに聞くとはどういうつもり？	
02905	D1:1241:08396	1	대사	【カズミ】そんな質問は受け付けられないわ。	
02906	D1:1241:083CE	1	대사	【アル】どうして？俺はあくまで確認をしたかっただけさ。	
02907	D1:1241:08408	1	대사	【アル】違ったら違ったで、{n00}否定すればいいだけのことだろう？	
02908	D1:1241:08460	1	대사	【アル】どうです？　マルチナさん。	
02909	D1:1241:08486	1	대사	【マルチナ】そのような風聞は全くのでたらめです。	
02910	D1:1241:084C2	1	대사	【アル】でたらめですか。	
02911	D1:1241:084DE	1	대사	【マルチナ】ええ、私は軍事兵器などのために研究をしている訳ではありません。	
02912	D1:1241:08534	1	대사	【アル】ふむ‥‥（ポーカーフェースか。この教授、結構修羅場をくぐっているな。）	
02913	D1:1241:08586	1	대사	【アル】（しょうがない、質問を変えようぜ。）	
02914	D1:1241:085B6	1	대사	【カズミ】質問を変えなさいという忠告が、聞けないのかしら？	
02915	D1:1241:085FC	1	대사	【アル】わかりました‥‥	
02916	D1:1241:08618	1	대사	【アル】（ちぇっ、ばーろー、もうちょっとだったのによ。このいかず後家！）	
02917	D1:1241:08664	1	대사	【カズミ】誰がいかず後家、かしら？	
02918	D1:1241:086A2	1	대사	【マルチナ】ウフフ‥‥アル、あなた口に出して言っていたわよ。	
02919	D1:1241:086EA	1	대사	【アル】えぇっ！　い、いや何というか、場をなごますフレンチジョークってやつですね。	
02920	D1:1241:08740	1	대사	【アル】ハハハ‥‥。	
02921	D1:1241:08770	1	대사	【アル】次に、研究内容のことを伺いたいんですが、いいですか？	
02922	D1:1241:087D0	1	대사	【アル】ここでの研究は、{n00}エコロジーをベースとした環境工学の応用、でしたね。	
02923	D1:1241:08820	1	대사	【マルチナ】そうです。	
02924	D1:1241:08842	1	대사	【アル】具体的にはどのようなものですか？	
02925	D1:1241:0886E	1	대사	【マルチナ】それは研究上の秘密のため、言うことは出来ません。	
02926	D1:1241:088B6	1	대사	【アル】（ま、予想通りだな、じゃあ質問を変えてと‥‥。）	
02927	D1:1241:088F2	1	대사	【アル】ではこの研究が成就すると、我々にとって、どのような恩恵がもたらされますか？	
02928	D1:1241:08948	1	대사	【マルチナ】我々というのは、どのような人を指すのかしら？	
02929	D1:1241:0898C	1	대사	【アル】そうですね‥‥じゃあ広義に「人間」としたら？	
02930	D1:1241:089C4	1	대사	【マルチナ】漠然とし過ぎているわね。もう少し絞って欲しいわ。	
02931	D1:1241:08A0C	1	대사	【アル】では財団にとって、では？	
02932	D1:1241:08A30	1	대사	【マルチナ】財団にとって、どのような恩恵が？	
02933	D1:1241:08A68	2	대사	【アル】そう。	
02934	D1:1241:08A7A	1	대사	【マルチナ】社会的ステータスの向上、かしら。	
02935	D1:1241:08AB2	1	대사	【アル】（なんだそれは。ちっとも答えになっていないぞ。）	
02936	D1:1241:08AEE	1	대사	【アル】じゃあ、ここの研究職員たちにとっては？	
02937	D1:1241:08B20	1	대사	【マルチナ】達成感と給与アップ、研究者としてのネームバリューの向上‥‥。	
02938	D1:1241:08B74	1	대사	【アル】じゃあ、マルチナさん個人にとっては？　やはり達成感や給与アップ？	
02939	D1:1241:08BC0	1	대사	【マルチナ】違うわ。	
02940	D1:1241:08BE0	1	대사	【アル】（おっ、反応があったな‥‥。）	
02941	D1:1241:08C0A	1	대사	【マルチナ】私にとってこの研究は、重要な意味を持つわ。	
02942	D1:1241:08C4C	1	대사	【アル】それは、なんです？	
02943	D1:1241:08C6A	1	대사	【カズミ】そこまでよ、それ以上は個人のプライバシーの問題になるわ。質問を変えなさい。	
02944	D1:1241:08CCA	1	대사	【アル】（ちぇっ、いいところだったのに‥‥。）	
02945	D1:1241:08CFC	1	대사	【マルチナ】わかってもらえたかしら？	
02946	D1:1241:08D2C	1	대사	【アル】ええ、一応は‥‥。	
02947	D1:1241:08D4A	1	대사	【アル】では研究内容にまつわることで、１つ‥‥。	
02948	D1:1241:08D9E	1	대사	【アル】故ステラドヴィッチ教授の異色論文、『環境と人類の融合』は、	
02949	D1:1241:08DE4	1	대사	【アル】今回の《デザイア》での{n00}研究に影響を与えていますか？	
02950	D1:1241:08E3E	1	대사	【アル】（おっ、何か考えているな‥‥なかなか回答が期待できそうだ。）	
02951	D1:1241:08E86	1	대사	【マルチナ】影響を与えています。	
02952	D1:1241:08EB2	1	대사	【アル】どのような？	
02953	D1:1241:08EE4	1	대사	【アル】（ほぉ、あの頭脳明晰の教授が、一回ごとに考えるとはな‥‥）	
02954	D1:1241:08F2A	1	대사	【アル】（これはなかなか面白い{n00}ぞ。）	
02955	D1:1241:08F54	1	대사	【マルチナ】色々な面で。	
02956	D1:1241:08F78	1	대사	【アル】具体例をあげると、どのような点で？	
02957	D1:1241:08FC0	1	대사	【アル】（何だか、レスポンスの悪いホストＣＰＵに、）	
02958	D1:1241:08FF8	1	대사	【アル】（重いジョブを渡した時のような反応だな‥‥。）	
02959	D1:1241:09032	1	대사	【マルチナ】ステラドヴィッチの『環境と人類の融合』は、	
02960	D1:1241:09076	1	대사	【マルチナ】その後、生物学や生体工学、医学などにも影響を与えました。	
02961	D1:1241:090DE	1	대사	【マルチナ】つまり、１つの学説にとどまらず、１つの公理系を確立させ、	
02962	D1:1241:09130	1	대사	【マルチナ】それが多くの研究のベーシックモデルとして参照されているわ。	
02963	D1:1241:09184	1	대사	【アル】つまり、{n00}どういうことです？	
02964	D1:1241:091AC	1	대사	【マルチナ】つまり、エコロジーをベースとした環境工学の応用というカテゴリーにおいては、	
02965	D1:1241:09210	1	대사	【マルチナ】彼の論文に影響を与えられるのはむしろ必然である、ということね。	
02966	D1:1241:09268	1	대사	【アル】なるほど‥‥。	
02967	D1:1241:09282	1	대사	【アル】（‥‥何だか、うまく逃げられたような気がするな‥‥。）	
02968	D1:1241:092C4	1	대사	【アル】（考える時間を与えすぎたか？）	
02969	D1:1241:092EE	1	대사	【アル】（もっと質問をたたみかけるべきだったな‥‥。）	
02970	D1:1241:09328	1	대사	【カズミ】インタビューは終了よ。	
02971	D1:1241:09354	1	대사	【アル】へいへい‥‥{n00}（ったくさ。）	
02972	D1:1241:0937C	1	대사	【アル】じゃあ将来の展望というのはありますか？	
02973	D1:1241:093AE	1	대사	【マルチナ】展望？	
02974	D1:1241:093CC	1	대사	【アル】ええ、この研究が成就したら、マルチナさんはどうしますか？	
02975	D1:1241:09410	1	대사	【マルチナ】私は‥‥。	
02976	D1:1241:09432	1	대사	【アル】（おっ、また熟考モードに入ったぞ。）	
02977	D1:1241:09462	1	대사	【マルチナ】この研究が成就したとき、私は‥‥。	
02978	D1:1241:094B2	1	대사	【マルチナ】この輪廻の鎖から逃れられるのかもしれない。	
02979	D1:1241:094F4	1	대사	【アル】輪廻の鎖、ですか‥‥また随分と文学的な表現ですね。	
02980	D1:1241:09558	1	대사	【アル】（そんなに研究が苦痛なのか‥‥）	
02981	D1:1241:09584	1	대사	【アル】（いや、研究に対する姿勢は誰よりも強いはずだ。すると‥‥。）	
02982	D1:1241:095CC	1	대사	【カズミ】ここまで、かしら。	
02983	D1:1241:095F4	1	대사	【アル】えっ、まだ聞きたいことが‥‥。	
02984	D1:1241:0961E	3	대사	【カズミ】なに？	
02985	D1:1241:0963A	1	대사	【アル】い、いや‥‥	
02986	D1:1241:09652	1	대사	【アル】（まったく、いつもいつも大事なところで邪魔をしてくれるよ、）	
02987	D1:1241:0969A	1	대사	【アル】（このお嬢様は。）	
02988	D1:1241:096B8	1	대사	【カズミ】こんなところかしら、教授。	
02989	D1:1241:0970C	1	대사	【カズミ】ではインタビューを終了するわ。	
02990	D1:1241:09740	1	대사	【アル】もう？　もうちょっと時間は‥‥。	
02991	D1:1241:0976C	1	대사	【カズミ】終了時刻を、もう２分も経過しているのよ。弁明の余地はないわ。	
02992	D1:1241:097BE	1	대사	【アル】（固いね、このお嬢様は‥‥。）	
02993	D1:1241:0980E	1	대사	【アル】（厳粛な雰囲気って感じだな‥‥）	
02994	D1:1241:0983A	1	대사	【アル】（どうも気楽に軽口をたたける様相じゃあないみたいだ。）	
02995	D1:1241:0987C	1	대사	【アル】（前にはマルチナさん{n00}が、）	
02996	D1:1241:098A4	1	대사	【アル】（後ろにはカズミさんがいる。）	
02997	D1:1241:098CE	1	대사	【アル】（前に狼、後ろに虎というあれだな‥‥。）	
02998	D1:1241:09902	1	대사	【アル】うーん、よけい緊張してしまったかな。	
02999	D1:1241:09932	1	대사	【アル】（今日のマルチナさんは、ちょっと厳しい顔をしているな。）	
03000	D1:1241:09976	1	대사	【アル】（緊張しているのだった{n00}ら、それをほぐしてやるのが、）	
03001	D1:1241:099B8	1	대사	【アル】（インタビュワーとしての責務だ。）	
03002	D1:1241:099E6	1	대사	【マルチナ】アル、ヒョットコみたいな顔をするのは、やめて戴けるかしら？	
03003	D1:1241:09A38	1	대사	【アル】カズミさんをゆっくり鑑賞する暇さえないらしい。	
03004	D1:1241:09A72	1	대사	【カズミ】鑑賞をする必要はなくてよ。	
03005	D1:1241:09AA2	1	대사	【アル】俺の後ろに立っていて、よく見えないな。	
03006	D1:1241:09AD4	1	대사	【アル】首をこうしてグーっと後ろに回すと‥‥。	
03007	D1:1241:09B06	1	대사	【カズミ】何をやっているの？　インタビューをしないなら打ち切るわよ。	
03008	D1:1241:09B7E	1	대사	【マルチナ】ごくろうさまでした。研究室の写真撮影は明日、でしたね。	
03009	D1:1241:09BCC	1	대사	【アル】ええ、明日はめいっぱい、メイクアップしておいて下さいよ。	
03010	D1:1241:09C10	1	대사	【アル】美人に撮りますから。	
03011	D1:1241:09C30	1	대사	【マルチナ】フフ、楽しみにしているわ。	
03012	D1:1241:09C62	1	대사	【アル】んじゃ、カズミさんも化粧してきなよ。	
03013	D1:1241:09CAA	1	대사	【アル】（いまいち、ノリの悪い人なんだよな‥‥。）	
03014	D1:1241:09CE0	1	대사	【アル】それじゃ、失礼します‥‥。	
03015	D1:1241:09D06	1	대사	【アル】もう少し、ここにいたい気分だな‥‥。	
03016	D1:1241:09D36	1	대사	【アル】もう少しここにいよう。	
03017	D1:1241:09D58	1	대사	【アル】おい、まだインタビューが終わってないぜ。	
03018	D1:1241:09D96	1	대사	【アル】クリスさ‥‥{s00}ん？	
03019	D1:1241:09DB4	1	대사	【声】あぁ‥‥。	
03020	D1:1241:09DD0	1	대사	【アル】（く、クリスさんの声だ、いったいどうしたんだ{n00}‥‥。）	
03021	D1:1241:09E12	1	대사	【声】あぁ‥‥もっと強く‥‥。	
03022	D1:1241:09E3C	1	대사	【アル】（なんだか、色っぽい声だが‥‥？）	
03023	D1:1241:09E6A	1	대사	【アル】（いやいや、ここは研究所の受付だぞ‥‥。）	
03024	D1:1241:09EA0	1	대사	【声】あン！もっと！	
03025	D1:1241:09EC0	1	대사	【アル】（抜き足‥‥{n00}差し足‥‥。）	
03026	D1:1241:09EFA	1	대사	【アル】！！！	
03027	D1:1241:09F0C	1	대사	【アル】（く、クリスさん‥‥。{n00}あっ！誰かとキスしているぞ！）	
03028	D1:1241:09F4E	1	대사	【クリス】んあぅ‥‥カイル、‥‥カイル。	
03029	D1:1241:09F82	1	대사	【アル】（カイル‥‥あの野郎、よりによって何であいつが‥‥。）	
03030	D1:1241:09FC4	1	대사	【クリス】あぁ、もっと‥‥	
03031	D1:1241:09FEA	1	대사	【カイル】へっ、噂どおりの女だな、え？	
03032	D1:1241:0A01C	1	대사	【クリス】あン、そんな酷いこと、言わないで‥‥。	
03033	D1:1241:0A058	1	대사	【カイル】俺の魔法の力は大したもんだ。	
03034	D1:1241:0A08A	1	대사	【クリス】あっ‥‥。	
03035	D1:1241:0A0AA	1	대사	【カイル】おいおい、気を失わないでくれよ。	
03036	D1:1241:0A0E0	1	대사	【クリス】あぅ‥‥あっ！やめないで‥‥。	
03037	D1:1241:0A114	1	대사	【カイル】そうだ‥‥そう、	
03038	D1:1241:0A13C	1	대사	【カイル】俺なしじゃいられないくらい、切ない気持ちになってきただろう。	
03039	D1:1241:0A190	1	대사	【クリス】うぅ‥うん。	
03040	D1:1241:0A1B2	1	대사	【カイル】ふん。	
03041	D1:1241:0A1CE	1	대사	【クリス】あぁ、私今夜どうしたらいいの‥‥？	
03042	D1:1241:0A206	1	대사	【カイル】心配しないでも、明日にはけろっとしてる。特におまえは浮気性みたいだからな。	
03043	D1:1241:0A266	1	대사	【クリス】カイル‥‥。	
03044	D1:1241:0A288	1	대사	【カイル】さあ、もっとキスしようぜ。	
03045	D1:1241:0A2B8	1	대사	【クリス】あぅ‥‥カイル‥‥‥。あぁぁ‥‥。	
03046	D1:1241:0A2F0	1	대사	【アル】（ドキッ！）	
03047	D1:1241:0A308	1	대사	【アル】（今、クリスさんの視線がこっちを向いたような{n00}‥‥。）	
03048	D1:1241:0A34A	1	대사	【クリス】あぁ、見てぇ‥‥私の恥ずかしい姿を、みてぇっ！！	
03049	D1:1241:0A390	1	대사	【アル】（ま、また‥‥も、もしかして‥‥いやいや、とにかくだ。）	
03050	D1:1241:0A3D4	1	대사	【アル】（さっさとずらかった方が、よさそうだな。）	
03051	D1:1241:0A458	1	대사	【アル】落ちついた雰囲気の人だ。	
03052	D1:1241:0A47C	3	대사	【クリス】私は落ちついています。	
03053	D1:1241:0A4BE	3	대사	【アル】クリスさんって、いつもその眼鏡を？	
03054	D1:1241:0A4EC	3	대사	【クリス】なぜかしら？	
03055	D1:1241:0A50E	3	대사	【アル】いや何というか、眼鏡を取った顔というのも見てみたいなって。	
03056	D1:1241:0A554	3	대사	【クリス】ごめんなさい、眼鏡はお風呂とベッドの中でしか外さないの。	
03057	D1:1241:0A5A2	3	대사	【アル】そ、そうですか‥‥（お風呂とベッドの中か‥‥なんだかドキドキするな。）	
03058	D1:1241:0A5F4	1	대사	【アル】クリスさん以外は、誰もいないようだな。	
03059	D1:1241:0A626	1	대사	【アル】相変わらず静かな受付だな‥‥ま、ガヤガヤうるさいよりは、はるかにましだが。	
03060	D1:1241:0A67C	1	대사	【クリス】仕事が終わると、職員さんたちが出てくるので、ちょっとだけ賑やかになるわ。	
03061	D1:1241:0A6DA	2	대사	【アル】明後日は研究室の取材だからな‥‥それまでの辛抱だ。	
03062	D1:1241:0A718	1	대사	【アル】研究室に通じる扉だ。うかつに入ろうとすると、警報が鳴ってしまう。	
03063	D1:1241:0A764	2	대사	【アル】しかし、うかつに入らなくても部外者が入ろうとすると、	
03064	D1:1241:0A7A4	2	대사	【アル】やはり警報が鳴ってしまうようだ。	
03065	D1:1241:0A7CE	2	대사	【アル】つまり、関係者以外は警報がなるしくみだ。	
03066	D1:1241:0A802	2	대사	【アル】くどいようだが、そういうことらしい。	
03067	D1:1241:0A854	1	대사	【アル】研究室にはＩＤカードが無ければ入れない。	
03068	D1:1241:0A888	1	대사	【アル】また警報を鳴らしたくないしな‥‥研究室に入るのはやめておこう。	
03069	D1:1241:0A8D2	1	대사	【クリス】そうです、研究室にはＩＤカードがないと入れませんよ。	
03070	D1:1241:0A91C	1	대사	【クリス】教授のお仕事の邪魔をしてはいけません。私が怒られてしまいます。	
03071	D1:1241:0A970	3	대사	【アル】そうだな、外に出よう。	
03072	D1:1241:0A992	1	대사	【クリス】カードの件、忘れないで下さいね。	
03073	D1:1241:0A9C8	1	대사	【アル】わかってますよ。	
03074	D1:1241:0A9F4	1	대사	【アル】俺は暇認定をされてしまいそうだ。	
03075	D1:1241:0AA20	1	대사	【アル】実際、少し暇を持て余しているんだが‥‥。	
03076	D1:1241:0AA54	1	대사	【アル】別に暇って訳じゃないんだけどな‥‥。	
03077	D1:1241:0AA84	1	대사	【クリス】じゃあ、何か用事があるのかしら？	
03078	D1:1241:0AABA	1	대사	【アル】うっ‥‥その、何かないかな。	
03079	D1:1241:0AAE2	2	대사	【クリス】暇そうで羨ましいわ。	
03080	D1:1241:0AB22	1	대사	【クリス】カードはまだできていませんよ。	
03081	D1:1241:0AB56	1	대사	【アル】別にカードをもらいに来た訳じゃないんだけど。	
03082	D1:1241:0AB8E	1	대사	【クリス】じゃあ何をしに来たのかしら？	
03083	D1:1241:0ABC0	1	대사	【アル】うっ‥‥その、なんとなく。	
03084	D1:1241:0AC30	1	대사	【アル】あっ、く、クリスさん！	
03085	D1:1241:0AC52	1	대사	【クリス】アルバートさん、どうしたの？　そんな顔をして‥‥、	
03086	D1:1241:0AC9C	1	대사	【クリス】あら、レイコさんもご一緒で何を？	
03087	D1:1241:0ACD4	1	대사	【レイコ】い、いえ‥‥ほっホホホ、そのアレなんですよクリスさん、きょきょきょきょ‥。	
03088	D1:1241:0AD34	1	대사	【アル】教授に呼ばれてて、それでその‥‥ナニなんです。	
03089	D1:1241:0AD6E	1	대사	【レイコ】そ、そうなんですの。ホホホ、	
03090	D1:1241:0ADA2	1	대사	【レイコ】アレなんですの、それじゃこれで‥‥。	
03091	D1:1241:0ADDE	1	대사	【アル】んじゃこれで。	
03092	D1:1241:0ADF8	1	대사	【クリス】アルバートさん。	
03093	D1:1241:0AE1E	1	대사	【アル・レイコ】ドキィィッ！！！	
03094	D1:1241:0AE4A	1	대사	【レイコ】な、なんでしょうか？	
03095	D1:1241:0AE74	1	대사	【クリス】私はアルバートさんをお呼びしたんですよ。	
03096	D1:1241:0AEB2	1	대사	【レイコ】そ、そうですね、{n00}ほらアル！	
03097	D1:1241:0AEE4	1	대사	【クリス】変な人ね‥‥今日の夜、{n00}カードを取りに来るの、忘れないで下さいね。	
03098	D1:1241:0AF3C	1	대사	【アル】（ホッ。）わ、わかってますって、それじゃ。	
03099	D1:1241:0AF72	7	대사	【クリス】‥‥‥‥。	
03100	D1:1241:0AFB4	1	대사	【アル】せめてレベル５の特権があれば、かなり色々なことが調べられたのにな‥‥。	
03101	D1:1241:0B006	1	대사	【アル】まぁいいさ。だけど結構色々わかったことがある。	
03102	D1:1241:0B064	3	선택지	　端末	
03103	D1:1241:0B06C	2	선택지	　写真	
03104	D1:1241:0B07E	1	대사	【アル】目の前にはレイコさんが立っている。相変わらずナイスバディだ。	
03105	D1:1241:0B0C6	1	대사	【レイコ】もう、何を見ているのよ。	
03106	D1:1241:0B0F4	1	대사	【アル】もう写真はじっくりと見たぜ。	
03107	D1:1241:0B11C	1	대사	【レイコ】何をしているの？　早く出ましょうよ。	
03108	D1:1241:0B156	1	대사	【アル】写真を見るのか？	
03109	D1:1241:0B17A	1	대사	【アル】ステラ教授の旦那さんと、その娘が写っている。	
03110	D1:1241:0B1C0	1	대사	【アル】ステラ教授の旦那さんと、その娘が写ってる。	
03111	D1:1241:0B1F6	1	대사	【アル】しかしこの女の子、浜辺で倒れていたティーナにうりふたつだ。	
03112	D1:1241:0B23C	1	대사	【アル】しかも名前も一緒‥‥。	
03113	D1:1241:0B25C	1	대사	【アル】他人のそら似とはよく言うが‥‥これは姉妹と言っても過言じゃないな。	
03114	D1:1241:0B2B0	1	대사	【アル】もう端末をいじる必要はないだろう。	
03115	D1:1241:0B2DE	1	대사	【レイコ】さ、早くここを出ましょう。	
03116	D1:1241:0B30E	1	대사	【アル】端末を調べるのか？	
03117	D1:1241:0B334	2	대사	【アル】俺が仕事場で愛用しているＤＴＥと同じ機種だ。	
03118	D1:1241:0B3B2	1	대사	【アル】スペックやパワーのみならず、ユーザーインター{n00}フェースに優れている。	
03119	D1:1241:0B400	1	대사	【アル】この端末を利用して、色々調べることはできたが‥‥よけい混乱してきそうだな。	
03120	D1:1241:0B46A	2	대사	【アル】そうだな、外に出るか‥‥。	
03121	D1:1241:0B490	1	대사	【レイコ】さ、行きましょう。	
03122	D1:1241:0B4B8	1	대사	【アル】うーん、何かひらめきそうなんだ。もう少し考えてみようぜ。	
03123	D1:1241:0B4FC	1	선택지	　色々と	
03124	D1:1241:0B506	1	대사	【アル】考えるのはもういいだろう。	
03125	D1:1241:0B52C	1	대사	【レイコ】とにかくここを出ましょう。	
03126	D1:1241:0B55C	1	대사	【アル】しかし‥‥教授の娘にも驚かされたが、それよりもステラ教授の経歴だ。	
03127	D1:1241:0B5AA	1	대사	【アル】出生、生年月日、年齢などはいずれも不明。	
03128	D1:1241:0B5DE	1	대사	【アル】わかっているのはロシア政府が、彼女の身元を保証しているということだけだ。	
03129	D1:1241:0B630	1	대사	【アル】しかしわからないな‥‥なんだって財団は、こんな身元不明の人物を‥‥。	
03130	D1:1241:0B680	1	대사	【女性の声】それは才能のためね。	
03131	D1:1241:0B6C6	1	대사	【アル】れれれ、のれ‥‥レイコさん。	
03132	D1:1241:0B6EE	1	대사	【レイコ】ウフフ、	
03133	D1:1241:0B70E	1	대사	【レイコ】財団にとって必要なのは、出生地や年齢の情報ではなく、彼女の才能なのよ。	
03134	D1:1241:0B76C	1	대사	【アル】‥‥ふーん、教授の才能はミステリアスな部分を忘却して、	
03135	D1:1241:0B7AE	1	대사	【アル】ありあまるほどのモノだったと。	
03136	D1:1241:0B7D6	1	대사	【レイコ】そう、彼女は何というか、本当にモンスターよね。	
03137	D1:1241:0B81A	1	대사	【アル】も、モンスター！？	
03138	D1:1241:0B838	1	대사	【レイコ】ウフフ、才能が怪物じみているということよ。	
03139	D1:1241:0B878	1	대사	【アル】なるほどね。	
03140	D1:1241:0B890	1	대사	【レイコ】異才と言われた故ステラドヴィッチ教授と結婚して、	
03141	D1:1241:0B8D8	1	대사	【レイコ】いよいよ夫婦でノーベル賞受賞も夢じゃないというところまできて‥‥。	
03142	D1:1241:0B948	1	대사	【レイコ】事故で夫と娘の両方を亡くしてしまったわ‥‥。	
03143	D1:1241:0B98A	1	대사	【アル】テオドラ研究所のことですね。	
03144	D1:1241:0B9B2	1	대사	【レイコ】そう、でも教授は立ち直ったわ。	
03145	D1:1241:0B9F8	1	대사	【レイコ】私はステラ教授の力になりたいの。	
03146	D1:1241:0BA30	1	대사	【レイコ】彼女が研究を成就させるためなら、どんな協力も惜しまないわ。	
03147	D1:1241:0BA82	1	대사	【アル】へぇ、信奉してますね、レイコさん。	
03148	D1:1241:0BAB0	1	대사	【レイコ】さてと、アル。	
03149	D1:1241:0BAD4	1	대사	【アル】な、なんでげしょう、旦那。	
03150	D1:1241:0BAFA	1	대사	【レイコ】しょうがない人ね‥‥あなたのその好奇心と行動力には敬意を表するけど、	
03151	D1:1241:0BB56	1	대사	【レイコ】時には限度というものも必要よ。	
03152	D1:1241:0BB8C	2	대사	【アル】す、すみません‥‥。	
03153	D1:1241:0BBAC	1	대사	【レイコ】見つけられたのが私で良かったわ。	
03154	D1:1241:0BBE4	1	대사	【レイコ】これがクリスさんや、あのお嬢様だったりしたら‥‥。	
03155	D1:1241:0BC2E	1	대사	【アル】か、感謝してますよ、ホント。よっ、大統領！	
03156	D1:1241:0BC64	1	대사	【レイコ】もう、バカね。とにかくここを出ましょう。長々と話している訳にはいかないわ。	
03157	D1:1241:0BCC4	1	대사	【アル】そうですね。	
03158	D1:1241:0BCDC	1	대사	【アル】少し混乱してきたな‥‥そもそもテオドラ研究所も怪しいと言えば怪しいんだ。	
03159	D1:1241:0BD30	1	대사	【アル】確か、当時ステラドヴィッチ教授が何らかの公式発表を行おうとした直前、	
03160	D1:1241:0BD80	1	대사	【アル】事故が起きたんだった。	
03161	D1:1241:0BDA0	1	대사	【アル】当時のマスコミはこぞって憶測を書きまくったものだが、	
03162	D1:1241:0BDE0	1	대사	【アル】証拠のない推測ほど虚しいものはない。	
03163	D1:1241:0BE0E	1	대사	【アル】結局あの事故は、	
03164	D1:1241:0BE2A	1	대사	【アル】あくまで一職員の操作ミスか何かで決着がついたんだっけな‥‥。	
03165	D1:1241:0BE70	1	대사	【アル】ティーナか。名前自体はそれほど珍しいものでもないが‥‥。	
03166	D1:1241:0BEB4	1	대사	【アル】教授の娘ティーナは、	
03167	D1:1241:0BED4	1	대사	【アル】テオドラ研究所事故の際、父親のステラドヴィッチと一緒に死んでいる。	
03168	D1:1241:0BF20	1	대사	【アル】ま、これはあくまで公式発表だがな‥‥実際どうなったかはわからない訳だ。	
03169	D1:1241:0BF72	1	대사	【アル】だけど、もしも万が一、仮にだ、	
03170	D1:1241:0BF9C	1	대사	【アル】浜辺のティーナと教授の娘が同一人物だからといってどうなる？	
03171	D1:1241:0BFF6	1	대사	【アル】やっぱり教授の反応をうかがってみたいな、道義に反するのは百も承知だが‥‥。	
03172	D1:1241:0C054	1	대사	【アル】さてと、まずは人物情報から調べてみるかな。	
03173	D1:1241:0C08A	2	선택지	　人物１	
03174	D1:1241:0C094	2	선택지	　人物２	
03175	D1:1241:0C09E	1	선택지	　人物３	
03176	D1:1241:0C0A8	1	선택지	　その他	
03177	D1:1241:0C0E2	12	대사	ＮＥＸＴ	
03178	D1:1241:0C0F2	1	대사	【アル】ちょっと不完全なデータだな。よし、俺がデータの更新をしてやろう。	
03179	D1:1241:0C13E	1	대사	【アル】現在アルバート・マクドガルの愛人にして友人、お尻の横にホクロがある。	
03180	D1:1241:0C1A4	1	대사	【アル】んなこと書ける訳がないだろう？　でもお尻のホクロは、本当のことだぜ。	
03181	D1:1241:0C212	1	대사	【アル】すごいキャリアだな‥‥教授の秘書を勤めるだけはある。	
03182	D1:1241:0C252	1	대사	【アル】天は二物を与えるという自己評価も、あながち冗談じゃすまされないな。	
03183	D1:1241:0C2BE	1	대사	【アル】パイロット科を卒業か‥‥意外だな。	
03184	D1:1241:0C2EC	1	대사	【アル】でもなんで整備士なんてやっているんだろう。	
03185	D1:1241:0C32A	1	대사	【アル】あのお嬢様か‥‥いったいどういう人物なんだろう。	
03186	D1:1241:0C37C	1	대사	【アル】２３歳で研究所主任かよ、凄いな。	
03187	D1:1241:0C3A8	1	대사	【アル】孫というと‥‥財団会長の孫になるのか‥‥。	
03188	D1:1241:0C3DE	1	대사	【アル】んー、会長の孫娘が、わざわざ《デザイア》へ足を運ぶ理由はなんだろうか‥‥。	
03189	D1:1241:0C452	6	선택지	　カイル	
03190	D1:1241:0C45C	2	선택지	　エレナ	
03191	D1:1241:0C47C	1	대사	【アル】クリスさんか‥‥	
03192	D1:1241:0C498	1	대사	【アル】あの憂いがかった雰囲気は、人生経験の豊富さからくるものだったんだな。	
03193	D1:1241:0C4E6	1	대사	【アル】大人の女か‥‥マコトとはエラい違いだな。	
03194	D1:1241:0C538	1	대사	【アル】すごいな、２２歳で数学と物理学のドクターを取得しているのかよ。	
03195	D1:1241:0C582	1	대사	【アル】マコト以上の才媛じゃないか。	
03196	D1:1241:0C5A8	1	대사	【アル】おとなしそうな感じの子だったな‥‥	
03197	D1:1241:0C5D6	1	대사	【アル】部屋で待ってるなんて言って、申し訳なかった。	
03198	D1:1241:0C60C	1	대사	【アル】後でちゃんと謝ろう。	
03199	D1:1241:0C648	1	대사	【アル】ＭＩＴを出て、しかも武道が計１２段‥‥文武両道ってやつか。	
03200	D1:1241:0C68E	1	대사	【アル】偶然とはいえ、よく倒せたもんだ。もう２度と喧嘩はよそう。	
03201	D1:1241:0C6DA	1	대사	【アル】エレナは、確かメディカルセンターに勤務するという女の子だったな。	
03202	D1:1241:0C73C	1	대사	【アル】出身地がフランスで、国籍がロシアというのも面白いな‥‥。	
03203	D1:1241:0C794	1	선택지	　故ステラドヴィッチ	
03204	D1:1241:0C7B6	1	선택지	　アル	
03205	D1:1241:0C7D4	1	대사	【アル】パーソナルデータは、ほぼ不詳か‥‥	
03206	D1:1241:0C802	1	대사	【アル】本当に正体不明なのか、あるいは故意に隠しているだけなのか‥‥。	
03207	D1:1241:0C84A	1	대사	【アル】だがロシア科学技術アカデミーといえば、ロシア学会の権威的な象徴機関だ。	
03208	D1:1241:0C89C	1	대사	【アル】そこの会員ということは、ロシア政府が彼女の身元保証人ということになるな‥	
03209	D1:1241:0C8F0	1	대사	【アル】んーどういうことかな。	
03210	D1:1241:0C92E	1	대사	【アル】テオドラ研究所というと、確か《デザイア》の前身とも言うべき研究所だったな。	
03211	D1:1241:0C984	1	대사	【アル】それがどんな事故だったのかは、未だ判明していない‥‥。	
03212	D1:1241:0C9E4	1	대사	【アル】該当するデータは１件だけか‥‥。レベル３のアクセスじゃしょうがないな。	
03213	D1:1241:0CA36	1	대사	【アル】しかし‥‥。	
03214	D1:1241:0CA4E	1	대사	【アル】事故で夫と愛娘の２人を一気に亡くしたのか、彼女は。	
03215	D1:1241:0CA8C	1	대사	【アル】やっぱり取材とはいえ聞けないな、これに関しては‥‥。	
03216	D1:1241:0CAD4	1	대사	【アル】フッ、このアルバート様の情報は見ることができるかな？	
03217	D1:1241:0CB2A	1	대사	【アル】なんだ、たったこれだけ？	
03218	D1:1241:0CB4E	1	대사	【アル】俺のこの魅力とか、刺繍の特技なんかはインプットされていないんだな。	
03219	D1:1241:0CB9A	1	대사	【アル】よく考えてみれば、当たり前か。	
03220	D1:1241:0CBCC	1	선택지	　もっと調べる	
03221	D1:1241:0CBDC	1	선택지	　やめる	
03222	D1:1241:0CBE6	1	대사	【アル】ごく一般の人物情報以外は、引き出せないみたいだ。	
03223	D1:1241:0CC22	1	대사	【アル】そうだな、せっかくアクセスできたんだ‥‥もっと色々と調べられないものかな。	
03224	D1:1241:0CC78	1	대사	カタカタ‥‥‥‥。	
03225	D1:1241:0CC96	1	대사	【アル】《デザイア》の{n00}目的は何か？	
03226	D1:1241:0CCBE	3	대사	ピーーー。	
03227	D1:1241:0CCD4	3	대사	＊リプライ不能。	
03228	D1:1241:0CCE8	1	대사	【アル】研究内容は平和目的か？	
03229	D1:1241:0CD34	1	대사	【アル】マコト・イズミはいい女{n00}か？	
03230	D1:1241:0CD86	1	대사	【アル】ダメだな、こりゃ。	
03231	D1:1241:0CDA4	1	대사	【アル】しかし最後の質問に回答があったら、それはそれで問題だ。	
03232	D1:1241:0CDE6	1	대사	【アル】そうだな、もうここらが限界だろう。	
03233	D1:1241:0CE14	1	대사	【アル】もうやめるのか？　あと少し調べてからでも遅くはないだろう。	
03234	D1:1241:0CE74	7	선택지	　使う	
03235	D1:1241:0CE92	1	대사	【アル】おいおい、ここまでしておいて、帰るか普通？	
03236	D1:1241:0CEC8	1	대사	【アル】もうちょっと、いじらせてもらおうぜ。	
03237	D1:1241:0CEF8	1	대사	【アル】外に出るのはもうちょっと待とう。ここでやる事があるような気がする‥‥‥‥。	
03238	D1:1241:0CF4E	1	대사	【アル】せっかく入れたんだ、もうちょっと見学させてもらおうぜ。	
03239	D1:1241:0CFA0	16	선택지	　観葉植物	
03240	D1:1241:0CFBA	1	대사	【アル】やっぱり、使い勝手のいい端末は、触っていて気持ちがいい。	
03241	D1:1241:0CFFE	1	대사	【アル】せっかくだ、使わせてもらおうぜ。	
03242	D1:1241:0D02A	2	대사	【アル】俺の愛用ＤＴＥと同じ機種だ。	
03243	D1:1241:0D052	1	대사	【アル】何だかこの端末、俺に使ってくれと言っているような気がする‥‥。	
03244	D1:1241:0D09C	1	대사	【アル】『使ってー』という懇願の叫び声が、	
03245	D1:1241:0D0CA	1	대사	【アル】どこからともなく聞こえてくるんだ‥‥へっへっへ。	
03246	D1:1241:0D12C	1	대사	【アル】この端末は、俺の愛用ＤＴＥと同じ機種だ。使い勝手はかなりいい。	
03247	D1:1241:0D176	1	대사	【アル】ステラ教授も目が高いな。	
03248	D1:1241:0D19A	1	대사	【アル】最近はスペックやパワーだけでマシンを選択する奴が多いのに‥‥。	
03249	D1:1241:0D1E2	1	대사	【アル】部屋には誰もいない。教授は多分、研究室の方だろう。	
03250	D1:1241:0D220	1	대사	【アル】誰もいない部屋というのは、寒々しいな‥‥	
03251	D1:1241:0D254	1	대사	【アル】装飾品の観葉植物が、その感慨を一層引き立てている。	
03252	D1:1241:0D290	1	대사	【アル】それにしても、奥にある本のラインナップも凄いな‥	
03253	D1:1241:0D2CC	1	대사	【アル】なになに、「物理学入門」、「基礎生物学」‥‥。	
03254	D1:1241:0D304	1	대사	【アル】ふーむ、意外に入門書が多いな。	
03255	D1:1241:0D32E	1	대사	【アル】やはり教授とはいっても、基礎は大事ってことなんだろうか。	
03256	D1:1241:0D370	1	대사	【アル】ごく普通の観葉植物のようだ。別に異状はない。	
03257	D1:1241:0D3A8	1	대사	【アル】しかしこの研究所には、どこにでも観葉植物が飾ってあるな。なんでだろう。	
03258	D1:1241:0D3FA	1	대사	【アル】ま、単なる趣味なのかな‥‥	
03259	D1:1241:0D420	1	대사	【アル】見ていて別に不快という訳じゃないし、問題はないが。	
03260	D1:1241:0D45C	1	대사	【アル】この写真は、いったいどういうことなんだろう。	
03261	D1:1241:0D494	1	대사	【アル】ん？　これは‥‥これは写真か。	
03262	D1:1241:0D4C6	1	대사	【アル】隣のオッサンは旦那のステラドヴィッチ教授か‥‥２人の間の女の子は‥‥‥‥。	
03263	D1:1241:0D52C	1	대사	【アル】ありゃりゃ、ティーナ？	
03264	D1:1241:0D54E	1	대사	【アル】なんでティーナがこんな所に‥‥。	
03265	D1:1241:0D57A	1	대사	【アル】いや、違う。	
03266	D1:1241:0D592	1	대사	【アル】確かに似ているけど、よく見ると要所要所は異なっている‥‥	
03267	D1:1241:0D5D6	1	대사	【アル】目つきや顔の輪郭なども微妙に違う。	
03268	D1:1241:0D602	1	대사	【アル】しかし、ティーナに酷似しているな。こりゃ姉妹と言っても過言じゃない。	
03269	D1:1241:0D668	1	대사	【アル】‥‥‥‥‥‥‥。	
03270	D1:1241:0D684	8	대사	【アル】‥‥‥‥‥‥‥‥‥‥。	
03271	D1:1241:0D6A6	1	대사	【アル】しかし‥‥見れば見るほどよく似ているな。	
03272	D1:1241:0D6DA	1	대사	【アル】ん？　裏に何か書いてあるぞ‥‥。	
03273	D1:1241:0D706	1	대사	【アル】なになに、夫グスタフ、{n00}我が愛娘ティーナと共に‥‥！？	
03274	D1:1241:0D748	1	대사	【アル】愛娘ティーナ！？	
03275	D1:1241:0D764	1	대사	【アル】教授に娘さんがいたのは知っているが‥‥どうなってるんだ、これは。	
03276	D1:1241:0D7CA	1	대사	【アル】臭いな、んープンプンにおうぜ。俺の記者としての勘がそう言っている。	
03277	D1:1241:0D818	1	대사	【アル】そうだな、とりあえず手がかりになるものを捜してみるか‥‥。	
03278	D1:1241:0D864	2	대사	ゴソゴソ、ゴソゴソ	
03279	D1:1241:0D882	1	대사	【アル】しかしこれじゃまるっきりドロボウだな‥‥。	
03280	D1:1241:0D8B8	1	대사	ガサゴソ	
03281	D1:1241:0D8CC	1	대사	【アル】こんなところを見られたら、一発でアウトだぜ。	
03282	D1:1241:0D922	1	대사	【アル】と言いながら作業を続ける俺も、いい根性してるな。	
03283	D1:1241:0D95E	1	대사	【アル】んーこれは違う、これも違うな‥‥机の下には‥‥貼っていないな。	
03284	D1:1241:0D9A8	1	대사	【アル】せっかくここまできて‥‥どうしよう。	
03285	D1:1241:0D9D8	1	대사	【アル】綺麗な机はいつ見ても気持ちがいいものだ。	
03286	D1:1241:0DA0C	1	대사	【アル】だったら自分の机もそうすればいいんだが、	
03287	D1:1241:0DA40	1	대사	【アル】あの煩雑さはあれでまた気持ちいいんだよな。	
03288	D1:1241:0DA74	1	대사	【アル】机の上には比較的小さな端末が置いてある。	
03289	D1:1241:0DAA8	1	대사	【アル】その傍らにはいくつかの装飾品、写真などが飾ってある。	
03290	D1:1241:0DAE6	1	대사	【アル】しかし綺麗に整頓されているな‥‥なんでこうまで片づくものかね。	
03291	D1:1241:0DB30	1	대사	【アル】俺の机の上なんて、エントロピーが極大になっているからな‥‥。	
03292	D1:1241:0DB78	1	선택지	　ＩＤ	
03293	D1:1241:0DB80	1	선택지	　パスワード	
03294	D1:1241:0DB8E	2	선택지	　ティーナの事	
03295	D1:1241:0DB9E	1	대사	【アル】浜辺で倒れていた少女と、教授の娘が同じ名前か‥‥何かあるんだろうか‥‥？	
03296	D1:1241:0DBF2	1	대사	【アル】ティーナが教授の娘‥‥？　いったいどういうことだろう。	
03297	D1:1241:0DC34	1	대사	【アル】同名の人間はいくらでもいるだろうが‥‥	
03298	D1:1241:0DC66	1	대사	【アル】容姿まで似ているとなると、勘ぐりたくもなるというものだ。	
03299	D1:1241:0DCA8	1	대사	【アル】だが勘ぐると言っても、何をどう勘ぐる？	
03300	D1:1241:0DCDA	1	대사	【アル】まったく訳が分からないというのが本音だな‥‥。	
03301	D1:1241:0DD12	1	대사	【アル】ＩＤは、教授のファーストネームだったな。	
03302	D1:1241:0DD46	1	대사	【アル】フフン、ちょろいちょろい。	
03303	D1:1241:0DD6C	1	대사	【アル】恐らくＩＤは、教授の{n00}ファーストネームだ。	
03304	D1:1241:0DDA2	1	대사	【アル】よし、慎重に考えよう。	
03305	D1:1241:0DDC4	1	대사	【アル】１度でも間違えると、怪しまれる可能性があるからな‥‥。	
03306	D1:1241:0DE04	1	대사	【アル】システム的には、まずはここ《デザイア》にあるホストＣＰＵにアクセスする。	
03307	D1:1241:0DE58	1	대사	【アル】しかる後、そこを経由して本部のＣＰＵに直結するはずだ。	
03308	D1:1241:0DE9A	1	대사	【アル】ってことは、ここ《デザイア》内でのみ通用するＩＤを使用しているはずで‥‥。	
03309	D1:1241:0DEF0	1	대사	【アル】すると名前あたりが妥当な線だな。	
03310	D1:1241:0DF1C	1	대사	【アル】名前か‥‥ステラドヴィッチ？　いや違うな。	
03311	D1:1241:0DF52	1	대사	【アル】死んだ旦那さんも使用したはずだ。すると彼女{n00}のファーストネーム‥‥？	
03312	D1:1241:0DFA0	1	대사	【アル】確か、マルチナ‥‥だったっけ。	
03313	D1:1241:0DFCA	1	대사	【アル】あっ、もしかして。	
03314	D1:1241:0DFE8	1	대사	【アル】いやいや、やはり安直過ぎるかな‥‥。	
03315	D1:1241:0E018	1	대사	【アル】うーん、パスワードか‥‥どうしたものかな。	
03316	D1:1241:0E064	1	대사	【アル】わからないな‥‥。	
03317	D1:1241:0E082	1	대사	【アル】教授のことだから、何かの数式をパスワードにするかもしれないし、	
03318	D1:1241:0E0CC	1	대사	【アル】あるいは定数の最初１０ケタとか。	
03319	D1:1241:0E0F6	1	대사	【アル】学生時代、円周率の少数以下２４ケタ目から３２ケタ目までを	
03320	D1:1241:0E13A	1	대사	【アル】パスワードにしていた奴がいたからな‥‥。	
03321	D1:1241:0E16C	1	대사	【アル】そう考え出すとほぼ絶望的だ。	
03322	D1:1241:0E194	1	대사	【アル】一度でも間違えると怪しまれる可能性があるし‥‥。	
03323	D1:1241:0E1D8	1	선택지	　ナニ	
03324	D1:1241:0E1E8	1	대사	【アル】このまま思案していてもラチがあかない。やってみるか。	
03325	D1:1241:0E228	1	대사	ＴＩＮＡ＿	
03326	D1:1241:0E236	4	대사	ピピピピ‥‥‥‥‥‥ピポッ。	
03327	D1:1241:0E25E	1	대사	＊ＣＯＮＮＥＣＴ－－－	
03328	D1:1241:0E278	2	대사	【アル】やったぜ！	
03329	D1:1241:0E28E	1	대사	＊ＤＢＭＳレベル３の広域アクセスが可能です。	
03330	D1:1241:0E2BE	1	대사	＊コマンドを入力して下さい。	
03331	D1:1241:0E2DE	1	대사	【アル】とととっ、レベル３というと、余り高くはない階級だな。	
03332	D1:1241:0E31E	1	대사	【アル】検索できるデータにも当然限度が出てくる‥‥。	
03333	D1:1241:0E354	1	대사	【アル】まぁいいさ、じゃあさっそく財団ご自慢のデータベースにアクセスしてやるか。	
03334	D1:1241:0E3A8	1	대사	【アル】パスワードは慎重にいこう。ここで失敗はしたくないぜ。	
03335	D1:1241:0E3E8	1	대사	【アル】よし、ＩＤは彼女の{n00}ファーストネームだな。	
03336	D1:1241:0E41E	1	대사	ＭＡＲＬＴＩＮＡ＿	
03337	D1:1241:0E45C	1	대사	＊ＩＮＰＵＴ　ＰＡＳＳＷＯＲＤ：＿	
03338	D1:1241:0E482	1	대사	【アル】よしよし。さて、次なる難関だが‥‥。	
03339	D1:1241:0E4B2	1	대사	【アル】パスワードか。覚えやすく、かつ人に悟られにくい番号、	
03340	D1:1241:0E4F2	1	대사	【アル】ないしはアルファベットの羅列、印象深い単語‥‥。	
03341	D1:1241:0E52C	1	대사	【アル】漠然とし過ぎているな‥‥こりゃ手強いぞ。	
03342	D1:1241:0E560	1	대사	【アル】入力ミスは厳禁だ。もうちょっと考えようぜ。	
03343	D1:1241:0E59E	1	대사	【アル】誰もいない部屋‥‥目の前には中央のＣＰＵに直結してるであろう端末‥‥。	
03344	D1:1241:0E5F0	1	대사	【アル】フフ、フフフ‥‥。	
03345	D1:1241:0E60E	1	대사	【アル】こうみえても、カレッジでの情報処理はＡだったんだぜ、俺は。	
03346	D1:1241:0E654	1	대사	【アル】さーて、ポキポキ。	
03347	D1:1241:0E672	1	대사	【アル】今のは指を鳴らした音だ。	
03348	D1:1241:0E696	1	대사	【アル】へへっ、他人の端末をいじくりまわすなんて、学生時以来だぜ。	
03349	D1:1241:0E6DA	1	대사	【アル】では、と‥‥。	
03350	D1:1241:0E6F4	6	대사	カタカタカタ‥‥‥‥。	
03351	D1:1241:0E740	1	대사	＊ＡＬＬＯＷＥＤ　ＹＯＵＲ　ＡＣＣＥＳＳ：	
03352	D1:1241:0E76E	1	대사	【アル】チョロイチョロイ。さて、お次はと‥‥。	
03353	D1:1241:0E7EA	1	대사	＊ＩＮＰＵＴ　ＹＯＵＲ　ＩＤ：＿	
03354	D1:1241:0E80E	1	대사	【アル】ＩＤか‥‥うーん。	
03355	D1:1241:0E82C	1	대사	【アル】‥‥何だろうな。社員番号、保険、あるいは全く別の‥‥？	
03356	D1:1241:0E86E	1	대사	【アル】だからナニって何だっていうの。	
03357	D1:1241:0E898	1	대사	【アル】ナニって、何だよ。	
03358	D1:1241:0E8B6	1	대사	【アル】まったく‥‥変なことをさせないで、さっさと端末を使わせてもらおうぜ。	
03359	D1:1241:0E920	3	선택지	　捜す	
03360	D1:1241:0E94C	1	대사	【アル】ま、クリスさんだって四六時中ここにつめている訳じゃないだろう。	
03361	D1:1241:0E996	1	대사	【アル】トイレにだって行くだろうし‥‥。	
03362	D1:1241:0E9C0	1	대사	【アル】相変わらず静かな場所だ。	
03363	D1:1241:0E9E4	1	대사	【アル】唯一とも言うべきクリスさんがいなくなったので、より一層静寂を感じてしまう。	
03364	D1:1241:0EA3A	1	대사	【アル】その先の研究室に、俺は興味があるんだが‥‥。	
03365	D1:1241:0EA72	1	대사	【アル】研究室に通じる扉だ。	
03366	D1:1241:0EA92	1	대사	【アル】自動ドアだが、	
03367	D1:1241:0EAAA	1	대사	【アル】左のパネルにカードを差し込んで操作をしなければ、開かないらしい。	
03368	D1:1241:0EAF6	1	대사	【アル】意外に広い受付だ。	
03369	D1:1241:0EB14	1	대사	【アル】受付には誰も座っていない。恐らく普段はクリスさんが座っているんだろう。	
03370	D1:1241:0EB66	1	대사	【アル】だけど、意外に広いスペースだな。	
03371	D1:1241:0EB92	1	대사	【アル】こういう受付って、狭っくるしいものだとばかり思っていたけど。	
03372	D1:1241:0EC3A	1	대사	【アル】うかつに入ろうとすると、警報が鳴ってしまうぞ。	
03373	D1:1241:0ED40	1	대사	【アル】大丈夫かな、教授は結構{n00}ナーヴァスだと聞いているし‥‥。	
03374	D1:1241:0ED84	1	대사	【アル】しかし取材で話を聞いたりするよりも、意外なタイミングで質問したりすると、	
03375	D1:1241:0EDD8	1	대사	【アル】つい本音や本心がポロリと出たりするものなんだ。	
03376	D1:1241:0EE10	1	대사	【アル】怒られたら謝ってしまおう。	
03377	D1:1241:0EE36	1	대사	【アル】後の失敗を恐れていたら、記者なんてやってられないぜ。	
03378	D1:1241:0EE74	1	대사	【アル】よし行くぞ。	
03379	D1:1241:0EEA8	1	대사	【アル】アルバートです。ステラ教授‥‥。	
03380	D1:1241:0EEF4	1	대사	【アル】いないのか‥‥結構緊張して入ってきたのに、何だか損をした気分だな。	
03381	D1:1241:0EF42	1	대사	【アル】でも考えてみると、見つからなければ怒られないんじゃないか？	
03382	D1:1241:0EF88	1	대사	【アル】今クリスさんは席を外している訳で‥‥。	
03383	D1:1241:0EFD0	1	대사	【アル】これはもしかするとチャンスなのでは？	
03384	D1:1241:0F000	1	대사	【アル】勝手に入ったら怒られてしまうぞ。	
03385	D1:1241:0F02C	7	대사	【アル】そうだな、外に出るか。	
03386	D1:1241:0F05E	1	대사	【アル】今となっては、クリスさんがいない方がいい。	
03387	D1:1241:0F094	1	대사	【アル】捜してもクリスさんはいない。	
03388	D1:1241:0F0BC	1	대사	【アル】クリスさん、いませんか？	
03389	D1:1241:0F0F6	1	대사	【アル】どうしたんだろう、クリスさんはいないようだ。	
03390	D1:1241:0F16A	2	대사	【アル】人の姿はないみたいだ。	
03391	D1:1241:0F18C	2	대사	【クリス】私がいます。	
03392	D1:1241:0F1AE	3	대사	【アル】わかってるよ‥‥。	
03393	D1:1241:0F1CC	2	대사	【アル】相変わらず静かな受付だな。本当に人が働いているんだろうか‥‥。	
03394	D1:1241:0F216	2	대사	【クリス】もちろんです。私が働いています。	
03395	D1:1241:0F24C	2	대사	【アル】言っている意味がちょっと違うんだけど‥‥。	
03396	D1:1241:0F282	2	대사	【アル】相変わらず落ちついた雰囲気の人だ。	
03397	D1:1241:0F44C	2	대사	【アル】研究室には入れないらしい。	
03398	D1:1241:0F472	2	대사	【アル】ま、明後日には研究室内の撮影があるからな‥‥それまでの辛抱だ。	
03399	D1:1241:0F4BC	2	대사	【クリス】許可無く入られては困ります‥‥あっ、そこのパネルをいじらないで。	
03400	D1:1241:0F512	2	대사	【アル】やぁ、困った顔もまた素敵ですね。	
03401	D1:1241:0F55E	2	대사	【アル】お、怒った顔もまた素敵‥‥。	
03402	D1:1241:0F586	2	대사	【クリス】アルバートさん、困ります。	
03403	D1:1241:0F5B6	2	대사	【アル】すみません‥‥。	
03404	D1:1241:0F5D2	2	대사	【アル】どうやら入室許可は得られないみたいだ。	
03405	D1:1241:0F626	2	대사	【クリス】今日の夜、忘れないで下さいね。	
03406	D1:1241:0F65A	1	대사	【アル】わかってます、ＩＤカードですね。取りに行きますよ。	
03407	D1:1241:0F6A8	1	대사	【クリス】そんなことばかり言っていると、恋人さんに怒られるわよ。	
03408	D1:1241:0F6F4	1	대사	【アル】いや、冗談ですよ、冗談。	
03409	D1:1241:0F718	1	대사	【クリス】今度はどんなご用かしら？	
03410	D1:1241:0F746	1	대사	【アル】奥さん、今晩ラウンジで、大人の時間を過ごしませんか？	
03411	D1:1241:0F786	1	대사	【クリス】お生憎さま、私はまだ独身です。	
03412	D1:1241:0F7BA	1	대사	【アル】いやぁ、あれは気分を出すためのもんです。それより、どう？	
03413	D1:1241:0F7FE	1	대사	【クリス】フフフ、それってお誘い？　それとも取材かしら。	
03414	D1:1241:0F842	1	대사	【アル】解釈はご自由に。	
03415	D1:1241:0F85E	1	대사	【クリス】でもラウンジは、夜の８時に閉めてしまうわ。	
03416	D1:1241:0F89E	1	대사	【アル】なんだ、そうだったのか。せっかくの大人の時間が‥‥。	
03417	D1:1241:0F8DE	1	대사	【クリス】フフ、面白い方ね。でもどうせ取材が目的でしょう？	
03418	D1:1241:0F924	1	대사	【アル】さあどうですかね。	
03419	D1:1241:0F942	1	대사	【クリス】残念だけど、そういうお誘いにはのれませんよ。	
03420	D1:1241:0F9CE	1	대사	【クリス】メディカルセンターに勤務する看護婦よ。	
03421	D1:1241:0FA0A	1	대사	【アル】エレナというのは？	
03422	D1:1241:0FA28	1	대사	【クリス】ウフフ、本当に知らないのかしらね。	
03423	D1:1241:0FA60	1	대사	【アル】知らないから聞いてるんです。	
03424	D1:1241:0FA88	1	대사	【クリス】よこしまな心を隠すため、とも考えられるわ。	
03425	D1:1241:0FAC8	1	대사	【アル】なんですか、その『よこしまな心』ってのは。	
03426	D1:1241:0FAFE	1	대사	【クリス】言葉通りじゃなくて？	
03427	D1:1241:0FB28	1	대사	【アル】だってクリスさん、よく考えて下さいよ、俺は今日ここに来たばかりですよ。	
03428	D1:1241:0FB7A	1	대사	【クリス】そう言われてみればそうね‥‥。	
03429	D1:1241:0FBAE	1	대사	【アル】でしょう？	
03430	D1:1241:0FBC4	1	대사	【クリス】でもあなたなら知っていそうな気がするわ。	
03431	D1:1241:0FC02	1	대사	【アル】なんですかそれは。	
03432	D1:1241:0FC20	1	대사	【クリス】まぁいいわ。エレナというのはメディカルセンターに勤務している女の子の事よ。	
03433	D1:1241:0FC80	1	대사	【アル】へぇ、もしかすると可愛いとか？	
03434	D1:1241:0FCAA	1	대사	【クリス】ご明察。その子がまた職員の間で人気が高いの。	
03435	D1:1241:0FCEC	1	대사	【アル】ふーん、でも俺には関係ないな。	
03436	D1:1241:0FD16	1	대사	【クリス】ウフフ、いつまで関係ないのかしらね。	
03437	D1:1241:0FD50	1	대사	【アル】またそういうことを。俺はいたって真面目な人間ですよ。	
03438	D1:1241:0FD90	1	대사	【クリス】ではそういうことにしておいてあげましょう。	
03439	D1:1241:0FDD0	1	대사	【アル】何か引っかかる言い方だな‥‥。	
03440	D1:1241:0FDFA	1	대사	【アル】（妙に勘ぐられるから聞きづらいな‥‥別にやましいことなんてないのに。）	
03441	D1:1241:0FE4C	1	대사	【アル】（ま、別に急ぎの用がある訳でもないし、{n00}構わないか。）	
03442	D1:1241:0FE8E	1	대사	【クリス】なんでそんなにメディカルセンターの事が知りたいのかしら？	
03443	D1:1241:0FEDC	1	대사	【アル】いや別に、なんとなくさ。	
03444	D1:1241:0FF00	1	대사	【クリス】やっぱりね。	
03445	D1:1241:0FF22	1	대사	【アル】な、なにが『やっぱりね』なんですか。	
03446	D1:1241:0FF52	1	대사	【クリス】メディカルセンターのこ{n00}と？　なんでまた。	
03447	D1:1241:0FF92	1	대사	【アル】いやつまり、医療施設のことを覚えておいて損はないかなって。	
03448	D1:1241:1000E	1	대사	【クリス】ウフフ、わかったわ、あの子のせいね。	
03449	D1:1241:10048	1	대사	【アル】べ、別にティーナのせいじゃないよ。	
03450	D1:1241:10076	1	대사	【クリス】ティーナ？　エレナのことじゃないの？	
03451	D1:1241:100B0	1	대사	【アル】エレナ？　誰だいそれ。	
03452	D1:1241:100F2	1	대사	【アル】どうも話が食い違っているみたいだ。	
03453	D1:1241:10146	1	대사	【アル】研究室に続いている扉だ。ＩＤカードが無いと入れない。	
03454	D1:1241:10186	1	대사	【クリス】くれぐれもイタズラはよして下さいね。	
03455	D1:1241:101C0	1	대사	【アル】あの向こう側に研究室があるらしい。早いとこ入ってみたいもんだ。	
03456	D1:1241:1020A	1	대사	【クリス】研究室内の撮影は、確か明後日でしたね。	
03457	D1:1241:10246	1	대사	【アル】遅かれ早かれ入れるんだから、今入ってもいいようなもんだけどな。	
03458	D1:1241:10290	1	대사	【クリス】規則ですから。	
03459	D1:1241:102B4	1	대사	【アル】規則ってのは破るためにあるんですよ。	
03460	D1:1241:102E4	1	대사	【クリス】破ったら怒りますよ、アルバートさん。	
03461	D1:1241:1031E	1	대사	【アル】は、はい‥‥{n00}（恐い‥‥。）	
03462	D1:1241:107E0	1	대사	【クリス】教授の部屋に、勝手に入ってはいけません。	
03463	D1:1241:1081E	1	대사	【アル】固いこと言わないでさ、{n00}ね？　ちょっとだけ教授とお話をするだけだよ。	
03464	D1:1241:1086E	1	대사	【クリス】教授はお仕事が中断されるのを極端に嫌われるんです。私が怒られてしまいます。	
03465	D1:1241:108CE	1	대사	【アル】すぐに出てくるよ、ホント。	
03466	D1:1241:108F4	1	대사	【クリス】じゃあ、１秒で出てきて下さい。	
03467	D1:1241:10928	1	대사	【アル】んな無茶な。ドアを開けるのに１秒かかってしまう。	
03468	D1:1241:10964	1	대사	【クリス】じゃあ、ダメです。	
03469	D1:1241:1098C	1	대사	【アル】わかった、１秒で出てくるよ。	
03470	D1:1241:109B4	1	대사	【クリス】それでもダメです。	
03471	D1:1241:109DC	1	대사	【アル】結局入っちゃダメってことじゃないか。	
03472	D1:1241:10A0C	1	대사	【クリス】そうです。	
03473	D1:1241:10A98	1	대사	【アル】わかってますよ、ＩＤカードですね。取りに行きますよ。	
03474	D1:1241:10ADE	1	대사	【アル】もう少しクリスさんのそばにいたいな。	
03475	D1:1241:10B0E	1	대사	【クリス】ウフフ、なかなか女性の心を捉えるのがうまいのね。	
03476	D1:1241:10B5E	1	대사	【クリス】カイルには、たまたま偶然で‥‥。	
03477	D1:1241:10B94	1	대사	【アル】何度も言わなくていいですよ。	
03478	D1:1241:10BBC	1	대사	【クリス】フフ、でも私、強い男性に憧れるわ‥‥。	
03479	D1:1241:10BF8	1	대사	【アル】言っておくけど、俺はそんなに大したもんじゃないぜ。	
03480	D1:1241:10C36	1	대사	【アル】奇襲で倒したようなものだし。	
03481	D1:1241:10C5C	1	대사	【クリス】ご謙遜ね。	
03482	D1:1241:10C7C	1	대사	【アル】謙遜じゃない。褒められるのは嫌いじゃないが、	
03483	D1:1241:10CB4	1	대사	【アル】必要以上に過大評価されるのは趣味じゃないんでね。	
03484	D1:1241:10CEE	1	대사	【クリス】ごめんなさい‥‥じゃあ、	
03485	D1:1241:10D1E	1	대사	【クリス】カイルにはたまたま偶然で勝つことができた、これでいいかしら？	
03486	D1:1241:10D72	1	대사	【アル】改めてそう言われると何だか複雑だな。	
03487	D1:1241:10DA2	1	대사	【クリス】ウフフ、そういえば聞いたわ。	
03488	D1:1241:10DD4	1	대사	【アル】え、何？	
03489	D1:1241:10DE8	1	대사	【クリス】ラウンジでの一件。あのカイルを一発で倒したんですって？	
03490	D1:1241:10E34	1	대사	【アル】まいったな‥‥もうそんなことが噂になっているのか。	
03491	D1:1241:10E72	1	대사	【クリス】ええ、アルバートさんはカラテの達人だとか、もう凄い噂になってるわよ。	
03492	D1:1241:10ECC	1	대사	【アル】そ、そうだったのか‥‥俺って全くもって凄い奴だったんだな。	
03493	D1:1241:10F12	1	대사	【クリス】ね、どうやって倒したの？　やっぱりエイヤッっていう感じかしら？	
03494	D1:1241:10F66	1	대사	【アル】エイヤッていう感じがどんな感じかわからないけど、ただ普通にボカッて。	
03495	D1:1241:10FB6	1	대사	【クリス】こういう感じかしら？	
03496	D1:1241:10FE0	1	대사	【アル】いやどちらかというと、こう、かな？	
03497	D1:1241:1100E	1	대사	【クリス】ああ、こう、ね。	
03498	D1:1241:11034	1	대사	【アル】‥‥文章じゃ意味不明なことは、もうやめよう。	
03499	D1:1641:00B5A	1	대사	【アル】ここは研究室内の受付だ。	
03500	D1:1641:00B7E	1	대사	【アル】研究所自体が稼働しているようだが‥‥。	
03501	D1:1641:00BB0	1	대사	ピカッ！！　ドドーン！！！	
03502	D1:1641:00BD2	1	대사	【アル】うわっ！‥‥と、とにかく早くティーナを捜さないと。	
03503	D1:1641:00C1A	1	대사	【アル】ど、どうしたんだ‥‥。	
03504	D1:1641:00C3C	1	대사	【アル】電気が来ているじゃないか‥‥いつかの、あの音もしている。	
03505	D1:1641:00C80	1	대사	【アル】研究所自体が稼働しているんだ！！	
03506	D1:1641:00CB6	1	대사	【アル】ティーナ、様子がおかしかったな‥‥一体どうしたんだろう。	
03507	D1:1641:00D14	1	대사	【アル】ま、今日の夜にでも、それとなく聞いてみるさ。	
03508	D1:1641:00D4C	1	대사	【アル】本当に疲れているだけなのかもしれないしな‥‥。	
03509	D1:1641:00DB4	1	대사	【アル】といっても、誰かが用件などを聞いて、取り計らってくれる訳じゃないがな‥‥。	
03510	D1:1641:00E14	1	대사	【アル】ティーナ‥‥ティーナ！？	
03511	D1:1641:00E52	1	대사	【アル】おかしいな‥‥どこにもいない。	
03512	D1:1641:00E7C	1	대사	【アル】ここにいてもしょうがないな、受付に戻ろう。	
03513	D1:1641:00EF0	1	대사	【アル】あたりを見回している場合じゃないぜ。早くティーナを捜そう。	
03514	D1:1641:00F36	1	대사	【アル】受付は、外から見たほど違和感はない‥‥。	
03515	D1:1641:00F6A	1	대사	【アル】しかし振動と騒音は、よりいっそう確かなものになっている。	
03516	D1:1641:00FAE	1	대사	【アル】研究所自体が稼働し始めたんだ。	
03517	D1:1641:00FD8	1	대사	【アル】研究室に通じるドアだ。ティーナがこの先にいるかもしれない‥‥。	
03518	D1:1641:01022	1	대사	【アル】研究室へ通じるドアだ。ティーナはここから研究室に行ったんだろうか？	
03519	D1:1641:01070	1	대사	【アル】ドアのガラスも、カタカタと細かく振動しているようだ‥‥。	
03520	D1:1641:010B4	1	대사	【アル】葉が忙しく揺れている‥‥。	
03521	D1:1641:010DA	1	대사	【アル】葉が揺れている‥‥いや、鉢自体カタカタと揺れているようだ‥‥。	
03522	D1:1641:01124	1	대사	【アル】やはりこの研究所自体が稼働して、揺れているんだ。	
03523	D1:1641:01184	1	대사	【アル】ティーナを捜してからだ。何だか、ここは危険な気がする‥‥。	
03524	D1:1641:011CA	1	대사	【アル】冗談だろう？　ティーナをまだ捜していないぜ。	
03525	D1:1641:01202	1	대사	【アル】研究室か‥‥ティーナいるだろうか。	
03526	D1:1641:01256	1	대사	【アル】教授の部屋か‥‥ティーナの勉強部屋だな。	
03527	D1:1641:0128A	1	대사	【アル】もしかしたら、いるかもしれないな。よし、行ってみよう。	
03528	D1:1641:012D6	1	대사	【ティーナ】どうしたの？　アル。	
03529	D1:1641:01302	1	대사	【アル】いや何となく、ティーナに会いたくなっちゃって。	
03530	D1:1641:0133C	1	대사	【ティーナ】クスクスッ。嬉しいけど、すぐに言い訳ってわかっちゃうわよ。	
03531	D1:1641:0138E	1	대사	【アル】す、スマン‥‥そんなわけで改めて、じゃ。	
03532	D1:1641:013C2	1	대사	【ティーナ】うん、今日は部屋に戻るの、ちょっと遅くなるから‥‥。	
03533	D1:1641:0140E	2	대사	【アル】わかった。	
03534	D1:1641:0142E	1	대사	【アル】いるかな‥‥‥‥おっ、いたいた。	
03535	D1:1641:0145A	1	대사	【アル】ティーナ、おいティーナ！	
03536	D1:1641:01488	5	대사	【ティーナ】アル‥‥‥‥。	
03537	D1:1641:014AE	1	대사	【アル】せいが出るね、また読書かい？	
03538	D1:1641:014D6	2	대사	【ティーナ】う、うん‥‥‥‥。	
03539	D1:1641:01500	1	대사	【アル】（ん？　何だか元気がないようだけど‥‥。）	
03540	D1:1641:01568	1	선택지	　本棚	
03541	D1:1641:0157C	1	대사	【アル】ティーナが毎日掃除をしている部屋だ。綺麗に片付いているな。	
03542	D1:1641:015C2	1	대사	【アル】綺麗に片付いている部屋は、見ていて気持ちがいいもんだな。	
03543	D1:1641:01606	1	대사	【ティーナ】じゃあ、アル。明日の寝室、お願いね。	
03544	D1:1641:01642	1	대사	【アル】見ていて気持ちがいいとは言ったが、掃除が好きとは言っていないぞ。	
03545	D1:1641:0168E	1	대사	【ティーナ】もう、いつもそうなんだから‥‥気持ちがいいこと、好きじゃないの？	
03546	D1:1641:016E6	1	대사	【アル】気持ちがいいことは大好きだぞ。	
03547	D1:1641:01710	1	대사	【アル】だけど俺の場合は、していて気持ちがいいことだな。	
03548	D1:1641:0174C	4	대사	【ティーナ】どういうこと？	
03549	D1:1641:01772	1	대사	【アル】子供は知らなくていいの。	
03550	D1:1641:01796	1	대사	【アル】ここはかなり綺麗に片付いているな。ティーナの勉強部屋だ。	
03551	D1:1641:017DA	1	대사	【ティーナ】毎日、掃き掃除と拭き掃除をしているの。	
03552	D1:1641:01818	1	대사	【アル】大変だな。	
03553	D1:1641:0182E	1	대사	【ティーナ】ううん、お掃除とか好きだから‥‥‥‥{s00}あーーー	
03554	D1:1641:01880	6	대사	【アル】な、なんだよ。	
03555	D1:1641:0189A	1	대사	【ティーナ】また昨日と同じ服をきている！	
03556	D1:1641:018D0	1	대사	【ティーナ】アンダーシャツだけでも毎日かえてって、言っているのに‥‥。	
03557	D1:1641:01924	1	대사	【アル】わ、わかったよ、後でかえるから。（ふぅ、潔癖症ってのも考え物だな‥‥。）	
03558	D1:1641:01978	1	대사	【アル】本棚には色々な本が置いてある。ま、俺には無用の長物だがな。	
03559	D1:1641:019BE	1	대사	【アル】結構、色々な本が飾ってあるな‥‥。	
03560	D1:1641:019EC	1	대사	【ティーナ】飾ってある訳じゃないの。本は読むためにあるのよ。	
03561	D1:1641:01A34	1	대사	【アル】んなこたぁわかってる。なになに‥‥‥‥。	
03562	D1:1641:01A68	1	대사	【アル】『ＳＭ奥義１０８例』だと！　や、やるなぁ、ティーナ。	
03563	D1:1641:01AA8	1	대사	【ティーナ】ＳＭって‥‥もしかして、新しい元素記号？	
03564	D1:1641:01AE8	1	대사	【アル】‥‥‥‥もういい。	
03565	D1:1641:01B06	1	대사	【アル】（でも、何だかやっぱり気になるな‥‥。）	
03566	D1:1641:01B3A	1	대사	【ティーナ】本当に何でもないの‥‥。	
03567	D1:1641:01B6A	1	대사	【アル】どうしたんだろうな、ちょっと元気が無いようだが‥‥。	
03568	D1:1641:01BAA	1	대사	【ティーナ】そんなことない‥‥そんなことないわ。	
03569	D1:1641:01BE6	1	대사	【アル】本当か‥‥？　あっ、わかったぞ！	
03570	D1:1641:01C12	1	대사	【ティーナ】な、なに‥‥？	
03571	D1:1641:01C38	1	대사	【アル】まったく、そういうことはすぐに言えよ。よし、今日は赤飯だな！	
03572	D1:1641:01C80	1	대사	【ティーナ】な、何か勘違いしてるような‥‥。	
03573	D1:1641:01CC6	1	대사	【ティーナ】じゃ、私はもう少しここでやっていくから。	
03574	D1:1641:01D06	1	대사	【アル】あぁ、あまり根を詰め過ぎるなよ。自分の身体だからな‥‥。	
03575	D1:1641:01D4A	1	대사	【ティーナ】うん、わかった。後で浜辺に行くかもしれないからね。	
03576	D1:1641:01D94	1	대사	【アル】部屋を出るのは、まだ早いだろう。	
03577	D1:1641:01DC0	1	대사	【アル】何だかティーナのことが気になるな‥‥もうちょっと話してみようぜ。	
03578	D1:1641:01E18	1	대사	【ティーナ】今日は先に寝ていて構わない。	
03579	D1:1641:01E4C	1	대사	【アル】あぁ、わかったよ。	
03580	D1:1641:01E6A	1	대사	【アル】（まぁ、年頃の女の子だからな‥‥こういう時期もあるんじゃないかな。）	
03581	D1:1641:01EBA	1	대사	【アル】（星空を見ているだけで涙が出る時期が、）	
03582	D1:1641:01EEE	1	대사	【アル】（女の子にはあるっていうからなぁ‥‥。）	
03583	D1:1641:01F22	1	대사	【ティーナ】アルはこれからどうする{n00}の？	
03584	D1:1641:01F56	1	대사	【アル】えっ、こ、これから？	
03585	D1:1641:01F94	1	대사	【アル】そうだなぁ、とりあえず浜辺で釣りでもしてようかと思う。明日は、ほら‥‥。	
03586	D1:1641:01FE8	1	대사	【ティーナ】うん‥‥じゃあ、後で浜辺へ遊びに行くね。	
03587	D1:1641:02028	1	대사	【アル】おぅ、待ってるよ。	
03588	D1:1641:02046	1	대사	【ティーナ】ね‥‥‥‥アル。	
03589	D1:1641:02084	1	대사	【ティーナ】あの‥‥‥‥。	
03590	D1:1641:020AA	1	대사	【アル】何だよ、あらたまっちゃって。便秘が苦しいのか？	
03591	D1:1641:020E4	1	대사	【ティーナ】もう！　そんなんじゃない‥‥‥‥もういい。	
03592	D1:1641:02126	1	대사	【アル】うそうそ、ちゃんと聞くよ。	
03593	D1:1641:0214C	1	대사	【ティーナ】ウフフ、本当にもういいの‥‥ねっ、アル。	
03594	D1:1641:0218C	1	대사	【アル】ん？　なんだい。	
03595	D1:1641:021A8	1	대사	【ティーナ】今日はもうちょっと、ここで勉強していきたいの。	
03596	D1:1641:021F0	1	대사	【ティーナ】遅くなるかもしれないから、そうしたら‥‥。	
03597	D1:1641:02234	1	대사	【アル】差し入れでももって来ようか？	
03598	D1:1641:0225C	1	대사	【ティーナ】ううん、アルは先に寝てていいわ。	
03599	D1:1641:02294	1	대사	【アル】俺は別に構わないけど‥‥なんでまた？	
03600	D1:1641:022C4	1	대사	【ティーナ】うん、もう少しだけ、やっていたいことがあるのよ。	
03601	D1:1641:0230C	1	대사	【アル】へぇ、何だろうな。生理痛が酷いとか？	
03602	D1:1641:0233C	1	대사	【ティーナ】バカ！　もう、知らない。	
03603	D1:1641:0236C	1	대사	【アル】へへっ、調子でてきたな。うん、ティーナは笑ってる方が抜群に可愛いぜ。	
03604	D1:1641:023BC	1	대사	【ティーナ】うん、ありがとう‥‥アル。	
03605	D1:1641:023EE	1	대사	【アル】どう？	
03606	D1:1641:02400	1	대사	【ティーナ】どうって‥‥‥‥普通よ。	
03607	D1:1641:02430	1	대사	【アル】そうかい？　何だか、元気がなさそうだったから。	
03608	D1:1641:0246A	1	대사	【ティーナ】ううん、そんなことない‥‥ちょっと疲れてしまって。	
03609	D1:1641:024B4	1	대사	【アル】ふーん‥‥あまり根を詰めない方がいいと思うぜ。	
03610	D1:1641:0251C	1	대사	【アル】勉強は楽しいかい？	
03611	D1:1641:0253A	1	대사	【ティーナ】勉強といっても、読書をしているだけなんだけどね。	
03612	D1:1641:02582	1	대사	【アル】ここ１～２年、{n00}毎日だろう？	
03613	D1:1641:025AA	1	대사	【アル】読み書きを教えていた時からじゃ、考えられないよ。長足の進歩だ。	
03614	D1:1641:025F4	1	대사	【ティーナ】クスクスッ。アルの教え方が、良かったのよ。	
03615	D1:1641:02636	1	대사	【アル】通常だったら、学年を何年かスキップしているところだぜ。	
03616	D1:1641:02678	1	대사	【アル】永久機関みたいなもんだな、ティーナは。	
03617	D1:1641:026AA	1	대사	【ティーナ】永久機関？	
03618	D1:1641:026CC	1	대사	【アル】うん、まぁ昔の学者が夢見たシステムなんだけどね。	
03619	D1:1641:02708	1	대사	【ティーナ】へぇ‥‥。	
03620	D1:1641:0272A	1	대사	【アル】最初にきっかけを与えてやるだけで、	
03621	D1:1641:02758	1	대사	【アル】後はシステム自体がずっと動き続けていくって代物だ。	
03622	D1:1641:02796	1	대사	【ティーナ】永久機関‥‥‥‥私が？	
03623	D1:1641:027C4	1	대사	【アル】いやそれは単なる比喩であって‥‥うん、気分が悪くなったなら謝る、ゴメン。	
03624	D1:1641:02818	1	대사	【ティーナ】ううん、そんなことない‥‥アルの例えは的を射てるかもしれない‥‥。	
03625	D1:1641:02872	1	대사	【アル】‥‥‥‥。（また不可解な表情をする‥‥一体どうしたってんだ？）	
03626	D1:1641:028FA	1	대사	【アル】静かだな‥‥受付の椅子が寂しそうだ。	
03627	D1:1641:0292A	1	대사	【アル】受付というのは名ばかりで、今は研究所のホールみたいな感じだな。	
03628	D1:1641:02974	1	대사	【アル】別に誰かが待機している訳じゃない。	
03629	D1:1641:029A2	1	대사	【アル】研究室に通じるドアだ。今は手動になっている。	
03630	D1:1641:029DA	1	대사	【アル】研究室に通じるドアだな。今はもうＩＤカードは不要だ。	
03631	D1:1641:02A1A	1	대사	【アル】そのかわり、自動ではなく手動ドアに成り下がってしまったが。	
03632	D1:1641:02A60	3	대사	【アル】ごく普通の観葉植物だ。	
03633	D1:1641:02A82	1	대사	【アル】ティーナが水をやってるおかげで、いまだ息づいている‥‥。	
03634	D1:1641:02AC6	1	대사	【アル】ティーナのやつ、こまめに水を与えているんだろうなぁ。	
03635	D1:1641:02B06	1	대사	【アル】枯れる気配は微塵もない‥‥。	
03636	D1:1641:02B2E	1	대사	【アル】でも、このての植物って、寿命はどれくらいなんだろうな。	
03637	D1:1641:02BBE	1	대사	【アル】研究室か‥‥久しぶりに行ってみるかな。	
03638	D1:1641:02BF6	1	대사	【アル】教授の部屋に入るのか？	
03639	D1:1641:02C18	1	대사	【アル】ティーナのやつ、どうせここでまた読書をしているに違いないな。	
03640	D1:1695:0168A	1	대사	【アル】ここが俺の部屋か。意外に広々としているな。	
03641	D1:1695:016C0	1	대사	【アル】まだ時間はいくらかあるようだ。どうしようかな‥‥。	
03642	D1:1695:01722	9	선택지	　窓	
03643	D1:1695:01728	13	선택지	　ベッド	
03644	D1:1695:0173A	8	선택지	　室内フォン	
03645	D1:1695:01748	1	대사	【アル】普通の室内フォンだ。	
03646	D1:1695:01768	1	대사	【アル】これといって、掛けるところもないな。	
03647	D1:1695:01798	2	대사	【アル】いわゆる電話だな。	
03648	D1:1695:017B6	2	대사	【アル】恐らくここ《デザイア》の内線という訳だろう。	
03649	D1:1695:017EE	1	대사	【アル】ちょっと掛けてみるか。レイコさんの部屋の内線番号はと‥‥。	
03650	D1:1695:01834	1	대사	【アル】レイコだから、０１５‥‥かな？	
03651	D1:1695:0185E	1	대사	ピッポッパッピ‥‥‥‥{w00}	
03652	D1:1695:01886	3	대사	プルルルルル、プルルルルル。	
03653	D1:1695:018A6	1	대사	【アル】おっ、掛かってる掛かってる。	
03654	D1:1695:018E0	18	대사	【アル】‥‥‥‥‥‥‥‥。	
03655	D1:1695:018FC	1	대사	【アル】誰もでないな。	
03656	D1:1695:01916	13	대사	ガチャッ。	
03657	D1:1695:0192C	1	대사	【アル】綺麗に磨かれていて、気持ちがいいな。	
03658	D1:1695:0195C	2	대사	【アル】綺麗に磨かれていて、掃除が行き届いているな。	
03659	D1:1695:01994	2	대사	【アル】ここからの眺めも極上だ。レイコさんが自慢げに言うだけのことはある。	
03660	D1:1695:019E2	2	대사	【アル】下は芝生か‥‥飛び降りられるかもしれないな。	
03661	D1:1695:01A1A	2	대사	【アル】寝心地が良さそうなベッドだな。	
03662	D1:1695:01A44	1	대사	【アル】今夜はマコトと‥‥‥‥へっへっへ。	
03663	D1:1695:01A72	2	대사	【アル】シングルというよりは、セミダブルという感じか。	
03664	D1:1695:01AAC	2	대사	【アル】１人で寝るには、ちょっと広いような気もする。	
03665	D1:1695:01AE2	2	대사	【アル】まぁ、俺は結構寝相が悪いから、	
03666	D1:1695:01B0C	2	대사	【アル】このくらいの広さがちょうどいいのかもしれないな。	
03667	D1:1695:01B46	2	대사	【アル】堅さもちょうど良いくらいか‥‥	
03668	D1:1695:01B70	2	대사	【アル】うん、ほどよくスプリングが効いていて、不快じゃない。	
03669	D1:1695:01BAE	1	대사	【アル】宿舎って言うくらいだから、	
03670	D1:1695:01BD4	1	대사	【アル】もっとこう、チープな宿屋みたいなのを想像していたんだが。	
03671	D1:1695:01C16	2	대사	【アル】単に俺が貧乏性なだけだろうか‥‥。	
03672	D1:1695:01C44	2	대사	【アル】ドアの向こう側はバスルームになっている。	
03673	D1:1695:01C78	2	대사	【アル】あのドアの向こうには‥‥{s00}なんだ、バスルームか。	
03674	D1:1695:01CB4	2	대사	【アル】でも、個室のバスルームにしては、結構広々としているな。	
03675	D1:1695:01CF6	2	대사	【アル】マコトと２人で入れそうだ。	
03676	D1:1695:01D1A	1	대사	【アル】とか言うと『イヤッ』とか言いそうだもんな、あいつ‥‥。	
03677	D1:1695:01D6C	1	선택지	　財団	
03678	D1:1695:01D88	1	대사	【アル】どうも《デザイア》といい、今回の取材許可といい、財団のやることは胡散臭い。	
03679	D1:1695:01DDE	1	대사	【アル】グランチェスタ財団‥‥。	
03680	D1:1695:01E02	1	대사	【アル】国際的規模のコングロマリットを形成し、	
03681	D1:1695:01E34	1	대사	【アル】多国籍企業として、世界で屈指ともいえる財団の１つだ。	
03682	D1:1695:01E72	1	대사	【アル】実になりそうな研究には、常に率先して先行投資を行い、	
03683	D1:1695:01EB2	1	대사	【アル】財団は莫大な利益を築いてきた。	
03684	D1:1695:01EDA	1	대사	【アル】無論、埋もれていった研究も星の数ほどあるだろうが、	
03685	D1:1695:01F18	1	대사	【アル】大成したそれがもたらす利益に比べれば、微々たるものだ。	
03686	D1:1695:01F58	1	대사	【アル】ここ《デザイア》も、そうした活動の一環なのだろうか。	
03687	D1:1695:01F98	1	대사	【アル】謎が多い研究施設だ。	
03688	D1:1695:01FB8	1	대사	【アル】自慢じゃないが、俺はまだ駆け出しとも言える新聞記者だ。	
03689	D1:1695:01FFA	1	대사	【アル】今回の取材は、拒否を覚悟で申し込んだんだがな‥‥	
03690	D1:1695:02036	1	대사	【アル】俺にだって功名心くらいは、人並みにあるつもりだ。	
03691	D1:1695:02070	1	대사	【アル】だがしかしそれが受理されて、	
03692	D1:1695:02098	1	대사	【アル】こうして《デザイア》に来ることができるとは、思いもよらなかった。	
03693	D1:1695:020F8	1	대사	【アル】恋人のマコトに会いたいという気持ちも、３分の１くらいはあったけど‥‥。	
03694	D1:1695:0214A	1	대사	【アル】それ以上に《デザイア》という研究施設に興味があった。	
03695	D1:1695:0218A	1	대사	【アル】《デザイア》で一体何が行われているのか‥‥。	
03696	D1:1695:021C2	1	대사	【アル】建前上は、エコロジーを{n00}ベースとした環境工学の研究ということだが‥‥。	
03697	D1:1695:02214	1	대사	【アル】じゃあなぜ極秘にやるのか、なぜ孤島で研究するのか。	
03698	D1:1695:02252	1	대사	【アル】なぜかたくなに取材を拒否していたのか‥‥？	
03699	D1:1695:0229E	1	대사	【アル】俺はこの取材で、これらの疑問に答えることが、できるのだろうか‥‥。	
03700	D1:1695:022EC	1	대사	【アル】《デザイア》‥‥。	
03701	D1:1695:0230A	1	대사	【アル】とうとう俺は《デザイア》にやってきた。	
03702	D1:1695:0233C	1	대사	【アル】ここは数年前、世界で屈指とも言えるグランチェスタ財団によって、	
03703	D1:1695:02386	1	대사	【アル】そのプロジェクトが極秘に進められていたという。	
03704	D1:1695:023BE	1	대사	【アル】孤島という立地条件が功を奏し、	
03705	D1:1695:023E8	1	대사	【アル】気軽に立ち寄るということは、できるはずもない。	
03706	D1:1695:02436	1	대사	【アル】《デザイア》と陸をつなぐ交通路は、月に１度往復するという旅客便だけだ。	
03707	D1:1695:02488	1	대사	【アル】つまり俺達に出来ることといえば、上空でヘリや航空機からの写真撮影程度だ。	
03708	D1:1695:024DC	1	대사	【アル】だがそれすらも、今は財団の圧力によってままならない。	
03709	D1:1695:0251C	1	대사	【アル】つまりまさに、秘密のベールに包まれるという形容が当てはまってしまう‥‥	
03710	D1:1695:0256E	1	대사	【アル】それがここ《デザイア》だった‥‥。	
03711	D1:1695:025C6	1	대사	【アル】物腰がお淑やかな人で、まさに大人の女性という感じだ。	
03712	D1:1695:02606	1	대사	【アル】彼女とは、大人のお付き合いをしてみたいな。	
03713	D1:1695:0263C	1	대사	【アル】研究所において、総務を担当しているそうだ。	
03714	D1:1695:02672	1	대사	【アル】物腰はお淑やかだし、知的な雰囲気といい、	
03715	D1:1695:026A6	1	대사	【アル】レイコさんよりもずっと秘書という感じがする。	
03716	D1:1695:026DC	1	대사	【アル】歳は意外にいってそうだな‥‥もしかすると、	
03717	D1:1695:02712	1	대사	【アル】２０代の後半くらいにはなるかもしれない。	
03718	D1:1695:02744	1	대사	【アル】しかし、男関係が激しいって言っていたけど、本当かな‥‥。	
03719	D1:1695:02788	1	대사	【アル】あれがレイコさんだと言うなら、話はわかるんだけど。	
03720	D1:1695:027C6	1	대사	【アル】‥‥‥‥サッ。	
03721	D1:1695:027E0	1	대사	【アル】俺は何を身構えているん{n00}だ？	
03722	D1:1695:02808	1	대사	【アル】彼女とは、ラウンジで待ち合わせをしているんだ。	
03723	D1:1695:02842	1	대사	【アル】研究職員の１人だ。	
03724	D1:1695:02860	1	대사	【アル】ちょっと控えめ的なところがいいな。	
03725	D1:1695:0288E	1	대사	【アル】眼鏡をはずすと、もっと可愛らしくなると思う。	
03726	D1:1695:028C4	1	대사	【アル】確か黒人の血が４分の１入っていると言っていたな。彼女の肌の色は若干浅黒い。	
03727	D1:1695:0291A	1	대사	【アル】でも、それに対してコンプレックスを抱いているような素振りは、	
03728	D1:1695:02962	1	대사	【アル】ほとんどなかったな。	
03729	D1:1695:02980	1	대사	【アル】もっとも、肌の色がどうこうでコンプレックスを感じる必要など全くない。	
03730	D1:1695:029D0	1	대사	【アル】それがごく普通なんだ。	
03731	D1:1695:029F0	1	대사	【アル】俺はむしろ、あの繊細で健康的な肌が好きだな。綺麗だったし‥‥。	
03732	D1:1695:02A3A	1	대사	【アル】レイコさんが本部に照会して、彼女の身元を確認しているはずだ。	
03733	D1:1695:02A82	1	대사	【アル】財団の膨大なデータベースを利用するんだ、	
03734	D1:1695:02AB6	1	대사	【アル】きっと何らかの情報が得られるに違いない。	
03735	D1:1695:02AE8	1	대사	【アル】浜辺で倒れていた可愛らしい少女だ‥‥。	
03736	D1:1695:02B1A	1	대사	【アル】なぜあそこに倒れていたのかはわからない。遭難か、漂着か‥‥。	
03737	D1:1695:02B62	1	대사	【アル】まあいずれにしても、命に別状なくて良かった。	
03738	D1:1695:02B9A	1	대사	【アル】確かメディカルセンターという所にシルビアが連れていったようだ。	
03739	D1:1695:02BE4	1	대사	【アル】後で行ってみよう。	
03740	D1:1695:02C00	1	대사	【アル】俺の好奇心を刺激する女性だ。	
03741	D1:1695:02C28	1	대사	【アル】カズミ・グランチェスタか‥‥。	
03742	D1:1695:02C52	1	대사	【アル】財団ゆかりの女性であるのは間違い無い。	
03743	D1:1695:02C84	1	대사	【アル】問題は何故《デザイア》にやってきたのか。	
03744	D1:1695:02CCC	1	대사	【アル】機内では、かなり含みを持たせた事を言っていたが‥‥。	
03745	D1:1695:02D0C	1	대사	【アル】好奇心を結構刺激する女性だな。	
03746	D1:1695:02D56	2	선택지	　ステラ教授	
03747	D1:1695:02D64	1	대사	【アル】どうもすれ違いが続いているような気がする‥‥。	
03748	D1:1695:02D9E	1	대사	【アル】ま、一生会えない訳じゃない。	
03749	D1:1695:02DC6	1	대사	【アル】今日中にでも会えるだろうし、心配することもないだろう。	
03750	D1:1695:02E06	1	대사	【アル】しかし、ここ《デザイア》で俺とマコトのことを知らないヤツは	
03751	D1:1695:02E4C	1	대사	【アル】いないんじゃないか‥‥？	
03752	D1:1695:02E6E	1	대사	【アル】シェリルですら知っていたもんな。	
03753	D1:1695:02EB0	1	대사	【アル】マコトのやつ、しばらく音沙汰ないが、どうしてるんだろう。	
03754	D1:1695:02EF4	1	대사	【アル】ここ数か月、会っていなかったからな‥‥。	
03755	D1:1695:02F28	1	대사	【アル】整備士のリーダーとして格納庫をしきっている。	
03756	D1:1695:02F60	1	대사	【アル】シルビアか‥‥。	
03757	D1:1695:02F7C	1	대사	【アル】整備士のリーダーとして働く、男勝りの女性だ。	
03758	D1:1695:02FB4	1	대사	【アル】レイコさんによると、自分の性格などに対して、	
03759	D1:1695:02FEC	1	대사	【アル】かなりコンプレックスを抱いているらしいが‥‥。	
03760	D1:1695:03024	1	대사	【アル】口では女を捨てていると言っても、やっぱり女の子だしな‥‥	
03761	D1:1695:03068	1	대사	【アル】気持ちはわからなくもない。	
03762	D1:1695:0308C	1	대사	【アル】ま、メカをいじらせたら強そうだしな。	
03763	D1:1695:030BC	1	대사	【アル】かくいう俺も、メカにはちょっと自信があるんだ。今度勝負を挑んでみるか。	
03764	D1:1695:0310E	1	대사	【アル】レイコさんは、ステラ教授の秘書を行っている。	
03765	D1:1695:03146	1	대사	【アル】教授の秘書として、ステラ教授の身の回りの世話なども仰せつかっているそうだ。	
03766	D1:1695:0319C	1	대사	【アル】やはり特筆すべきは彼女のナイスバディだろう。	
03767	D1:1695:031D4	1	대사	【アル】張りのあるバストにくびれたウェスト、ふくよかなヒップ‥‥	
03768	D1:1695:03218	1	대사	【アル】完璧だ、まさに完璧な秘書だ。	
03769	D1:1695:03258	1	대사	【アル】秘書とは関係ないか。	
03770	D1:1695:03278	1	대사	【アル】話を聞いていると、ステラ教授をかなり信奉しているようだ。	
03771	D1:1695:032BC	1	대사	【アル】教授に対してかなり気を遣っていたようだが‥‥。	
03772	D1:1695:032F6	1	대사	【アル】マコトの悪友と聞いていたけど、結構良さそうな人だったな。	
03773	D1:1695:0333A	1	대사	【アル】風聞ほど、恐そうな人じゃなかったな。	
03774	D1:1695:0336A	1	대사	【アル】むしろ、暖かさを感じたけど‥‥。	
03775	D1:1695:03396	1	대사	【アル】故ステラドヴィッチ教授の意志を引き継ぎ、	
03776	D1:1695:033CA	1	대사	【アル】ここ《デザイア》でイニシアチブをとっている人だ。	
03777	D1:1695:03404	1	대사	【アル】マスコミ関係者を嫌い、かなりナーヴァスと聞いていたが、	
03778	D1:1695:03446	1	대사	【アル】意外に温厚な感じの人だったな‥‥。	
03779	D1:1695:03472	1	대사	【アル】ま、風聞など当てにはならないということか。	
03780	D1:1695:034A8	1	대사	【アル】確か数年前、旦那のステラドヴィッチと娘の両方を亡くしていたな‥‥。	
03781	D1:1695:034F6	1	대사	【アル】これはレイコさんからキツく注意されたことだが、興味はある。	
03782	D1:1695:0353C	1	대사	【アル】発表は事故ということだが、本当だろうか。	
03783	D1:1695:0356E	1	대사	【アル】この事故には不可解な要素が多すぎるというのが、当時の一般の見解だった‥‥。	
03784	D1:1695:035DA	1	대사	【アル】俺個人の好奇心だけで、他人の心に土足で入り込むのはいいことじゃない。	
03785	D1:1695:0362A	1	대사	【アル】だが、この事故には何か理由があるような気がするんだ。	
03786	D1:1695:03668	1	대사	【アル】だけど、あのステラ教授を悲しませるようなことは、あまりしたくないな、	
03787	D1:1695:036B8	1	대사	【アル】意外に良さそうな人だったし‥‥。	
03788	D1:1695:036F0	1	대사	【アル】おっ、もうこんな時間か‥‥少し考えにふけってしまったな‥‥。	
03789	D1:1695:03738	1	대사	【アル】ラウンジでシェリルが待っているはずだ。早いとこ行こう。	
03790	D1:1695:0377A	1	대사	【アル】ラウンジに行くのはまだ早いだろう。もうちょっと考えようぜ。	
03791	D1:1695:037C0	1	대사	【アル】シェリルは３０分くらいしたらって、言っていたよな。	
03792	D1:1695:037FE	1	대사	【アル】ま、あわてる必要はないぜ。この際だ、色々と考えてみないか？	
03793	D1:1695:03852	1	대사	【アル】相変わらずどこかのマンションみたいな所だな。	
03794	D1:1695:0388A	1	대사	【アル】さ、早くラウンジに行こう。	
03795	D1:1695:03A9A	1	대사	【アル】部屋に用事はないな。	
03796	D1:1695:03ABA	1	대사	【アル】もう荷物を置いたぜ。	
03797	D1:1695:03ADA	1	대사	【アル】よし、確かホールからラウンジに行けたな。	
03798	D1:1695:03B0E	1	대사	【アル】ラウンジにシェリルが待っているぞ。	
03799	D1:1695:03B46	1	대사	【アル】ここは宿舎内ホールだ。	
03800	D1:1695:03B68	1	대사	【アル】ラウンジにはあの左手の通路から行けるはずだぞ。	
03801	D1:1695:03BD4	10	선택지	　エレベータ	
03802	D1:1695:03BEE	2	대사	【アル】数人の職員が行き来しているだけだ。	
03803	D1:1695:03C1C	2	대사	【アル】意外に静まり返っているな。	
03804	D1:1695:03C42	2	대사	【アル】もう少しこう、活気というものがあっても良さそうなもんだが‥‥。	
03805	D1:1695:03C8C	2	대사	【アル】もっとも、今は仕事の真っ最中だから、しょうがないのかもしれないな。	
03806	D1:1695:03CDA	2	대사	【アル】ここには無用の長物だな。	
03807	D1:1695:03CFE	2	대사	【アル】たかだか３階建てなのに、エレベータなんて必要があるのかな。	
03808	D1:1695:03D44	1	대사	【アル】老いは足からというし、みんなもっと歩いた方がいいぞ。	
03809	D1:1695:03DA6	2	대사	【アル】観葉植物は手入れが大変らしいんだよな。	
03810	D1:1695:03DD8	2	대사	【アル】色あせないように気を遣うし、常に力強い葉がついていることを要求される。	
03811	D1:1695:03E2A	2	대사	【アル】だったら造花を飾っておけって言いたいけどな。	
03812	D1:1695:03E62	2	대사	【アル】俺は葉の色があせたり、落ちたりする自然の状態に、	
03813	D1:1695:03E9E	2	대사	【アル】観葉の意義があるんじゃないかって思うんだが。	
03814	D1:1695:03ED4	7	선택지	　近くの人	
03815	D1:1695:03EE0	1	대사	【男の人】しっ、電波の声が聞こえないじゃないか。	
03816	D1:1695:03F14	1	대사	【アル】（聞こえるかよ。）	
03817	D1:1695:03F32	1	대사	【アル】やぁ、俺はアルっていうんだ。君は？	
03818	D1:1695:03F60	1	대사	【男の人】‥‥‥‥。	
03819	D1:1695:03F78	1	대사	【アル】あの、すみません。	
03820	D1:1695:03F96	1	대사	【男の人】しっ、黙って‥‥。	
03821	D1:1695:03FD0	2	대사	【男の人】‥‥‥‥‥‥。	
03822	D1:1695:04022	1	대사	【アル】あの、どうかしたの？	
03823	D1:1695:04042	1	대사	【男の人】いや、こうして私は電波の声を聞いているんだ。邪魔しないでくれたまえ。	
03824	D1:1695:04094	1	대사	【アル】そ、そうですか‥‥。（危ない人だな‥‥。）	
03825	D1:1695:040F2	1	대사	【アル】３階に行ってどうするん{n00}だ？	
03826	D1:1695:0411A	1	대사	【アル】今２階から降りてきたばかりだ。早くラウンジに行こう。	
03827	D1:1695:0415A	1	대사	【アル】よし、早いとこラウンジに行こう。	
03828	D1:1695:04186	1	대사	【アル】外にって‥‥ラウンジでシェリルが待っているぜ。	
03829	D1:1695:041CA	1	대사	【アル】ここがラウンジか‥‥広々としていて、綺麗なところだ。	
03830	D1:1695:0420A	1	대사	【アル】シェリルは、まだ来ていないのかな。	
03831	D1:1695:04276	1	대사	【アル】シェリルの姿は見えない。まだ来ていないのかな。	
03832	D1:1695:042B0	2	대사	【アル】広いラウンジだ。だがそれに反比例して人の姿はまばらだ。	
03833	D1:1695:042F2	2	대사	【アル】ちょうど仕事の時間だからかもしれないが‥‥。	
03834	D1:1695:0432A	4	대사	【アル】しかし、《デザイア》には観葉植物が多い。設計者の趣味なのかな‥‥。	
03835	D1:1695:04378	4	대사	【アル】真ん中の植え込みが、かなり広いスペースをとっているな。	
03836	D1:1695:043BA	4	대사	【アル】なんとも贅沢な使い方だ。	
03837	D1:1695:043F2	3	대사	【アル】俺が貧乏性なのかもしれないが。	
03838	D1:1695:04428	1	대사	【アル】遅いな‥‥しょうがない、その辺の椅子に腰掛けて待つか。	
03839	D1:1695:04474	1	대사	【アル】ふぅ、喫茶店みたいなところだな。	
03840	D1:1695:044A0	1	대사	【アル】オバチャン、コーヒーブラックでね。	
03841	D1:1695:044CE	1	대사	【アル】と言いたくなる。	
03842	D1:1695:044EA	1	대사	【アル】しかし、椅子にこうして座って女の子を待つなんて、何年ぶりだろうな。	
03843	D1:1695:04538	1	대사	【アル】女の子と優雅に待ち合わせなんて、	
03844	D1:1695:04564	1	대사	【アル】仕事漬けの今の俺には、ちょっと考えられないぜ。	
03845	D1:1695:045B2	1	대사	【アル】少し昔を思い出してドキドキしてしまったな‥‥。	
03846	D1:1695:045EC	1	대사	【シェリル】遅れてご免なさい。	
03847	D1:1695:0462C	1	대사	【アル】ドキィッ！！	
03848	D1:1695:04644	1	대사	【シェリル】キャッ、{n00}どうしたんですか？	
03849	D1:1695:0467C	1	대사	【アル】（ドキドキドキ。）	
03850	D1:1695:0469A	1	대사	【シェリル】ご、ご免なさい、遅れてしまって。	
03851	D1:1695:046D2	1	대사	【アル】いや、そんなことは‥‥{s00}あれ？	
03852	D1:1695:0471A	1	대사	【アル】いや、ちょっとまた変わったような‥‥。	
03853	D1:1695:0474C	1	대사	【シェリル】いえ、さっきと全く変わっていません。	
03854	D1:1695:04788	1	대사	【アル】いや、違うな‥‥君の笑顔がより素晴らしくなっている。	
03855	D1:1695:047C8	1	대사	【シェリル】ウフフ、アルバートさんって、面白い人ですね。	
03856	D1:1695:0480C	1	대사	【アル】は、ははは‥‥（まぁいいか。）	
03857	D1:1695:04836	1	대사	【シェリル】ここ、座っていいですか？	
03858	D1:1695:04866	1	대사	【アル】え？　いや、全く構わないよ。小汚いところだけど、どうぞどうぞ。	
03859	D1:1695:048B0	1	대사	【シェリル】クスクスッ、じゃあ失礼します。	
03860	D1:1695:048F0	1	대사	【アル】でも、少し早く来すぎたかのかな‥‥？	
03861	D1:1695:04920	1	대사	【アル】シェリルはまだ来ていないようだ‥‥。	
03862	D1:1695:04950	1	대사	【アル】ま、慌てることはないさ。果報は寝て待て、だ。	
03863	D1:1695:0499E	1	대사	【アル】まだシェリルと会っていないぜ。	
03864	D1:1695:049C8	1	대사	【アル】シェリルと会ってからにしよう。	
03865	D1:1695:04A1A	1	대사	【アル】（早いとこ謝ろうぜ。）	
03866	D1:1695:04A3C	1	대사	【アル】（‥‥やっぱり、色々と聞き出そうとしたのが、マズかったのかなぁ。）	
03867	D1:1695:04A8A	1	대사	【アル】（職業病というヤツだな‥‥）	
03868	D1:1695:04AB2	1	대사	【アル】（不快な思いをさせたんだろう、早いとこ謝った方が良さそうだ。）	
03869	D1:1695:04AFA	1	대사	【アル】（どうしたんだろう？{n00}さっきからソワソワしている。）	
03870	D1:1695:04B3A	1	대사	【アル】どうかしたの？	
03871	D1:1695:04B54	1	대사	【シェリル】い、いえ‥‥何でもないんです‥‥。	
03872	D1:1695:04B8E	1	대사	【アル】マコトとはまた違った魅力を兼ね備えているな。	
03873	D1:1695:04BC6	1	대사	【シェリル】マコトさんに怒られてしまいますよ。	
03874	D1:1695:04C00	1	대사	【アル】（褐色の肌に、清楚な印象‥‥このアンバランスに見える取り合わせが、）	
03875	D1:1695:04C50	1	대사	【アル】（また絶妙な魅力につながっているんだ。）	
03876	D1:1695:04C82	1	대사	【シェリル】あの‥‥何でしょうか？	
03877	D1:1695:04CB0	1	대사	【アル】いや、絶妙な魅力なんだ。	
03878	D1:1695:04CF2	1	대사	【アル】結構似合っているよな。	
03879	D1:1695:04D14	1	대사	【シェリル】‥‥恥ずかしいですから、あまり見ないで下さいね。	
03880	D1:1695:04D5C	1	대사	【アル】制服姿もグッドだけど、私服姿も見てみたいものだな。	
03881	D1:1695:04D9A	1	대사	【シェリル】どんな服が私に似合うと思いますか？	
03882	D1:1695:04DD4	1	대사	【アル】いや、どんな服でも君は着こなすだろう。	
03883	D1:1695:04E06	1	대사	【シェリル】クスクスッ、そんな言い方、ずるいです。	
03884	D1:1695:04E50	1	대사	【シェリル】あの‥‥ごめんなさい。	
03885	D1:1695:04E7E	1	대사	【アル】え？　（先に言われちまったよ。）	
03886	D1:1695:04EAA	1	대사	【シェリル】私‥‥その‥‥。	
03887	D1:1695:04ED2	1	대사	【アル】ちょ、ちょっとどこに行くんだよ！？	
03888	D1:1695:04F00	3	대사	ドンッ！	
03889	D1:1695:04F10	2	대사	【アル】うわっ！	
03890	D1:1695:04F24	1	대사	【男の声】チッ！	
03891	D1:1695:04F4A	12	대사	【シェリル】‥‥‥‥。	
03892	D1:1695:04F64	1	대사	【アル】（何かマズい事でも、聞いたかな‥‥。）	
03893	D1:1695:04F96	1	대사	【シェリル】アルバートさんは、これからどうなさるんですか？	
03894	D1:1695:04FDC	1	대사	【アル】ま、《デザイア》の探検というところかな。	
03895	D1:1695:05010	1	대사	【シェリル】探検ですか。	
03896	D1:1695:05034	1	대사	【アル】でさ、シェリル。	
03897	D1:1695:0506E	1	대사	【アル】１つ聞きたいんだけど、ここ《デザイア》の‥‥。	
03898	D1:1695:050A8	1	대사	【シェリル】あっ‥‥。	
03899	D1:1695:050CA	1	대사	【アル】ど、どうしたんだい？	
03900	D1:1695:050EA	1	대사	【シェリル】いえ、ごめんなさい‥‥何でも‥‥。	
03901	D1:1695:05132	1	대사	【シェリル】アルバートさんって、斬新な人なんですね。	
03902	D1:1695:05172	1	대사	【アル】そ、そうかな‥‥ははは‥‥。	
03903	D1:1695:0519A	1	대사	【シェリル】ウフフ。	
03904	D1:1695:051BA	1	대사	【アル】何がおかしいんだい？	
03905	D1:1695:051DA	1	대사	【シェリル】いえ、ごめんなさい。でも羨ましいなあって。	
03906	D1:1695:0521C	1	대사	【アル】どういうこと。	
03907	D1:1695:05236	1	대사	【シェリル】私は数字と睨めっこするのが好きな人間だから‥‥。	
03908	D1:1695:0527E	1	대사	【アル】だから？	
03909	D1:1695:05292	1	대사	【シェリル】物事を帰納的に推測するにしても、やはり何らかのロジカルな‥‥、	
03910	D1:1695:052EA	1	대사	【シェリル】演繹的な道筋がないと、安心できない体質なんです。	
03911	D1:1695:05334	1	대사	【アル】げっ、そうすると俺ってもしかして論理的じゃないってこと？	
03912	D1:1695:05378	1	대사	【シェリル】そうですね‥‥でも、ロジックに縛られないで、	
03913	D1:1695:053BE	1	대사	【シェリル】自由に類推できるのはものすごく大切なことです。	
03914	D1:1695:05406	1	대사	【アル】ふーん、そんなものかな‥‥。	
03915	D1:1695:0542E	1	대사	【アル】（褒められてるのやら、けなされてるのやら‥‥。）	
03916	D1:1695:0546A	1	대사	【シェリル】アルバートさんは、なぜこの取材に来られたんです{n00}か？	
03917	D1:1695:054B6	1	대사	【アル】なぜって‥‥記事のいいネタになるからさ。	
03918	D1:1695:054EA	1	대사	【シェリル】いいネタ？	
03919	D1:1695:0550C	1	대사	【アル】そう、大衆は《デザイア》の全貌を知りたがっている。	
03920	D1:1695:0554A	1	대사	【アル】それに応えてやるのが、マスメディアの一端を担う俺の責務さ。	
03921	D1:1695:0558E	1	대사	【シェリル】凄いですね‥‥。	
03922	D1:1695:055B6	1	대사	【アル】凄くはないさ。ただ、ここ《デザイア》に関しては、	
03923	D1:1695:055F2	1	대사	【アル】色々な噂がまことしやかに流されているからね。	
03924	D1:1695:05628	1	대사	【シェリル】ええ、知っています。	
03925	D1:1695:05654	1	대사	【アル】だから、そういった不本意であろう噂に歯止めをかけるのは、	
03926	D1:1695:05698	1	대사	【アル】財団側にとってもマイナスにはならないだろうよ。	
03927	D1:1695:056D0	1	대사	【シェリル】私もそう思います。	
03928	D1:1695:056FA	1	대사	【アル】で、俺がやって来たという訳さ。	
03929	D1:1695:05724	1	대사	【アル】財団側と大衆側の接点が、俺ということなんだろうな。	
03930	D1:1695:05760	1	대사	【シェリル】建設的な考えですね、凄いと思います。	
03931	D1:1695:0579C	1	대사	【アル】はは、いや実を言うとさ、取材の申し込みが受理されるとは、	
03932	D1:1695:057E0	1	대사	【アル】正直思っていなかったんだ。	
03933	D1:1695:05804	1	대사	【シェリル】そうだったんですか？	
03934	D1:1695:05830	1	대사	【アル】ああ、つまり今まで話したのは、結果から逆算して、	
03935	D1:1695:0586C	1	대사	【アル】こういう理由だったからじゃないかっていう、まぁ推測なんだな。	
03936	D1:1695:058B2	1	대사	【シェリル】推測でそこまで考えられるって凄いですね。	
03937	D1:1695:058F2	1	대사	【アル】逆だよ。推測だからこそ、どうとでも考えられるのさ。	
03938	D1:1695:05930	1	대사	【シェリル】でもちょっぴり意外でした。	
03939	D1:1695:05962	2	대사	【アル】なにが？	
03940	D1:1695:05976	1	대사	【シェリル】イズミさんの恋人がやってくるというから、	
03941	D1:1695:059B8	1	대사	【シェリル】どんな人が来るんだろうって、思っていたんですよ。	
03942	D1:1695:05A02	1	대사	【アル】こんな人で幻滅したかい？	
03943	D1:1695:05A26	1	대사	【シェリル】いえそんな‥‥イズミさんが羨ましいです。	
03944	D1:1695:05A66	1	대사	【アル】褒めたって何もでないよ。	
03945	D1:1695:05A8A	1	대사	【シェリル】お世辞じゃありません。	
03946	D1:1695:05AB8	1	대사	【アル】そ、そうなの？　マコトなんて、そんなこと言ったためしがないぜ。	
03947	D1:1695:05B02	1	대사	【シェリル】きっとイズミさん、恥ずかしがってるんですね。わかります、その気持ち‥‥。	
03948	D1:1695:05B62	1	대사	【アル】おいおい‥‥。（なに遠い目をしてるんだ‥‥。）	
03949	D1:1695:05B9C	1	대사	【アル】そういえば、マコトの部屋ってどこにあるの？　研究所かい？	
03950	D1:1695:05BE0	1	대사	【シェリル】研究所に個室を持っているのは、	
03951	D1:1695:05C18	1	대사	【シェリル】ステラ教授と、秘書のレイコさん‥‥クサナギさんだけです。	
03952	D1:1695:05C6A	1	대사	【アル】なるほどね、部屋番号は？	
03953	D1:1695:05C8E	1	대사	【シェリル】ウフフ、マコトさん喜びますよ‥‥。	
03954	D1:1695:05CC8	1	대사	【アル】（別にマコトを喜ばせるためじゃ、{n00}ないんだけどな。）	
03955	D1:1695:05D08	1	대사	【アル】だ、大丈夫かい？	
03956	D1:1695:05D24	1	대사	【男】馬鹿が、気を付けろ！	
03957	D1:1695:05D4A	1	대사	【アル】なっ‥‥。（馬鹿はないだろう。）	
03958	D1:1695:05D76	1	대사	【シェリル】か、カイル‥‥。	
03959	D1:1695:05D9E	1	대사	【カイル】ちっ、フラフラ何をやってやがる。昼間からラリってんのかよ。	
03960	D1:1695:05DEE	1	대사	【アル】（ムカッ！）ぶつかったのは謝るが、それは言い過ぎじゃないか？	
03961	D1:1695:05E36	1	대사	【カイル】なんだと？‥‥そういえば見ない顔だな、新入りか？	
03962	D1:1695:05E7C	1	대사	【シェリル】ご、ごめんなさい、カイル。私が悪いの‥‥だからお願い、許して頂戴。	
03963	D1:1695:05ED6	1	대사	【アル】なんでシェリルが謝るのさ。	
03964	D1:1695:05F1E	2	선택지	　殴る	
03965	D1:1695:05F30	1	대사	【アル】もう思いっきり殴ったよ。さっさとここをズラかった方がよさそうだ。	
03966	D1:1695:05F7C	1	대사	【アル】もう一度聞くが、シェリルに謝るつもりはないんだな。	
03967	D1:1695:05FBA	1	대사	【カイル】何とぼけた事を言ってやがる。	
03968	D1:1695:05FEC	6	대사	【シェリル】アルバートさん‥‥。	
03969	D1:1695:06018	1	대사	【アル】そういえば、ステラ教授はここ《デザイア》の総監督を勤めていたな。	
03970	D1:1695:06064	1	대사	【カイル】あ？　それがどうした。	
03971	D1:1695:06090	1	대사	【アル】いや、お前の後ろで恐い顔をしている人が、ステラ教授に似ているんでね。	
03972	D1:1695:060E0	1	대사	【カイル】な、なに！	
03973	D1:1695:06100	1	대사	【アル】（チャーンス！）　ギャラクティカ‥‥なんとかパーンチ！	
03974	D1:1695:0614C	1	대사	【カイル】ぐふっ！	
03975	D1:1695:0616A	1	대사	【シェリル】キャッ！！	
03976	D1:1695:0618C	5	대사	ドサッ。	
03977	D1:1695:061A6	1	대사	【アル】イテテテ‥‥何て堅い顔だ。	
03978	D1:1695:061CC	5	대사	【シェリル】あ、アルバートさん‥‥。	
03979	D1:1695:061FC	1	대사	【アル】フフン、口ほどにもない奴。	
03980	D1:1695:06222	1	대사	【アル】この奇襲のアル様の敵じゃあなかったな。イテテテ‥‥。	
03981	D1:1695:06260	1	대사	【シェリル】大丈夫ですか‥‥手が少し腫れています。	
03982	D1:1695:0629E	1	대사	【アル】だ、大丈夫だっ‥‥イテッ、そんなに強く触らないでくれよ。	
03983	D1:1695:062E2	1	대사	【シェリル】ご、ごめんなさい。早く治療した方が‥‥。	
03984	D1:1695:06322	1	대사	【アル】それよりも、早くここをズラがったほうが良さそうだぜ。	
03985	D1:1695:06362	9	대사	【シェリル】は、はい。	
03986	D1:1695:06384	1	대사	【アル】必殺技は温存しておこうぜ。	
03987	D1:1695:063AA	2	대사	【アル】くらえっ！　ギャラクティカアルバートスペシャル{n00}パーンチ！	
03988	D1:1695:063F0	1	대사	【アル】ボカッ！　バキッ！！　グシャッ！！！	
03989	D1:1695:06420	1	대사	【カイル】‥‥何をぶつぶつ言ってやがる。変なヤツだ。	
03990	D1:1695:06460	1	대사	【アル】（フッ、この必殺技は温存しておこうぜ。）	
03991	D1:1695:064AE	1	대사	【アル】あたりに人はまばらだ。早くここを逃げた方が良さそうだ。	
03992	D1:1695:064F0	1	대사	【アル】いつの間にか、人の数が少なくなってきているな。	
03993	D1:1695:0652A	1	대사	【カイル】気が利くやつらが多いんだな。思う存分できるってもんだ。	
03994	D1:1695:06576	1	대사	【シェリル】そ、そんな‥‥。	
03995	D1:1695:0659E	1	대사	【アル】カイルのおかげで、あたりの様子がよくわからないぞ。	
03996	D1:1695:065DC	1	대사	【アル】あたりがよく見えないな‥‥このでっかい障害物をどけてと。	
03997	D1:1695:06620	1	대사	【カイル】おい、勝手に人の身体にさわるな。	
03998	D1:1695:06656	1	대사	【アル】なんだ人間だったのか。	
03999	D1:1695:06678	1	대사	【カイル】ちっ、すかした野郎だぜ。	
04000	D1:1695:066A6	1	대사	【カイル】うぅ‥‥くっ‥‥。	
04001	D1:1695:066CE	1	대사	【アル】（早く逃げた方が良さそうだぞ。）	
04002	D1:1695:066FA	1	대사	【カイル】ジロジロ人のことを見てんじゃないぜ。	
04003	D1:1695:06734	1	대사	【アル】（それにしてもでかい男だな‥‥俺よりも頭１つ分くらい高いみたいだ。）	
04004	D1:1695:06784	1	대사	【カイル】何をジロジロ見てやがる。	
04005	D1:1695:067B2	1	대사	【アル】（身体もがっしりとしていて体格がいい。）	
04006	D1:1695:067E6	1	대사	【アル】（こりゃ喧嘩を売らない方がいい相手だな。）	
04007	D1:1695:0681A	1	대사	【カイル】おい、喧嘩を売ってるのかよ？	
04008	D1:1695:0684C	1	대사	【アル】いや、売らない方がいい。	
04009	D1:1695:06870	1	대사	【カイル】‥‥あ？	
04010	D1:1695:068A4	1	대사	【シェリル】ど、どうするんですか？　アルバートさん。	
04011	D1:1695:068E4	1	대사	【アル】そうだな、とりあえずここを逃げ出した方が良さそうだ。	
04012	D1:1695:06924	1	대사	【シェリル】私は全然気にしていませんから‥‥、	
04013	D1:1695:06960	1	대사	【シェリル】アルバートさん、お願いですからやめて下さい。	
04014	D1:1695:069BC	1	대사	【カイル】ケッ、今更おせぇんだよ。	
04015	D1:1695:069EA	1	대사	【シェリル】お願いです、乱暴なことはしないで下さい‥‥。	
04016	D1:1695:06A2E	1	대사	【シェリル】あ、アルバートさん、気を付けて下さい。	
04017	D1:1695:06A6C	1	대사	【アル】なに、大丈夫さ。	
04018	D1:1695:06A88	1	대사	【アル】こういう虚勢を張るカラ威張りの奴は、ゴマンと見てきたからね。	
04019	D1:1695:06ACE	1	대사	【シェリル】で、でも‥‥、でもカイルは‥‥。	
04020	D1:1695:06B06	1	대사	【カイル】おいシェリル、余計な事を言うな。	
04021	D1:1695:06B5E	1	대사	【アル】話す暇なんてないぜ。さっさとトンズラしよう。	
04022	D1:1695:06B96	1	대사	【カイル】かばっているつもりかよ。	
04023	D1:1695:06BDA	1	대사	【カイル】さて‥‥ボキボキ。	
04024	D1:1695:06C02	1	대사	【アル】指がこってるんだな、俺が鳴らしてやろうか。	
04025	D1:1695:06C38	1	대사	【カイル】軽口はそこまでだ。	
04026	D1:1695:06C60	1	대사	【シェリル】やめて、カイル！‥‥アルバートさんもやめて下さい。	
04027	D1:1695:06CAA	1	대사	【カイル】すっこんでろ。	
04028	D1:1695:06CE8	1	대사	【カイル】さーて、そろそろ始めるか。	
04029	D1:1695:06D2E	1	대사	【カイル】ビビってんのかよ、おい。	
04030	D1:1695:06D5C	1	대사	【アル】今、なんて言った？	
04031	D1:1695:06D7A	2	대사	【カイル】あぁ？	
04032	D1:1695:06D96	1	대사	【アル】シェリルに何て言ったと聞いたんだ。	
04033	D1:1695:06DC4	4	대사	【カイル】どうした？	
04034	D1:1695:06DE4	1	대사	【アル】‥‥シェリルに謝れよ。	
04035	D1:1695:06E06	1	대사	【カイル】ヘッ、格好つけるなよ。膝が震えているぜ。	
04036	D1:1695:06E44	1	대사	【アル】そうか、お前の考えはよくわかった。	
04037	D1:1695:06E72	1	대사	【シェリル】いいんです、アルバートさん。	
04038	D1:1695:06EA6	1	대사	【カイル】か、覚悟はできてるんだろうな。	
04039	D1:1695:06EDA	1	대사	【アル】覚悟というと‥‥。	
04040	D1:1695:06EF8	1	대사	【カイル】黙ってろ！	
04041	D1:1695:06F18	1	대사	【カイル】俺を知らないとは、不幸だったな、新入り。	
04042	D1:1695:06F56	1	대사	【アル】別に。知っていたら幸福になれるってもんでもないだろう。	
04043	D1:1695:06F98	2	대사	【カイル】カイルだ。	
04044	D1:1695:06FB8	1	대사	【アル】いちいち名乗るなよ、自己顕示欲の強い奴だ。	
04045	D1:1695:06FEE	1	대사	【カイル】‥‥そこまで言ったんだ、覚悟はできてるな。	
04046	D1:1695:0702E	1	대사	【アル】わかった、じゃあそういう訳で。	
04047	D1:1695:07058	1	대사	【カイル】おい、どこに行くつもりだ。	
04048	D1:1695:07088	1	대사	【アル】どこって、ここを立ち去る覚悟ができたんだ。	
04049	D1:1695:070BE	1	대사	【カイル】馬鹿かお前は。俺にヤられる覚悟ができたかって、言っているんだ。	
04050	D1:1695:07112	1	대사	【アル】俺にそういう趣味はないぜ。	
04051	D1:1695:07138	1	대사	【カイル】‥‥俺に殴られる覚悟という意味だ。	
04052	D1:1695:07170	1	대사	【アル】なぜ俺が、お前に殴られる覚悟を決めなければいけないんだ。	
04053	D1:1695:071B4	1	대사	【カイル】くっ‥‥。	
04054	D1:1695:071D4	1	대사	【アル】青筋立ててプルプル震えるなよ。	
04055	D1:1695:071FE	1	대사	【カイル】あー服が汚れちまったぜ、どうしてくれるよ。	
04056	D1:1695:0723E	1	대사	【アル】どうするって、子供じゃないんだ、汚れたら洗えばいいだろう。	
04057	D1:1695:07284	1	대사	【カイル】なに！？	
04058	D1:1695:072A2	1	대사	【アル】俺がいい洗剤を紹介してやるよ、頑固な汚れも何のそのだ。	
04059	D1:1695:072E4	1	대사	【カイル】ケッ、とぼけた野郎だ。シェリル、誰だこいつは？	
04060	D1:1695:07328	1	대사	【シェリル】き、今日取材に来られた、記者のアルバートさんです‥‥。	
04061	D1:1695:07376	1	대사	【アル】とぼけるのは得意だぜ、あんたの顔と同じくな。	
04062	D1:1695:073DE	1	대사	【カイル】大した度胸だな。	
04063	D1:1695:07404	1	선택지	　逃げる	
04064	D1:1695:0740E	1	대사	【アル】よし、３６計なんとやらだ。行こう、シェリル。	
04065	D1:1695:07468	1	대사	【アル】（ま、逃げるのはまだ早いだろう。）	
04066	D1:1695:07496	1	대사	【アル】んじゃまぁ、そういうことで‥‥しっけいしっけい。	
04067	D1:1695:074D2	1	대사	【カイル】どこ行くんだ、おい。	
04068	D1:1695:074FC	1	대사	【アル】トイレだ、トイレ。	
04069	D1:1695:0751A	1	대사	【カイル】逃げるんじゃないだろうな。	
04070	D1:1695:0754A	1	대사	【アル】じゃあトイレまで付いてくるか？　おっきい方だぞ。	
04071	D1:1695:07586	1	대사	【カイル】付いていってやる。	
04072	D1:1695:075AE	1	대사	【アル】やっぱりやめた。	
04073	D1:1695:075D4	1	대사	【アル】ふぅ、どうやら逃げてこれたようだな。	
04074	D1:1695:07626	1	대사	【アル】シェリル、大丈夫かい？	
04075	D1:1695:07648	9	대사	【シェリル】は、はい‥‥。	
04076	D1:1695:0766E	1	대사	【アル】あイテテ‥‥あいつの骨は、セラミックか何かで出来ているのか。	
04077	D1:1695:076B6	1	대사	【シェリル】でも、凄いです。彼を一発で‥‥。	
04078	D1:1695:076EE	1	대사	【アル】フッ、口ほどにもなったなぁぁぁぁぁ痛い、痛いよ、シェリル。	
04079	D1:1695:07734	1	대사	【シェリル】こんなに腫れてる‥‥私のために‥‥。	
04080	D1:1695:07770	1	대사	【アル】し、シェリルが思い悩む必要なんてないさ。俺はああいう奴が、大嫌いなんでね。	
04081	D1:1695:077E0	1	대사	【アル】シェリルがいてもいなくても、多分ああいう結果になったと思うよ。	
04082	D1:1695:0782A	7	대사	【シェリル】はい‥‥。	
04083	D1:1695:0784C	1	대사	【アル】ふぅ、でも俺の必殺技を使ったの、久しぶりだったからなぁ‥‥イチッ。	
04084	D1:1695:0789A	1	대사	【シェリル】手当は？　メディカルセンターにお連れしなくて大丈夫ですか？	
04085	D1:1695:078EC	1	대사	【アル】ああ、多分大丈夫だ。	
04086	D1:1695:0790C	1	대사	【シェリル】でも‥‥こんなに腫れている‥‥。	
04087	D1:1695:07944	1	대사	【アル】いやホント‥‥んーそうだな、じゃあシップ薬だけ欲しい。	
04088	D1:1695:07986	1	대사	【シェリル】あっ、それだったら私の部屋に‥‥一緒に来てくれますか？	
04089	D1:1695:079D4	1	대사	【アル】えっ、じゃ、じゃあ自分の部屋で待っているよ、うん。	
04090	D1:1695:07A12	1	대사	【シェリル】‥‥わかりました。シップ薬ですね？　部屋で待っていて下さい。	
04091	D1:1695:07A66	1	대사	【アル】ああ、頼むよ。	
04092	D1:1695:07A8A	1	대사	【アル】ふぅ。	
04093	D1:1695:07AB2	1	대사	【アル】シェリルには悪いけど、俺は《デザイア》の中を色々と探検してみたいんだ。	
04094	D1:1695:07B04	1	대사	【アル】シェリルが一緒だと、何かと動きが不便だしな。	
04095	D1:1695:07B3C	1	대사	【アル】それに、もし何かあった時、シェリルの責任になりかねないから‥‥。	
04096	D1:1695:07BC0	1	대사	【アル】早く外に行こう。	
04097	D1:1695:07BDC	1	대사	【アル】早いトコ外にでようぜ‥‥シェリルが戻ってくるかもしれない。	
04098	D1:1695:07C22	1	대사	【アル】それにラウンジで伸びているゴリラが、目を覚ますかもしれないしな。	
04099	D1:1695:07C6E	1	대사	【アル】外に出た方がいいだろう。	
04100	D1:1695:07C92	1	대사	【アル】あそこから、今にもシェリルが降りてくるかもしれない。	
04101	D1:1695:07CD2	1	대사	【アル】早く外に出た方がいいだろう。	
04102	D1:1695:07D1A	1	대사	【アル】２階に行ったらシェリルとはち合わせだ。	
04103	D1:1695:07D4C	1	대사	【アル】早く外にいこう。	
04104	D1:1695:07D68	1	대사	【アル】ラウンジにはあのカイルがぶっ倒れているはずだ。	
04105	D1:1695:07DA2	1	대사	【アル】そこに戻るのか？	
04106	D1:1837:00D50	2	대사	【アル】ここは研究室だ‥‥。	
04107	D1:1837:00D70	1	대사	【アル】制御用の端末やディスプレイには電気が来ていないようだ。	
04108	D1:1837:00DB2	1	대사	【アル】すると‥‥この音は‥‥？	
04109	D1:1837:00E00	1	대사	【アル】あれ以来、ここにはほとんど足を運んでいないが‥‥。	
04110	D1:1837:00E48	1	대사	【アル】ここは研究室だ。	
04111	D1:1837:00E64	1	대사	【アル】やはり誰もいないようだが‥‥‥‥。	
04112	D1:1837:00E9C	1	대사	【アル】（おっ、さすがカズミさん、早々に待機していたか。）	
04113	D1:1837:00EDA	1	대사	【アル】やぁ、どうも。本日はお日柄もよく‥‥。	
04114	D1:1837:00F0C	1	대사	【カズミ】少し黙っていただけないかしら？	
04115	D1:1837:00F40	1	대사	【アル】あっそう‥‥。（ちぇっ、行かず後家のくせして。まぁいいさ。）	
04116	D1:1837:00F88	1	대사	【アル】（ここが研究室か‥‥意外に質素な造りなんだな。）	
04117	D1:1837:00FC4	1	대사	【アル】（もっと凄いロボットとか、いるかと思ったけど。）	
04118	D1:1837:01000	1	대사	【カズミ】ロボットはいないわ。	
04119	D1:1837:0102A	1	대사	【アル】あれ？　いつの間にか思ってることを口に出してる。	
04120	D1:1837:01066	1	대사	【カズミ】あなたの妙な癖ね。	
04121	D1:1837:0108E	1	대사	【アル】じゃあじゃあ、さっき俺が『行かず後家』って思ったことも‥‥。	
04122	D1:1837:010D6	1	대사	【カズミ】それは今聞いたわ。	
04123	D1:1837:010FE	1	대사	【アル】なんだ、良かったぁ。	
04124	D1:1837:0111E	15	대사	【カズミ】‥‥‥‥‥‥。	
04125	D1:1837:01144	1	대사	【マルチナ】フフ、仲が良いのね、２人とも。	
04126	D1:1837:0117A	1	대사	【アル】いやぁ、それほどでも。	
04127	D1:1837:0119C	1	대사	【カズミ】やめて下さい。気持ち悪い。	
04128	D1:1837:011CC	1	대사	【アル】（ちょっと傷ついたぞ、いまのは‥‥。）	
04129	D1:1837:011FE	1	대사	【マルチナ】ではイズミさん、こちらのアルバートさんに説明を。	
04130	D1:1837:01246	3	대사	【マコト】は、はい。	
04131	D1:1837:01270	1	대사	【アル】（ドキッ！{n00}マコト‥‥。）	
04132	D1:1837:01296	1	대사	【マコト】どうも。	
04133	D1:1837:012B4	1	대사	【アル】や、やぁ‥‥。	
04134	D1:1837:012CE	1	대사	【カズミ】アルバート、最初に釘を指しておくけど、ここでインタビューを始めないで頂戴。	
04135	D1:1837:0132E	1	대사	【アル】わ、わかってますよ。	
04136	D1:1837:0134E	2	대사	【アル】（ちぇっ、しっかりしてるな。）	
04137	D1:1837:01378	2	대사	【マルチナ】それではアル、始めていいわ。	
04138	D1:1837:013FC	1	대사	【アル】研究室内は、依然として薄暗い‥‥。	
04139	D1:1837:0142A	1	대사	【アル】不気味な稼働音が聞こえてくる‥‥。	
04140	D1:1837:01458	1	대사	【アル】研究室内に電気はきていない‥‥だが、何かが動いているようだ。	
04141	D1:1837:014A0	1	대사	【アル】いったい、何が動いているんだ？	
04142	D1:1837:014CA	1	대사	ピカッピカッ‥‥{n00}ガガガ！！！	
04143	D1:1837:014F0	1	대사	【アル】うわっ、す、凄いぞ今のは‥‥。	
04144	D1:1837:0151A	1	대사	【アル】どうもあの装置が、怪しいような気がするんだが‥‥。	
04145	D1:1837:01558	1	대사	【アル】研究室内は薄暗いが‥‥騒音はあの球体ドームから聞こえてくる。	
04146	D1:1837:015A0	1	대사	【アル】もしや、{n00}あの装置がまた稼働しはじめたんじゃないか？	
04147	D1:1837:015F0	5	선택지	　反応装置	
04148	D1:1837:015FC	1	대사	【アル】研究室をでるのか‥‥。	
04149	D1:1837:01626	1	대사	【アル】そうだ、稼働音は、あの装置から聞こえてくるんだ‥‥。	
04150	D1:1837:016C2	1	대사	【アル】あたりは静かすぎるほどだ。機械は１つも稼働していない。	
04151	D1:1837:01704	1	대사	【アル】誰もいない研究室か‥‥。	
04152	D1:1837:01728	1	대사	【アル】電気がこない機械、誰にも使われない機械‥‥。	
04153	D1:1837:01760	1	대사	【アル】無用の長物以外の、何物でもないな。	
04154	D1:1837:0178E	1	대사	【アル】あれ以来、装置は稼働していないようだ‥‥。	
04155	D1:1837:017C4	1	대사	【アル】正面の球体ドーム状の装置‥‥反応装置と呼ばれていたな‥‥。	
04156	D1:1837:0180A	1	대사	【アル】いったいあの装置にどんな機能があるのか、俺にはわからないが‥‥。	
04157	D1:1837:01866	2	선택지	　装置制御室	
04158	D1:1837:01874	1	대사	【アル】あの装置の中に入るのか‥‥？	
04159	D1:1837:0189C	1	대사	【アル】そうだな、よし行ってみるか。	
04160	D1:1837:018CA	2	대사	【アル】そうだな、研究室を出よう。	
04161	D1:1837:0192E	1	대사	【アル】あたりは静かすぎるほどだ。機械は１つも稼働していないようだが‥‥。	
04162	D1:1837:0197C	1	대사	【アル】あたりに人はいないようだが‥‥。	
04163	D1:1837:019A8	1	대사	【アル】確かに研究職員のほとんどは、	
04164	D1:1837:019D0	1	대사	【アル】すでに《デザイア》を出ているから、不思議じゃあない。	
04165	D1:1837:01A10	1	대사	【アル】でも、この静けさはいったい何なんだ‥‥？	
04166	D1:1837:01A44	1	대사	【アル】今は稼働しておらず、例の不気味な音も聞こえてこない。	
04167	D1:1837:01A84	1	대사	【アル】あそこの正面の球体ドーム状装置‥‥反応装置から俺は出てきたんだ。	
04168	D1:1837:01AD0	1	대사	【アル】しかし、あそこの中にも、外にも、人は誰もいない‥‥。	
04169	D1:1837:01B2E	1	대사	【アル】あの装置の所に戻るのか？	
04170	D1:1837:01B52	1	대사	【アル】そうだな、行ってみるか。	
04171	D1:1837:01C0A	1	대사	【アル】設備は凄いんだけど‥‥それを運用する職員の少なさが気になるな。	
04172	D1:1837:01C54	2	대사	【アル】そういえば、職員の数が少ないな‥‥いったいどうしたんだい？	
04173	D1:1837:01C9A	2	대사	【マコト】職員は‥‥休暇中なのよ。	
04174	D1:1837:01CC8	2	대사	【アル】休暇中ねぇ、なんでこの時期に？	
04175	D1:1837:01CF2	10	대사	【マコト】えっ‥‥？	
04176	D1:1837:01D12	1	대사	【カズミ】この時期がどの時期かはわからないのだけど、	
04177	D1:1837:01D54	2	대사	【カズミ】休暇の出すタイミング云々を言われる筋合いはないわ。	
04178	D1:1837:01D9E	2	대사	【アル】べ、別にちょっと聞いただけじゃないか‥‥。	
04179	D1:1837:01DD4	1	대사	【アル】（ちっ、相変わらず賢しいお嬢様だな。）	
04180	D1:1837:01E06	1	대사	【アル】すごい研究設備だ‥‥。	
04181	D1:1837:01E28	1	대사	【アル】研究室っていうくらいだから、やっぱりフラスコとか試験管があって、	
04182	D1:1837:01E74	1	대사	【アル】ポコポコいいながら煙モクモクという予想だったけど。	
04183	D1:1837:01EB2	1	대사	【アル】でもこれはまるで、中規模の工場という感じだな‥‥パシャッ、パシャッと。	
04184	D1:1837:01F04	1	대사	【マコト】説明するわ。広さは約３４０平方メートル、総電力は４５万‥‥。	
04185	D1:1837:01F56	1	대사	【アル】あぁ、いいっていいって。その辺は以前もらったパンフに書いてあるから。	
04186	D1:1837:01FA6	2	대사	【マコト】そ、そう‥‥。	
04187	D1:1837:01FCA	1	대사	【アル】あ‥‥いやその、はは、やっぱり説明を聞きたくなっちゃったな。	
04188	D1:1837:02012	1	대사	【マコト】詳しい説明は、以前渡したパンフレットを参照して下さい。	
04189	D1:1837:0205E	1	대사	【アル】クスン‥‥。	
04190	D1:1837:02076	1	대사	【アル】制御エリアにも、人はいないみたいだ‥‥。	
04191	D1:1837:020AA	1	대사	【アル】端末がいくつか並んでいる。	
04192	D1:1837:020D0	1	대사	【アル】あそこで色々な装置の制御をしているのかもしれないな。	
04193	D1:1837:02110	1	대사	【マコト】私が主に、あのコンソールで指示を出しているの。	
04194	D1:1837:02154	1	대사	【アル】ふーん、で、どんなことをしているんだい？	
04195	D1:1837:02188	1	대사	【カズミ】今日は写真撮影のはずよ。余計な質問には答えられないわ。	
04196	D1:1837:021D4	1	대사	【アル】別にあんたに聞いた訳じゃないんだけどね。	
04197	D1:1837:02208	2	대사	【カズミ】何か言って？	
04198	D1:1837:0222A	1	대사	【アル】耳鳴りだろうよ。	
04199	D1:1837:02246	1	대사	【アル】制御をするところらしいが、メインではないということだ。	
04200	D1:1837:02288	1	대사	【アル】あの左側は何だい？	
04201	D1:1837:022A6	1	대사	【マコト】あそこは一段高くなっているので、危険防止のために柵を設けているの。	
04202	D1:1837:022FE	1	대사	【アル】ふーん、{n00}柵の向こう側では？	
04203	D1:1837:02326	1	대사	【マコト】右側のエリアと同じく、機器の制御などを行っているわ。	
04204	D1:1837:02372	1	대사	【マコト】でも主にサブシステムね。	
04205	D1:1837:023A2	1	대사	【アル】なるほど‥‥パシャッ、パシャッっと。	
04206	D1:1837:023D2	1	대사	【アル】用途は不明だが、研究に必要な装置の１つらしい。	
04207	D1:1837:0240C	1	대사	【アル】じゃあ、研究室内にはプラネタリウムが存在せり、	
04208	D1:1837:02446	1	대사	【アル】と記事には書いておきましょう。	
04209	D1:1837:02470	1	대사	【カズミ】結構ね、	
04210	D1:1837:02490	1	대사	【カズミ】じゃあ職員の憩いの場として活用されている、と付け足しておいて欲しいわ。	
04211	D1:1837:024EE	1	대사	【アル】（可愛くねーなぁ、このお嬢様は。）	
04212	D1:1837:0251C	1	대사	【カズミ】どうせ私は可愛くないです。	
04213	D1:1837:0254C	1	대사	【アル】えっ‥‥。	
04214	D1:1837:02562	1	대사	【マコト】クスクスッ、アル、また‥‥。	
04215	D1:1837:02594	1	대사	【カズミ】イズミさん、何がおかしいのかしら？	
04216	D1:1837:025CC	1	대사	【マコト】い、いえ‥‥どうもすみませんでした。	
04217	D1:1837:02606	1	대사	【アル】と、とにかく場が和んだということで‥‥。	
04218	D1:1837:02652	1	대사	【アル】あのプラネタリウムみたいなドームは？	
04219	D1:1837:02682	1	대사	【マコト】あれは‥‥。	
04220	D1:1837:026A4	1	대사	【カズミ】数ある装置の中の１つ、というところね。	
04221	D1:1837:026E0	1	대사	【アル】（誰もあんたには聞いていないよ。）	
04222	D1:1837:0270E	1	대사	【アル】ふーん、で、どんな用途なんだい？	
04223	D1:1837:0273A	1	대사	【カズミ】機器、装置類の詳しい説明はしないという約束よ。	
04224	D1:1837:0277E	1	대사	【アル】だいたいでいいよ、だいたいで。	
04225	D1:1837:027A8	1	대사	【カズミ】研究のために必要な装置の１つ、ね。	
04226	D1:1837:027E0	1	대사	【アル】もしかしてそれが説明？	
04227	D1:1837:02802	2	대사	【カズミ】そう。	
04228	D1:1837:0281E	1	대사	【アル】（バーロー、そんな説明でお茶を濁そうなんて、１億年早いぜ、）	
04229	D1:1837:02866	1	대사	【アル】（この行かず後家が！）	
04230	D1:1837:02888	1	대사	【カズミ】ピクッ‥‥。	
04231	D1:1837:028AA	1	대사	【マルチナ】フフ、また口に出ていたわよ、アル。	
04232	D1:1837:028E4	1	대사	【アル】や、やだなぁ、場を和ますための軽いジョークじゃないか。	
04233	D1:1837:02936	1	대사	【アル】まだ研究室を出るのは早いだろう。	
04234	D1:1837:02962	1	대사	【アル】さてと、{n00}じゃあお邪魔さまー。	
04235	D1:1837:0298C	1	대사	【マコト】えっ、まだ‥‥。	
04236	D1:1837:029B2	1	대사	【カズミ】自主的に写真撮影を打ち切るのね、わかったわ。じゃあこれで‥‥。	
04237	D1:1837:02A06	1	대사	【アル】じょ、冗談だよ、冗談。	
04238	D1:1837:02A48	2	대사	【アル】ところで技術主任、１つ聞きたいんですが。	
04239	D1:1837:02A7C	2	대사	【マコト】な、なんでしょうか。	
04240	D1:1837:02AA6	2	대사	【アル】そういえば「反応装置」というのは、どこにあるんですか？	
04241	D1:1837:02B08	1	대사	【カズミ】はっ！	
04242	D1:1837:02B3E	1	대사	【アル】（おっ、これは凄い反応だな。反応装置だけに？）	
04243	D1:1837:02B78	2	대사	【カズミ】なぜそのことを？	
04244	D1:1837:02B9E	1	대사	【アル】というと、反応装置というのが、ここにあるんです{n00}ね？	
04245	D1:1837:02BF6	2	대사	【アル】どうも触れてはいけないものに、触れてしまったようだなぁ。	
04246	D1:1837:02C3A	2	대사	【マルチナ】いいえ、反応装置というのは‥‥。	
04247	D1:1837:02C72	4	대사	【カズミ】教授！	
04248	D1:1837:02C8E	2	대사	【マルチナ】構わないのよ、カズミさん。	
04249	D1:1837:02CC0	2	대사	【カズミ】しかし‥‥。	
04250	D1:1837:02CE2	1	대사	【アル】で、反応装置というのは？（ちょっとだけワクワクするな。）	
04251	D1:1837:02D30	1	대사	【マルチナ】停止したＴ粒子にある一定の加速度ベクトルを加え、そこから放射される、	
04252	D1:1837:02D8E	1	대사	【マルチナ】波長の極めて短い電磁波に似たエネルギーを取得する装置。	
04253	D1:1837:02DDE	1	대사	【アル】ほ、ほぉ（よくわからないが）なるほど。凄い装置ですね。	
04254	D1:1837:02E20	2	대사	【マルチナ】確かにこれを利用することによって、様々なことができるかもしれない。	
04255	D1:1837:02E7C	2	대사	【マルチナ】例えばＢ兵器への活用‥‥。	
04256	D1:1837:02ECC	2	대사	【アル】Ｂ兵器というと、生物兵器ですか。	
04257	D1:1837:02EF8	2	대사	【マルチナ】そう、当初‥‥テオドラの頃から、	
04258	D1:1837:02F32	2	대사	【マルチナ】私の開発理論はＢ兵器応用へと進められてきた。	
04259	D1:1837:02F78	2	대사	【アル】マルチナさんの開発理論‥‥？	
04260	D1:1837:02FA0	1	대사	【アル】旦那さんの{n00}研究を受け継いだんじゃなかったんですか？	
04261	D1:1837:02FE0	2	대사	【マルチナ】表向きはそうなっているわね。でも‥‥。	
04262	D1:1837:0301E	2	대사	【カズミ】マルチナ、あなた‥‥。	
04263	D1:1837:0304A	2	대사	【マルチナ】夫グスタフは、この反応装置を制御する方程式を導き出すことができなかった。	
04264	D1:1837:030AC	2	대사	【マルチナ】しかし私は‥‥。	
04265	D1:1837:030D6	2	대사	【アル】導き出すことができたと。	
04266	D1:1837:030FA	2	대사	【マルチナ】そうね。もう研究は最終段階に入っている、	
04267	D1:1837:0313C	2	대사	【マルチナ】誰が妨害しようとも、これは止められないわ。	
04268	D1:1837:03180	2	대사	【アル】ねぇ、教授。１つ聞いてもいいですか？	
04269	D1:1837:031D0	2	대사	【アル】そこのお嬢様の反応を見るに、結構重要なことを俺に言ったみたいだけど‥‥。	
04270	D1:1837:03224	2	대사	【マルチナ】結構ではなく、ものすごい、かもしれないわね、フフ。	
04271	D1:1837:0326E	1	대사	【アル】‥‥それは何故ですか？	
04272	D1:1837:03290	2	대사	【マルチナ】あなたには知っておいてもらいたかったの。	
04273	D1:1837:032D0	2	대사	【アル】新聞記者だから？	
04274	D1:1837:032EC	2	대사	【マルチナ】新聞記者というのは‥‥。	
04275	D1:1837:0331C	2	대사	【カズミ】マルチナ、あなたにお話があるの。	
04276	D1:1837:03352	2	대사	【マルチナ】フフ、カズミさん、いいわよ‥‥じゃあ私の部屋へ。	
04277	D1:1837:0339A	2	대사	【カズミ】アルバート、写真撮影は終了よ！	
04278	D1:1837:033DC	1	대사	【アル】あらあら、なんかマズかったかなぁ。	
04279	D1:1837:03434	2	대사	【アル】マコト‥‥どうなっちゃってるの？　これって。	
04280	D1:1837:0346C	2	대사	【マコト】わ、私にもよくわからなくて‥‥いったいどうなっているのかしら？	
04281	D1:1837:034C0	2	대사	【アル】何かゴタゴタしていそうだなぁ‥‥まぁそれはそれとして。	
04282	D1:1837:0351A	2	대사	【アル】これからも仕事？	
04283	D1:1837:03536	1	대사	【マコト】え、ええ。	
04284	D1:1837:03556	2	대사	【アル】そうか‥‥わかった。	
04285	D1:1837:03576	5	대사	【マコト】ごめんなさい‥‥。	
04286	D1:1837:0359E	2	대사	【アル】いや、いいって。じゃあ写真撮影も終わったし、俺は部屋に帰るけど。	
04287	D1:1837:035EA	5	대사	【マコト】ええ‥‥。	
04288	D1:1837:0360A	2	대사	【アル】明日、俺は《デザイア》を出るぜ。	
04289	D1:1837:03636	1	대사	【マコト】そうね。	
04290	D1:1837:03654	2	대사	【アル】それだけ？	
04291	D1:1837:0366A	2	대사	【マコト】ごめんなさい‥‥私は‥‥。	
04292	D1:1837:0369A	2	대사	【アル】いいって。うん、ま、何か話があったら俺の部屋に来てくれよ。	
04293	D1:1837:036E0	7	대사	【マコト】うん‥‥。	
04294	D1:1837:03700	2	대사	【アル】じゃあな。	
04295	D1:1837:0373C	1	대사	【アル】どこを撮影しても構わないんだっけ？	
04296	D1:1837:0376A	1	대사	【マコト】ええ、そうです。	
04297	D1:1837:03790	1	대사	【アル】どのアングルからでも？	
04298	D1:1837:037B2	1	대사	【マコト】そうだけどアル、そのホフク前進をやめなさい。	
04299	D1:1837:03808	2	대사	【マコト】この場所からであれば、基本的にどこを撮影しても構わないわ。	
04300	D1:1837:03858	2	대사	【アル】どこを撮影しても？	
04301	D1:1837:03876	2	대사	【マコト】そうよ。	
04302	D1:1837:03894	3	대사	【アル】ニヤッ。	
04303	D1:1837:038A8	1	대사	【マコト】はっ‥‥で、でも私の下着とか脇の下なんかはダメよ。	
04304	D1:1837:038F0	2	대사	【アル】は？‥‥なになに、下着？　脇の下ぁ？	
04305	D1:1837:03940	2	대사	【アル】誰もそんなこと言っていないのになぁ。	
04306	D1:1837:03970	1	대사	【アル】もしかしてマコト、下着とか脇の下撮られるの、期待してんじゃない？	
04307	D1:1837:039BC	2	대사	【マコト】ば、バカぁ！！	
04308	D1:1837:039E0	2	대사	【マルチナ】イズミさん、職務を忘れないように。	
04309	D1:1837:03A1A	2	대사	【マコト】は、はい‥‥すみませんでした。	
04310	D1:1837:03A4E	2	대사	【アル】へへっ、下着に脇の下ねぇ。	
04311	D1:1837:03A74	1	대사	【マコト】その他に何か？	
04312	D1:1837:03A98	2	대사	【アル】うーん、立ち直りが早いな‥‥。	
04313	D1:1837:03AC2	2	대사	【マコト】では説明するわ。	
04314	D1:1837:03AE8	2	대사	【アル】おっ、いい表情だねぇ、パシャッパシャッと。	
04315	D1:1837:03B1E	2	대사	【マコト】私を撮ってどうするのよ。	
04316	D1:1837:03B4C	2	대사	【アル】ここの職員の顔を撮るのも仕事のうちさ。	
04317	D1:1837:03B7E	5	대사	【マコト】わ、わかったわ‥‥。	
04318	D1:1837:03BA8	2	대사	【アル】おっ、いいねぇ、その憂いがかった表情‥‥んー、もう１枚脱いでみようかぁ。	
04319	D1:1837:03BFC	2	대사	【マコト】アル、ふざけないで頂戴！	
04320	D1:1837:03C3E	1	대사	【カズミ】話すことは何もないわ。	
04321	D1:1837:03C6A	1	대사	【カズミ】私と話すためにここに来た訳じゃないんでしょう？	
04322	D1:1837:03CAE	1	대사	【アル】いや、あなたと話すためです。	
04323	D1:1837:03CD6	1	대사	【カズミ】私は話すことがないわ。	
04324	D1:1837:03D02	1	대사	【アル】あっ、そう。（話しがいもないんだよな‥‥。）	
04325	D1:1837:03D3A	1	대사	【アル】ほら、カズミさんもそんな端っこにいないで、こっちに来た来た。	
04326	D1:1837:03D8C	2	대사	【カズミ】何かしら？	
04327	D1:1837:03DAC	1	대사	【アル】おっ、いいねぇ、その表情。パシャパシャっと。	
04328	D1:1837:03E00	1	대사	【アル】カズミさんは絵になるよなぁ、背も比較的高いし、美人だし、品性漂っているし。	
04329	D1:1837:03E56	1	대사	【カズミ】そんな当たり前のことを言わないで頂戴。	
04330	D1:1837:03E92	1	대사	【アル】あっ、そう。（これだけ褒めがいの無い女性も珍しいな。）	
04331	D1:1837:03ED4	1	대사	【カズミ】もういいでしょう。	
04332	D1:1837:03F0A	1	대사	【アル】ちぇっ、何だか撮り甲斐がないよなぁ。	
04333	D1:1837:03F3A	1	대사	【アル】まっ、結構撮ったからよしとするか。	
04334	D1:1837:03F72	1	대사	【マコト】もういいでしょう、アル。あまり世話をやかせないで。	
04335	D1:1837:03FBA	1	대사	【アル】へいへい‥‥。（ノリが今いち悪いよな。）	
04336	D1:1837:03FEE	1	대사	【マルチナ】インタビューには答えられませんよ。	
04337	D1:1837:04028	1	대사	【アル】わかってますよ‥‥。{n00}（ガードは固いな。）	
04338	D1:1837:0405E	1	대사	【アル】ところで教授、ちょっと世間話をしていいですか？	
04339	D1:1837:040B8	1	대사	【アル】今日、比較的大きな飛行機がやってくるという話ですけど、なぜなんでしょうね。	
04340	D1:1837:0410E	1	대사	【マルチナ】さぁ、なぜかしら。	
04341	D1:1837:04138	1	대사	【アル】そりゃないでしょう？	
04342	D1:1837:04158	1	대사	【マルチナ】記者なんだから、それくらい自分でお調べなさい。	
04343	D1:1837:0419E	1	대사	【アル】これは手厳しいですね。	
04344	D1:1837:041C0	1	대사	【アル】（へへっ、お許しがでたからな、自分で調べさせてもらうさ。）	
04345	D1:1837:04206	1	대사	【アル】そんなに脇に立っていないで、もっとこっちに来て下さいよ。	
04346	D1:1837:04254	2	대사	【マルチナ】何かしら？	
04347	D1:1837:04276	1	대사	【アル】パシャッ、パシャっと。	
04348	D1:1837:04298	1	대사	【アル】カメラ慣れしていますね、そのカメラ視線がまた抜群です。	
04349	D1:1837:042DA	1	대사	【マルチナ】フフ、ありがとう。	
04350	D1:1837:04304	1	대사	【カズミ】教授、そんなことでは‥‥。	
04351	D1:1837:04334	1	대사	【マルチナ】いいじゃないですか、綺麗に撮ってくれるというのだから、お任せしたって。	
04352	D1:1837:04392	1	대사	【アル】そ、そうそう！　いやぁ、理解のある人は違うよねぇ。	
04353	D1:1837:043D0	1	대사	【マルチナ】じゃあ、もういいかしら。	
04354	D1:1837:04400	1	대사	【アル】ええ、もう何枚も撮りました。現像できたら、送りましょうか、いいやつを？	
04355	D1:1837:04452	1	대사	【マルチナ】フフ、よろしくお願いするわ。	
04356	D1:1837:04490	1	대사	【マコト】アル、あまりハメを外さないでちょうだいね。	
04357	D1:1837:044D0	1	대사	【アル】わかってるって。	
04358	D1:1963:03536	1	대사	【アル】な、なんだ！？　あの空は‥‥‥‥！！	
04359	D1:1963:03566	1	대사	【アル】ものすごい稲妻だ‥‥雲が渦巻いている。さっきの音はあれだったのか？	
04360	D1:1963:035B4	1	대사	【アル】しかしいったいどうして‥‥今まで、こんなことなかったのに。	
04361	D1:1963:035FA	3	대사	【ティーナ】アル！	
04362	D1:1963:03622	1	대사	【アル】ティーナ。これはいったい‥‥。	
04363	D1:1963:0364C	1	대사	【ティーナ】わからない‥‥でも稲妻は研究所の方に集まっている。	
04364	D1:1963:03696	1	대사	【アル】研究所！？	
04365	D1:1963:036AC	1	대사	【ティーナ】ええ‥‥‥‥。	
04366	D1:1963:036D2	1	대사	【アル】どういうことだよ！？　なぜ研究所に‥‥‥‥。	
04367	D1:1963:0370A	1	대사	【ティーナ】わからない‥‥わからないけど、何か胸騒ぎがするの。	
04368	D1:1963:03754	1	대사	【アル】と、とにかく研究所に行ってみようぜ。	
04369	D1:1963:037B4	2	대사	【アル】宿舎の前だ‥‥。	
04370	D1:1963:037D0	1	대사	【アル】空は相変わらずくすんでいるな。	
04371	D1:1963:03820	1	대사	【アル】ティーナが例の所にいっているはずだ、早く行こうぜ。	
04372	D1:1963:03868	5	대사	【アル】ここは宿舎前だ‥‥。	
04373	D1:1963:03888	1	대사	【アル】ここなら人が誰かいるだろうか。	
04374	D1:1963:038BC	12	대사	【アル】ここは宿舎前だ。	
04375	D1:1963:038D8	1	대사	【アル】もう人の姿は全くみえないな。	
04376	D1:1963:0390A	1	대사	【アル】あっ、か、カイル‥‥。	
04377	D1:1963:0392C	1	대사	【カイル】なんだ、お調子者、まだいたのか。	
04378	D1:1963:03962	1	대사	【アル】俺の事をお調子者と呼ぶな。	
04379	D1:1963:03988	1	대사	【カイル】フッ、どうやら身代わりが出来て助かったようだが‥‥。	
04380	D1:1963:039D4	1	대사	【カイル】俺はまだお前が犯人だって睨んでいるぜ。	
04381	D1:1963:03A12	1	대사	【アル】な、なんだと！	
04382	D1:1963:03A2C	1	대사	【カイル】フッ、じゃあな、お調子者。	
04383	D1:1963:03A80	1	대사	【アル】さっきまでは、この荒涼感が意外に心地よかったが‥‥今は不快感しかない。	
04384	D1:1963:03AD2	1	대사	【アル】まぁいいさ。あんな阿呆のことはさっさと忘れようぜ。	
04385	D1:1963:03B2A	1	대사	【アル】でも、何か大きな荷物を持っていたな。	
04386	D1:1963:03B5A	1	대사	【アル】あいつも、ここを出る用意をしていたのかな？	
04387	D1:1963:03B9A	1	대사	【アル】ここは宿舎前だな。	
04388	D1:1963:03BB8	1	대사	【アル】急に慌ただしくなったという感じだな、何人かの人とすれ違ってしまった。	
04389	D1:1963:03C2E	1	대사	【アル】ティーナを捜すって言っても、いったいどこを捜せばいいんだ？	
04390	D1:1963:03C7E	1	대사	【アル】あれ？　君は確か‥‥エレナ？	
04391	D1:1963:03CA6	1	대사	【エレナ】あっ。	
04392	D1:1963:03CC2	1	대사	【アル】ね、こんなちっちゃな子で、金髪で‥‥。	
04393	D1:1963:03CF4	1	대사	【エレナ】ごめんなさい、急いでいるの‥‥。	
04394	D1:1963:03D34	1	대사	【アル】ねぇちょっ‥‥行っちゃったか。	
04395	D1:1963:03D5E	1	대사	【アル】何だか慌てていたようだけど、何かあったのかな‥‥。	
04396	D1:1963:03D9C	1	대사	【アル】まぁいいさ‥‥さてと、どうするかな。	
04397	D1:1963:03DD6	1	대사	【アル】ここは宿舎前だ。あたりに人の姿はない‥‥。	
04398	D1:1963:03E62	1	대사	【アル】カズミさんと‥‥あれ？　クリスじゃないか。	
04399	D1:1963:03E98	1	대사	【アル】何か険悪な雰囲気なんだけど‥‥どうしたんだろう。	
04400	D1:1963:03EFA	1	대사	【アル】妙に肌寒い気がするな‥‥嫌な感覚だ。	
04401	D1:1963:03F34	1	대사	【アル】いつのまにか、こんなに暗くなっている。	
04402	D1:1963:03F66	1	대사	【アル】不安は募るばかりだな‥‥。	
04403	D1:1963:03FA2	1	대사	【アル】例の『アルぅー』って叫び声が聞こえてきたら、どんなに安心するか。	
04404	D1:1963:03FEE	1	대사	【ティーナ】アルぅー！！	
04405	D1:1963:04012	1	대사	【アル】そう、こんな風に‥‥{n00}{s00}えっ！？	
04406	D1:1963:0406C	1	대사	【アル】おいてっ！！　へへっ、タックルにも、だんだん腰がはいって来たな、王女様。	
04407	D1:1963:040C0	1	대사	【ティーナ】うん、ティーナ腰使いがうまいのよ！	
04408	D1:1963:040FA	1	대사	【アル】（うーむ、いつもこんな調子だな‥‥。）	
04409	D1:1963:0412C	1	대사	【ティーナ】あの人に連れてきてもらったの！	
04410	D1:1963:04162	1	대사	【アル】あの人って‥‥？	
04411	D1:1963:04188	1	대사	【マルチナ】元気がいいことね。	
04412	D1:1963:041B2	1	대사	【アル】どうもマルチナさん、お世話をおかけして‥‥。	
04413	D1:1963:041EA	1	대사	【マルチナ】フフ、可愛らしい子ね、アルの恋人さんかしら？	
04414	D1:1963:0422E	1	대사	【ティーナ】うん、そうよ！	
04415	D1:1963:04254	1	대사	【アル】あのなぁ‥‥（安堵感の為かな‥‥まんざらでもない気分だぜ。）	
04416	D1:1963:0429C	1	대사	【アル】ティーナ、お前どこに行っていたんだよ？	
04417	D1:1963:042D8	1	대사	【ティーナ】うん、ええと‥‥。	
04418	D1:1963:04302	1	대사	【アル】（ん？珍しいな‥‥こいつが伏し目なんてするの。）	
04419	D1:1963:0433E	1	대사	【ティーナ】んんと、ごめんなさい。	
04420	D1:1963:0436C	2	대사	【アル】え？　あ、あぁ‥‥。	
04421	D1:1963:0438C	1	대사	【ティーナ】ティーナちょっとお外で遊びたくて、それで‥‥。	
04422	D1:1963:043D2	1	대사	【アル】しょうがないヤツだな。	
04423	D1:1963:043F4	1	대사	【ティーナ】ごめんなさーい。	
04424	D1:1963:0441C	1	대사	【アル】フフン、まぁいいよ。わかった、許してやるさ。	
04425	D1:1963:04454	1	대사	【ティーナ】ホント！？	
04426	D1:1963:04476	1	대사	【アル】あぁ、でもシェリルにはちゃんと謝っておけよ。彼女、すごく心配していたんだぜ。	
04427	D1:1963:044CE	1	대사	【ティーナ】うん、シェリルにはちゃんと謝る。	
04428	D1:1963:04506	1	대사	【アル】よーし、いい子だ。	
04429	D1:1963:0452E	1	대사	【マルチナ】この子、研究所の中を歩いていたので、連れてきたのよ。	
04430	D1:1963:0457A	1	대사	【アル】そうでしたか‥‥どうもお手数をおかけしました。	
04431	D1:1963:045B4	1	대사	【マルチナ】フフ、いいわ。じゃあ‥‥。	
04432	D1:1963:045F0	1	대사	【アル】あっ、マルチナさん。	
04433	D1:1963:0461A	1	대사	【マルチナ】え？	
04434	D1:1963:04636	1	대사	【アル】ええと‥‥今日は私服姿で、とっても素敵ですね。	
04435	D1:1963:04670	1	대사	【マルチナ】ウフフ、ありがとう。	
04436	D1:1963:0469E	1	대사	【マルチナ】今日はもう仕事をあがったの、明日が少し忙しくなるのでね‥‥。	
04437	D1:1963:046F4	1	대사	【アル】なるほど‥‥で、聞きたいんですけど。	
04438	D1:1963:04746	1	대사	【アル】このティーナを見て、どう思います？	
04439	D1:1963:0477C	1	대사	【マルチナ】どうって‥‥可愛らしいわ、とっても。	
04440	D1:1963:047B8	1	대사	【アル】いやそうじゃなくて‥‥。	
04441	D1:1963:047DC	1	대사	【マルチナ】？	
04442	D1:1963:047EE	1	대사	【アル】いや、いいんです。どうも、お世話様でした。	
04443	D1:1963:04824	1	대사	【マルチナ】フフ、変な人ね。	
04444	D1:1963:04856	1	대사	【アル】（どうも捉えどころの無い人だな、彼女は‥‥。）	
04445	D1:1963:04890	1	대사	【アル】（いつも、さらりとかわされる気がする。）	
04446	D1:1963:048CE	1	대사	【ティーナ】ねっ、アル！	
04447	D1:1963:048F2	1	대사	【アル】な、なんだ、そんなにはりきって。	
04448	D1:1963:0491E	1	대사	【ティーナ】海で泳ごう！	
04449	D1:1963:04942	1	대사	【アル】何言ってるんだよ、もう夜だぜ。子供は寝る時間！	
04450	D1:1963:0497C	1	대사	【ティーナ】ティーナ、つまんなーい。	
04451	D1:1963:049AC	1	대사	【アル】つまらないって‥‥散々遊んだじゃないか。ほら、行こうぜ。	
04452	D1:1963:049F0	1	대사	【ティーナ】じゃあじゃあ、明日は！？	
04453	D1:1963:04A20	1	대사	【アル】明日は明日の風が吹く。	
04454	D1:1963:04A68	1	대사	【アル】ん？　それは明日にならないとわからないってことだな。	
04455	D1:1963:04AA8	1	대사	【ティーナ】もう！	
04456	D1:1963:04AC6	1	대사	【アル】じゃあ、中に入ろうぜ。	
04457	D1:1963:04B18	3	대사	【アル】ティーナ、どこに行ったんだよ。	
04458	D1:1963:04B4C	1	대사	【アル】あれ、シェリルじゃないか。謹慎はとけたのかい？	
04459	D1:1963:04B86	1	대사	【シェリル】ち、違うんです。ティーナが‥‥。	
04460	D1:1963:04BBE	1	대사	【アル】どうかしたのか？	
04461	D1:1963:04BDA	1	대사	【シェリル】ティーナがいなくなってしまったんです‥‥。	
04462	D1:1963:04C1C	1	대사	【アル】いなくなった！？　どういうこと？	
04463	D1:1963:04C48	1	대사	【シェリル】私が‥‥ラウンジに飲み物を買いにいっている間に、	
04464	D1:1963:04C92	1	대사	【シェリル】部屋からいなくなってしまって‥‥。	
04465	D1:1963:04CE4	1	대사	【シェリル】ごめんなさい‥‥私がついていながら‥‥。	
04466	D1:1963:04D24	1	대사	【アル】わかった。とにかく手分けして捜そう。	
04467	D1:1963:04D76	1	대사	【アル】なーに、どうせティーナのことだ、	
04468	D1:1963:04DA2	1	대사	【アル】かくれんぼでもしているつもりなんじゃないかな。	
04469	D1:1963:04DFE	1	대사	【アル】（やばいな‥‥{n00}笑おうと思っても、うまく笑えないや。）	
04470	D1:1963:04E40	1	대사	【アル】（ったく、{n00}今朝の電話が急に気になりだしてきた‥‥。）	
04471	D1:1963:04E82	1	대사	【アル】とりあえず、シェリルは宿舎内を捜してくれ。一応自室謹慎の身だしな‥‥。	
04472	D1:1963:04ED4	1	대사	【シェリル】分かりました。	
04473	D1:1963:04EFA	1	대사	【アル】例のお嬢さんに見つかったら、ラウンジで買い物をするとかなんとか言って、	
04474	D1:1963:04F4C	1	대사	【アル】ごまかしておくんだぜ。	
04475	D1:1963:04F8C	1	대사	【アル】俺は宿舎も含めて、もう少しいろいろな場所を捜してみる。	
04476	D1:1963:04FCE	2	대사	【シェリル】わかりました。	
04477	D1:1963:05014	1	대사	【アル】どうしたってんだ、ティーナ‥‥何か、胸騒ぎがするな。	
04478	D1:1963:0507A	1	대사	【アル】相変わらず、殺伐としたホテルという感じだな。	
04479	D1:1963:050B2	1	대사	【アル】ふぅ、気持ちのいい朝だな。	
04480	D1:1963:050D8	1	대사	【アル】何だか、晴れ晴れとした気分になるぞ。あれ？	
04481	D1:1963:0510E	1	대사	【アル】レイコさんじゃないか、足早に、どうしたんだろう。	
04482	D1:1963:0514A	1	대사	【アル】レイコさん‥‥{n00}レイコさん！	
04483	D1:1963:0517C	1	대사	【レイコ】あぁ、アル‥‥ど、どうしたのよ。	
04484	D1:1963:051B2	1	대사	【アル】どうしたのって‥‥これから取材さ。	
04485	D1:1963:051E0	1	대사	【レイコ】そうなの‥‥。	
04486	D1:1963:05204	1	대사	【アル】（んー、何か慌てているような感じだったな‥‥どうしたんだろう。）	
04487	D1:1963:052A4	1	대사	【アル】あれ？　マコトじゃないか、あそこにいるのは‥‥。	
04488	D1:1963:052E0	1	대사	【アル】誰かと一緒にいるようだが‥‥誰だろう？	
04489	D1:1963:05312	4	대사	【アル】マコト！	
04490	D1:1963:0532C	1	대사	【カイル】なんだ、例のお調子者か。	
04491	D1:1963:0535A	1	대사	【アル】か、カイル‥‥。（何でこいつが、マコトと一緒にいるんだ‥‥？）	
04492	D1:1963:053EA	1	대사	【アル】あたりは薄暗い。誰もいないようだ‥‥。	
04493	D1:1963:05442	1	대사	【アル】マコトのやつ、どこに行ったんだろうな‥‥。	
04494	D1:1963:0549E	1	대사	【アル】人里離れた山の中という感じだな‥‥	
04495	D1:1963:054CC	1	대사	【アル】宿舎から洩れる明かりが、唯一の心の拠り所だ。	
04496	D1:1963:05528	1	대사	【アル】早いトコ、ＩＤカードを取りに行こうぜ。	
04497	D1:1963:05580	1	대사	【アル】あたりはもうすっかり薄暗くなっている。	
04498	D1:1963:055B2	1	대사	【アル】シェリルとの話が、少し長引き過ぎたかな‥‥？	
04499	D1:1963:055EA	1	대사	【アル】そういえば、クリスさんのとこにＩＤカードを取りに行くっていうけど‥‥。	
04500	D1:1963:0563C	1	대사	【アル】例の受付に取りに行けばいいのかな‥‥あるいはクリスさんの部屋？	
04501	D1:1963:05686	1	대사	【アル】でもクリスさんの部屋なんて俺は知らないし‥‥こりゃ失敗したかな。	
04502	D1:1963:056F8	1	대사	【アル】相変わらず別荘地みたいなところだな‥‥。	
04503	D1:1963:05752	1	대사	【アル】人の姿はほとんど見えない。	
04504	D1:1963:0579E	1	대사	【アル】そういえば、ティーナはどうしたかな。	
04505	D1:1963:057CE	1	대사	【アル】メディカルセンターといっても、俺は場所を知らないし‥‥。	
04506	D1:1963:05812	1	대사	【アル】さっきシェリルに、場所だけでも聞いておけばよかった。	
04507	D1:1963:05868	1	대사	【アル】そうだ、シルビアに聞けば大丈夫かな。	
04508	D1:1963:05898	1	대사	【アル】彼女がティーナを連れていった訳だし‥‥。	
04509	D1:1963:058CA	1	대사	【アル】いくらなんでも、メディカルセンターの場所くらいは教えてくれるだろう。	
04510	D1:1963:0594C	6	선택지	　壁	
04511	D1:1963:05952	2	대사	【アル】普通の壁だな。バケツには見えない。	
04512	D1:1963:05980	3	대사	【アル】壁までよく磨かれてるのは大したモンだ。	
04513	D1:1963:059B2	3	대사	【アル】だけど、いつ磨いているんだろうか。そんなところを見たためしがない。	
04514	D1:1963:05A00	2	대사	【アル】大きな荷物を持った人と、ときおりすれ違うな。	
04515	D1:1963:05A38	2	대사	【アル】もしかすると、飛行場に待機する旅客機に乗るためかもしれない。	
04516	D1:1963:05A80	3	대사	【アル】人はいないようだな‥‥少し寂しい。	
04517	D1:1963:05AAE	3	대사	【アル】あたりに人はいないな。	
04518	D1:1963:05AD0	3	대사	【アル】へっ、せいせいするってもんだ。みんなどっかにいなくなってしまえ！	
04519	D1:1963:05B32	3	대사	【アル】やっぱり少し寂しい気がする。	
04520	D1:1963:05B5A	3	대사	【アル】相変わらずかわりばえしない建物だ。	
04521	D1:1963:05B88	3	대사	【アル】早くネオンビカビカにならないかな‥‥。	
04522	D1:1963:05BBA	3	대사	【アル】職員の心理を考えにいれたという宿舎だ。	
04523	D1:1963:05BEC	3	대사	【アル】誰の心理だ、誰の。ったく、根暗な研究者の心理なんて考慮するなよ、まったく。	
04524	D1:1963:05C42	3	대사	【アル】しかし俺の心理を考えにいれたら、	
04525	D1:1963:05C6E	3	대사	【アル】ネオンビカビカの建物になってくれるんだろうか。	
04526	D1:1963:05CDE	3	대사	【アル】メディカルセンターだな。よし、行ってみよう。	
04527	D1:1963:05D40	4	대사	【アル】研究所に行くのか？	
04528	D1:1963:05D5E	4	대사	【アル】しょうがないな、行ってみるか。	
04529	D1:1963:05D8E	3	대사	【アル】飛行場？　どうしよっかなぁ‥‥。	
04530	D1:1963:05DBA	3	대사	【アル】しょうがない、行ってやるか。	
04531	D1:1963:05E1A	1	대사	【アル】昼だというのに、あたりは薄暗くなっている。	
04532	D1:1963:05E50	1	대사	【アル】灰色がかった空は相変わらずだ。	
04533	D1:1963:05E7A	1	대사	【アル】もう、黄色い太陽なんて見たら、目がつぶれてしまうかもしれないな。	
04534	D1:1963:05EC6	1	대사	【アル】宿舎を見ていたってしょうがないぜ。他の場所に移動しよう。	
04535	D1:1963:05F0A	1	대사	【アル】３階建ての宿舎だな‥‥６年間毎日見ていれば、さすがに見慣れてくるな。	
04536	D1:1963:05F5A	1	대사	【アル】ここの２階に、俺達の住んでいる部屋があるんだ。	
04537	D1:1963:05FEC	3	대사	【アル】研究所か‥‥よし、行ってみるかな。	
04538	D1:1963:06022	1	대사	【アル】研究所か‥‥そういえば、ティーナが例の所にいるはずだ。	
04539	D1:1963:0608C	1	대사	【アル】よし、メディカルセンターに行ってみるかな。	
04540	D1:1963:060C8	1	대사	【アル】飛行場か‥‥そうだな、あそこは見晴らしもいいし、	
04541	D1:1963:06104	1	대사	【アル】清々しい気分になれるところだ。	
04542	D1:1963:0612E	2	대사	【アル】よし、飛行場に行くぞ。	
04543	D1:1963:06188	1	대사	【アル】あたりはシンと静まり返っている。	
04544	D1:1963:061B4	1	대사	【アル】どこに行っても、どんよりと曇っていて薄暗い‥‥。	
04545	D1:1963:061F0	1	대사	【アル】いったいどうしちゃったんだよ、	
04546	D1:1963:0621A	1	대사	【アル】なんだあの薄暗い空は、	
04547	D1:1963:0623C	1	대사	【アル】なんだあのクスンだ空は？	
04548	D1:1963:0627A	1	대사	【アル】ここで嘆いてみてもしょうがないな‥‥とにかく、誰か人を捜してみようぜ。	
04549	D1:1963:062CC	1	대사	【アル】宿舎は静寂感をあたりに振りまいている‥‥誰もいないんだろうか‥‥。	
04550	D1:1963:0631A	1	대사	【アル】宿舎はひっそりとたたずんでいる‥‥。	
04551	D1:1963:0634A	1	대사	【アル】以前からそうだったが、今はより一層その印象が強い。	
04552	D1:1963:06388	1	대사	【アル】やはり誰もいないんだろうか‥‥？	
04553	D1:1963:063EA	1	대사	【アル】そうだな、もしかしたら誰かいるかもしれない‥‥。	
04554	D1:1963:06426	1	대사	【アル】中に入ってみよう。	
04555	D1:1963:0644A	10	대사	【アル】研究所か‥‥よし、行ってみよう。	
04556	D1:1963:0647E	1	대사	【アル】メディカルセンターに誰かいるだろうか。	
04557	D1:1963:064B0	1	대사	【アル】例のグスタフでも俺は構わないぜ。行ってみよう。	
04558	D1:1963:064F0	1	대사	【アル】飛行場か‥‥そうだな、もしかしたら誰かいるかもしれない。	
04559	D1:1963:06594	1	대사	【アル】ただの壁だが、ただの壁じゃない。色々な思い出のある壁だ。	
04560	D1:1963:065D8	1	대사	【アル】もうこの壁とも、今日でお別れか‥‥。	
04561	D1:1963:06608	1	대사	【アル】などとセンチメンタルになるほど、壁に思い入れがあるわけじゃない。	
04562	D1:1963:06654	1	대사	【アル】でも恐らく、２度と見られないかもってことになると、妙に感慨深くなるもんだな。	
04563	D1:1963:066AC	1	대사	【アル】しかし、たかが壁にこうも思うのは、俺くらいだろうか。	
04564	D1:1963:066EC	1	대사	【アル】あたりに人は誰もいないようだ‥‥。	
04565	D1:1963:0671A	1	대사	【アル】あたりに人の気配は全くないみたいだ‥‥まさにゴーストタウンという様相だな。	
04566	D1:1963:06770	1	대사	【アル】実際のところ、職員のほとんどは前回の便で、	
04567	D1:1963:067A6	1	대사	【アル】ここ《デザイア》を離れてしまったはずだ。	
04568	D1:1963:067DA	1	대사	【アル】人の気配がないのは、むしろ当然かもしれないな。	
04569	D1:1963:06814	1	대사	【アル】色々な思い出のある宿舎だな。	
04570	D1:1963:0683C	1	대사	【アル】ほんの数日だったが、ここで俺は寝起きをして暮らしていたんよな。	
04571	D1:1963:06886	1	대사	【アル】いろいろな人との出会いもあった。クリス、カズミさん、レイコさん‥‥。	
04572	D1:1963:068D6	1	대사	【アル】ちっ、みんな死んでしまった人ばかりか。	
04573	D1:1963:06908	1	대사	【アル】まったく、際限なく厭世感に襲われるな。	
04574	D1:1963:0693A	1	대사	【アル】ティーナ‥‥いや、あの子はまだどこかできっと生きているはずだ。	
04575	D1:1963:06A6A	1	대사	【アル】そうだな、確か最終便の飛行機がやってきているという話だ。	
04576	D1:1963:06AAE	2	대사	【アル】よし、行ってみるか。	
04577	D1:1963:06FC4	1	선택지	　とめる	
04578	D1:1963:06FF2	1	대사	【アル】穏やかじゃないなんてレベルじゃないな‥‥これはかなり険悪な雰囲気だぞ。	
04579	D1:1963:07044	1	대사	【アル】２人はそんなに仲がわるかったんだろうか。	
04580	D1:1963:07078	1	대사	【アル】しかしこれは、仲の良し悪しではないような気がするが‥‥。	
04581	D1:1963:070BC	1	대사	【アル】どうも穏やかな雰囲気とは言えない感じだ。	
04582	D1:1963:070F0	1	대사	【アル】カズミさんとクリスさんが、何か話し合っている。	
04583	D1:1963:0712A	1	대사	【アル】いや、話し合っているといった、穏やかな感じじゃないな‥‥。	
04584	D1:1963:07170	1	대사	【アル】むしろ論戦という雰囲気だ。	
04585	D1:1963:07196	1	대사	【アル】何を言い合っているんだろう。	
04586	D1:1963:071BE	1	대사	【アル】カズミさんも、なんだか感情的になってきたみたいだな‥‥。	
04587	D1:1963:07202	1	대사	【アル】いったいどうなるんだ、これから。	
04588	D1:1963:0722E	1	대사	【アル】カズミさんは結構冷静に話し合っているようだが‥‥。	
04589	D1:1963:0726C	1	대사	【アル】カズミさんは比較的冷静そうだが‥‥クールに対処しているという感じだ。	
04590	D1:1963:072BC	1	대사	【アル】またそれが鼻持ちならないんだよな、かわいげがないというか‥‥。	
04591	D1:1963:07306	1	대사	【アル】どうせいつもの調子で、つっけんどんに話しているんだろう。	
04592	D1:1963:0734A	1	대사	【アル】美人ではあるが、嫌な女だ。	
04593	D1:1963:07370	1	대사	【アル】クリスは今にも掴み掛かりそうな雰囲気だ。	
04594	D1:1963:073A4	1	대사	【アル】クリスの口調はかなり激しい。	
04595	D1:1963:073CC	1	대사	【アル】なんだか、今にもカズミさんに掴み掛かりそうな趣だ。	
04596	D1:1963:07420	1	대사	【アル】あの穏やかなクリスさんが、一体どうしたんだろうか‥‥。	
04597	D1:1963:07482	1	대사	【アル】中にはいるのは、もう少し待とう。	
04598	D1:1963:074AE	1	대사	【アル】中に入りたいのはやまやまだが、彼女らの前を通らないことにはな‥‥。	
04599	D1:1963:074FC	1	대사	【アル】もう少し様子を見てみようぜ。	
04600	D1:1963:07524	1	대사	【アル】研究所に行く必要はないな。	
04601	D1:1963:0754A	1	대사	【アル】いま研究所から戻ってきたばかりだぜ。もう少し様子を見てみよう。	
04602	D1:1963:07594	1	대사	【アル】飛行場には行かなくていいだろう。	
04603	D1:1963:075C0	1	대사	【アル】飛行場に用事なんかないけど‥‥。	
04604	D1:1963:075EC	1	대사	【アル】それよりも、目の前のことの方が重要だ。	
04605	D1:1963:0761E	1	선택지	　２人	
04606	D1:1963:07626	1	대사	【アル】（そうだ、ここで指をくわえて見ている訳にはいかない。）	
04607	D1:1963:07668	1	대사	【アル】そのくらいでやめたらどうだ、２人とも！	
04608	D1:1963:076A2	3	대사	【カズミ】アルバート！	
04609	D1:1963:076C4	1	대사	【クリス】あぁぁ、あ、{n00}アル‥‥アル！	
04610	D1:1963:076F6	1	대사	【アル】どんな理由かはわからないが、あまりに穏やかでない様子なんでね‥‥。	
04611	D1:1963:07744	1	대사	【アル】仲介に入らせてもらうぜ。	
04612	D1:1963:07768	1	대사	【クリス】アル‥‥‥‥{n00}アルバート！！	
04613	D1:1963:0779A	1	대사	【アル】うわぁっ！！！	
04614	D1:1963:077B4	1	대사	ガンッ！！！	
04615	D1:1963:077CC	1	대사	【アル】う‥‥くっ‥‥（あ、頭を強く打ったみたいだ‥‥い、意識が‥‥。）	
04616	D1:1963:07818	1	대사	【アル】（く、苦しい‥‥なんだ？　どうしたんだ！？）	
04617	D1:1963:07856	1	대사	【アル】く、クリス‥‥や、やめて‥‥くれ‥‥。	
04618	D1:1963:07888	1	대사	【クリス】アル！　あなた、今の話、聞いてたのね！	
04619	D1:1963:078C4	1	대사	【アル】（く、苦しい‥‥何て力だ。だめだ、頭を打ったせいで意識がもうろうと‥‥。）	
04620	D1:1963:0791A	1	대사	【アル】く、クリス‥‥や、やめ‥‥ヒュー。	
04621	D1:1963:07948	1	대사	【アル】（き、気管に指が‥‥や、やめてくれ、クリス！）	
04622	D1:1963:07982	1	대사	【クリス】アル、なんでよ、アル！！	
04623	D1:1963:079B0	1	대사	【アル】（耳鳴りまでしてきたぞ‥‥これはちょっとマズいかも‥‥。）	
04624	D1:1963:079F6	1	대사	【クリス】あ、アルバート‥‥{n00}違うのよ‥‥{n00}私は、違うのよっ！！	
04625	D1:1963:07A42	1	대사	【アル】（違うって、何が？）	
04626	D1:1963:07A62	1	대사	【クリス】アル、お願いよ、アル！！	
04627	D1:1963:07A90	1	대사	【アル】（何だか、{n00}あたりが余計に暗くなってきたような‥‥。）	
04628	D1:1963:07AD2	1	대사	【アル】（それにやけに騒がしい、ザーザーと‥‥‥‥。）	
04629	D1:1963:07B0C	1	대사	【アル】（もしかして耳鳴りのせいなのか‥‥？）	
04630	D1:1963:07B3E	1	대사	【クリス】アルバート、私を‥‥お願いよ、アル！！！	
04631	D1:1963:07B7C	1	대사	【アル】（く、クリス‥‥ウソだろう、もう‥‥ダメなのか、俺は‥‥？）	
04632	D1:1963:07BC4	1	대사	【アル】（い、意識が‥‥‥‥だんだん‥‥‥‥。）	
04633	D1:1963:07BF8	1	대사	【アル】（もう、クリスの声も聞こえなくなって‥‥‥‥。）	
04634	D1:1963:07C34	1	대사	【アル】（何をしゃべってるんだろう‥‥‥‥。）	
04635	D1:1963:07C94	1	대사	【クリス】あ‥‥あ、アル‥‥アル‥‥。	
04636	D1:1963:07CCA	1	대사	【アル】ふひゅー‥‥（あぁ、空気が、空気が肺に満たされる‥‥なんてうまいんだ！）	
04637	D1:1963:07D1E	1	대사	【アル】うっ、くっ‥‥げほっ、げほっ！	
04638	D1:1963:07D48	1	대사	【アル】（こ、声がちょっと出ないな、まだ。でも‥‥助かったのか？）	
04639	D1:1963:07D94	1	대사	【カズミ】バカな女性ね、言うことを聞いていれば良かったのに。	
04640	D1:1963:07DDC	1	대사	【アル】（か、カズミさんが銃をかまえて‥‥いったい何をしているんだ？）	
04641	D1:1963:07E26	1	대사	【アル】（く、クリスは‥‥く、クリスは‥‥{s00}はっ！！）	
04642	D1:1963:07E72	1	대사	【アル】く、クリス‥‥う、ウソだろ？　おい、クリス‥‥。	
04643	D1:1963:07EAE	1	대사	【アル】おい、返事をしろってば。か、勝手に寝るなよ、おい！	
04644	D1:1963:07EF2	1	대사	【カズミ】もう死んだわ。	
04645	D1:1963:07F16	1	대사	【アル】な、何をするか！！！	
04646	D1:1963:07F36	1	대사	【カズミ】なにかしら？　アルバート。	
04647	D1:1963:07F66	1	대사	【アル】く、クリスを‥‥クリスを殺したな！！	
04648	D1:1963:07F96	1	대사	【カズミ】それがどうかしたの？	
04649	D1:1963:07FC0	1	대사	【アル】なに！　きさま、何をしたかわかっているのか！？	
04650	D1:1963:07FFA	1	대사	【カズミ】あなたこそ、何をされたかわかっているの？	
04651	D1:1963:08052	1	대사	【カズミ】あなた、殺されそうになっていたのよ。感謝されても、非難される筋合いはないわ。	
04652	D1:1963:080B4	1	대사	【アル】だ、だからって‥‥だからって殺す必要はなかったんだ！	
04653	D1:1963:080F4	1	대사	【アル】く、クリスを‥‥クリスを殺す必要はなかったんだ！！	
04654	D1:1963:08132	1	대사	【カズミ】じゃあ、あなたが死んでから、	
04655	D1:1963:08166	1	대사	【カズミ】クリスをどうにかすれば、お気に召してくれたのかしら？	
04656	D1:1963:081B2	3	대사	【アル】くっ‥‥。	
04657	D1:1963:081C8	1	대사	【アル】（く、クリス‥‥いったいどうしたってんだ。）	
04658	D1:1963:08200	1	대사	【アル】（いったい何があったんだよ‥‥。）	
04659	D1:1963:0822E	1	대사	【カズミ】人が出てきたわ‥‥。	
04660	D1:1963:0825A	1	대사	【カズミ】やむを得ないわね、宿舎の前で発砲してしまったのだから‥‥。	
04661	D1:1963:082B2	3	대사	【アル】クリス‥‥。	
04662	D1:1963:082CA	1	대사	【アル】（いったいどうしたというんだよ、クリス。いったい何があったんだよ。）	
04663	D1:1963:0831A	1	대사	【男】どうしたんだ？	
04664	D1:1963:08332	1	대사	【女】何かあったんですか？	
04665	D1:1963:08350	1	대사	【男】お、女が倒れているぞ！！	
04666	D1:1963:08372	1	대사	【女】ひっ、血を‥‥血をながしてる！	
04667	D1:1963:0839A	1	대사	【アル】（ギャラリーが増えてきたな‥‥あっ、マルチナさんまで。）	
04668	D1:1963:083DE	1	대사	【アル】（カズミが何か話しているようだが‥‥{n00}いずれにせよ。）	
04669	D1:1963:08420	1	대사	【アル】（俺はこの件を絶対に許さない。）	
04670	D1:1963:0844C	1	대사	【アル】（記者のプライドにかけて、事件を追及してやるぜ。）	
04671	D1:1963:08494	1	대사	【シェリル】アルバートさん‥‥いったい、いったい何があったんですか？	
04672	D1:1963:084E4	1	대사	【アル】人殺しさ。	
04673	D1:1963:084FA	1	대사	【シェリル】人殺し！？	
04674	D1:1963:0851C	1	대사	【アル】あそこの‥‥マルチナさんと、いけしゃあしゃあと話している例のお嬢様が、	
04675	D1:1963:0856E	1	대사	【アル】クリスを銃で撃ったのさ！	
04676	D1:1963:08592	1	대사	【シェリル】そ、そんなことって‥‥なぜですか？	
04677	D1:1963:085CC	1	대사	【アル】わかるもんか。でも‥‥。	
04678	D1:1963:085F6	1	대사	【アル】でも俺は今回の事件を、徹底的に追及してやるさ。	
04679	D1:1963:0864A	1	대사	【アル】確かにクリスは、私生活に問題はあったろうけど、	
04680	D1:1963:08684	1	대사	【アル】でも死ぬほど罪深くはなかった。	
04681	D1:1963:086DA	1	대사	【アル】なんだってこんなことに‥‥こんなことになってしまったんだ！？	
04682	D1:1963:08722	1	대사	【マルチナ】アル‥‥。	
04683	D1:1963:0874E	1	대사	【アル】マルチナさん‥‥。	
04684	D1:1963:0876C	1	대사	【マルチナ】詳しい話は、カズミさんから伺ったわ。	
04685	D1:1963:087AA	1	대사	【マルチナ】あなたからも事情を伺いたいのだけど‥‥身体は大丈夫？	
04686	D1:1963:087F8	1	대사	【アル】あぁ、俺は大丈夫ですよ。カズミさんは？	
04687	D1:1963:0882A	1	대사	【マルチナ】宿舎に帰ったわ。	
04688	D1:1963:08852	1	대사	【アル】なんでですか！？　彼女は事件の当事者でしょう！？	
04689	D1:1963:0888E	1	대사	【マルチナ】大丈夫よ。別にここから逃げることなんてできないし、それに夜も遅いわ‥‥。	
04690	D1:1963:088F0	1	대사	【マルチナ】あなたも明日にする？	
04691	D1:1963:0891E	1	대사	【アル】いや、俺は今日言いたい。	
04692	D1:1963:08942	1	대사	【アル】俺の見たこと、聞いたことを覚えている限り言わせてもらう。	
04693	D1:1963:08986	1	대사	【マルチナ】わかったわ‥‥。	
04694	D1:1963:089E4	1	대사	【アル】なーに、心配しなさんなって。正義は我にあり、さ。	
04695	D1:1963:08A20	1	대사	【シェリル】はい‥‥がんばって下さい。	
04696	D1:1963:08A68	1	대사	【アル】（じゃなきゃ、クリスがうかばれないしな‥‥。）	
04697	D1:1963:08AA2	1	대사	【アル】（これから、少し忙しくなりそうだ‥‥。）	
04698	D1:1963:08ADE	1	선택지	　２人の会話	
04699	D1:1963:08AEC	1	대사	【アル】（悠長に聞いている場合じゃないみたいだぞ。）	
04700	D1:1963:08B24	1	대사	【クリス】あぁぁぁぁっ！！	
04701	D1:1963:08B4A	1	대사	【クリス】な、何をするの‥‥そんなものを持ち出して‥‥。	
04702	D1:1963:08B8E	1	대사	【カズミ】クリスティ、あなたには失望したわ。	
04703	D1:1963:08BC6	1	대사	【クリス】や、やめてよ。私は‥‥私は‥‥！！！	
04704	D1:1963:08C00	1	대사	【カズミ】黙りなさい！	
04705	D1:1963:08C22	1	대사	【クリス】あっ‥‥あぐぅぅっ‥‥あぁぁっ！！！	
04706	D1:1963:08C5C	1	대사	【アル】（な、何をしているんだ‥‥ま、まさか取っ組み合{n00}い！？）	
04707	D1:1963:08CA0	1	대사	【クリス】や、やめてぇぇぇっ！！	
04708	D1:1963:08CCC	1	대사	【アル】（こ、このまま見ている訳には、どうもいかないみたいだ‥‥。）	
04709	D1:1963:08D14	1	대사	【クリス】財団のイヌに話すことはもうなくてよ。ここから去りなさいよ！	
04710	D1:1963:08D64	1	대사	【カズミ】言いたいことはそれだけ？	
04711	D1:1963:08D92	1	대사	【クリス】やめてちょうだい！　どこかへ行ってよ！！	
04712	D1:1963:08DD0	1	대사	【カズミ】そういう訳に、いかないわ。	
04713	D1:1963:08E00	1	대사	【クリス】私だって、あなたの言うことくらい理解できるわ。	
04714	D1:1963:08E46	1	대사	【クリス】なんだったらこの事を世間に公表しましょうか。	
04715	D1:1963:08E8A	1	대사	【カズミ】なんですって。	
04716	D1:1963:08EAE	1	대사	【クリス】フフ、アルが聞いたら狂気しそうな特ダネよね。	
04717	D1:1963:08EF0	1	대사	【カズミ】そんなことは‥‥させないわ！	
04718	D1:1963:08F22	1	대사	【クリス】あなたも所詮はイヌね。財団のイヌだわ！	
04719	D1:1963:08F5E	1	대사	【カズミ】‥‥言いたいことはそれだけ？	
04720	D1:1963:08F90	1	대사	【クリス】フフ、強がったってダメよ。あなたはものすごく焦っているわ、違って？	
04721	D1:1963:08FE8	1	대사	【カズミ】クリスティ、あなたはモノの分別のある人だと思っていたのだけど‥‥残念だわ。	
04722	D1:1963:09048	1	대사	【クリス】あ、あなたには何もできやしないわ！	
04723	D1:1963:09098	1	대사	【アル】（こ、これはかなり険悪な雰囲気だぞ‥‥。）	
04724	D1:1963:090CE	1	대사	【アル】（それに特ダネって‥‥{n00}いったいなんのことだろうか。）	
04725	D1:1963:09110	1	대사	【アル】（もうちょっと聞きたいところだが‥‥。）	
04726	D1:1963:09144	1	대사	【クリス】あなたに指図される謂れはないわ！	
04727	D1:1963:0917A	1	대사	【カズミ】あなたの為を思って、忠告してあげたのだけど。	
04728	D1:1963:091BC	1	대사	【クリス】私は分別ある大人よ、そこまで他人に介入されたくないわ！	
04729	D1:1963:09208	1	대사	【カズミ】このままだと、クリスティ‥‥。	
04730	D1:1963:0923E	1	대사	【カズミ】あなた、ただではすまないわ。いえ、もうすまないのかも‥‥？	
04731	D1:1963:09290	1	대사	【アル】（話の展開が読めないな‥‥いったい何の話だ？）	
04732	D1:1963:09302	1	대사	【アル】少し肌寒い気がするな‥‥。	
04733	D1:1963:09328	1	대사	【アル】南国だというのに、少し肌寒いな‥‥。	
04734	D1:1963:09358	1	대사	【アル】あそこに見える建物が古い洋館だったら、禁断の館の前に立つ書生って感じだ。	
04735	D1:1963:093AC	1	대사	【アル】宿舎を見ていてもしょうがないぜ。早くレイコさんの部屋に行こう。	
04736	D1:1963:093F6	1	대사	【アル】もう見慣れてしまった風景だな‥‥。	
04737	D1:1963:09424	1	대사	【アル】あそこにここの職員の大部分が寝泊まりしているんだろう。	
04738	D1:1963:09466	1	대사	【アル】でも、レイコさんの個室は研究所内にあるんだよな。	
04739	D1:1963:094A2	1	대사	【アル】壁を見ていて楽しいか？　早くレイコさんの所に行こうぜ。	
04740	D1:1963:094E4	1	대사	【アル】壁だな‥‥ごく普通の壁だ。別に畳でできている訳じゃない。	
04741	D1:1963:09528	1	대사	【アル】しかし畳で出来ている壁というのも、見てみたい気がするな。	
04742	D1:1963:095AC	1	대사	【アル】よし、研究所に行くぞ。	
04743	D1:1963:095D4	1	대사	【アル】飛行場か‥‥行ってみるかな。	
04744	D1:1963:0963A	1	대사	【アル】あたりに人の気配はない‥‥。	
04745	D1:1963:096AC	1	대사	【アル】逆にティーナみたいな存在感のある女の子がいれば、一発でわかるんだけど‥‥。	
04746	D1:1963:09702	1	대사	【アル】でもその存在を感じることは、できないみたいだ。	
04747	D1:1963:0973C	1	대사	【アル】あそこからティーナがいなくなった‥‥。	
04748	D1:1963:0976E	1	대사	【アル】どこに行ってしまったんだ。	
04749	D1:1963:09794	1	대사	【アル】宿舎の中はシェリルが捜しているはずだ。	
04750	D1:1963:097C6	1	대사	【アル】俺は他の場所を捜してみるか‥‥。	
04751	D1:1963:097F2	1	대사	【アル】壁の向こう側にティーナはいない。	
04752	D1:1963:0981E	1	대사	【アル】この壁の向こう側にティーナがいるなんてことは‥‥ないな。	
04753	D1:1963:09882	2	대사	【アル】中に入るのか‥‥。	
04754	D1:1963:098D8	1	대사	【アル】飛行場に行こう。	
04755	D1:1963:0992C	1	선택지	　カベ	
04756	D1:1963:09934	1	대사	【アル】普通の壁だな。	
04757	D1:1963:09CB4	1	대사	【アル】うーん、うーん‥‥‥‥。	
04758	D1:1963:09D42	5	선택지	　胸	
04759	D1:1963:09D48	1	대사	【アル】まぁ、心が休まらない訳じゃあないけど、	
04760	D1:1963:09D7A	1	대사	【アル】ずっと暮らすにはいまひとつの環境だな。	
04761	D1:1963:09DAC	1	대사	【レイコ】アルにとっては、{n00}でしょう？	
04762	D1:1963:09DDE	1	대사	【アル】でも俺だったら、ちょっとケバい飲み屋でも作るな。	
04763	D1:1963:09E1A	1	대사	【レイコ】飲み屋？	
04764	D1:1963:09E38	1	대사	【アル】ああ、やっぱり同僚同士で酒飲んで愚痴ったり、女の子を鑑賞したりするのが、	
04765	D1:1963:09E8C	1	대사	【アル】一番ストレスを発散できるのさ。	
04766	D1:1963:09EB6	1	대사	【レイコ】まっ、アルらしい発想ね。	
04767	D1:1963:09EE4	1	대사	【アル】本当だぜ。自然とか静寂とか、	
04768	D1:1963:09F0C	1	대사	【アル】そういった環境がストレスを発散できるのは、ほんの一部さ。	
04769	D1:1963:09F50	1	대사	【レイコ】そうかしら‥‥じゃあ女性はどうするの？	
04770	D1:1963:09F8C	1	대사	【アル】ホストクラブでも作ればいい。	
04771	D1:1963:09FB4	1	대사	【レイコ】もう、そっちの発想しかないの？	
04772	D1:1963:09FE8	1	대사	【アル】静かで自然とマッチしているけど、でもやっぱり殺伐としているな。	
04773	D1:1963:0A032	1	대사	【レイコ】研究施設という環境が環境ですからね。	
04774	D1:1963:0A086	1	대사	【レイコ】ん、つまり職員がノイローゼとかになるケースが少なくないの。	
04775	D1:1963:0A0D8	1	대사	【レイコ】だから、こうした環境が望まれているのよ。	
04776	D1:1963:0A134	1	대사	【アル】今日は昨日にも増して、まぶしいな‥‥目がかすみそうだ。	
04777	D1:1963:0A176	1	대사	【レイコ】フフ‥‥イリュージョンレイコと呼んで頂戴。	
04778	D1:1963:0A1B6	1	대사	【アル】何だよ、それは。	
04779	D1:1963:0A1D2	1	대사	【アル】昨日の秘書風イケイケ女性もよかったけど、	
04780	D1:1963:0A206	1	대사	【アル】今日のむちむちトロピカルも悪くないな。	
04781	D1:1963:0A238	1	대사	【レイコ】アル、それ褒め言葉になっていないわよ。	
04782	D1:1963:0A274	1	대사	【アル】今日は昨日にも増してまぶしい格好をしているな‥‥。	
04783	D1:1963:0A2DC	1	대사	【アル】トロピカルな雰囲気ですね。見ていて清澄感に溢れます。	
04784	D1:1963:0A31C	1	대사	【レイコ】おだてても何も出ないわよ。	
04785	D1:1963:0A34C	1	대사	【アル】俺はすぐに出てしまいます。	
04786	D1:1963:0A372	1	대사	【レイコ】何の話をしているのかしら。	
04787	D1:1963:0A3A2	1	대사	【レイコ】あまり女性の胸を露骨に見るものじゃないわよ、アル。	
04788	D1:1963:0A3EA	1	대사	【アル】（んなこと言ったって、）	
04789	D1:1963:0A40E	1	대사	【アル】（あの服にノーブラで目の前に出てこられたら、誰だって目がいくよ。）	
04790	D1:1963:0A45C	1	대사	【アル】胸がほとんどたれていないのは、さすがだな‥‥。	
04791	D1:1963:0A496	1	대사	【アル】凡庸な胸であれば、ブラを外した途端に重力の作用を顕著に受けるはずだが‥‥。	
04792	D1:1963:0A4EC	1	대사	【アル】重力の作用を受けてもなお、雄々しく上に持ち上がっている胸は、	
04793	D1:1963:0A534	1	대사	【アル】さすがに非凡なものとしか言いようがない‥‥。	
04794	D1:1963:0A56C	1	대사	【レイコ】長々と評論をどうもありがとう。	
04795	D1:1963:0A5A0	1	대사	【アル】いえいえ、どういたしまして。	
04796	D1:1963:0A5C8	1	대사	【レイコ】もう、皮肉の通用しない人ね。	
04797	D1:1963:0A5FA	1	대사	【アル】（きょ、今日のレイコさん‥‥もしかするとノーブラなのでは？）	
04798	D1:1963:0A642	1	대사	【レイコ】コラ、どこを見ているの？　もう、しょうがない人ね。	
04799	D1:1963:0A68A	1	대사	【アル】子供じゃないんだ、コラはないでしょ？　コラは。	
04800	D1:1963:0A6C4	1	대사	【レイコ】ウフフ、子供みたいじゃないの、まったく、おっきな子供ね。	
04801	D1:1963:0A746	1	대사	【レイコ】中に入る必要はないでしょう？　早く研究所へ行きましょう。	
04802	D1:1963:0A794	1	대사	【アル】中に入るって‥‥今出てきたばかりだぜ。	
04803	D1:1963:0A7C6	1	대사	【アル】しょうがないなぁ、研究所に行ってやるよ。	
04804	D1:1963:0A7FA	1	대사	【レイコ】ちょっと、アル。	
04805	D1:1963:0A846	1	대사	【アル】研究所に行く前に、少しレイコさんと話そうか。	
04806	D1:1963:0A87E	1	대사	【レイコ】どこに行くの？　もう、私が付いていないと、ダメなんだから。	
04807	D1:1963:0A8CE	1	대사	【アル】ちょっと道を間違えただけじゃないか。	
04808	D1:1963:0A8FE	1	대사	【アル】飛行場より、俺はレイコさんの方が大事だ。	
04809	D1:1963:0A932	1	대사	【レイコ】ウフフ、嬉しいこと言ってくれるわね。	
04810	D1:1963:0A976	1	대사	【レイコ】さっ、早く研究所に行きましょう。	
04811	D1:1963:0A9D8	3	대사	【アル】行くって‥‥どこに？	
04812	D1:1963:0A9F8	1	대사	【レイコ】どこにって、研究所に決まっているでしょう？　取材をするのではなかったの？	
04813	D1:1963:0AA56	1	대사	【アル】そりゃそうだけど、レイコさん、用事か何かあったんじゃなかったの？	
04814	D1:1963:0AAA2	1	대사	【レイコ】アルのことを見ていたら、もうどこかに飛んでいってしまいそうなんだもの。	
04815	D1:1963:0AAFE	1	대사	【アル】なんだよ、それは。俺はもう大人だぜ、１人で行けるよ。	
04816	D1:1963:0AB3E	1	대사	【レイコ】だーめ。研究所内の受付まで付いていきますからね。さ、行きましょう。	
04817	D1:1963:0AB96	1	대사	【アル】受付までついてくるの？　ちぇっ。	
04818	D1:1963:0ABC2	1	대사	【レイコ】しょうがないわね、私がマコトに聞いておいてあげるわ。	
04819	D1:1963:0AC0C	1	대사	【アル】いや、本当に感謝してるよ、レイコさん。	
04820	D1:1963:0AC3E	1	대사	【レイコ】そういえばマコト、元気なかったわ。何かあったの？	
04821	D1:1963:0AC84	1	대사	【アル】（ドキッ。）　な、何かって、何です？	
04822	D1:1963:0ACB4	1	대사	【レイコ】それがわからないから、聞いているのよ。	
04823	D1:1963:0ACF0	1	대사	【アル】さぁ‥‥俺にも何が何だかさっぱり。	
04824	D1:1963:0AD1E	1	대사	【レイコ】昨日はその、マコトと仲良くできたんでしょう？	
04825	D1:1963:0AD60	1	대사	【アル】仲良くって‥‥何だか凄いことをズバっと聞きますね。	
04826	D1:1963:0AD9E	1	대사	【レイコ】もう、ちゃんと答えて頂戴。	
04827	D1:1963:0ADCE	1	대사	【アル】何だかんだでお預けさ。	
04828	D1:1963:0ADF0	1	대사	【アル】あのカイルの野郎と一緒にいたときから、様子が変なんだよ。	
04829	D1:1963:0AE34	1	대사	【レイコ】カイル‥‥どういうこと？	
04830	D1:1963:0AE62	1	대사	【アル】俺が聞きたいくらいさ。あのゴリラ野郎が‥‥。	
04831	D1:1963:0AE9A	1	대사	【レイコ】わかったわ‥‥私がマコトに聞いておいてあげる。	
04832	D1:1963:0AEE0	1	대사	【レイコ】しょうがないわね、２人とも不器用で。	
04833	D1:1963:0AF1C	1	대사	【アル】助かるなぁ、なんだか昨日の今日で会いづらいし‥‥。	
04834	D1:1963:0AF5A	1	대사	【レイコ】そんなこと言っているから‥‥もう。	
04835	D1:1963:0AF92	1	대사	【アル】なんか慌てていたようだけど、何かあったんですか？	
04836	D1:1963:0AFCE	1	대사	【レイコ】いいえ、別に慌ててはいないわ。ただ‥‥。	
04837	D1:1963:0B00C	1	대사	【アル】ただ？	
04838	D1:1963:0B01E	1	대사	【レイコ】アルの顔を見たものだから、ちょっとドキドキしてしまったのかもね。	
04839	D1:1963:0B074	1	대사	【アル】へっへっへ、もっとドキドキさせてあげまひょうか。ねぇさんよぉ。	
04840	D1:1963:0B0BE	1	대사	【レイコ】相変わらずバカみたいで安心したわ。	
04841	D1:1963:0B0F6	1	대사	【アル】ちょ、ちょっと傷ついたかもしれない‥‥。	
04842	D1:1963:0B154	1	대사	【アル】ぼーっとあたりを見回していてもしょうがない。早いとこマコトの後を追おう。	
04843	D1:1963:0B1A8	1	대사	【アル】途端に静寂に包まれたな。	
04844	D1:1963:0B1CC	1	대사	【アル】ここの特徴だ、人がいなくなると一瞬にして荒涼感に見舞われる‥‥。	
04845	D1:1963:0B238	1	대사	【アル】そうだよ、マコトにちゃんと話を聞こうぜ。	
04846	D1:1963:0B272	1	대사	【アル】研究所に行くのか？　どうせ行っても、閉まって真っ暗だぜ‥‥。	
04847	D1:1963:0B2BA	1	대사	【アル】ま、とりあえず行ってみるか。	
04848	D1:1963:0B2E8	1	대사	【アル】飛行場に行くのか？	
04849	D1:1963:0B30C	2	선택지	　とり	
04850	D1:1963:0B314	2	대사	【アル】酒太りがどうかしたか？	
04851	D1:1963:0B336	1	대사	【アル】それよりも、マコトのことが気になるな。	
04852	D1:1963:0B3AE	1	대사	【アル】さしずめ、美女と野獣というところだな。	
04853	D1:1963:0B3E0	1	대사	【カイル】美男美女と言って欲しいところだな。	
04854	D1:1963:0B418	1	대사	【アル】マコトとゴリラが俺の目の前にいる。	
04855	D1:1963:0B446	1	대사	【カイル】相変わらずお調子者だな、お前は。	
04856	D1:1963:0B47C	1	대사	【アル】ゴリラが人語をしゃべるなよ、気持ち悪いだろう。	
04857	D1:1963:0B4B6	1	대사	【カイル】フッ。	
04858	D1:1963:0B4D2	1	대사	【アル】（なんだ、この嫌みったらしい笑みは、{n00}ちくしょう。）	
04859	D1:1963:0B512	1	대사	【アル】マコトは俯いていて、俺と視線を合わせようとしない。	
04860	D1:1963:0B550	1	대사	【アル】顔が悲しそうなのは俺の錯覚か‥‥？	
04861	D1:1963:0B57E	1	대사	【アル】（マコト‥‥何だか雰囲気がおかしいな‥‥どうしたんだろう？）	
04862	D1:1963:0B5C6	1	대사	【アル】ゴリラなんて見たく無いな。動物園のゴリラの方が、まだ愛着がわくぜ。	
04863	D1:1963:0B614	1	대사	【アル】不適に笑みを浮かべている。何が楽しいんだ、このゴリラは。	
04864	D1:1963:0B658	1	대사	【カイル】誰がゴリラだ、誰が。	
04865	D1:1963:0B682	2	대사	【アル】ほら。	
04866	D1:1963:0B694	1	대사	【カイル】手鏡をかざして何をしている。	
04867	D1:1963:0B6E6	1	대사	【アル】このままマコトを置いては行けないぜ。	
04868	D1:1963:0B716	1	대사	【カイル】さっさと消えな、お調子者。	
04869	D1:1963:0B746	1	대사	【アル】研究所にこれといって用事はない。	
04870	D1:1963:0B772	1	대사	【アル】飛行場よりマコトの方が気になる‥‥。	
04871	D1:1963:0B7D6	2	대사	【カイル】おいマコト、返事をしてやれよ。恋人が話しかけているぜ。	
04872	D1:1963:0B822	1	대사	【アル】（馴れ馴れしくマコトなんて呼ぶなよっ！）	
04873	D1:1963:0B856	1	대사	【マコト】あ、アル‥‥私‥‥あっ。	
04874	D1:1963:0B894	2	대사	【マコト】ううん、何でもないの‥‥ごめんなさい。	
04875	D1:1963:0B8D0	2	대사	【アル】どうしたんだよ、マコト‥‥。	
04876	D1:1963:0B8F8	1	대사	【マコト】本当なんでもないのよ‥‥	
04877	D1:1963:0B928	1	대사	【マコト】カ、カイルとはその、ちょっとお話をしていただけなの‥‥。	
04878	D1:1963:0B978	2	대사	【アル】マコト、ちょっと２人で話があるんだ。	
04879	D1:1963:0B9C0	2	대사	【アル】どうしたんだよ。	
04880	D1:1963:0B9E4	2	대사	【カイル】マコトはイヤだってよ。	
04881	D1:1963:0BA10	2	대사	【アル】ゴリラは黙ってな。	
04882	D1:1963:0BA2E	2	대사	【カイル】何だと、このお調子者が‥‥。	
04883	D1:1963:0BA60	2	대사	【マコト】ふ、２人ともやめて頂戴！　わ、私‥‥。	
04884	D1:1963:0BA9C	2	대사	【アル】お、おい！	
04885	D1:1963:0BAD2	1	대사	【アル】（マコトのやつ、どうしたんだ？）	
04886	D1:1963:0BAFE	1	대사	【カイル】ふられたな。	
04887	D1:1963:0BB20	1	대사	【アル】なに！　お前のせいだろう。	
04888	D1:1963:0BB46	1	대사	【カイル】おい、お調子者。	
04889	D1:1963:0BB6C	1	대사	ガシッ。	
04890	D1:1963:0BB80	1	대사	【アル】つっ！‥‥（か、肩に手が食い込んで‥‥。）	
04891	D1:1963:0BBB6	1	대사	【カイル】フッ、昼間のラウンジではうまいことやったが‥‥。	
04892	D1:1963:0BBFC	1	대사	ギリギリッ‥‥！	
04893	D1:1963:0BC18	1	대사	【カイル】実力の差がありすぎるんだよ、バカが。	
04894	D1:1963:0BC52	1	대사	【アル】くっ‥‥{n00}（なんて馬鹿力だ。）	
04895	D1:1963:0BC7C	1	대사	【カイル】ま、お調子者相手に本気になったって仕方がない。何も知らないバカだからな。	
04896	D1:1963:0BCDA	3	대사	【アル】ど、どういうことだよ。	
04897	D1:1963:0BCFC	1	대사	【カイル】内緒だ。	
04898	D1:1963:0BD24	1	대사	【カイル】ハッハッハ‥‥。	
04899	D1:1963:0BD4A	1	대사	【アル】まてっ‥‥イテテ‥‥。	
04900	D1:1963:0BD82	1	대사	【アル】それにしても、何て馬鹿力だ。か、肩にアザでもできてしまいそうだ。	
04901	D1:1963:0BDE4	1	대사	【アル】まぁ、ああいうゴリラは、マコトの一番嫌いなタイプのはずだからな‥‥	
04902	D1:1963:0BE32	1	대사	【アル】大丈夫だとは思うんだが。	
04903	D1:1963:0BE54	1	대사	【アル】だが気になるな‥‥。	
04904	D1:1963:0BE8C	1	대사	【アル】どうしたっていうんだ。	
04905	D1:1963:0BEAE	2	대사	【アル】マコト、どうしたんだい？　こんな時間に‥‥。	
04906	D1:1963:0BF06	2	대사	【アル】俺、結構さがしたんだぜ。お前の部屋まで行っても、誰もいないし‥‥。	
04907	D1:1963:0BF54	8	대사	【マコト】ご、ごめんなさい‥‥。	
04908	D1:1963:0BF80	2	대사	【アル】何か元気なさそうだけど、どうしたんだよ。	
04909	D1:1963:0BFCC	1	대사	【アル】（どうしたっていうん{n00}だ。）	
04910	D1:1963:0BFF4	1	대사	【カイル】フッ、相変わらずお調子者だぜ。	
04911	D1:1963:0C028	1	대사	【アル】ゴリラに言われたくはないな。	
04912	D1:1963:0C050	1	대사	【カイル】よぉ、お調子者。{n00}いつもの調子はどうした？	
04913	D1:1963:0C090	1	대사	【アル】さっきまで、すこぶる良かったんだけどな。	
04914	D1:1963:0C0C4	1	대사	【カイル】こんな夜更けに何をしていたんだ？女と逢い引きか？	
04915	D1:1963:0C10A	1	대사	【アル】散歩だよ、ゴリラと同じくな。	
04916	D1:1963:0C132	1	대사	【カイル】ほぉ、それは奇遇だな、俺達もちょうど散歩をしていたんだ。	
04917	D1:1963:0C180	1	대사	【アル】（この野郎、わざとらしく『俺達』なんて単語を使いやがって。）	
04918	D1:1963:0C1C8	1	대사	【カイル】なに睨んでるんだよ、もっと楽しくやろうぜ。	
04919	D1:1963:0C208	1	대사	【アル】あぁ、お前がいなけりゃ最高だ。	
04920	D1:1963:0C232	1	대사	【カイル】まるでガキだな。焦ってるとすっ転ぶぞ。	
04921	D1:1963:0C26E	1	대사	【アル】誰が焦ってるんだよ！	
04922	D1:1963:0C28E	1	대사	【アル】（‥‥なぜこんなに焦燥感を抱かなくてはいけないんだ‥‥？）	
04923	D1:1963:0C2EE	1	선택지	　さけぶ	
04924	D1:1963:0C310	2	대사	【アル】ときおり風が、木々を静かに鳴らす程度だ。	
04925	D1:1963:0C344	2	대사	【アル】キモダメシなどには、もってこいの雰囲気だな。	
04926	D1:1963:0C37C	2	대사	【アル】月が出ているな‥‥	
04927	D1:1963:0C39A	1	대사	【アル】所々に設けられた電灯と一緒に、薄暗くあたりを照らしている。	
04928	D1:1963:0C3DE	1	대사	【アル】都会の雑踏に揉まれていた俺にとっては、何とも寂しい限りだ‥‥。	
04929	D1:1963:0C428	1	대사	【アル】派手なネオンサインの１つや２つ、欲しいところだな。	
04930	D1:1963:0C466	2	대사	【アル】暗闇の中に悠然とそびえ立っている。	
04931	D1:1963:0C494	2	대사	【アル】そびえ立つ、というほどの建物じゃないが‥‥。	
04932	D1:1963:0C4CC	2	대사	【アル】ボーッと暗闇に浮かび上がる感じは、なんだかゾクゾクするな。	
04933	D1:1963:0C512	2	대사	【アル】あれが古びた洋館だったら、禁断の雰囲気を味わえるんだが。	
04934	D1:1963:0C5AE	1	대사	【アル】中に入ろう。	
04935	D1:1963:0C5CC	1	대사	【アル】よし、研究所に行こう。	
04936	D1:1963:0C646	1	대사	【アル】俺はまだまだスリムだぜ。	
04937	D1:1963:0C66A	1	대사	【アル】さけぶとりってのは、飲酒のために身体が肥え太ることを言うらしい。	
04938	D1:1963:0C6B6	1	대사	【アル】ま、俗に言うビールっ腹とかは、これに属するだろう。	
04939	D1:1963:0C6F4	1	대사	【アル】誰もそんなことを聞いてないって？	
04940	D1:1963:0C752	1	대사	【アル】ずいぶん時間をロスしているな。早くＩＤカードを取りにいこう。	
04941	D1:1963:0C79A	1	대사	【アル】教授はもういない‥‥。	
04942	D1:1963:0C7BC	1	대사	【アル】あたりは今まで通り薄暗く、木々が鳴っているだけだ。	
04943	D1:1963:0C7FA	1	대사	【アル】宿舎を見ていてもしょうがない。早くカードを取りにいこうぜ。	
04944	D1:1963:0C840	1	대사	【アル】ボーッと暗闇に浮かび上がる感じは、なんだかゾクゾクするが‥‥。	
04945	D1:1963:0C8CE	1	대사	【アル】そうだ、研究所に行かなくては。	
04946	D1:1963:0C8FE	1	대사	【アル】飛行場に行くのか‥‥？	
04947	D1:1963:0C926	1	대사	【マルチナ】あら、こんなところでどうしたのかしら。	
04948	D1:1963:0C96E	1	대사	【アル】あれ‥‥ステラ教授？	
04949	D1:1963:0C98E	1	대사	【マルチナ】道の真ん中でじっと考え{n00}事？なかなかの哲学者ですね。	
04950	D1:1963:0C9DA	1	대사	【アル】いやその、ステラ教授こそ‥‥。	
04951	D1:1963:0CA04	1	대사	【マルチナ】フフ、プライベートな時間はマルチナでいいわ。	
04952	D1:1963:0CA48	1	대사	【アル】は、はぁ‥‥。マルチナ‥‥さんは、ここで何を？	
04953	D1:1963:0CA82	1	대사	【マルチナ】お散歩。	
04954	D1:1963:0CAA2	1	대사	【アル】散歩、ですか。	
04955	D1:1963:0CABC	1	대사	【マルチナ】意外そうな顔をするわね。いけなかったかしら？	
04956	D1:1963:0CB00	1	대사	【アル】いやそんな‥‥さんぽ下がって師の影を踏まず。	
04957	D1:1963:0CB38	1	대사	【マルチナ】ウフフ、相変わらず面白い人ね。	
04958	D1:1963:0CC3E	1	대사	【アル】所々に設けられた電灯と一緒に、あたりを薄暗く照らしている。	
04959	D1:1963:0CC82	1	대사	【マルチナ】都会の雑踏に揉まれていたあなたには、少々物足りないかしら。	
04960	D1:1963:0CCD4	1	대사	【アル】いやなんというか‥‥静かで環境はいいんだけど、	
04961	D1:1963:0CD0E	1	대사	【アル】それだけに寂しいという気持ちが先立ってしまうんですよ。	
04962	D1:1963:0CE3E	1	대사	【マルチナ】それではまるで遊園地のホラー会場ね。	
04963	D1:1963:0CE7A	1	대사	【アル】（いくぶん厳しそうな顔をしている‥‥。）	
04964	D1:1963:0CEAE	1	대사	【アル】（初対面の時の、あの温厚な表情は微塵もない。）	
04965	D1:1963:0CEE8	1	대사	【アル】（普段着も似合っているな‥‥何でも着こなすってタイプか。やるなぁ。）	
04966	D1:1963:0CF38	1	대사	【マルチナ】フフ、何かしら？	
04967	D1:1963:0CF60	1	대사	【アル】月明かりにたたずむ美女か‥‥絵になるよなぁ。	
04968	D1:1963:0CF98	1	대사	【マルチナ】フフ、おだてても何もでないわよ。	
04969	D1:1963:0CFD0	1	대사	【アル】いや、結構本心。{n00}昔モデルか何かをやられていたとか？	
04970	D1:1963:0D010	1	대사	【マルチナ】まさか。	
04971	D1:1963:0D032	1	대사	【マルチナ】スカウトは何度か来たのだけど‥‥忙しかったから全部断ってしまったわ。	
04972	D1:1963:0D090	1	대사	【アル】‥‥納得できるような気がする。	
04973	D1:1963:0D0DA	1	대사	【アル】教授と話すのが先だろう。	
04974	D1:1963:0D0FE	1	대사	【アル】中にって‥‥今出てきたばかりだぞ。	
04975	D1:1963:0D12C	1	대사	【マルチナ】どうしたのかしら？　うろうろして、変ね。	
04976	D1:1963:0D16C	1	대사	【アル】いや、心の葛藤が行動に出てしまったんです。	
04977	D1:1963:0D1A2	1	대사	【アル】もうすこし教授と話そうぜ。	
04978	D1:1963:0D1C8	1	대사	【アル】研究所に行きたいのはやまやまだが、もうちょっと教授と話していたいな。	
04979	D1:1963:0D218	1	대사	【マルチナ】研究所に何か用事が？	
04980	D1:1963:0D244	1	대사	【アル】いえいえ、ＩＤカードを取りに行くなんて用事は、これっぽっちもありませんよ。	
04981	D1:1963:0D29A	1	대사	【マルチナ】？？	
04982	D1:1963:0D2AE	1	대사	【アル】飛行場はいいから、教授ともうちょっと話そうぜ。	
04983	D1:1963:0D2E8	1	대사	【アル】さてと、飛行場に行くかな。	
04984	D1:1963:0D30E	1	대사	【マルチナ】飛行場に何か用があるのかしら？	
04985	D1:1963:0D344	1	대사	【アル】いえ、実を言うと全く何もないんです。	
04986	D1:1963:0D374	1	대사	【マルチナ】じゃあ行く必要がないんじゃないかしら？	
04987	D1:1963:0D3B2	1	대사	【アル】その通りですね。なんで俺は、飛行場に行くなんて言い出したんだろう。	
04988	D1:1963:0D40C	1	대사	【マルチナ】フフ、少しおしゃべりが過ぎたようね。	
04989	D1:1963:0D45E	1	대사	【マルチナ】時間は大丈夫なのかしら？	
04990	D1:1963:0D48E	1	대사	【アル】えっ‥‥時間？	
04991	D1:1963:0D4A8	1	대사	【マルチナ】カードを取りに行く途中ではなかったの？	
04992	D1:1963:0D4E6	1	대사	【アル】そ、そうでした。	
04993	D1:1963:0D502	1	대사	【マルチナ】私も、お散歩はもうおしまい。それじゃあ‥‥。	
04994	D1:1963:0D546	1	대사	【アル】えっ、あの‥‥。	
04995	D1:1963:0D582	1	대사	【アル】行っちゃったか。それにしても‥‥。	
04996	D1:1963:0D5B0	1	대사	【アル】まぁいいか、今後いくらでも聞くチャンスはあるさ。	
04997	D1:1963:0D5EC	1	대사	【マルチナ】そういえば、{n00}レイコさんは良くしてくれているかしら？	
04998	D1:1963:0D638	1	대사	【アル】えっ？　良くって‥‥その、ど、どういう意味でしょうか？	
04999	D1:1963:0D67A	1	대사	【マルチナ】彼女は一応、あなたの面倒を見ることになってるの。	
05000	D1:1963:0D6C2	1	대사	【アル】保護者ってやつですかね。兼、お目付役？	
05001	D1:1963:0D6F4	1	대사	【マルチナ】フフ‥‥まぁ、そういうところね。	
05002	D1:1963:0D72C	1	대사	【アル】彼女も何かと忙しそうだけど、結構良くしてくれていますよ。	
05003	D1:1963:0D770	1	대사	【マルチナ】そう‥‥それはよかったわ。	
05004	D1:1963:0D7A2	1	대사	【アル】ただ、マコトのやつとは、何だか会えないんですけどね。	
05005	D1:1963:0D7E2	1	대사	【マルチナ】‥‥それに関しては申し訳ないと思ってるわ。	
05006	D1:1963:0D826	1	대사	【マルチナ】今、研究所の方が少し忙しくなっていて‥‥。	
05007	D1:1963:0D86A	1	대사	【アル】あっ、その辺はわきまえてますよ。お互い仕事だし、プライベートな事だから。	
05008	D1:1963:0D8E2	1	대사	【アル】（‥‥何だか、複雑な表情をしているけど‥‥何かマズいこと、言ったかな。）	
05009	D1:1963:0D936	1	대사	【アル】その、お仕事の方、忙しそうですね。	
05010	D1:1963:0D964	1	대사	【マルチナ】‥‥そうね。とっても忙しいわ。	
05011	D1:1963:0D99A	1	대사	【アル】何だか、学者魂をかけているほどの研究って、伺っていますけど。	
05012	D1:1963:0D9E2	1	대사	【マルチナ】それはちょっと違うわね‥‥	
05013	D1:1963:0DA16	1	대사	【マルチナ】学者魂と言うよりは、私自身の、運命に対するこだわり、かしら。	
05014	D1:1963:0DA6C	1	대사	【アル】‥‥は？	
05015	D1:1963:0DA80	1	대사	【マルチナ】私にまとわりつく鎖を、断ち切るためなのよ。	
05016	D1:1963:0DAD8	1	대사	【アル】（死んだ旦那さんとの事かな‥‥）	
05017	D1:1963:0DB04	1	대사	【アル】（研究を受け継ぐって{n00}イメージが、苦になっているんだろうか‥‥。）	
05018	D1:1963:0DB50	1	대사	【アル】（あるいは娘の‥‥いずれにせよ、そんなことを聞ける雰囲気じゃない。）	
05019	D1:1963:0DBBA	1	대사	【アル】あの‥‥な、何か？	
05020	D1:1963:0DBD8	1	대사	【マルチナ】フフ、ご免なさい‥‥	
05021	D1:1963:0DC06	1	대사	【マルチナ】でも、散歩だけではなく、いろいろと活発に行動しているようね。	
05022	D1:1963:0DC5C	1	대사	【アル】（ドキッ）　ど、どういうことです？	
05023	D1:1963:0DC8A	1	대사	【マルチナ】ドクターが言っていたわ。カイルのアゴの骨が、少しずれていたそうよ。	
05024	D1:1963:0DCE4	1	대사	【アル】ははは‥‥あ、あれはそのまぁ何と言いますか、	
05025	D1:1963:0DD1C	1	대사	【アル】お互いの理解を深める為の、男同士のスキンシップでして‥‥。	
05026	D1:1963:0DD60	1	대사	【マルチナ】‥‥いいのよ、別に。	
05027	D1:1963:0DD9A	1	대사	【マルチナ】フフ、そんなことで取材を中止させたりはしないから、安心なさい。	
05028	D1:1963:0DDF0	1	대사	【アル】持つべきは、理解のある上司と教授って感じですね。	
05029	D1:1963:0DE2C	1	대사	【マルチナ】それは違うわね。例の騒動はあくまで、あなたとカイルの間のこと。	
05030	D1:1963:0DE98	1	대사	【マルチナ】無論、イリーガルな取材に対しては、厳しく対処するつもりよ。	
05031	D1:1963:0DEEA	1	대사	【アル】なるほど、わかりました。（なかなか言ってくれるな、そうじゃなきゃ。）	
05032	D1:1963:0DF3A	1	대사	【マルチナ】アルはこんな時間に何を？	
05033	D1:1963:0DF6A	1	대사	【アル】俺ですか？　これからＩＤカードを受け取りに行こうかというところですね。	
05034	D1:1963:0DFBC	1	대사	【マルチナ】あぁ‥‥カードがないとここでは何かと不便だから、	
05035	D1:1963:0E006	1	대사	【マルチナ】早急に発行してもらった方がいいわ。	
05036	D1:1963:0E042	1	대사	【アル】それとそう、マルチナさんじゃないですけど、	
05037	D1:1963:0E078	1	대사	【アル】今日は《デザイア》をいろいろと散歩させて貰ってます。	
05038	D1:1963:0E0B6	1	대사	【マルチナ】‥‥職員の仕事の邪魔にならないのなら。	
05039	D1:1963:0E0F4	1	대사	【アル】もちろん、それは気を付けていますよ。	
05040	D1:1963:0E124	1	대사	【アル】ま、一応そのへんを監督であるあなたに報告しておいた方が、いいかなって。	
05041	D1:1963:0E174	1	대사	【マルチナ】律儀な方ね。わかりました、了承します。	
05042	D1:1963:0E1B2	1	대사	【アル】どうも。正直言って、あの個室でじっとしてるの、俺には耐えられそうになくて。	
05043	D1:1963:0E208	1	대사	【マルチナ】フフ、正直な人ね。	
05044	D1:1963:0E232	1	대사	【アル】正直だけが俺の取り柄なんです。（いけしゃあしゃあと、俺もよく言うね。）	
05045	D1:1963:0E284	1	대사	【アル】ステラ‥‥いや、マルチナさんはいつもこんな時間に散歩を？	
05046	D1:1963:0E2C8	1	대사	【マルチナ】こんな時間というフレーズに、どんな意味が込められているのかによって、	
05047	D1:1963:0E326	1	대사	【マルチナ】答えが変わるかもしれないわね。	
05048	D1:1963:0E35E	1	대사	【アル】じゃあ、「こんな時間」を「夕食時」と定義しましょうか。	
05049	D1:1963:0E3A0	1	대사	【マルチナ】そうね、それだったら食後の軽い運動、というところかしら。	
05050	D1:1963:0E3F0	1	대사	【アル】じゃあ、「こんな時間」が「こんなに夜遅く」だったら？	
05051	D1:1963:0E430	1	대사	【マルチナ】寝る前の軽い運動ね。	
05052	D1:1963:0E45C	1	대사	【アル】じゃあ、{n00}「まだ仕事の時間」だったら？	
05053	D1:1963:0E48E	1	대사	【マルチナ】仕事の合間に疲れを癒すため、かしら。	
05054	D1:1963:0E4CA	1	대사	【アル】んー、それじゃあ「人々が寝静まった深夜過ぎ」	
05055	D1:1963:0E502	1	대사	【アル】では？	
05056	D1:1963:0E512	1	대사	【マルチナ】寝付けなくて寝所を出た、というところね。	
05057	D1:1963:0E552	1	대사	【アル】じゃあそうだな‥‥「こんな真っ昼間」だったらどうです？	
05058	D1:1963:0E594	1	대사	【マルチナ】今は昼間じゃない、が答えね。	
05059	D1:1963:0E5C8	1	대사	【アル】うーむ、それはちょっとズルいような気がする。	
05060	D1:1963:0E600	1	대사	【マルチナ】フフ、それはお互い様。	
05061	D1:1963:0E648	2	선택지	　叫ぶ	
05062	D1:1963:0E668	1	대사	【アル】数日の休暇を楽しむっていうなら、申し分無い環境なんだけどな。	
05063	D1:1963:0E6B0	1	대사	【アル】しかしほとんど人と会わないな、この辺を歩いていても。	
05064	D1:1963:0E6F0	1	대사	【アル】ま、今はまだ仕事の時間ってこともあるんだろうが、	
05065	D1:1963:0E72C	1	대사	【アル】仕事が終わったら職員は何をするんだろうか。	
05066	D1:1963:0E760	1	대사	【アル】娯楽施設なんて無いし、ラウンジで物思いに耽るのかな‥‥	
05067	D1:1963:0E7A2	1	대사	【アル】なんてつまらない毎日だ。	
05068	D1:1963:0E7C4	1	대사	【アル】俺だったら多分２秒ともたないぞ。	
05069	D1:1963:0E7F0	1	대사	【アル】結構綺麗な建物だ。	
05070	D1:1963:0E80E	1	대사	【アル】宿舎というよりは、比較的小規模なホテルという感じだな。	
05071	D1:1963:0E850	1	대사	【アル】だがステラ教授やレイコさんは、ここには住んでいないらしい。	
05072	D1:1963:0E8DA	1	대사	【アル】イベント会場だな、よし行ってみよう。	
05073	D1:1963:0E90A	1	대사	【アル】わかってるよ、研究所だろう？	
05074	D1:1963:0E960	1	선택지	　小声で	
05075	D1:1963:0E96A	1	대사	【アル】俺は矛盾したことは嫌いなんだ。	
05076	D1:1963:0E994	1	대사	【アル】ぉーぃ。	
05077	D1:1963:0E9A8	1	대사	【アル】しかし小声で叫ぶというのは、何か矛盾している気がするな。	
05078	D1:1963:0E9EC	1	대사	【アル】死なないように殺すとか、優しく叩きのめすとか。	
05079	D1:1963:0EA26	1	대사	【アル】どうでもいいことだが、矛盾したことはしたくない。	
05080	D1:1963:0EA84	1	선택지	　大声で	
05081	D1:1963:0EA8E	1	대사	【アル】あまりやると喉を痛めてしまうので、また今度にしよう。	
05082	D1:1963:0EACE	1	대사	【アル】こう静かだと、無性に大声で叫びたくなるな。	
05083	D1:1963:0EB04	1	대사	【アル】俺のこの美声をもって、静寂の場に喝を入れるぞ。	
05084	D1:1963:0EB3E	1	대사	【アル】ヨーデリヒー！！！	
05085	D1:1963:0EB7A	1	대사	【アル】ふくよかで寂しげで、まったりとしていて、	
05086	D1:1963:0EBAE	1	대사	【アル】それでいてしつこくないこの美声をもう一度。	
05087	D1:1963:0EBE2	1	대사	【アル】誰も聞きたくないか。	
05088	D1:1963:0EC12	1	선택지	　宿舎　	
05089	D1:1963:0EC22	1	대사	【アル】確かに環境だけは良さそうだな‥‥。あたりは静まっている。	
05090	D1:1963:0EC66	1	대사	【アル】静かだな‥‥。	
05091	D1:1963:0EC80	1	대사	【アル】環境はいいんだけどな‥‥	
05092	D1:1963:0ECA4	1	대사	【アル】だけど俺だったら、こんな所に１週間といられないだろう。	
05093	D1:1963:0ECE4	1	대사	【アル】なぜかって？　環境が良すぎるからさ。	
05094	D1:1963:0ED14	1	대사	【アル】俺みたいな人間には、繁華街や人混み、	
05095	D1:1963:0ED44	1	대사	【アル】スラムみたいな町の雑踏に安心感を抱くんだ。	
05096	D1:1963:0ED78	1	대사	【アル】こういう環境は、短期間のバケーションや避暑には最適かもしれないがな‥‥。	
05097	D1:1963:0EDCC	1	대사	【アル】なかなか綺麗な宿舎だ。	
05098	D1:1963:0EDEE	1	대사	【アル】もっとも汚い宿舎など願い下げだが。	
05099	D1:1963:0EE1C	1	대사	【アル】目の前には、避暑地のホテルさながらの、大きな宿舎が立っている。	
05100	D1:1963:0EE66	1	대사	【アル】でもここに《デザイア》の全職員が住んでいる、という訳ではなさそうだ。	
05101	D1:1963:0EEB6	1	대사	【アル】こんなところにまで綺麗に手入れが行き届いているのも、なかなか感動的だな。	
05102	D1:1963:0EF0A	1	대사	【アル】白くて綺麗な壁だ。	
05103	D1:1963:0EF28	1	대사	【アル】大抵、町のこういう壁には、マーカーやスプレーで、	
05104	D1:1963:0EF64	1	대사	【アル】ＨＥＬＬとかＤＥＡＤという単語が書かれているもんだ。	
05105	D1:1963:0EFA2	1	대사	【アル】例外無く、暗く殺伐とした単語ばかりで、	
05106	D1:1963:0EFD4	1	대사	【アル】なおかつ難しくなく、覚えやすいのが特徴だな。	
05107	D1:1963:0F00A	1	대사	【アル】そういえば俺の家の近くのマンションの壁には、	
05108	D1:1963:0F042	1	대사	【アル】真っ赤なスプレーで“ＧＯ　ＴＯ　ＨＩＬＬ”と書かれている。	
05109	D1:1963:0F086	1	대사	【アル】「丘へ行け」とはどういう意味だろうか。未だにあの界隈では議論になっている。	
05110	D1:1963:0F0DC	1	대사	【アル】無論、ここの壁にはそんな文字は書かれていない。	
05111	D1:1963:0F15A	1	대사	【アル】いま戻るのはちょっとマズいだろう。	
05112	D1:2257:02646	18	대사	【アル】ここは宿舎内のホールだ。	
05113	D1:2257:02698	1	대사	【アル】やはり誰もいないのか‥‥。	
05114	D1:2257:026EC	1	대사	【アル】昨日の夕方とは雲泥の差だな、あたりは閑散としている。	
05115	D1:2257:0275A	1	대사	【アル】何だか、人の姿が急に増えてきたような気が‥‥。	
05116	D1:2257:02794	2	대사	【アル】いったい今までどこにいっていたんだ？	
05117	D1:2257:027F2	1	대사	【アル】何だか、人の姿が急に増えてきたような気が‥‥、	
05118	D1:2257:028E6	1	대사	【アル】さっ、早いとこレイコさんの所に行こうぜ。	
05119	D1:2257:0293E	1	대사	【ティーナ】ねぇアルぅ。	
05120	D1:2257:02982	1	대사	【ティーナ】あそこでジュース買って！	
05121	D1:2257:029B2	1	대사	【アル】あそこって‥‥あぁ、自販機ね。	
05122	D1:2257:029DC	1	대사	【ティーナ】ティーナ、喉が乾いちゃった。	
05123	D1:2257:02A26	1	대사	【ティーナ】おねがいよぉ、お願い！	
05124	D1:2257:02A54	1	대사	【アル】わかった、わかった‥‥じゃあこれで買ってきなよ。	
05125	D1:2257:02AB8	1	대사	【アル】かなわないな‥‥うんと心配かけて、おねだりするなんてさ。	
05126	D1:2257:02AFC	3	대사	【シルビア】アル！	
05127	D1:2257:02B24	1	대사	【アル】よっ、シルビア。どうしたんだい？	
05128	D1:2257:02B50	1	대사	【シルビア】さっき部屋にいったんだけど‥‥誰もいなくてさ。	
05129	D1:2257:02B96	1	대사	【アル】なんだよ突然。へへっ、さては俺の事が忘れられなくて‥‥。	
05130	D1:2257:02BDA	1	대사	【シルビア】ば、バカ‥‥そ、そんなんじゃ‥‥‥‥。	
05131	D1:2257:02C18	1	대사	【アル】（なんだよ、このリアクションは。）	
05132	D1:2257:02C46	1	대사	【アル】ハハハ‥‥な、なんか調子狂うな。	
05133	D1:2257:02C72	1	대사	【シルビア】今日は‥‥あ、ありがとう、アル。	
05134	D1:2257:02CBA	1	대사	【シルビア】その、オレ‥‥ホントに嬉しかったんだ、それを言いたくて‥‥。	
05135	D1:2257:02D0E	1	대사	【アル】そ、そうか‥‥うん、何だろうと喜んで貰えて何よりだ。	
05136	D1:2257:02D4E	1	대사	【アル】（何を言っているんだ、オレは。）	
05137	D1:2257:02D84	1	대사	【ティーナ】アルぅー、買ってきたよ！	
05138	D1:2257:02DB4	1	대사	【シルビア】おっと、アルのお姫さまが来たみたいだ‥‥じゃな！	
05139	D1:2257:02E06	1	대사	【アル】うーん、どうも調子狂うな‥‥。	
05140	D1:2257:02E30	1	대사	【ティーナ】あのお姉ちゃん、だれ？	
05141	D1:2257:02E5E	1	대사	【アル】シルビアだよ。	
05142	D1:2257:02E78	1	대사	【ティーナ】ふーん‥‥あのお姉ちゃんも、アルのこと好きなのね。	
05143	D1:2257:02EC2	1	대사	【アル】え？　な、なんでだよ。	
05144	D1:2257:02EE4	1	대사	【ティーナ】わかるわよぉ。だって、アルに好き好き光線を発射してたもの。	
05145	D1:2257:02F36	1	대사	【アル】なんだ、その「好き好き光線」ってのは。	
05146	D1:2257:02F68	1	대사	【ティーナ】知らないの？　大好きな人に向けて発射する光線のことよ。	
05147	D1:2257:02FB8	1	대사	【ティーナ】好きな人には、自然に出ちゃうもんなんだって。	
05148	D1:2257:02FFE	1	대사	【アル】へぇ‥‥言われて見れば、何となく判るような気もするな	
05149	D1:2257:0303E	1	대사	【ティーナ】それより聞いて、アル！	
05150	D1:2257:03078	1	대사	【ティーナ】ピコピコピコって、ジュースがもう一本出てきたの！	
05151	D1:2257:030C2	1	대사	【アル】へぇ、当たりか。なかなかついてるね。	
05152	D1:2257:030F2	1	대사	【ティーナ】一緒に部屋で飲もう！	
05153	D1:2257:0311E	1	대사	【アル】そうだな、じゃあ王女様におつきあい致しますか。	
05154	D1:2257:03176	1	대사	【アル】じゃあ部屋に行こうか。	
05155	D1:2257:031AA	1	대사	【アル】あぁ、シェリル。	
05156	D1:2257:031C6	1	대사	【シェリル】アルバートさん、どうでしたか？	
05157	D1:2257:031FC	1	대사	【アル】ってことは、シェリルも見つけていないってことだね。	
05158	D1:2257:0323A	1	대사	【シェリル】はい‥‥ごめんなさい。	
05159	D1:2257:03268	1	대사	【アル】謝る必要なんてないさ。{n00}悪いのは鉄砲玉みたいなティーナなんだからな。	
05160	D1:2257:0330C	3	대사	【アル】ティーナはいないようだが‥‥。	
05161	D1:2257:03340	1	대사	【アル】ここは宿舎内のホールだ。相変わらず人は少ないな‥‥。	
05162	D1:2257:03380	1	대사	【アル】もっとも、人の姿が見えるだけ、ましかもしれないが。	
05163	D1:2257:033C8	3	대사	【アル】ま、マコト‥‥。	
05164	D1:2257:03432	2	대사	【アル】い、いやぁ、今日もいい天気でげすなぁ。	
05165	D1:2257:03464	1	대사	【マコト】ええ‥‥本当にお日柄もよく‥‥。	
05166	D1:2257:0349A	1	대사	【アル】（いったい俺達はなにを言っているんだ。）	
05167	D1:2257:034CE	2	대사	【アル】な、なぁ、仕事の方はどうなんだい？暇だったら、ラウンジでお茶でもしない？	
05168	D1:2257:03522	1	대사	【マコト】あ、ええ‥‥でもやっぱりちょっと忙しくて‥‥。	
05169	D1:2257:0357E	1	대사	【マコト】ごめんなさい。	
05170	D1:2257:035A2	2	대사	【アル】いや、仕事だからな、しょうがないさ。	
05171	D1:2257:035EA	2	대사	【アル】俺だって以前、仕事が忙しいって理由で、	
05172	D1:2257:0361C	2	대사	【アル】マコトとのデートをすっぽかしたことがあったろう？	
05173	D1:2257:03658	2	대사	【マコト】そうね‥‥あの時は、怒ってごめんなさい‥‥。	
05174	D1:2257:0369A	1	대사	【アル】え、い、いやそんな。{n00}（うーん、なんだかやりにくいな‥‥。）	
05175	D1:2257:036E2	1	대사	【レイコ】お熱いわねー、お二人さん。	
05176	D1:2257:03712	2	대사	【アル】レイコさん。	
05177	D1:2257:0372A	5	대사	【マコト】レイコ‥‥。	
05178	D1:2257:0374C	1	대사	【レイコ】ウフフ、ここにいてはお二人さんの邪魔かしら？	
05179	D1:2257:0378E	1	대사	【マコト】違うの‥‥アル、ごめんなさい。私、もう行かなきゃ。	
05180	D1:2257:037D6	2	대사	【アル】え、おい‥‥マコト！	
05181	D1:2257:03800	1	대사	【アル】マコト‥‥‥‥。	
05182	D1:2257:03826	1	대사	【レイコ】ちょっと、どういうこと？	
05183	D1:2257:03854	1	대사	【アル】い、いや‥‥俺にも何が何だかさっぱり‥‥。	
05184	D1:2257:0388A	1	대사	【レイコ】マコト、行っちゃったじゃない。	
05185	D1:2257:038BE	1	대사	【アル】そ、そうだね。なんでだろう‥‥。	
05186	D1:2257:038EA	1	대사	【レイコ】もう‥‥世話の焼ける人ね。	
05187	D1:2257:03924	1	대사	【アル】あっ‥‥レイコさんまで行っちゃったよ。	
05188	D1:2257:0397C	1	대사	【アル】わっ、びっくりした‥‥。	
05189	D1:2257:039A0	1	대사	【レイコ】今日の夜、忘れないで頂戴。	
05190	D1:2257:039D0	1	대사	【アル】わ、わかってるよ。	
05191	D1:2257:03A0E	1	대사	【アル】まいったな、なんで俺が‥‥でも、マコトのやつ、本当にどうしたんだろう。	
05192	D1:2257:03A60	1	대사	【アル】もう、明日しかないんだぜ。このままお別れなんて、ちょっと辛すぎるじゃないか。	
05193	D1:2257:03AB8	1	대사	【アル】ゆっくり話をする暇すらないってのは、ちょっと考えもんだよな‥‥。	
05194	D1:2257:03B1A	1	대사	【アル】まぁ、大丈夫だとは思うんだが‥‥ここはレイコさんに頼ってしまおうか。	
05195	D1:2257:03B74	1	대사	【アル】宿舎内のホールだ。	
05196	D1:2257:03B92	1	대사	【アル】相変わらず人の姿は少ないな。	
05197	D1:2257:03BE8	4	대사	【アル】人はほとんどいなくなってしまったな‥‥。	
05198	D1:2257:03C26	1	대사	【アル】あれ？　シェリルじゃないか。	
05199	D1:2257:03C4E	1	대사	【シェリル】あっ、アルバートさん。	
05200	D1:2257:03C7C	1	대사	【アル】どうしたんだい？　子供はもう寝る時間だぜ。	
05201	D1:2257:03CB2	1	대사	【シェリル】私は子供じゃありません。	
05202	D1:2257:03CE2	1	대사	【アル】えっ、じゃあ老婆？	
05203	D1:2257:03D00	1	대사	【シェリル】どうして子供の次が老婆なんですか？	
05204	D1:2257:03D3A	1	대사	【アル】じゃあそうだな、中程をとって熟女あたりで、どお？	
05205	D1:2257:03D76	1	대사	【シェリル】クスクスッ、相変わらず面白い人ですね。	
05206	D1:2257:03E78	1	대사	【アル】まぁいい。早いとこＩＤ{n00}カードを取りに行こう。	
05207	D1:2257:03F14	1	대사	【アル】まぁいい。{n00}早いとこＩＤカードを取りに行こう。	
05208	D1:2257:03FFE	1	대사	【女性の声】あの、すみません。	
05209	D1:2257:04042	1	대사	【アル】（か、可愛いな‥‥こんな子が《デザイア》にいるんだ。）	
05210	D1:2257:04084	1	대사	【女の子】あの、見かけませんでしたか？	
05211	D1:2257:040B6	1	대사	【アル】見かける？　何を？	
05212	D1:2257:040D4	1	대사	【女の子】女の子です。	
05213	D1:2257:040F6	1	대사	【アル】女の子って‥‥俺の目の前にいるけど。	
05214	D1:2257:04126	1	대사	【女の子】ち、違うんです。	
05215	D1:2257:0414E	1	대사	【女の子】背がこれくらいで、金髪の、目がくりっとした、ちっちゃな女の子なんです。	
05216	D1:2257:041AC	1	대사	【アル】んー、背がこれくらいで、金髪で目がクリッと‥‥。	
05217	D1:2257:041E8	1	대사	【アル】あっ、それって、もしかしてティーナのこと？	
05218	D1:2257:0421E	1	대사	【女の子】見かけたんですか！？	
05219	D1:2257:04248	1	대사	【アル】い、いや‥‥なんというか、俺もその子に会いたくてさ。	
05220	D1:2257:04288	1	대사	【女の子】そ、そうですか‥‥わかりました、失礼します。	
05221	D1:2257:042CA	1	대사	【アル】えっ、ちょっ、ねぇ‥‥。	
05222	D1:2257:042F8	1	대사	【アル】行ってしまった‥‥突風のような女の子だったな。	
05223	D1:2257:04332	1	대사	【アル】しかし看護婦、なのかな。一瞬、風俗の人かと思ってしまった‥‥。	
05224	D1:2257:04392	1	대사	【アル】ティーナを捜していると言ったが‥‥何かあったんだろうか。	
05225	D1:2257:04448	1	대사	【アル】なかなか綺麗に掃除されているな‥‥。	
05226	D1:2257:04478	1	대사	【アル】あれから６年もたっているにしては、綺麗だよな、ここも。	
05227	D1:2257:044BA	1	대사	【アル】実はティーナが毎朝、軽く掃除をしていくんだ。	
05228	D1:2257:044F2	1	대사	【アル】住むところだから、少しでも綺麗にしておきたいって。	
05229	D1:2257:04530	1	대사	【アル】なかなか気のつく子だよな‥‥俺１人だったら、今頃廃虚になっているぜ。	
05230	D1:2257:04580	1	대사	【アル】エレベータは稼働していない。電気自体きていないんだから、当たり前だな。	
05231	D1:2257:045D2	2	대사	【アル】表示灯はついていない。ということは、エレベータは止まっているということだ。	
05232	D1:2257:04628	2	대사	【アル】もっとも、今更動いていたら、かえって不気味だがな。	
05233	D1:2257:04666	1	대사	【アル】普通の観葉植物だな‥‥‥なぜかわびしさを感じるが。	
05234	D1:2257:046A4	1	대사	【アル】そういえばティーナ、この辺にある観葉植物たちに、	
05235	D1:2257:046E0	1	대사	【アル】毎朝ちゃんと水をやってるんだよな。	
05236	D1:2257:0470E	1	대사	【アル】こいつらがまだ生きているのも、そのためなんだ。感謝しろよ、おい。	
05237	D1:2257:04782	2	대사	【アル】外にでるか‥‥。	
05238	D1:2257:047A4	1	대사	【アル】ラウンジには入れないみたいだ‥‥。	
05239	D1:2257:047D2	1	대사	【アル】ラウンジか‥‥‥‥。	
05240	D1:2257:047F2	1	대사	ガチャ‥‥ガチャッ、ガチャッ。	
05241	D1:2257:0481E	1	대사	【アル】カギが掛かっていて入れないな‥‥。	
05242	D1:2257:0484C	1	대사	【アル】２階か‥‥よし、行ってみよう。	
05243	D1:2257:0487C	2	대사	【アル】３階に行ってみるのか？	
05244	D1:2257:048E8	1	대사	【アル】ここのホールも、シンと静まっているな。	
05245	D1:2257:0491A	1	대사	【アル】やっぱり人がいる気配はない。	
05246	D1:2257:04942	1	대사	【アル】例の電波男だけでもいてくれれば、少しは気が紛れるんだがな‥‥。	
05247	D1:2257:0498C	1	대사	【アル】エレベータは稼働していない。電気自体、きていないのかもしれないな。	
05248	D1:2257:04A6E	1	대사	【アル】普通の観葉植物だな‥‥なぜかわびしさを感じる。	
05249	D1:2257:04AA8	1	대사	【アル】人の目を楽しませる観葉植物も、いまは荒涼感を募らせるだけだな‥‥。	
05250	D1:2257:04AF6	1	대사	【アル】ひっそりと息づいているという感じだ。	
05251	D1:2257:04B70	1	대사	【アル】ラウンジには入れないみたいだ。	
05252	D1:2257:04B9A	1	대사	【アル】ラウンジか‥‥誰かいるだろうか。	
05253	D1:2257:04BC6	1	대사	ガタッ‥‥ガタッ、ガタッ。	
05254	D1:2257:04BEE	1	대사	【アル】なんだ、カギが掛かっているじゃないか‥‥誰かいるかと期待したんだが‥‥。	
05255	D1:2257:04C42	1	대사	【アル】しょうがないな、他の所に行ってみよう。	
05256	D1:2257:04C74	1	대사	【アル】２階か‥‥誰かいるだろうか。	
05257	D1:2257:04D0E	2	대사	【アル】あたりに人の姿はない‥‥。	
05258	D1:2257:04D5A	1	대사	【アル】恐らく今は《デザイア》中が、こういった雰囲気なんだろうな。	
05259	D1:2257:04DA0	1	대사	【アル】あのいつもボーっと上を向いていた変な奴も、	
05260	D1:2257:04DD6	1	대사	【アル】今となっては、いてくれた方がまだありがたいぜ。	
05261	D1:2257:04E10	1	대사	【アル】エレベータは止まっている。誰も乗っていないんだろうな。	
05262	D1:2257:04E52	1	대사	【アル】エレベータの前に立っていた人も、今はいない。	
05263	D1:2257:04E8A	1	대사	【アル】だから相変わらずエレベータのランプは、動いていない。	
05264	D1:2257:04ECA	1	대사	【アル】誰も乗っていないし、誰も呼んでいないからだ。	
05265	D1:2257:04F02	1	대사	【アル】相変わらず色あせない葉が立派だな。	
05266	D1:2257:04F30	1	대사	【アル】そういえば、《デザイア》を放棄するときにこれ、どうするんだろうな。	
05267	D1:2257:04F7E	1	대사	【アル】このままにしておくんだろうか。	
05268	D1:2257:04FA8	1	대사	【アル】それとも、やっぱりそれなりの処分をするのかな。	
05269	D1:2257:04FE2	1	대사	【アル】ま、観葉植物に想いを馳せてもしょうがないことだ。	
05270	D1:2257:0506E	1	대사	【アル】ラウンジは閉まっていて、入れないぜ。	
05271	D1:2257:0509E	4	대사	【アル】ラウンジか‥‥よし、行ってみよう。	
05272	D1:2257:050CC	2	대사	ガタッ、ガタガタッ。	
05273	D1:2257:050EE	1	대사	【アル】あれ？‥‥‥‥そうか、ラウンジはもう昨日で閉めてしまったんだな。	
05274	D1:2257:0513A	4	대사	【アル】２階にいくのか？	
05275	D1:2257:0515C	3	대사	【アル】３階か‥‥特にこれといって用事はないんだが‥‥。	
05276	D1:2257:051D0	5	선택지	　自動販売機	
05277	D1:2257:051DE	5	선택지	　ライト	
05278	D1:2257:051E8	1	대사	【アル】人が意外に少なくない。いったい今までどこにいたんだよ。	
05279	D1:2257:0522A	1	대사	【アル】人の数が比較的増えてきたような‥‥やはりさっきの放送が理由だろうか。	
05280	D1:2257:0527A	1	대사	【アル】いったい《デザイア》はどうなるんだろう‥‥。	
05281	D1:2257:052B2	2	대사	【アル】自販機だな、別に変わったところはない。	
05282	D1:2257:052E4	2	대사	【アル】そういえば巷の自販機の中には、	
05283	D1:2257:0530E	2	대사	【アル】ありがとうございました。とか礼を言いやがる機械がある。	
05284	D1:2257:05350	2	대사	【アル】あれを言われると、俺はムッとしてしまうんだ。	
05285	D1:2257:05388	2	대사	【アル】「ま、機械にでも言わせておけば少しはマシだろ。」	
05286	D1:2257:053C4	2	대사	【アル】という販売者側の意図が見え見えで、どうも許せない。	
05287	D1:2257:05402	2	대사	【アル】自販機は寡黙に品物を出す、これが鉄則だ。	
05288	D1:2257:05436	2	대사	【アル】ちなみにこの自販機は声がでないらしい。いいことだ。	
05289	D1:2257:05474	3	대사	【アル】だから、ごく普通のライトだってば。	
05290	D1:2257:054A2	2	대사	【アル】ごく普通のライトだ。これが付いているところを一度も見たことがないな。	
05291	D1:2257:054F2	2	대사	【アル】もしかしたら単なるインテリアなのかもしれない‥‥。	
05292	D1:2257:05558	2	대사	【アル】外に出るか。	
05293	D1:2257:05576	1	대사	【アル】ラウンジには入れないようだな‥‥。	
05294	D1:2257:055D2	3	대사	【アル】あれ？	
05295	D1:2257:055E4	1	대사	ガチャ、ガチャガチャ‥‥。	
05296	D1:2257:0560A	1	대사	【アル】し、閉まっているぞ‥‥おかしいな。	
05297	D1:2257:05638	1	대사	【アル】ん？　何か貼り紙がしてあるが‥‥なになに。	
05298	D1:2257:0566E	1	대사	『《デザイア》放棄のため、ラウンジも放棄します。悪しからず』	
05299	D1:2257:056AE	1	대사	【アル】なんだよ、これは‥‥うーむ。	
05300	D1:2257:056D6	1	대사	【アル】とにかくだ、もうラウンジには、入れなくなってしまったらしい。	
05301	D1:2257:0578C	6	선택지	　上を向いている人	
05302	D1:2257:057A0	4	선택지	　エレベータ前の人	
05303	D1:2257:057B4	1	대사	【男】今は聞き納めに電波の声を聞いているのだ。	
05304	D1:2257:057E6	1	대사	【男】やぁ、やっと本国に帰れるよ。渡りに船とはこのことだね。	
05305	D1:2257:05826	1	대사	【男】もうこの狭っ苦しい《デザイア》に、半年くらいいるんだ。	
05306	D1:2257:05866	1	대사	【男】やっと解放された気分さ。	
05307	D1:2257:05888	1	대사	【男】電波の声もこれで聞かなくて済むしね。	
05308	D1:2257:058B6	1	대사	【女】とにかく早く用意をしなくちゃ。遅いわね、このエレベータ。	
05309	D1:2257:058F8	1	대사	【女】一体どうしたというの？　突然《デザイア》を放棄するなんて‥‥。	
05310	D1:2257:05940	1	대사	【女】いったい今までの研究はどうなってしまうのよ。私たちの苦労はなんだったの？	
05311	D1:2257:05992	1	대사	【女】部外者であるあなたに言っても、しょうがないことよね。	
05312	D1:2257:05A1A	1	대사	【アル】相変わらず人の姿はまばらだ。	
05313	D1:2257:05A42	1	대사	【アル】依然として人数が少ないな‥‥休暇中の職員が多いはずなのに。	
05314	D1:2257:05A88	1	대사	【アル】ま、うざったい奴等がゴミゴミ溢れかえってるのも、勘弁プリーズだがな。	
05315	D1:2257:05E5C	1	대사	【男】金髪クリクリの女の子は見ませんでした‥‥。	
05316	D1:2257:05E90	1	대사	【男】なに？　金髪クリクリの女の子？	
05317	D1:2257:05EB8	1	대사	【男】以前もそんなこと言っていませんでしたか？	
05318	D1:2257:05EEA	1	대사	【男】え？　今度はマジ？　じゃあ僕もマジに答えましょう。	
05319	D1:2257:05F26	1	대사	【男】金髪クリクリの女の子は、はっきりいって僕好みですね。	
05320	D1:2257:05F64	1	대사	【男】もう考えてるだけで、ウッと‥‥。	
05321	D1:2257:05F8E	1	대사	バキッ。	
05322	D1:2257:05F9E	1	대사	【男】す、すびばせん‥‥でした。	
05323	D1:2257:05FC2	1	대사	【男】休暇はこうして電波の声を聞いているに限るよね。	
05324	D1:2257:05FFA	1	대사	【男】なに、休暇中かって？　その通りだよ、最近根を詰めて働きすぎたからなぁ。	
05325	D1:2257:0604A	1	대사	【男】でも、研究が最終段階に入ったところで休暇なんて、	
05326	D1:2257:06084	1	대사	【男】ちょっとおかしい気もするよね。	
05327	D1:2257:060AC	1	대사	【男】あっ、僕が言ったということは内緒にしておいてね。	
05328	D1:2257:060E6	1	대사	【女】男ってやつは‥‥あっ、どこへ行くの？	
05329	D1:2257:06114	1	대사	【女】金髪クリクリ？　私が金髪嫌いなの、知らないの！？	
05330	D1:2257:0614E	1	대사	【女】男ってやーね、女と見ればキンパツだとか、って、	
05331	D1:2257:06186	1	대사	【女】身体のことバッカリ、ばっかじゃないのかしら。	
05332	D1:2257:061BC	1	대사	【女】そうじゃなくて、もっとちっちゃな女の子ですって？	
05333	D1:2257:061F6	1	대사	【女】最近は小さい子が{n00}人気なの？？まったく、男ってやつは‥‥。	
05334	D1:2257:0623A	1	대사	【女】えっ、もういいですって？　私はまだグチを言い切っていないわよ、もう。	
05335	D1:2257:06288	1	대사	【女】もう話しかけないでくださる？	
05336	D1:2257:062AE	1	대사	【女】鼻下が１メートルになったら、考えてあげるわ。	
05337	D1:2257:062E4	1	대사	【女】なによ、屈伸運動を初めて‥‥え？　残像で１メートルまで伸びるですって？	
05338	D1:2257:06334	1	대사	【女】そうするとあなたのアソコも残像で１０センチくらいでしょうねぇ。	
05339	D1:2257:0637C	1	대사	【女】ごめんなさい、そんな男に興味はないの。	
05340	D1:2257:063AC	1	대사	【女】休暇中？　私はいま生理中なのよ。ちょうど２日目でつらいのよね‥‥。	
05341	D1:2257:063F8	1	대사	【女】研究の進み具合はどうかって？	
05342	D1:2257:0641E	1	대사	【女】私はコンソールオペレータですからね‥‥研究内容はよくわからないのよ。	
05343	D1:2257:0646C	1	대사	【女】進み具合はよくないけど、締まり具合はいいわよ。	
05344	D1:2257:064A4	1	대사	【女】え？　ハメさせろ？　悪いけど鼻下５０センチの男性に興味はないの。	
05345	D1:2257:06530	1	대사	【アル】早く７色に光って欲しいものだ。	
05346	D1:2257:0655A	1	대사	【アル】びっしりと天井に敷き詰められているが‥‥。	
05347	D1:2257:06590	1	대사	【アル】やはり夜になってから点く、という訳じゃなかったな。	
05348	D1:2257:065CE	1	대사	【アル】いったい何の為に付いているのか、インタビューの時に聞いておけばよかったな。	
05349	D1:2257:06624	1	대사	【アル】ごく普通の自販機だ。	
05350	D1:2257:06644	1	대사	【アル】ごく普通の、チープな自販機だが、またこの安っぽさが感慨深いな。	
05351	D1:2257:0668E	1	대사	【アル】人の姿はないようだ‥‥。	
05352	D1:2257:066B2	1	대사	【アル】はやくレイコさんの所に行こうぜ。	
05353	D1:2257:066DE	1	대사	【アル】静かなホールだ。	
05354	D1:2257:066FA	1	대사	【アル】こういう場所に来ると、何だか叫びたくなる衝動に駆られる‥‥。	
05355	D1:2257:06742	1	대사	【アル】でも叫んでいる時じゃないな。	
05356	D1:2257:0676A	1	대사	【アル】叫ぶのは今度にして、早くレイコさんのところに行こう。	
05357	D1:2257:067F6	1	대사	【アル】ラウンジは閉まっているようだ。	
05358	D1:2257:06820	1	대사	【アル】今日は少し早めに閉めたようだけど‥‥。	
05359	D1:2257:06852	1	대사	【アル】２階に行くのか？	
05360	D1:2257:06874	1	대사	【アル】３階か‥‥よし、行ってみるかな。	
05361	D1:2257:068E4	1	대사	【アル】何度見ても、ティーナは{n00}ホールにはいない。	
05362	D1:2257:0691A	1	대사	【アル】いくら見回してもティーナはいない。	
05363	D1:2257:06948	1	대사	【アル】ったく、普段はうるさいくらいにまとわりついてくるのに、	
05364	D1:2257:0698A	1	대사	【アル】いざいなくなってみると、全く姿が見えなくなる。	
05365	D1:2257:069C4	1	대사	【アル】ちょっと極端過ぎるんだよ。	
05366	D1:2257:069EA	1	대사	【アル】もうちょっと、こう、少しだけ姿が見えないとか、加減をして欲しいもんだ。	
05367	D1:2257:06A3C	1	대사	【アル】なぐさめても表情が戻る気配はないな‥‥。	
05368	D1:2257:06A70	1	대사	【アル】シェリルの顔に、笑顔はない‥‥。	
05369	D1:2257:06A9C	1	대사	【アル】面倒を見ていたティーナが突然消えてしまったんだ。	
05370	D1:2257:06AD8	1	대사	【アル】責任を感じているんだろうな‥‥。	
05371	D1:2257:06B04	1	대사	【シェリル】ごめんなさい‥‥私がついていて‥‥。	
05372	D1:2257:06B40	1	대사	【アル】シェリルが責任を感じる必要はないんだってば。	
05373	D1:2257:06B78	2	대사	【シェリル】でも‥‥。	
05374	D1:2257:06B9A	1	대사	【アル】ないの。	
05375	D1:2257:06C1E	1	대사	【シェリル】じゃあアルバートさん、後で連絡を下さい。	
05376	D1:2257:06C7A	2	대사	【アル】今はシェリルと話している最中だぜ。	
05377	D1:2257:06CA8	1	대사	【アル】ここにいてもしょうがないな‥‥よし、外に出るか。	
05378	D1:2257:06CE4	1	대사	【シェリル】私がいけないんですね‥‥。	
05379	D1:2257:06D16	1	대사	【アル】そ、そんなことないって。今のは冗談だよ、冗談。	
05380	D1:2257:06D50	1	대사	【アル】ラウンジはもう閉まってしまった‥‥。	
05381	D1:2257:06D80	1	대사	【アル】あぁっ！！	
05382	D1:2257:06D96	1	대사	【シェリル】きゃっ、{n00}どうしたんですか？	
05383	D1:2257:06DCA	1	대사	【アル】オバサンがラウンジを閉めてる。	
05384	D1:2257:06DF4	2	대사	【シェリル】え？	
05385	D1:2257:06E10	1	대사	【アル】もうそんな時間なのか‥？	
05386	D1:2257:06E34	1	대사	【シェリル】ええと‥‥まだ７時を過ぎたくらいですね。	
05387	D1:2257:06E74	1	대사	【アル】え、もう？　今日は時間がたつのが早く感じるな‥‥。	
05388	D1:2257:06EB2	1	대사	【シェリル】ええ‥‥。	
05389	D1:2257:06ED4	1	대사	【アル】部屋に帰って寝ている暇なんてないぞ。	
05390	D1:2257:06F04	1	대사	【アル】じゃあ部屋に帰って寝るか。	
05391	D1:2257:06F2A	1	대사	【シェリル】ティーナは、あの子はどうするんですか？	
05392	D1:2257:06F68	1	대사	【アル】そうだ、部屋に帰って寝てる暇なんてないぞ。誰だ、寝ようなんていったのは。	
05393	D1:2257:06FBC	2	대사	【シェリル】ご、ごめんなさい‥‥。	
05394	D1:2257:06FEA	1	대사	【アル】あハハ‥‥（お前やろって突っ込みを期待したんだけどな‥‥。）	
05395	D1:2257:07032	1	대사	【アル】３階に行く必要はないと思うが。	
05396	D1:2257:0705C	1	대사	【アル】３階までのぼって、足腰でも鍛えるかな。	
05397	D1:2257:0708E	1	대사	【シェリル】そ、{n00}そうするとティーナが？	
05398	D1:2257:070C2	1	대사	【アル】いや、ティーナとは全く関係がない。	
05399	D1:2257:0711E	1	대사	【シェリル】じゃあ私、もう一度ここを捜してみます。	
05400	D1:2257:0715C	1	대사	【アル】あぁ、頼んだぜ。	
05401	D1:2257:07178	1	대사	【アル】そうだな、とりあえず俺は研究所にもう一度行ってみる。	
05402	D1:2257:071B8	1	대사	【アル】シェリルも、ここの宿舎内をもう一度捜してみてくれよ。	
05403	D1:2257:07216	1	대사	【アル】見つかりそうもなければ、自室待機。後で連絡を入れる。	
05404	D1:2257:0727C	1	대사	【シェリル】あと捜していないところは、ありますか？	
05405	D1:2257:072BA	1	대사	【アル】うーん、それなりに見てまわったような気がする。	
05406	D1:2257:072F4	2	대사	【シェリル】そうですか‥‥。	
05407	D1:2257:0731C	1	대사	【アル】あっ、待てよ。	
05408	D1:2257:07354	1	대사	【アル】研究室には、まだ行っていなかったな。	
05409	D1:2257:07384	1	대사	【シェリル】研究室‥‥ですか。	
05410	D1:2257:073AE	1	대사	【アル】あぁ、あそこにはまだ入れないんだけど、話したかな、	
05411	D1:2257:073EC	1	대사	【アル】最初ティーナのやつ、研究室に紛れ込んでいたんだぜ。	
05412	D1:2257:0742A	1	대사	【シェリル】今日は、職員の多くは休暇を出されています。	
05413	D1:2257:0746C	1	대사	【アル】おまけに、クリスさんもエステに出張中だしな‥‥。	
05414	D1:2257:074C4	1	대사	【アル】つまり、その可能性は決して低くないってことだ。	
05415	D1:2257:074FE	1	대사	【シェリル】そ、そうですね‥‥。	
05416	D1:2257:0752A	1	대사	【アル】研究室って、危険じゃあないのか？	
05417	D1:2257:07556	1	대사	【シェリル】もちろん、子供が遊ぶには危険すぎます。	
05418	D1:2257:07596	1	대사	【シェリル】あぁ、どうしたらいいんですか‥‥なんだか不安になってきました。	
05419	D1:2257:075EE	1	대사	【アル】それは先に行きすぎだぜ。	
05420	D1:2257:07612	1	대사	【アル】もしも研究室にいたら、という仮定でしかない、まだね。	
05421	D1:2257:07652	1	대사	【シェリル】そうですね。でも、前提が誤っている場合は、結論に何をもってきても、	
05422	D1:2257:076AE	1	대사	【シェリル】その命題は常に真になるんですよ。	
05423	D1:2257:076E8	1	대사	【アル】‥‥そ、それが何か？	
05424	D1:2257:07708	1	대사	【シェリル】あっ、ごめんなさい‥‥いつもの癖で‥‥。	
05425	D1:2257:07748	1	대사	【アル】（うーむ、さすがというか、何というか。）	
05426	D1:2257:0777C	1	대사	【シェリル】見つかりませんね‥‥どうしたらいいんでしょうか？	
05427	D1:2257:077C4	1	대사	【アル】ここには島内放送とかって、ないのかな？	
05428	D1:2257:077F6	1	대사	【シェリル】あっ、あります！　それを使えばもしかしたら‥‥。	
05429	D1:2257:0783E	1	대사	【アル】でも余り使いたくはないんだよね‥‥。	
05430	D1:2257:0786E	1	대사	【シェリル】どうしてです？	
05431	D1:2257:07894	1	대사	【アル】つまり‥‥そんな放送が《デザイア》中に流されれば、	
05432	D1:2257:078D2	1	대사	【アル】当然誰もが、ティーナ失踪の報を知ることになる。	
05433	D1:2257:0790C	3	대사	【シェリル】‥‥はい。	
05434	D1:2257:0792E	1	대사	【アル】そうすれば、俺の管理能力不足を公にさらすようなモノだからな。	
05435	D1:2257:07976	1	대사	【アル】俺は別にそれでもいいんだ、しかし‥‥。	
05436	D1:2257:079C2	1	대사	【アル】ティーナが暗い病室に１人で押し込められたりしたら、それこそ可哀想だからな。	
05437	D1:2257:07A18	1	대사	【アル】ま、そういうことだ。	
05438	D1:2257:07A38	1	대사	【シェリル】ティーナのこと、気遣ってるんですね。	
05439	D1:2257:07A74	1	대사	【アル】もしかしたら俺の安っぽいプライドの為かもしれないぜ。	
05440	D1:2257:07AB4	1	대사	【シェリル】ううん、そうじゃないのはアルバートさんの話を聞いていればわかります。	
05441	D1:2257:07B10	1	대사	【アル】そりゃ過大評価ってもんだよ。	
05442	D1:2257:07B82	1	대사	【アル】あたりには数人の職員がいるだけだ。	
05443	D1:2257:07BB0	1	대사	【アル】ここにもティーナはいないようだな‥‥。	
05444	D1:2257:07BE2	1	대사	【アル】まったく、どこに行ったんだろう。	
05445	D1:2257:07C0E	1	대사	【アル】この中にもいないようだ。当たり前か。	
05446	D1:2257:07C3E	2	대사	【アル】まさかこの中にティーナが‥‥。	
05447	D1:2257:07C68	1	대사	【アル】いる訳はないな。でも、もしかしたら、ティーナが出てくるかも。	
05448	D1:2257:07CB0	1	대사	ピピピッ、ガタン。	
05449	D1:2257:07CCE	1	대사	【アル】普通のジュースだ‥‥これはティーナじゃない。	
05450	D1:2257:07D34	1	대사	【アル】ごく普通のライトだ。{n00}ティーナとは関係ないな。	
05451	D1:2257:07D96	1	대사	【アル】外に出るか‥‥。	
05452	D1:2257:07DB8	1	대사	【アル】ラウンジか‥‥もしかしたらティーナがいるかもしれない。	
05453	D1:2257:07E42	1	대사	【アル】３階にティーナがいるだろうか‥‥。	
05454	D1:2257:07E9E	1	대사	【男】クリクリの女の子は見ていませんが‥‥。	
05455	D1:2257:07ECE	1	대사	【男】なに、金髪のクリクリ女の子だって？	
05456	D1:2257:07EFA	1	대사	【男】いやぁ、僕の好みをよく知っているね。やはりパツキンっすよ。	
05457	D1:2257:07F3E	3	대사	ゲシッ！	
05458	D1:2257:07F4C	1	대사	【男】す、すびばせん‥‥女の子はびませんでじた‥‥。	
05459	D1:2257:07F84	1	대사	【アル】最初からそう言えよ。	
05460	D1:2257:07FA4	1	대사	【女】私の前で金髪女の話はよして。	
05461	D1:2257:07FCA	1	대사	【女】なに、金髪の女の子？	
05462	D1:2257:07FE8	1	대사	【女】まったく、男ってのはどうして金髪女に弱いのかしら。	
05463	D1:2257:08024	1	대사	【女】しかもバストが大きな女性をちやほやして。	
05464	D1:2257:08056	1	대사	【女】どうせ私はＡカップよ、髪もさらさらじゃないわ。向こうに行ってよ。	
05465	D1:2257:080A0	1	대사	【アル】うーむ、とりつくしまもないな。	
05466	D1:2257:08114	1	대사	【女】静かにして頂戴！	
05467	D1:2257:0812E	1	대사	【アル】（静かにしろっていう声が、えてして一番大きいんだよな。）	
05468	D1:2257:08172	1	대사	【女】何か！？	
05469	D1:2257:08184	1	대사	【アル】い、いや‥‥{n00}（ふぅ‥‥。）	
05470	D1:2257:081AC	1	대사	【アル】あの、いつもエレベータを待ってるようだけど。	
05471	D1:2257:081E4	1	대사	【女】しっ、静かに！	
05472	D1:2257:081FC	1	대사	【アル】ま、まさかあなたも電波の声を‥‥？	
05473	D1:2257:0822A	1	대사	【女】私は空気中に存在するメタ生物、グレムリンの蠢動を鼓膜で捉えているの。	
05474	D1:2257:08278	1	대사	【アル】は？	
05475	D1:2257:08288	1	대사	【女】知らないのかしら？　我々は常に監視されているのよ、メタ生物達に。	
05476	D1:2257:082D2	1	대사	【女】だから私は彼らの裏をかくために画策しているの。	
05477	D1:2257:0830A	1	대사	【アル】な、なるほど‥‥（何かの雑誌みたいな理屈だな。）	
05478	D1:2257:08346	1	대사	【アル】で、{n00}でもそれを俺に言ったら、気付かれるんじゃない？	
05479	D1:2257:08386	1	대사	【女】‥‥‥‥。	
05480	D1:2257:0839A	1	대사	【アル】も、もしや気付かなかったとか？	
05481	D1:2257:083C4	1	대사	【女】なんでもっと早くそれを言わないの！	
05482	D1:2257:083F0	1	대사	【アル】は、はぁ‥‥（ここの宿舎には結構危ない人が多いのかも‥‥。）	
05483	D1:2257:08438	1	대사	【アル】危ないヤツとは話したくないな。	
05484	D1:2257:08462	1	대사	【男】失礼な、僕は観葉植物の囁きを聞いているだけだ。	
05485	D1:2257:0849A	1	대사	【アル】十分危ないと思うが。	
05486	D1:2257:084BA	1	대사	【男】しっ！	
05487	D1:2257:084CA	1	대사	【アル】ま、また電波の声か？	
05488	D1:2257:084EA	1	대사	【男】何を馬鹿なことを言っている。観葉植物の囁きを聞いているのだ。	
05489	D1:2257:08530	1	대사	【アル】そんなのが聞こえるのかよ。	
05490	D1:2257:08556	1	대사	【男】聞こえる。	
05491	D1:2257:0856A	1	대사	【アル】（相変わらず危ないヤツだな‥‥。）	
05492	D1:2257:085C0	1	대사	【アル】７色に輝き、目を楽しませてくれる‥‥という訳ではないらしい。	
05493	D1:2257:08608	1	대사	【アル】謎のライトだ。	
05494	D1:2257:08622	1	대사	【アル】天井にはびっしりとライトが敷き詰められているな。	
05495	D1:2257:0865E	1	대사	【アル】前々から気になったんだが、一体何に使うんだろう。	
05496	D1:2257:0869A	1	대사	【アル】別に夜につくというわけでもなかったし‥‥。	
05497	D1:2257:086D0	1	대사	【アル】ライトで思い出したが、	
05498	D1:2257:086F2	1	대사	【アル】いきなりロビーに{n00}ミラーボールをかざってあるホテルに入ったときは、	
05499	D1:2257:08740	1	대사	【アル】さすがにびっくりしたな。	
05500	D1:2257:08764	1	대사	【アル】もしかすると、あのライトも７色の光を放ち、	
05501	D1:2257:0879A	1	대사	【アル】壁に隠されたサラウンドスピーカーからノリのいい音楽が‥‥。	
05502	D1:2257:087E0	1	대사	【アル】流れる訳はないか。	
05503	D1:2257:087FE	1	대사	【アル】人は少なく、静かなホールだ。	
05504	D1:2257:08826	1	대사	【アル】相変わらず人が少ないホールだ。	
05505	D1:2257:08850	1	대사	【アル】もっとも俺が寝坊したから、もう仕事の時間になってしまっているんだろうが‥‥。	
05506	D1:2257:088A8	1	대사	【アル】ごく普通の、チープな自動販売機だ。	
05507	D1:2257:088D6	1	대사	【アル】なになに‥‥カップメンにハンバーガー、{n00}それにジュースか。	
05508	D1:2257:0891C	1	대사	【アル】簡単に評すれば、有料プール場に置いてある自動販売機、というところだな。	
05509	D1:2257:0896E	1	대사	【アル】意外にチープという気がする。	
05510	D1:2257:08996	1	대사	【アル】もっとも、フォアグラとかフカヒレの自動販売機があったら、	
05511	D1:2257:089DA	1	대사	【アル】それはそれでおかしい気もするが。	
05512	D1:2257:08A2E	2	대사	【アル】３階か‥‥よし、行ってみるか。	
05513	D1:2257:08A5E	3	대사	【アル】よし、２階に行くぞ。	
05514	D1:2257:08A84	4	대사	【アル】ラウンジか‥‥行ってみよう。	
05515	D1:2257:08AB2	4	대사	【アル】宿舎の外にでるぞ。	
05516	D1:2257:08B2E	1	대사	【アル】あたりに人はいないようだ。なんとも寂しい限りだ。	
05517	D1:2257:08B6A	1	대사	【シェリル】もう慣れてしまいまいした。	
05518	D1:2257:08B9C	2	대사	【アル】人の姿は見えないな‥‥。	
05519	D1:2257:08BC0	1	대사	【アル】仕事が終わって夕方になれば、人の数も増えると思ったんだが‥‥。	
05520	D1:2257:08C0A	1	대사	【シェリル】もともと宿舎のホールに人がとどまる必然性が、あまりないですからね。	
05521	D1:2257:08C64	2	대사	【アル】一応使えるようだが、俺は階段で十分だ。	
05522	D1:2257:08C96	2	대사	【アル】何度か自室と行き来をしているが、利用したことは１度もないな。	
05523	D1:2257:08CDE	2	대사	【アル】たかだか３階なんだ、足を使え、足を。	
05524	D1:2257:08D0E	1	대사	【シェリル】私は階段を使っています。体力第一ですからね。	
05525	D1:2257:08D52	1	대사	【アル】うーん、シェリルが体力第一と言っても、今一つあれだな。	
05526	D1:2257:08D94	2	대사	【アル】昼間は葉が明るく光っていたような気がするが‥‥。	
05527	D1:2257:08DD0	1	대사	【シェリル】夜は夜で、また深い色合いになって綺麗ですね。	
05528	D1:2257:08E14	2	대사	【アル】何だか息苦しいと思ったら‥‥。	
05529	D1:2257:08E3E	2	대사	【アル】植物は夜に酸素呼吸をしているはずだ。	
05530	D1:2257:08E6E	2	대사	【アル】息苦しく感じるのはこの植物のせいだったのか。	
05531	D1:2257:08EA4	1	대사	【シェリル】でもアルバートさん、	
05532	D1:2257:08ED2	1	대사	【シェリル】植物が放出する二酸化炭素の、空気中における濃度は、たかだか‥‥。	
05533	D1:2257:08F2C	1	대사	【アル】あぁ、わ、わかった。うん。	
05534	D1:2257:08F52	1	대사	【アル】ちなみにウクレレってのは、ギターの小型版みたいな楽器のことだぜ。	
05535	D1:2257:08F9E	1	대사	【アル】相変わらず、{n00}ベストに２ピースか。	
05536	D1:2257:08FCC	1	대사	【アル】見ていてトロピカルな気分になるな。	
05537	D1:2257:08FF8	1	대사	【シェリル】フフ、トロピカルな気分って、どういう気分なんですか？	
05538	D1:2257:09044	1	대사	【アル】んーそうだな、ウクレレでも弾きたいところだな。	
05539	D1:2257:0907E	1	대사	【アル】チャン、チャッカ、チャッカ、チャッカ‥‥。	
05540	D1:2257:090FE	2	대사	【アル】３階か‥‥行ってみるかな。	
05541	D1:2257:09124	2	대사	【シェリル】あまり夜は出歩かない方が‥‥。	
05542	D1:2257:0915A	2	대사	【アル】わかってるって。忠告は傾聴するさ。	
05543	D1:2257:0918E	1	대사	【アル】シェリルとの話を中断してまで、３階に行くべき用はないぜ。	
05544	D1:2257:091D2	2	대사	【アル】２階に行くのか‥‥。	
05545	D1:2257:091F2	1	대사	【シェリル】そうですね、もう自室でお休みになった方がいいと思います。	
05546	D1:2257:09242	1	대사	【アル】しょうがないか、じゃあね。	
05547	D1:2257:0926E	1	대사	【アル】もう少し、シェリルと話した方がいいだろう。	
05548	D1:2257:092A4	2	대사	【アル】ラウンジは閉まっていて入れない。	
05549	D1:2257:092D0	1	대사	【シェリル】ここのラウンジは、８時には閉まってしまうんです。	
05550	D1:2257:09318	1	대사	【アル】じゃあ、夜の職員の憩いの場はどこだい？	
05551	D1:2257:0934A	1	대사	【シェリル】自室でしょうか。	
05552	D1:2257:09372	1	대사	【アル】あっ、そう‥‥。	
05553	D1:2257:0938E	2	대사	【アル】よし、外に出るか。	
05554	D1:2257:09416	1	대사	【シェリル】どうしたんですか？　外を見て‥‥。	
05555	D1:2257:09450	1	대사	【アル】フッ、俺の世代は少したそがれていたい時なのさ。	
05556	D1:2257:0948A	2	대사	【シェリル】は、はぁ‥‥。	
05557	D1:2257:094BC	1	대사	【アル】じゃあ明日、約束したぜ。	
05558	D1:2257:094E0	2	대사	【シェリル】クスクスッ、はい。	
05559	D1:2257:0950A	1	대사	【アル】それはそうとさ、{n00}いつ泳ぐ？	
05560	D1:2257:09532	1	대사	【シェリル】え？　泳ぐって‥‥。	
05561	D1:2257:0955E	1	대사	【アル】約束したろう？　一緒に浜辺でって。	
05562	D1:2257:0958C	1	대사	【シェリル】は、はい‥‥でも私、水着持ってないし‥‥。	
05563	D1:2257:095CE	1	대사	【アル】えっ、そうなの？	
05564	D1:2257:0960C	1	대사	【アル】わかった、それに関しては何とかする。だから、いいだろう？	
05565	D1:2257:09650	1	대사	【シェリル】ウフフ、本当に強引ですね。	
05566	D1:2257:09682	1	대사	【アル】昔は強気のアルバートと呼ばれたものさ。で、明日あたりどうかな。	
05567	D1:2257:096CC	1	대사	【シェリル】えっ、あ、明日‥‥{n00}ですか？	
05568	D1:2257:09700	1	대사	【アル】うん。明日の取材が終わった後ってのはどう？	
05569	D1:2257:09754	1	대사	【アル】ねぇ、シェリル。	
05570	D1:2257:0978E	1	대사	【アル】マコトのやつ、見なかったかな。	
05571	D1:2257:097B8	1	대사	【シェリル】イズミさんですか？　いえ、見ませんでしたが。	
05572	D1:2257:097FC	1	대사	【アル】そうか‥‥いや、何でもないんだ。	
05573	D1:2257:09828	2	대사	【シェリル】？	
05574	D1:2257:09842	1	대사	【シェリル】どうしたんですか？　こんな時間に‥‥。	
05575	D1:2257:09880	1	대사	【アル】こんな時間って、まだまだ寝るには早い時間だと思うけど。	
05576	D1:2257:098C2	1	대사	【シェリル】ええ、そうですけど‥‥夜間の出歩きは推奨されていないんです。	
05577	D1:2257:09916	1	대사	【アル】推奨されていないって‥‥何か変な言い方だな。	
05578	D1:2257:0994E	1	대사	【シェリル】えぇ。強制ではありませんが、あまり褒められたことではないという規約です。	
05579	D1:2257:099AE	1	대사	【アル】ははぁ、なるほどね。夜間出歩くな、なんてガキ相手の規則は作れず、	
05580	D1:2257:099FA	1	대사	【アル】かといってあまり出歩いて欲しくないと。	
05581	D1:2257:09A2A	1	대사	【シェリル】そんなところだと思います。	
05582	D1:2257:09A5C	3	대사	【アル】なんで？	
05583	D1:2257:09A70	1	대사	【シェリル】さぁ‥‥私は別に、夜外に出てもすることがないので、構わないのですが。	
05584	D1:2257:09ACC	1	대사	【アル】ふーん‥‥（何か、記者魂がうずくな。）	
05585	D1:2257:09B8C	1	대사	【アル】仕事が終わって夕方になれば、人の数も増えるとおもったんだが‥‥。	
05586	D1:2257:09C82	1	대사	【アル】と説教をする相手も、今はいないようだ。	
05587	D1:2257:09CF0	1	대사	【アル】夜は夜でまた深い色合いになって綺麗だな。	
05588	D1:2257:09DCA	1	대사	【アル】そんな訳ないのはわかってる。	
05589	D1:2257:09EC6	1	대사	ガタン、ガタガタッ。	
05590	D1:2257:09EE8	1	대사	【アル】あれ？　閉まっているぞ、なになに‥‥。	
05591	D1:2257:09F1A	1	대사	『ラウンジの利用は８時までです』	
05592	D1:2257:09F54	1	대사	【アル】そういえばクリスさんが言っていたな‥‥確かラウンジは８時に閉まるって。	
05593	D1:2257:09FA6	1	대사	【アル】んー、しかし職員の憩いの場を、	
05594	D1:2257:09FD0	1	대사	【アル】８時などという子供が寝る時間に閉めるとは‥‥なんたることよ。	
05595	D1:2257:0A016	1	대사	【アル】こういう意見はどこに言えばいいのかな。	
05596	D1:2257:0A048	1	대사	【アル】ご意見お伺い箱というのがあればいいんだが‥‥。	
05597	D1:2257:0A080	1	대사	【アル】職員でもない俺が言ってもしょうがないか。	
05598	D1:2257:0A118	2	대사	【男】も、もう許して‥‥。	
05599	D1:2257:0A136	2	대사	【アル】気持ち悪いことを言うなよ。	
05600	D1:2257:0A15C	1	대사	【男】なに、ここの職員をあまり見かけないが、本当にいるのかって？	
05601	D1:2257:0A1A0	1	대사	【男】そんなこと、僕が知るわけないだろう？　ほっといてくれ。	
05602	D1:2257:0A1E0	2	대사	ボカッ！	
05603	D1:2257:0A1EE	1	대사	【男】うっ、きたきた。へん、君になんか教えてあげないよ。	
05604	D1:2257:0A22A	1	대사	ボカッ、ボカッ！！	
05605	D1:2257:0A246	1	대사	【男】あっ、もっとぉ。	
05606	D1:2257:0A260	1	대사	ゲシッ！！！	
05607	D1:2257:0A272	1	대사	【男】い、今のはちょっとキいたぞ‥‥。	
05608	D1:2257:0A2C6	1	대사	【アル】この観葉植物はクラシックを聞いて育ったんだろう。ヤケに真っ直ぐ伸びている。	
05609	D1:2257:0A31C	1	대사	【アル】そういえば、観葉植物にはクラシックを聞かせるとよく育つということを、	
05610	D1:2257:0A36C	1	대사	【アル】モノの本で読んだことがある。	
05611	D1:2257:0A392	1	대사	【アル】格式あるクラシックで真っ直ぐ育つなら、	
05612	D1:2257:0A3C4	1	대사	【アル】ジャズでも聞かせたらどうなるんだろう。	
05613	D1:2257:0A3F4	1	대사	【アル】曲がって育つのかな‥‥。	
05614	D1:2257:0A418	1	대사	【アル】相変わらず人が少ない。	
05615	D1:2257:0A43A	1	대사	【アル】１度でいいからゴミゴミとしたホールを見てみたいものだ。	
05616	D1:2257:0A47C	1	대사	【アル】もうすぐ夕方だというのに、人はあまりいないな‥‥。	
05617	D1:2257:0A4BA	1	대사	【アル】もしかしたら、ここには本当に人がいないんじゃないか？	
05618	D1:2257:0A4FA	1	대사	【アル】たかだか３階建てでエレ{n00}ベータとは、いい身分だ。	
05619	D1:2257:0A536	1	대사	【アル】相変わらず意味をなさないエレベータだ。	
05620	D1:2257:0A568	1	대사	【アル】しかしあればあったで利用するのが、怠惰な人間の性というものだな。	
05621	D1:2257:0A5B2	1	대사	【アル】おっ、怠惰な人間がエレ{n00}ベータの前に立っているようだぞ。	
05622	D1:2257:0A5F6	1	대사	【女】コツコツコツ‥‥。	
05623	D1:2257:0A61A	1	대사	バシィッ！	
05624	D1:2257:0A630	1	대사	【アル】フッ、地獄耳か。	
05625	D1:2257:0A796	1	대사	【男】なに、看護婦姿の女性を見かけなかったかって？	
05626	D1:2257:0A7CC	1	대사	【男】はっはっは、君も僕と同じ趣味の持ち主だったのか。	
05627	D1:2257:0A806	1	대사	【男】やはりあの姿は我々のフェティズムを刺激してやまないな‥‥。	
05628	D1:2257:0A85A	1	대사	【男】痛っ！　な、何をする。	
05629	D1:2257:0A87A	1	대사	【男】い、言っておくが、僕にその趣味はないぞ。	
05630	D1:2257:0A8B8	1	대사	バキッ！！！	
05631	D1:2257:0A8C6	1	대사	【男】あ、看護婦姿の女性は見なかった‥‥。	
05632	D1:2257:0A8F4	1	대사	【アル】最初からそう言えばいい。	
05633	D1:2257:0A942	1	대사	【アル】観葉植物を見ていてもしょうがないな。	
05634	D1:2257:0A972	1	대사	【アル】観葉植物のかげにティーナが‥‥いる訳ないか。	
05635	D1:2257:0A9AA	1	대사	【アル】無駄なことはやめておこう。	
05636	D1:2257:0A9D0	1	대사	【アル】女の子はもういない。	
05637	D1:2257:0A9F0	1	대사	【アル】女の子はもう見えなくなってしまった。	
05638	D1:2257:0AA20	1	대사	【アル】しかし気になる‥‥ティーナの身に、何かあったんだろうか。	
05639	D1:2257:0AA64	1	대사	【アル】こんなことなら、	
05640	D1:2257:0AA80	1	대사	【アル】クリスさんにメディカルセンターの場所をちゃんと聞いておけばよかった。	
05641	D1:2257:0AACE	1	대사	【アル】しかもあの女の子、名前すら聞かなかったな。	
05642	D1:2257:0AB04	1	대사	【アル】これはちょっとマズったか‥‥失敗続きだ。	
05643	D1:2257:0AB36	1	대사	【アル】女の子は、エレベータには乗らなかったようだ。	
05644	D1:2257:0AB6E	1	대사	【アル】看護婦姿の子は外に出ていった。エレベータには乗っていない。	
05645	D1:2257:0ABB4	1	대사	【アル】どこに行くつもりなんだろう。アッという間に去ってしまったな‥‥。	
05646	D1:2257:0AC28	2	대사	【アル】３階か‥‥別に用はないんだが‥‥。	
05647	D1:2257:0AC56	2	대사	【アル】行ってみるか。	
05648	D1:2257:0ACC4	2	대사	【アル】まさかもうカイルはいないだろうな‥‥。	
05649	D1:2257:0AEC2	1	대사	【アル】老いは足からというし、みんなもっと歩いた方がいい。	
05650	D1:2257:0B050	1	선택지	　上を向いてる人	
05651	D1:2257:0B062	1	대사	【男の人】イイ男など、僕は嫌いだ。	
05652	D1:2257:0B088	1	대사	【アル】嫌われちまったな。	
05653	D1:2257:0B0A6	1	대사	【男の人】いや、君のことはそれほど嫌いじゃないぞ。	
05654	D1:2257:0B0DC	1	대사	【アル】複雑だな‥‥。	
05655	D1:2257:0B0F6	1	대사	【男の人】そういえば聞いたぞ。	
05656	D1:2257:0B118	1	대사	【アル】で、電波の声をか？	
05657	D1:2257:0B136	1	대사	【男の人】何を馬鹿なことを言っている。あのカイルをラウンジでのしたそうだね。	
05658	D1:2257:0B186	1	대사	【アル】えぇ？	
05659	D1:2257:0B198	1	대사	【男の人】あいつは身体がでかくて腕っ節も強くて、	
05660	D1:2257:0B1CC	1	대사	【男の人】しかもイイ男という、全くもって許せない奴だ。	
05661	D1:2257:0B206	1	대사	【アル】腕っ節が強くてイイ男だと、なんで許せないんだ？	
05662	D1:2257:0B240	1	대사	【男の人】あたりまえだろう。ヤツに彼女を取られて泣いた男が何人いることか‥‥。	
05663	D1:2257:0B292	1	대사	【アル】あんな奴に彼女を取られる男にも、問題があるんじゃないかな。	
05664	D1:2257:0B2D8	1	대사	【男の人】何を言うか。僕のどこがカイルに劣っているというのだ。	
05665	D1:2257:0B31A	1	대사	【アル】なに、お前取られたんだ？	
05666	D1:2257:0B33E	1	대사	【男の人】そんなことはどうでもいい。それよりも僕のどこが劣っているかという話だ。	
05667	D1:2257:0B392	1	대사	【アル】そうだな、あえて言えば‥‥。	
05668	D1:2257:0B3BA	1	대사	【男の人】あえて言えば？	
05669	D1:2257:0B3D6	1	대사	【アル】全部かな。	
05670	D1:2257:0B3EC	1	대사	【男の人】なにおぅ！　こいつぅ！	
05671	D1:2257:0B410	1	대사	【アル】俺はカイルを倒した{n00}アルバート様だぜ。	
05672	D1:2257:0B442	1	대사	【男の人】くっ‥‥旦那、いい天気でげすな。	
05673	D1:2257:0B470	1	대사	【アル】誰だお前。	
05674	D1:2257:0B4FC	1	대사	【アル】２階には俺の部屋があるんだ。	
05675	D1:2423:00D9E	2	대사	【アル】ここは宿舎内のラウンジだ。	
05676	D1:2423:00E28	1	대사	【アル】ここはラウンジだな。	
05677	D1:2423:00E48	1	대사	【アル】《デザイア》の中で、唯一活気があるところだ。	
05678	D1:2423:00E80	1	대사	【アル】ティーナが好きそうな雰囲気ではあるな‥‥。	
05679	D1:2423:00EC0	2	대사	【アル】ここはラウンジだ。	
05680	D1:2423:00EDE	1	대사	【アル】《デザイア》の中で、唯一活気があるところだな‥‥	
05681	D1:2423:00F1A	1	대사	【アル】活気と言っても、少しざわついているだけだが。	
05682	D1:2423:00F7A	1	대사	【アル】もうそろそろ日が傾きはじめてるな‥‥。	
05683	D1:2423:00FB6	1	대사	【アル】あれ、シルビアじゃないか。	
05684	D1:2423:00FDC	1	대사	【シルビア】よう、アル。	
05685	D1:2423:01000	1	대사	【アル】さっき、格納庫にまで行ったんだぜ、シルビアに会いたくてさ。	
05686	D1:2423:01046	1	대사	【シルビア】そういうことは恋人に言ってやんな。	
05687	D1:2423:01080	1	대사	【アル】あっ、そう。（んー、やりにくいな。）	
05688	D1:2423:010BA	1	대사	【アル】ここはラウンジだ。広々としていて、綺麗なところだな。	
05689	D1:2423:010FA	1	대사	【アル】カイルは‥‥もういないようだ。	
05690	D1:2423:0113E	5	선택지	　座る	
05691	D1:2423:01146	4	선택지	　注文する	
05692	D1:2423:01152	1	대사	【アル】今は、座ってくつろぐ気分じゃないな‥‥。	
05693	D1:2423:01186	1	대사	【アル】座るのはやめておこう。	
05694	D1:2423:011B8	3	선택지	　照明	
05695	D1:2423:011C0	1	대사	【アル】人の数はすくないな‥‥きっと地中深くに潜っているためだろう。	
05696	D1:2423:01208	1	대사	【アル】活気があると言えばあるが、これだけ広いラウンジに人の姿はまばらだ。	
05697	D1:2423:01256	1	대사	【アル】休暇もらってる連中は、いったい何をやっているんだろうな。	
05698	D1:2423:0129A	1	대사	【アル】こうなると後は、地中深くに潜ってるとしか思えないぞ。	
05699	D1:2423:012DA	1	대사	【アル】天井一杯がライトになっている。	
05700	D1:2423:01304	1	대사	【アル】天井を利用した照明だ。比較的綺麗に光りそうだが‥‥。	
05701	D1:2423:01344	1	대사	【アル】しかしラウンジは８時くらいに閉めてしまう。残念なことだ。	
05702	D1:2423:01392	1	대사	【アル】そうだな、ホールに戻るか。	
05703	D1:2423:013BE	1	선택지	　何か	
05704	D1:2423:013C6	1	대사	【アル】今はやめておこうぜ。	
05705	D1:2423:013E6	1	대사	【アル】とは言っても、今お腹はへっていないな。また今度にしようぜ。	
05706	D1:2423:0142C	1	대사	【アル】昨日はいくらでも腹に入ったのにな‥‥。	
05707	D1:2423:0148C	1	대사	【アル】悠長に座っている場合じゃないぞ。	
05708	D1:2423:014F4	1	대사	【アル】ティーナらしき人影は、見あたらないようだ。	
05709	D1:2423:0152A	1	대사	【アル】職員の数は少なくないが‥‥ティーナらしき人影は見えない。	
05710	D1:2423:0156E	1	대사	【アル】どこにいるんだよ、ティーナ‥‥。	
05711	D1:2423:0159A	1	대사	【アル】照明を見ていても、ティーナは見つからないぜ。	
05712	D1:2423:015D2	1	대사	【アル】天井をいっぱいに使った照明だ。	
05713	D1:2423:015FC	1	대사	【アル】インテリアとしてはなかなか最適だが‥‥。	
05714	D1:2423:01630	1	대사	【アル】これを見ていてもティーナは探せないぜ。	
05715	D1:2423:0166C	1	대사	【アル】そうだな‥‥ここでこうしていてもしょうがない。{n00}ホールに戻ろう。	
05716	D1:2423:016CA	1	대사	【オバサン】ティーナなんて食べ物はないねぇ。	
05717	D1:2423:016FA	9	대사	【アル】よし、注文するぞ。	
05718	D1:2423:01718	1	대사	【アル】オバサン、ティーナはあるかい？	
05719	D1:2423:01742	10	대사	【オバサン】はいよ。	
05720	D1:2423:0175A	1	대사	【アル】お、あ、あるのか？	
05721	D1:2423:01778	1	대사	【オバサン】と思ったけど、ティーナなんて食べ物はないよ。	
05722	D1:2423:017B4	1	대사	【アル】なんだよ、何でもあるって、以前言っていなかった？	
05723	D1:2423:017F0	1	대사	【オバサン】ないもんは無い。ダダをこねないでおくれ。	
05724	D1:2423:0183C	1	대사	【アル】（でも、{n00}注文してティーナの蒸し焼きでも出てきたら、）	
05725	D1:2423:0187E	1	대사	【アル】（俺はショック死する自信があるぞ。）	
05726	D1:2423:018E8	1	대사	【アル】おいおい、突っ立ったまま飲み食いするつもりか？	
05727	D1:2423:01922	1	대사	【アル】良い子は、ちゃんと座るもんだぜ。	
05728	D1:2423:0194E	3	대사	【アル】もう座っているんだけど。	
05729	D1:2423:01972	3	대사	【アル】しかし、結構くつろげるもんだな‥‥。	
05730	D1:2423:019A2	3	대사	【アル】そうだな、突っ立っているのもあれだから、座ろうか。	
05731	D1:2423:019EA	3	대사	【アル】ふぅ‥‥少し落ちつくな。	
05732	D1:2423:01A0E	1	선택지	　食べ物	
05733	D1:2423:01A18	1	대사	【アル】もうお腹いっぱいだよ。また今度にしようぜ。	
05734	D1:2423:01A6C	1	대사	【アル】オバサン、ミックスピザはあるかい？	
05735	D1:2423:01AB2	1	대사	【アル】は、早いな‥‥しかもミックスピザなんて食べ物がここにはあるのか。	
05736	D1:2423:01B1C	1	대사	【アル】オバサン、おしるこはあるかい？	
05737	D1:2423:01B5E	1	대사	【アル】は、早いな‥‥しかもおしるこなんて食べ物がここにはあるのか。	
05738	D1:2423:01BC4	1	대사	【アル】オバサン、上寿司はあるかい？	
05739	D1:2423:01C04	1	대사	【アル】は、早いな‥‥しかも上寿司なんて食べ物がここにはあるのか。	
05740	D1:2423:01C68	1	대사	【アル】オバサン、梅クリーム焼きはあるかい？	
05741	D1:2423:01CB0	1	대사	【アル】は、早いな‥‥しかも梅クリーム焼きなんて食べ物がここにはあるのか。	
05742	D1:2423:01D1C	1	대사	【アル】オバサン、チキンカレーはあるかい？	
05743	D1:2423:01D62	1	대사	【アル】は、早いな‥‥しかもチキンカレーなんて食べ物がここにはあるのか。	
05744	D1:2423:01DCC	1	대사	【アル】オバサン、マーボー定食はあるかい？	
05745	D1:2423:01E12	1	대사	【アル】は、早いな‥‥しかもマーボー定食なんて食べ物がここにはあるのか。	
05746	D1:2423:01E7C	1	대사	【アル】オバサン、レバー炒め定食はあるかい？	
05747	D1:2423:01EC4	1	대사	【アル】は、早いな‥‥	
05748	D1:2423:01EDE	1	대사	【アル】しかもレバー炒め定食なんて食べ物がここにはあるのか。	
05749	D1:2423:01F3C	1	대사	【アル】オバサン、チーズハンバーグはあるかい？	
05750	D1:2423:01F86	1	대사	【アル】は、早いな‥‥しかもチーズハンバーグなんて食べ物がここにはあるのか。	
05751	D1:2423:01FD6	1	대사	【アル】そういえば、ここのラウンジは食堂も兼ねているんだった。	
05752	D1:2423:02018	1	대사	【アル】何か注文してみるかな‥‥。	
05753	D1:2423:0203E	1	대사	【アル】おじさん。	
05754	D1:2423:02054	1	대사	【オバサン】あたしゃオバサンだよ。	
05755	D1:2423:0207A	1	대사	【アル】そ、そうか‥‥じゃあオバサン、ラーメン一丁。	
05756	D1:2423:020CA	1	대사	【アル】は、早いな‥‥しかもラーメンなんて食べ物がここにはあるのか。	
05757	D1:2423:02112	1	대사	【オバサン】ここには何でもあるよ。	
05758	D1:2423:02138	1	대사	【オバサン】なにせ、財団さんの技術の粋を集めて作ったところだからね。	
05759	D1:2423:02180	1	대사	【アル】うーん、何かちょっと違う気が‥‥。	
05760	D1:2423:021C6	1	대사	【アル】人は少ないが、比較的ざわついている。	
05761	D1:2423:021F6	1	대사	【アル】人は少ないが、他の場所に比べると比較的ざわついている。	
05762	D1:2423:02238	1	대사	【アル】唯一、安心できるというか、人間くさい場所だよな。	
05763	D1:2423:02274	1	대사	【アル】天井が全部照明になっているみたいだ。なかなか壮観だな。	
05764	D1:2423:022B6	1	대사	【アル】昨日は気付かなかったが、天井がそのまま照明になっているんだな、ここって。	
05765	D1:2423:0230A	1	대사	【アル】一斉に点いたら、さぞや明るくラウンジ内を照らすんだろうが‥‥。	
05766	D1:2423:02354	1	대사	【アル】こんなに立派な照明がついているのに、	
05767	D1:2423:02384	1	대사	【アル】なんで夜の８時に、ラウンジを閉めてしまうんだろうか。	
05768	D1:2423:023CE	3	대사	【アル】ホールに戻るか。	
05769	D1:2423:024EE	1	대사	【アル】相変わらず人が少ない‥‥。	
05770	D1:2423:02514	1	대사	【アル】実は《デザイア》にいる職員って、１０人くらいしかいないんじゃないか？	
05771	D1:2423:02564	1	대사	【アル】仕事を終えた職員が、帰ってきてるな。	
05772	D1:2423:02594	1	대사	【アル】もう、{n00}そんな時間なのかな？	
05773	D1:2423:02710	1	대사	【アル】よく考えてみたら、いきなり人を殴れる訳がない。	
05774	D1:2423:0274A	1	대사	【シルビア】独り言の多い奴だな。	
05775	D1:2423:02776	1	대사	【アル】ボカボカッ！	
05776	D1:2423:0278E	1	대사	【アル】ボカァッ！！！	
05777	D1:2423:027A8	1	대사	【シルビア】なにボカボカ言ってんだよ、変な奴だな。	
05778	D1:2423:027E6	1	대사	【アル】いやなに、ちょっとね‥‥。	
05779	D1:2423:02834	1	대사	【アル】何度見ても、シルビアはシルビアだ。	
05780	D1:2423:02862	1	대사	【アル】シルビアっていつもそのツナギを？	
05781	D1:2423:0288E	1	대사	【シルビア】いや、《デザイア》の仕事着は２種類あって、今日はこっちを着てるんだ。	
05782	D1:2423:028EA	1	대사	【アル】そういうことを聞いてるんじゃないんだけどな‥‥。	
05783	D1:2423:02926	1	대사	【シルビア】なんだよ、また前に来て欲しいのかい？	
05784	D1:2423:0296C	1	대사	【シルビア】ほら、これでいいだろう？	
05785	D1:2423:0299C	3	대사	【アル】‥‥まぁいいか。	
05786	D1:2423:029B8	1	대사	【シルビア】何だい？　また後ろにまわって欲しいのか？	
05787	D1:2423:02A02	1	대사	【シルビア】ほいよ、これでいいかい。	
05788	D1:2423:02A4E	1	대사	【アル】相変わらず閑散としているラウンジだな。	
05789	D1:2423:02A80	1	대사	【アル】シルビアが目の前に立っていて辺りがよく見えない。	
05790	D1:2423:02ABA	1	대사	【シルビア】邪魔だったら消えて無くなってもいいぜ。	
05791	D1:2423:02B02	1	대사	【アル】し、シルビア‥‥？	
05792	D1:2423:02B20	1	대사	【シルビア】ここだよ。	
05793	D1:2423:02B42	1	대사	【アル】な、なぜ後ろにまわるんだ。	
05794	D1:2423:02B68	1	대사	【シルビア】へへ、アルのつむじって２つあんだな、ほら、ここと、ここ。	
05795	D1:2423:02BB8	1	대사	【アル】指でつつくなよ、おい、いい加減にしろって。	
05796	D1:2423:02BEE	1	대사	【シルビア】ちぇっ、わかったよ。	
05797	D1:2423:02C24	1	대사	【シルビア】これでいいかい？	
05798	D1:2423:02C4C	1	대사	【アル】ふぅ、何とか安心して話せる。	
05799	D1:2423:02CC2	1	대사	【シルビア】もっとこうメカメカしい植物が欲しいよな。	
05800	D1:2423:02D02	1	대사	【アル】そんなのあるかよ。	
05801	D1:2423:02D84	1	대사	【シルビア】広いスペースを贅沢に使うところに、レイアウターの技量が出るんだぜ。	
05802	D1:2423:02DDE	1	선택지	　ホールに戻る	
05803	D1:2423:02DEE	1	대사	【アル】さてと、ホールに戻るか。	
05804	D1:2423:02E12	1	대사	【シルビア】気が向いたら格納庫に来なよ、歓迎するぜ。	
05805	D1:2423:02E52	1	대사	【アル】人手が増えて、だろ？　まったく‥‥。	
05806	D1:2423:02E88	1	대사	【アル】シルビアともうちょっと話した方がいいだろう。	
05807	D1:2423:02ECC	1	대사	【シルビア】ま、なんだろうと気が向いたら格納庫にきなって、歓迎するぜ。	
05808	D1:2423:02F1E	1	대사	【アル】ああ、気が向いたらな。	
05809	D1:2423:02F40	1	대사	【アル】そういえばシルビアはなぜここに？	
05810	D1:2423:02F6C	1	대사	【シルビア】オレだって１人でのんびりしたい時があるさ。格納庫はちょっとうるさいしな。	
05811	D1:2423:02FCC	1	대사	【アル】それはそうだけど‥‥ほら、以前言っていたろう？	
05812	D1:2423:03006	1	대사	【アル】確か、格納庫以外には出ないとか。	
05813	D1:2423:03030	1	대사	【シルビア】ああ‥‥だから、こうして用が済んだらさっさと帰ろうとしていんのさ。	
05814	D1:2423:0308A	1	대사	【アル】そんなにここはイヤかい？	
05815	D1:2423:030AE	1	대사	【シルビア】イヤとかそういう問題じゃないんだ。	
05816	D1:2423:030EA	1	대사	【シルビア】単に格納庫の方が落ちつくというだけのことだよ。	
05817	D1:2423:03132	1	대사	【アル】落ちつくね‥‥。	
05818	D1:2423:0314E	1	대사	【シルビア】どうするんだい、{n00}これから？	
05819	D1:2423:03182	1	대사	【アル】どうするって、あちこち歩き回ると恐いお嬢様に怒られるし、	
05820	D1:2423:031C6	1	대사	【アル】部屋でまどろむことにする。	
05821	D1:2423:031EA	1	대사	【シルビア】なんだったら格納庫に遊びに来るかい？	
05822	D1:2423:03226	1	대사	【アル】遊び？　何をするんだい。	
05823	D1:2423:0324A	1	대사	【シルビア】決まってんだろう？	
05824	D1:2423:03276	1	대사	【シルビア】マシンのチェックや、オイルの点検、やることは色々あるぜ。	
05825	D1:2423:032C8	1	대사	【アル】それは遊びとは言わないと思うんだが。	
05826	D1:2423:032F8	1	대사	【シルビア】世間一般では違うかもしれないが、たまにはいいもんだ。	
05827	D1:2423:03344	1	대사	【アル】いい訳ないだろう、まったく、やっぱり部屋で寝る。	
05828	D1:2423:033A0	1	대사	【シルビア】そんなことよりも、聞いたぜ。	
05829	D1:2423:033D4	1	대사	【アル】何を。	
05830	D1:2423:033E6	1	대사	【シルビア】何をって、ここでの乱闘騒ぎさ。派手にやらかしたんだって？	
05831	D1:2423:03436	1	대사	【アル】乱闘というほどでもなかったんだけど。	
05832	D1:2423:03466	1	대사	【シルビア】なんでオレを呼んでくれなかったんだよ！	
05833	D1:2423:034A6	1	대사	【シルビア】真っ先に駆けつけて加勢してやったのに。	
05834	D1:2423:034E6	1	대사	【アル】んなムキになることじゃないぜ、すぐに終わっちゃったよ。	
05835	D1:2423:03528	1	대사	【シルビア】素早くケリが付いたって訳か、やるなぁ。	
05836	D1:2423:03566	1	대사	【アル】んー、間違いじゃないけど‥‥。	
05837	D1:2423:03590	1	대사	【シルビア】ちぇっ、惜しかったな。オレもカイルの顔面にパンチでもいれたかったぜ。	
05838	D1:2423:035EC	1	대사	【アル】ずいぶん人気ないんだな、あいつ。	
05839	D1:2423:03618	1	대사	【シルビア】男共にはね。女たちには奴を支持するのが結構多いんだ、これが。	
05840	D1:2423:0366C	1	대사	【アル】シルビアは女だろう？	
05841	D1:2423:0368C	1	대사	【シルビア】オレは、そんなミーハーな女共とは違うぜ。	
05842	D1:2423:036CC	1	대사	【アル】ミーハーねぇ‥‥。	
05843	D1:2423:036EA	1	대사	【シルビア】でも本当に身元が判明するといいな。	
05844	D1:2423:0373A	1	대사	【アル】シルビア、会いたかったんだ。	
05845	D1:2423:03762	1	대사	【シルビア】おいおい、言う相手が違うんじゃないか？	
05846	D1:2423:037A0	1	대사	【アル】ティーナのことを聞きたかったんだよ。	
05847	D1:2423:037D0	1	대사	【シルビア】ティーナ？	
05848	D1:2423:037F2	1	대사	【アル】ほら、俺が今日の昼過ぎくらいに、格納庫に運び込んだ‥‥。	
05849	D1:2423:03836	1	대사	【シルビア】あぁ、あの女の子か。	
05850	D1:2423:03862	1	대사	【アル】どうなんだい、按配は？	
05851	D1:2423:03884	1	대사	【シルビア】外傷もないし、大したことはなさそうだぜ。	
05852	D1:2423:038C4	1	대사	【アル】本当か？	
05853	D1:2423:038D8	1	대사	【シルビア】あぁ、少し疲労気味ということだけど、ドクターは大丈夫だって言ってたよ。	
05854	D1:2423:03936	1	대사	【アル】そうか‥‥それは何よりだな。	
05855	D1:2423:0395E	1	대사	【シルビア】あの時はびっくりしたぜ。アルに子供ができたのかと思ったくらいだ。	
05856	D1:2423:039B6	1	대사	【アル】思うか普通？	
05857	D1:2423:039CE	1	대사	【シルビア】思う。	
05858	D1:2423:03A10	1	대사	【シルビア】でも、アルも驚いたって感じだったな。	
05859	D1:2423:03A4C	1	대사	【アル】それはそうさ。浜辺を歩いていたら、	
05860	D1:2423:03A7A	1	대사	【アル】あの女の子がボロボロの服を着て倒れてるじゃないか、どういうことだって。	
05861	D1:2423:03ACA	1	대사	【シルビア】身元はどうなってるんだろうな。	
05862	D1:2423:03B00	1	대사	【アル】レイコさんが照会してくれると言っていたけど‥‥。	
05863	D1:2423:03B3C	1	대사	【シルビア】浮かない顔だな。	
05864	D1:2423:03B64	1	대사	【アル】ああ‥‥ちゃんと身元が判明して、両親なりの元に帰れるといいなってね。	
05865	D1:2423:03BB4	1	대사	【シルビア】優しいんだな、アル。	
05866	D1:2423:03BE0	1	대사	【アル】そんなじゃない、ただあの子が悲しむようなことにはなって欲しくないってね。	
05867	D1:2423:03C34	1	대사	【シルビア】ふーん‥‥。	
05868	D1:2423:03C58	1	대사	【アル】な、なんだよその目は。	
05869	D1:2423:03C7A	1	대사	【シルビア】フフン、別に。	
05870	D1:2423:03D9E	1	대사	【アル】ゆったりとしていて、落ちついた雰囲気だ。	
05871	D1:2423:03F48	1	대사	【アル】‥‥ここでこうしていても、しょうがないな。	
05872	D1:2488:013A8	9	대사	【アル】ここは宿舎の２階だ。	
05873	D1:2488:013D2	1	대사	【アル】２階だ。誰か部屋にいるだろうか‥‥。	
05874	D1:2488:0145E	2	대사	【アル】何人かの人と、すれ違ったな‥‥例の放送のせいだろうか。	
05875	D1:2488:01596	1	대사	【アル】あれ、あそこにいるのは‥‥シェリル？	
05876	D1:2488:015C6	1	대사	【アル】なんだ、倒れているじゃないか、どうしたんだ？	
05877	D1:2488:015FE	1	대사	【アル】おい、シェリル！	
05878	D1:2488:01620	1	대사	【アル】どうしたんだ！？　シェリル。	
05879	D1:2488:01648	1	대사	【シェリル】あ、アルバートさん‥‥ごめんなさい‥‥。	
05880	D1:2488:01688	1	대사	【アル】ごめんなさいって‥‥大丈夫なのか？	
05881	D1:2488:016B6	1	대사	【シェリル】はい、私は‥‥私は大したことがないのですが‥‥。	
05882	D1:2488:016FE	1	대사	【アル】大したことない訳ないだろう？　血が出ているじゃないか。	
05883	D1:2488:01740	1	대사	【シェリル】か、かすり傷ですから‥‥。	
05884	D1:2488:01772	1	대사	【アル】？‥‥そういえば、ティーナは？　俺の部屋かい？	
05885	D1:2488:017AC	1	대사	【シェリル】ごめんなさい‥‥ティーナが、誰かに‥‥。	
05886	D1:2488:017EC	1	대사	【アル】ど、どういうことだよ、シェリル。	
05887	D1:2488:01818	1	대사	【シェリル】私、ティーナと２人で、アルバートさんの部屋に行こうとしたんです。	
05888	D1:2488:01872	1	대사	【シェリル】そうしたら‥‥。	
05889	D1:2488:0189C	1	대사	【アル】そ、そうしたら？	
05890	D1:2488:018B8	1	대사	【シェリル】よくわからなかったんですが、	
05891	D1:2488:018EE	1	대사	【シェリル】白っぽいマントのようなものを身にまとった人が{n00}ティーナを‥‥。	
05892	D1:2488:01946	1	대사	【アル】ま、まさか‥‥‥‥。	
05893	D1:2488:01966	1	대사	【シェリル】私、必死で止めようとしたんですが、何か鋭利な刃物のようなもので‥‥。	
05894	D1:2488:019C2	1	대사	【アル】で、ティーナは？	
05895	D1:2488:019DE	1	대사	【シェリル】何か布のようなもので口を押さえられて、ぐったりとしたまま‥‥。	
05896	D1:2488:01A34	1	대사	【アル】くそっ‥‥。	
05897	D1:2488:01A4C	1	대사	【シェリル】ごめんなさい‥‥。	
05898	D1:2488:01A76	1	대사	【アル】いや、とにかくシェリルが無事でよかったよ。腕の傷は？	
05899	D1:2488:01AB6	1	대사	【シェリル】はい、浅いようですから‥‥私も一緒に。	
05900	D1:2488:01AF4	1	대사	【アル】シェリルはとにかくその傷を何とかするんだ。	
05901	D1:2488:01B2A	1	대사	【アル】そうだな、メディカルセンターとやらまで、一緒に行こう。	
05902	D1:2488:01B6C	1	대사	【シェリル】いえ、私は大丈夫です。	
05903	D1:2488:01B9C	1	대사	【シェリル】１人で歩けますし‥‥それよりもティーナを捜して下さい。	
05904	D1:2488:01BEC	1	대사	【アル】そ、そうか‥‥わかった。じゃあ、俺が色々と捜してみる。	
05905	D1:2488:01C50	1	대사	【アル】この事はまだ誰にも言わないでくれ。頼む。	
05906	D1:2488:01C84	1	대사	【シェリル】心得てます。	
05907	D1:2488:01CCC	1	대사	【アル】何だか、大変なことになってしまったな‥‥。	
05908	D1:2488:01D02	1	대사	【アル】今度はティーナが自主的に出ていった訳じゃない‥‥何者かにさらわれたんだ。	
05909	D1:2488:01D56	1	대사	【アル】ティーナにもしも‥‥いや、大丈夫だ。絶対‥‥‥‥。	
05910	D1:2488:01D94	1	대사	【アル】だがもしものことがあれば‥‥さらったヤツを殺してやるからな。	
05911	D1:2488:01DDC	1	대사	【アル】ここでこうしていてもしょうがない。ティーナを捜しにいこうぜ。	
05912	D1:2488:01E32	1	대사	【アル】宿舎の２階だな。相変わらず職員の姿は見えない‥‥。	
05913	D1:2488:01E70	1	대사	【アル】３日目だからな、もう慣れたよ。	
05914	D1:2488:01EA8	4	대사	【アル】ここは宿舎の２階だ。各職員の個室が集まっている。	
05915	D1:2488:01F3C	1	대사	【アル】ここは宿舎の２階だ‥‥ティーナは、いないようだが‥‥。	
05916	D1:2488:01F7E	1	대사	【アル】あれ、あそこにいるのは‥‥‥‥マコト？	
05917	D1:2488:01FB6	1	대사	【アル】（なんだかふらふらしているじゃないか）	
05918	D1:2488:01FE8	1	대사	【アル】（気分がすごく悪そうな感じだが‥‥どうしたんだろう。）	
05919	D1:2488:0202A	1	대사	【カイル】またお前か‥‥ここんところ、よく会うな。	
05920	D1:2488:02068	1	대사	【アル】（またカイルのヤツが{n00}‥‥。）	
05921	D1:2488:020A6	1	대사	【マコト】あ、アル‥‥‥‥。	
05922	D1:2488:020CE	1	대사	【アル】（だいじょうぶかよ‥‥）	
05923	D1:2488:020F2	2	대사	【アル】気分が悪いんだったら、部屋で休んでいた方がいいんじゃないか？	
05924	D1:2488:0213A	2	대사	【カイル】だとよ。マコト、あいつの部屋で休むか？	
05925	D1:2488:02176	1	대사	【マコト】い、いいの‥‥心配しないでちょうだい、アル‥‥。	
05926	D1:2488:021BC	1	대사	【カイル】だそうだ。	
05927	D1:2488:021DC	1	대사	【アル】‥‥‥‥（マコト、どうしたっていうんだよ。）	
05928	D1:2488:02214	1	대사	【カイル】フッ、じゃあ行こうか。	
05929	D1:2488:02260	2	대사	【カイル】なんでそんなことを貴様に教える必要がある？	
05930	D1:2488:022A0	5	대사	【アル】なに！	
05931	D1:2488:022B2	2	대사	【カイル】おいマコト。記者がなにか叫んでるぜ。	
05932	D1:2488:02304	9	대사	【マコト】‥‥。	
05933	D1:2488:02318	3	대사	【アル】マコト。	
05934	D1:2488:0232C	2	대사	【カイル】そういう訳だ、じゃ行くぜ。	
05935	D1:2488:0235C	4	대사	【アル】お、おい‥‥。	
05936	D1:2488:02384	1	대사	【アル】どこかに行っちゃったよ‥‥‥‥。	
05937	D1:2488:023B0	1	대사	【アル】くそっ、あぁわかったよ！　よろしくやってればいいだろう！	
05938	D1:2488:023F4	1	대사	【アル】‥‥‥‥でもマコト、気分が悪そうだったけど、大丈夫かな‥‥。	
05939	D1:2488:02452	1	대사	【アル】まぁいいさ‥‥とにかく今はティーナを捜す方が先だ。	
05940	D1:2488:0249E	1	대사	【アル】ふぅ‥‥びっくりしたなぁ。	
05941	D1:2488:024C4	1	대사	【アル】まだ着替え中みたいだから、もうちょっとしたらまた来よう。	
05942	D1:2488:02552	1	대사	【アル】相変わらずシンと静まっているな‥‥昨日から全く変わらない。	
05943	D1:2488:025E2	1	대사	【アル】マコト‥‥部屋に戻っているだろうな。	
05944	D1:2488:0264E	1	대사	【アル】ここは宿舎の２階だな。	
05945	D1:2488:02670	1	대사	【アル】マコトの部屋に行かなくちゃ。	
05946	D1:2488:02698	21	대사	コンコン‥‥‥‥。	
05947	D1:2488:026B8	1	대사	【アル】マコト‥‥いるのか？	
05948	D1:2488:026F2	1	대사	【アル】いないな、どうしたんだろう。	
05949	D1:2488:02728	1	대사	【アル】宿舎の２階だ‥‥。	
05950	D1:2488:02774	2	대사	【アル】各職員の個室が集まっている。	
05951	D1:2488:02824	1	대사	【アル】あたりを見回したって、ここには誰もいないぜ。	
05952	D1:2488:0285C	1	대사	【アル】誰もいない廊下‥‥誰もいない宿舎‥‥。	
05953	D1:2488:0288E	1	대사	【アル】ここ《デザイア》の人口は、たったの２人だからな‥‥。	
05954	D1:2488:028CE	1	대사	【アル】ごく普通のドアだな。	
05955	D1:2488:028EE	1	대사	【アル】手前が俺の部屋のドアだな。ここを開けると、俺の部屋に入ることができる。	
05956	D1:2488:02940	1	대사	【アル】ドアをあけないで入れるわけがないのだから、当たり前のことだ。	
05957	D1:2488:029B4	2	대사	【アル】自室に戻ってみよう‥‥。	
05958	D1:2488:029E0	2	대사	【アル】そうだな、ホールに降りていってみよう。	
05959	D1:2488:02A18	2	대사	【アル】３階に用事はないんだが‥‥。	
05960	D1:2488:02A40	1	대사	【アル】ま、暇つぶしに３階へ行ってみるかな。	
05961	D1:2488:02B04	2	대사	【アル】誰もいないようだ‥‥。	
05962	D1:2488:02B26	1	대사	【アル】宿舎だったら人がいるんじゃないかと思ったんだが‥‥。	
05963	D1:2488:02B66	1	대사	【アル】ここにも人はいないみたいだな。	
05964	D1:2488:02B90	1	대사	ドンドンドン‥‥。	
05965	D1:2488:02BBE	1	대사	【アル】ドアを叩いてもしょうがないな。他の場所に移動しようぜ。	
05966	D1:2488:02C00	1	대사	【アル】誰もいない部屋、誰も開けないドアか‥‥。	
05967	D1:2488:02C34	1	대사	【アル】ドアについているネームプレートが寂しさを醸し出しているな。	
05968	D1:2488:02C92	6	선택지	　マコトの部屋	
05969	D1:2488:02D1A	6	대사	【アル】マコトは部屋にいないみたいだ。	
05970	D1:2488:02D44	3	대사	【アル】マコトの部屋に行くのか？	
05971	D1:2488:02D68	1	대사	コンコンコン‥‥。	
05972	D1:2488:02D88	3	대사	【アル】いないようだな‥‥。	
05973	D1:2488:02DA8	1	대사	【アル】マコトの部屋か‥‥いるだろうか、あいつ。	
05974	D1:2488:02DF8	1	대사	【アル】マコト、俺だ。アルだよ！	
05975	D1:2488:02E1C	1	대사	コンコンコン‥‥‥‥{n00}{s00}ガチャ、ガチャガチャ。	
05976	D1:2488:02E60	1	대사	【アル】だめだ、カギも掛かっている。	
05977	D1:2488:02E88	1	대사	【アル】電磁ロック式なんだから、	
05978	D1:2488:02EAC	1	대사	【アル】電気がなきゃ閉まらない仕組みなのに‥‥あっ、そうか。	
05979	D1:2488:02EEC	1	대사	【アル】単に物理式のロックも併用しているってだけだ。	
05980	D1:2488:02F24	1	대사	【アル】別に開かないのは不思議じゃない。	
05981	D1:2488:02F50	1	대사	【アル】でも、マコトがいないことに変わりはないな。	
05982	D1:2488:02FAE	1	대사	【アル】だがもしかしたら、誰かいるかもしれない。	
05983	D1:2488:0307A	1	대사	【アル】あたりに人はいないようだ‥‥。	
05984	D1:2488:030A4	1	대사	【アル】ここでティーナが連れ去られたんだ。	
05985	D1:2488:030D2	1	대사	【アル】いったいどこの誰が‥‥。	
05986	D1:2488:030F6	1	대사	【アル】ドアを見ていても、ティーナはみつからないぞ。	
05987	D1:2488:0312E	1	대사	【アル】ドアからティーナが突然出てくる‥‥なんてことはない。	
05988	D1:2488:0316E	1	대사	【アル】ごく普通のドアだ。	
05989	D1:2488:031C8	1	대사	【アル】３階か‥‥行ってみるか。	
05990	D1:2488:0321C	6	대사	【アル】マコトの部屋か‥‥いるかな？	
05991	D1:2488:03276	7	대사	【アル】いないようだ。	
05992	D1:2488:03290	5	대사	【アル】部屋に戻るのか‥‥？	
05993	D1:2488:032B8	4	대사	【アル】よし、ホールに降りてみるか。	
05994	D1:2488:032E6	4	대사	【アル】よし、外に出るぞ。	
05995	D1:2488:03340	1	대사	【アル】廊下で、ボーッと突っ立っていてもしょうがないぜ。	
05996	D1:2488:0337C	1	대사	【アル】どこか他の場所に移動しよう。	
05997	D1:2488:033A4	1	대사	【アル】別段変わったところはないな‥‥いつも通り、人はいなく静かだ。	
05998	D1:2488:033EC	1	대사	【アル】いつも通り人はいないってのも、おかしなもんだよな。	
05999	D1:2488:0342A	1	대사	【アル】職員の連中はいったいどこに行ったんだ？	
06000	D1:2488:0345C	1	대사	【アル】電磁ロックシステムのドアだな。	
06001	D1:2488:03486	1	대사	【アル】別に変わったところはないぞ。	
06002	D1:2488:034AE	1	대사	【アル】電磁ロックシステムのドアだ。	
06003	D1:2488:034D6	1	대사	【アル】外側から暗証番号を入力することにより、開閉するしくみだな。	
06004	D1:2488:0351C	1	대사	【アル】もっとも俺にとっちゃ、セキュリティがなってないと異論があるんだが。	
06005	D1:2488:035A6	4	대사	【アル】３階か‥‥これといって用事はないんだが。	
06006	D1:2488:035DA	4	대사	【アル】行ってみるかな。	
06007	D1:2488:0379E	1	대사	【アル】まさかあの消火器の中に‥‥いるわけがないな。	
06008	D1:2488:0380E	1	대사	【アル】うーん、ドアを見ていてもティーナは出てこないな。	
06009	D1:2488:0384A	1	대사	【アル】他の場所に移動した方がいいような気がする。	
06010	D1:2488:03A8A	1	대사	【アル】相変わらず、どこかのマンションとか、そういう感じだな。	
06011	D1:2488:03ACC	1	대사	【アル】ま、１日で様相が一変していたら、それはそれで不気味だが。	
06012	D1:2488:03B64	2	대사	【アル】結構堅いな‥‥鉄製か。しかも防音もかなり効いていそうな造りだ。	
06013	D1:2488:03BAE	2	대사	【アル】さらに電磁式のロックシステムか。	
06014	D1:2488:03BDA	2	대사	【アル】しかし甘いな、こんなの俺にかかればチョロイぜ。	
06015	D1:2488:04024	1	대사	【アル】マコトの部屋に行ってみようぜ。	
06016	D1:2488:040A4	1	대사	【アル】そうだ、俺はマコトの部屋に行きたかったんだ。	
06017	D1:2488:040F8	2	대사	【マコト】‥‥はい。	
06018	D1:2488:04118	2	대사	【アル】マコト、俺だよ。	
06019	D1:2488:04154	2	대사	【アル】とりあえずココ、開けてくれない？	
06020	D1:2488:04198	2	대사	【アル】どうしたんだい。	
06021	D1:2488:041B4	2	대사	【マコト】ごめんなさい‥‥今は、１人でいたいの‥‥。	
06022	D1:2488:041F4	2	대사	【アル】どうしたんだよ、あのゴリラと何かあったのか？	
06023	D1:2488:0422C	2	대사	【マコト】カイルは‥‥彼は関係ないの。おやすみなさい‥‥。	
06024	D1:2488:042A0	1	대사	【アル】しょうがないな‥‥ここでダダをこねても無為なことだ。	
06025	D1:2488:042E0	1	대사	【アル】フフン、俺は冷静さをウリにするアル様だからな。	
06026	D1:2488:0431A	1	대사	【通りがかりの男】ほぉ、ふられましたな‥‥青春ですねぇ。	
06027	D1:2488:04356	1	대사	【アル】うるせぇ！{n00}殴るぞてめぇ！！	
06028	D1:2488:0437E	1	대사	【通りがかりの男】ひぃー‥‥。	
06029	D1:2488:043A0	1	대사	【アル】フッ、俺は冷静さをウリにするアル様だからな、冷静におっぱらったぞ。	
06030	D1:2488:04404	1	대사	【アル】もう部屋に戻るか‥‥。	
06031	D1:2488:044CE	1	대사	【アル】いないようだな‥‥{s00}ん？	
06032	D1:2488:044F2	7	대사	ガチャ。	
06033	D1:2488:04506	1	대사	【アル】ドアが開いているぞ。	
06034	D1:2488:04526	1	대사	【アル】マコト‥‥{s00}マコト？	
06035	D1:2488:0454C	2	대사	【アル】マコトの部屋か‥‥。	
06036	D1:2488:04588	1	대사	【アル】マコト‥‥俺だ、アルだ。	
06037	D1:2488:045D0	1	대사	‥‥‥‥‥‥‥‥‥‥。	
06038	D1:2488:045E8	1	대사	【アル】おかしいな‥‥部屋で待っているはずなのに‥‥。	
06039	D1:2488:0465E	2	대사	【アル】いないようだ‥‥。	
06040	D1:2488:0467C	1	대사	【アル】ま、俺の部屋で待っている筈だからな、当然と言えば当然だ。	
06041	D1:2488:04734	1	대사	【アル】マコトの部屋か‥‥あいつ、いるかな？	
06042	D1:2488:04764	2	대사	コンコン。	
06043	D1:2488:04792	1	대사	【アル】いないな‥‥まだ仕事しているのかなぁ。	
06044	D1:2488:047C4	1	대사	【アル】研究所に行っても、どうせラボには入れないし‥‥。	
06045	D1:2488:04800	1	대사	【アル】しょうがないな、また今度来よう。	
06046	D1:2488:048CA	1	대사	【アル】そうだ、シェリルから部屋を聞いたんだった。	
06047	D1:2488:04900	1	대사	【アル】確かマコトの部屋番号は‥‥{s00}おっ、ここだ。	
06048	D1:2488:04936	1	대사	【アル】ネームプレートにも『Ｉｚｕｍｉ』と書いてある。	
06049	D1:2488:049A2	1	대사	【アル】マコト、いるかい？	
06050	D1:2488:049F6	1	대사	【アル】先にマコトの部屋に行ってみよう。	
06051	D1:2488:04A22	1	대사	【アル】そうだな、自室に戻るか。	
06052	D1:2488:04A46	1	대사	【アル】ティーナ、ちゃんと寝ているかな。	
06053	D1:2488:04A7A	1	대사	【アル】そうだな、マコトがティーナと一緒に待っているはずだ。	
06054	D1:2488:04AD6	1	대사	【マコト】はい、どうぞ。	
06055	D1:2488:04AFA	1	대사	【アル】なぜ自分の部屋に入るのに、ノックする必要があるのか。	
06056	D1:2488:04B3A	1	대사	【アル】しかしなぜだか緊張するな‥‥。	
06057	D1:2488:04B6A	1	대사	【アル】部屋に戻るか‥‥。	
06058	D1:2488:04B8E	1	대사	【アル】ホールに戻る必要はないだろう。マコトの部屋に行ってみようぜ。	
06059	D1:2488:04BD6	1	대사	【アル】よし、ホールに戻ってみるか。	
06060	D1:2587:020B4	2	대사	【アル】ここは宿舎の３階だな。	
06061	D1:2587:020D6	1	대사	【アル】特に用事はないんだが‥‥‥‥。	
06062	D1:2587:0210A	1	대사	【アル】３階だ。ここにも人はいそうもないな‥‥。	
06063	D1:2587:02178	1	대사	【シェリル】あっ、アルバートさん！	
06064	D1:2587:021A6	1	대사	【アル】シェリルじゃないか。どうしたんだい？	
06065	D1:2587:021D6	1	대사	【シェリル】はい、部屋を少し整理していて‥‥{n00}アルバートさんは？	
06066	D1:2587:02222	1	대사	【アル】俺は‥‥相変わらずティーナを捜し歩いているところさ。	
06067	D1:2587:02262	1	대사	【シェリル】そうですか。私も時間があればお手伝いするのですが。	
06068	D1:2587:022AC	1	대사	【アル】これから、どこに？	
06069	D1:2587:022CA	1	대사	【シェリル】はい、研究所へ。	
06070	D1:2587:022F2	1	대사	【アル】ふーん‥‥ね、シェリル。	
06071	D1:2587:02334	1	대사	【アル】ここ《デザイア》の放棄をどう思っている？	
06072	D1:2587:02368	1	대사	【シェリル】いえ、一時的なものですし、	
06073	D1:2587:0239C	1	대사	【シェリル】財団側と教授との軋轢が原因ではないかと思っていますから。	
06074	D1:2587:02402	1	대사	【シェリル】スポンサーと研究者の対立というのは、本当によくあることですしね。	
06075	D1:2587:0245A	1	대사	【アル】（なるほどね。カズミさんの画策したことは、）	
06076	D1:2587:02492	1	대사	【アル】（あまり知られていないみたいだな‥‥。）	
06077	D1:2587:024C6	1	대사	【シェリル】それよりもアルバートさん、容疑がはれて本当に良かったですね。	
06078	D1:2587:0253A	1	대사	【シェリル】教授の秘書のクサナギさんが犯人だったなんて‥‥。	
06079	D1:2587:02584	1	대사	【シェリル】優しそうな感じの人で、ちょっと意外でした。	
06080	D1:2587:025C8	1	대사	【アル】ま、得てしてそういうもんだよ。	
06081	D1:2587:025F2	1	대사	【シェリル】どうしたんですか？　元気がないようですが‥‥。	
06082	D1:2587:02638	1	대사	【アル】いや、何でもないんだ。	
06083	D1:2587:0265A	1	대사	【シェリル】あの粗雑な女性に、何かされたんですか？	
06084	D1:2587:02698	1	대사	【アル】そ、粗雑ってね‥‥別にそんなことはないよ、うん。	
06085	D1:2587:026D4	1	대사	【アル】（シェリルも結構キツいんだよな。）	
06086	D1:2587:02702	1	대사	【シェリル】じゃあ私、そろそろ行きますけど‥‥。	
06087	D1:2587:0273E	1	대사	【アル】うん、何かあったら会いに行くよ。	
06088	D1:2587:0276A	2	대사	【シェリル】はい！	
06089	D1:2587:02796	1	대사	【アル】《デザイア》放棄のことは、意外に冷静に受けとめられているって感じだよな。	
06090	D1:2587:027EA	1	대사	【アル】もっとも、それがどのあたりまでなのかは、全くわからないが‥‥。	
06091	D1:2587:02842	1	대사	【アル】（ん？　あの陰にいるのは‥‥シェリル。）	
06092	D1:2587:02876	1	대사	【アル】（カイルの野郎も一緒だぞ‥‥何を話しているんだろう。）	
06093	D1:2587:028B8	1	대사	【シェリル】そんな‥‥勝手過ぎます。私‥‥。	
06094	D1:2587:028F0	1	대사	【カイル】あのお調子者と上手くやっているんだろう？　そうすればいい。	
06095	D1:2587:02940	1	대사	【シェリル】私は‥‥。	
06096	D1:2587:0296C	1	대사	【アル】（あ、あの野郎‥‥。）	
06097	D1:2587:0298E	1	대사	【カイル】いつまでもガキみたいに{n00}ピーピー言っているなよ。見苦しいだけだぜ。	
06098	D1:2587:029E6	1	대사	【シェリル】そんな‥‥私‥‥私‥‥。	
06099	D1:2587:02A16	1	대사	【カイル】もう少しロジカルに考えろ。お前の得意だろう？	
06100	D1:2587:02A58	1	대사	【シェリル】酷い‥‥酷すぎる！	
06101	D1:2587:02A82	1	대사	【カイル】いいか。お前みたいな尻の青いガキは、たくさんなんだよ。	
06102	D1:2587:02ACE	1	대사	【シェリル】うっ‥‥うぅ‥‥‥‥。	
06103	D1:2587:02AFC	1	대사	【アル】（野郎、もう我慢できないぞ！）	
06104	D1:2587:02B26	1	대사	【アル】おい！	
06105	D1:2587:02B48	1	대사	【アル】貴様、{n00}シェリルに何をした！	
06106	D1:2587:02B70	1	대사	【カイル】お調子者か‥‥帰らなかったのか？	
06107	D1:2587:02BA6	1	대사	【アル】へっ、お前をもう一度ぶっとばすまでお預けみたいだぜ。	
06108	D1:2587:02BE6	1	대사	【カイル】フッ、なかなかタイミングが抜群だな。	
06109	D1:2587:02C50	1	대사	【アル】シェリル、もう大丈夫だ。	
06110	D1:2587:02C74	1	대사	【カイル】なかなかニクいことを言ってくれるな。ラウンジではたまたまやられたが‥‥。	
06111	D1:2587:02CD2	1	대사	【アル】今回もやられ役だよ、お前は！！	
06112	D1:2587:02D22	1	대사	【カイル】なかなか、腰が入っていて良いパンチだ。喧嘩慣れはしているようだが‥‥。	
06113	D1:2587:02D7E	1	대사	【アル】（な、なんて奴だ。{n00}ストレートが顔面に入ったはずなのに‥‥。）	
06114	D1:2587:02DC8	1	대사	【カイル】マコトか、ちょうどいいところに来た。	
06115	D1:2587:02E02	1	대사	【アル】え？　ま、マコト‥‥？	
06116	D1:2587:02E4E	1	대사	【シェリル】きゃっ！　あ、アルバートさん！！	
06117	D1:2587:02E86	1	대사	【カイル】ま、お前などぶっ倒すのは簡単だがな。同じ戦法を敢えてとらせてもらったよ。	
06118	D1:2587:02EE4	1	대사	【カイル】ハッハッハ‥‥ま、そこの尻の青いガキに看病してもらいな。	
06119	D1:2587:02F32	1	대사	【アル】（く、くそぉ‥‥い、意識が‥‥。）	
06120	D1:2587:02F60	1	대사	【シェリル】アルバートさん！　お願い‥‥目を開けて、アルバートさん‥‥。	
06121	D1:2587:02FB4	1	대사	【アル】（な、なんだか‥‥声も聞こえなくなって‥‥。）	
06122	D1:2587:02FEE	1	대사	【シェリル】‥‥‥‥さん‥‥アルバートさん‥‥。	
06123	D1:2587:0302C	1	대사	【シェリル】‥‥しっかり‥してください‥‥‥‥。	
06124	D1:2587:0306A	1	대사	【アル】シェリル‥‥大丈夫だったか？	
06125	D1:2587:03092	1	대사	【シェリル】はい、アルバートさん。ありがとうございました、あなたは私の白馬の騎士です。	
06126	D1:2587:030F4	1	대사	【アル】いやぁ‥‥照れるぜ。	
06127	D1:2587:03114	1	대사	【シェリル】アルバートさーん！　ん～ちゅっ！！	
06128	D1:2587:0314E	1	대사	【アル】でへ、でへへへっ‥‥。	
06129	D1:2587:03170	1	대사	【シェリル】アルバートさん‥‥好きです、アルバートさん。	
06130	D1:2587:031B4	1	대사	【アル】へっ、俺に惚れると、怪我するぜ。	
06131	D1:2587:031E0	1	대사	【シェリル】ううん、シェリル、ずっとアルバートさんに付いていきます。	
06132	D1:2587:03230	1	대사	【アル】えっ、そう？　へへっ、よし、ついてきな！	
06133	D1:2587:03290	1	대사	【アル】へへへっ。	
06134	D1:2587:032A6	1	대사	【シェリル】アルバートさん‥‥{n00}アルバートさん。	
06135	D1:2587:032E2	1	대사	【アル】そんなに名前を呼ばないでくれよ、照れるぜ。	
06136	D1:2587:03318	1	대사	【シェリル】アルバートさん‥‥‥‥。	
06137	D1:2587:03348	1	대사	【シェリル】‥‥‥‥‥‥アルバートさん‥‥。	
06138	D1:2587:03380	1	대사	【シェリル】‥‥アルバートさん。	
06139	D1:2587:033AC	1	대사	【アル】シェリルぅ、そんなに名前を呼んだら、照れるよ。	
06140	D1:2587:033E6	1	대사	【シェリル】アルバートさん、大丈夫ですか？　アルバートさん‥‥。	
06141	D1:2587:03438	1	대사	【シェリル】あっ、アルバートさん‥‥気付かれましたか？	
06142	D1:2587:0347A	1	대사	【アル】あれ、シェリル。どうしたの？　あの旅客機で帰らなかったんだ。	
06143	D1:2587:034C2	1	대사	【シェリル】ええ、まだすることが色々と残っていたので。	
06144	D1:2587:03504	1	대사	【アル】ふーん、そうかぁ。	
06145	D1:2587:03522	1	대사	【シェリル】でも良かった‥‥本当に良かったです‥‥うぅっ。	
06146	D1:2587:03568	1	대사	【アル】な、なんで泣いているのさ。	
06147	D1:2587:0358E	1	대사	【シェリル】だって‥‥だって‥‥。	
06148	D1:2587:035BC	1	대사	【アル】シェリルは悪くなひ‥‥‥‥{s00}はれ？	
06149	D1:2587:035EA	1	대사	【シェリル】どうしました？	
06150	D1:2587:03610	1	대사	【アル】な、なんか、ふまくひゃべれない‥‥イテテ！　おっ、頬がこんなにはれへる！	
06151	D1:2587:03664	1	대사	【シェリル】大丈夫です、しばらくタオルで冷やしました。	
06152	D1:2587:036A6	1	대사	【アル】ひょ、ひょうか‥‥俺、どうしたんだい？	
06153	D1:2587:036D8	1	대사	【シェリル】短い時間ですけど、脳震盪を起こして気を失っていました。	
06154	D1:2587:03726	1	대사	【アル】ひょうか‥‥俺はあのゴリラに負けれひまっはか‥‥。	
06155	D1:2587:03764	1	대사	【シェリル】ううん、負けたとか、勝ったとか、そういう問題じゃないと思います。	
06156	D1:2587:037BE	1	대사	【シェリル】アルバートさんは私のために‥‥。	
06157	D1:2587:037F8	1	대사	【アル】いやまぁ‥‥おっ、何かだんだん話しやすくなってきたな。	
06158	D1:2587:0383A	1	대사	【シェリル】よかったですね。	
06159	D1:2587:03862	1	대사	【アル】へへ、やっぱし可愛い女の子のために悪い奴と戦うってのは、こたえられないね。	
06160	D1:2587:038B8	1	대사	【アル】負けちゃったけど。	
06161	D1:2587:038D6	1	대사	【シェリル】でも私、嬉しかった‥‥私なんかのために‥‥。	
06162	D1:2587:0391A	1	대사	【アル】そういう言い方はよくないぜ。	
06163	D1:2587:03942	1	대사	【アル】「私なんか」って言われると、シェリルの為にやった俺までが落ち込んじまう。	
06164	D1:2587:039C4	1	대사	【アル】ん、まぁそういう風には思って欲しくないな。	
06165	D1:2587:039FA	1	대사	【シェリル】私‥‥私、カイルと‥‥。	
06166	D1:2587:03A2A	1	대사	【アル】いいって。無理して言わなくても。	
06167	D1:2587:03A56	1	대사	【シェリル】ううん、聞いて欲しいんです。	
06168	D1:2587:03AA4	1	대사	【シェリル】フフ、私ってまだ子供だったんですね‥‥	
06169	D1:2587:03AE4	1	대사	【シェリル】ちょっと優しくされたりチヤホヤされて、喜んで‥‥。	
06170	D1:2587:03B4A	1	대사	【シェリル】私、小さい頃から勉強ばかりしていたから、すぐに舞い上がってしまって‥‥	
06171	D1:2587:03BAA	1	대사	【シェリル】その、カイルの事がたまらなく好きになってしまって‥‥。	
06172	D1:2587:03C0E	1	대사	【シェリル】でも、彼は遊びだったんですね。	
06173	D1:2587:03C46	1	대사	【シェリル】ゲームだったって言われたとき、私すごいショックだった‥‥。	
06174	D1:2587:03C9A	1	대사	【アル】なるほどね、まぁほろ苦い思い出になったな。	
06175	D1:2587:03CD0	1	대사	【シェリル】私のことを軽蔑しますか？	
06176	D1:2587:03D00	2	대사	【アル】なんでさ。	
06177	D1:2587:03D16	1	대사	【シェリル】だって‥‥私、カイルと‥‥。	
06178	D1:2587:03D4A	1	대사	【アル】はっはっは。	
06179	D1:2587:03D62	1	대사	【シェリル】な、何でしょうか？	
06180	D1:2587:03D8C	1	대사	【アル】シェリルはカイルの事を好きだったから、付き合ってたんだろう？	
06181	D1:2587:03DF2	1	대사	【アル】で、カイルのことを嫌いになったから、俺にこうして打ち明けたんだろう？	
06182	D1:2587:03E68	1	대사	【アル】だったら何も問題ないじゃないか。	
06183	D1:2587:03E94	1	대사	【シェリル】で、でも‥‥。	
06184	D1:2587:03EBA	1	대사	【アル】俺達は自由恋愛を保証されているんだぜ。	
06185	D1:2587:03EEC	1	대사	【アル】好きな奴と抱き合う、嫌いな奴と別れる、これみんな自然の摂理。	
06186	D1:2587:03F34	9	대사	【シェリル】‥‥‥‥‥‥。	
06187	D1:2587:03F5A	1	대사	【アル】好きになった事を悔やむような真似はよせよ。	
06188	D1:2587:03F90	1	대사	【アル】んなの、しょうがないだろう、理屈じゃないんだ、	
06189	D1:2587:03FCA	1	대사	【アル】好きだから好きなんだよ、わかる？	
06190	D1:2587:04018	1	대사	【アル】嫌いになったから好きになった事を悔やむなんて、切ないぜ。	
06191	D1:2587:0405C	1	대사	【アル】そんなことを言ったら、俺なんて悔恨の人生さ。	
06192	D1:2587:040B8	1	대사	【アル】へへっ、まぁそういうことだよ。	
06193	D1:2587:040E2	1	대사	【アル】好きになることなんて、誰も止められないし、止めなくてもいいんだ。	
06194	D1:2587:0412E	1	대사	【シェリル】止めなくてもいいんです{n00}か？	
06195	D1:2587:04162	1	대사	【アル】そっ。相手が人妻だろうと、俺は好きになったら突っ走るぜ。	
06196	D1:2587:041A6	1	대사	【シェリル】私も突っ走った方が、いいんでしょうか？	
06197	D1:2587:041E4	1	대사	【アル】シェリルって思い込んだら命がけってタイプだよな。	
06198	D1:2587:04220	1	대사	【シェリル】そ、そうでしょうか。	
06199	D1:2587:0424C	1	대사	【アル】あぁ。でも、シェリルみたいな可愛い子に好かれたら、男冥利に尽きるよね。	
06200	D1:2587:0429E	1	대사	【シェリル】本当ですか？	
06201	D1:2587:042C2	1	대사	【アル】えっ？{n00}何かマズい雰囲気？{n00}どうもこれは‥‥。	
06202	D1:2587:042FC	1	대사	【シェリル】私‥‥私、アルバートさんのこと‥‥。	
06203	D1:2587:04338	1	대사	【アル】えっ？いやそのあれだ、	
06204	D1:2587:0435A	1	대사	【アル】いいいいい今言ったことは皆すべて一般論であってだね、	
06205	D1:2587:0439A	1	대사	【アル】その‥‥シェリル？	
06206	D1:2587:043B8	1	대사	【シェリル】好き！	
06207	D1:2587:043D6	1	대사	【アル】ん‥‥こ、これは舌の動きがなかなか‥‥などと言っている場合じゃないぞ。	
06208	D1:2587:04428	1	대사	【シェリル】アルバートさん‥‥好き、アルバートさん‥‥。	
06209	D1:2587:0446C	2	대사	【アル】し、シェリル。	
06210	D1:2587:04486	1	대사	【シェリル】ん‥‥。	
06211	D1:2587:044A6	1	대사	【アル】彼女は、決して成熟しているとは言えないが、	
06212	D1:2587:044DC	1	대사	【アル】少女の香りの残る不器用な感じが、逆にさわやかで新鮮だ。	
06213	D1:2587:0451E	1	대사	【アル】やんわりと抱擁するだけで、彼女の動悸が伝わってくる。	
06214	D1:2587:0455E	1	대사	【アル】見た目よりも細い腰、思ったよりも大きい胸、香りのいい髪、	
06215	D1:2587:045A2	1	대사	【アル】こんな細部がたまらなく愛おしいと感じられるのは、	
06216	D1:2587:045DE	1	대사	【アル】彼女が何の計算もしていないせいだ。	
06217	D1:2587:0460C	1	대사	【アル】彼女が「好き」と言うのは、心からの言葉なんだ。	
06218	D1:2587:04646	1	대사	【シェリル】んっ‥‥あっ‥‥優しい、アルバートさん‥‥。	
06219	D1:2587:04690	1	대사	【アル】シェリル‥‥その、何だ‥‥、あんまり惚れっぽいと人生もたないよ。	
06220	D1:2587:046DC	1	대사	【シェリル】だって、さっき好きになったら突っ走れって‥‥。	
06221	D1:2587:04722	1	대사	【シェリル】アルバートさん‥‥ひょっとしたら私みたいな女の子は‥‥‥。	
06222	D1:2587:04774	1	대사	【アル】何言ってんだ。そんな意味じゃない。シェリルは最高に魅力的さ。	
06223	D1:2587:047BC	1	대사	【シェリル】‥‥うれしい‥‥アルバートさん‥‥。	
06224	D1:2587:047F8	1	대사	【アル】わかった。正直に言うよ‥‥。俺もシェリルのことが好きだよ。	
06225	D1:2587:0483E	1	대사	【シェリル】‥‥アルバートさん‥‥‥。	
06226	D1:2587:04870	1	대사	【アル】仕事にも、男にも一途な感じがシェリルの魅力さ。	
06227	D1:2587:048AA	1	대사	【シェリル】本当に？	
06228	D1:2587:048CA	1	대사	【アル】ああ、ただ‥‥。	
06229	D1:2587:04900	1	대사	【アル】一途すぎて、余裕が持てなくなってしまうところがあるんだね。	
06230	D1:2587:04946	1	대사	【シェリル】はい‥‥わかってます。わかっているんですけど‥‥	
06231	D1:2587:049A0	1	대사	【シェリル】私、本当はカイルのこと‥‥。	
06232	D1:2587:049D4	1	대사	【アル】過去のことはもういいじゃないか、シェリル‥‥。	
06233	D1:2587:04A0E	1	대사	【シェリル】違うんです。私、カイルを好きになったんじゃないんです。	
06234	D1:2587:04A5C	1	대사	【アル】ん？‥‥どういうこと？	
06235	D1:2587:04A7E	1	대사	【シェリル】カイルが私に変なコトして‥‥。	
06236	D1:2587:04AB4	1	대사	【アル】ゲェッ！‥‥変な事って‥‥まさか‥‥。	
06237	D1:2587:04AE6	1	대사	【シェリル】あっ！ちがいますっ！そんなんじゃなくて‥‥。	
06238	D1:2587:04B2A	1	대사	【アル】なに‥‥かな？	
06239	D1:2587:04B44	1	대사	【シェリル】彼、催眠術って言うか‥‥マインドコントロールの研究をしてるみたいで‥‥。	
06240	D1:2587:04BA4	1	대사	【アル】マインドコントロール？	
06241	D1:2587:04BC6	1	대사	【シェリル】はい、私なんか、格好の実験材料だったんだと思います。	
06242	D1:2587:04C12	1	대사	【アル】どんな風にやるの？‥‥それ？	
06243	D1:2587:04C3A	1	대사	【シェリル】そんなに特殊な感じじゃなくって、	
06244	D1:2587:04C74	1	대사	【シェリル】コインを揺らしてやる、例の方法なんですけど‥‥。	
06245	D1:2587:04CBE	1	대사	【アル】‥‥‥かかっちゃうワケ？	
06246	D1:2587:04CE2	2	대사	【シェリル】‥‥‥はい。	
06247	D1:2587:04D06	1	대사	【アル】で、好きになってしまうんだ。	
06248	D1:2587:04D48	1	대사	【アル】心から？	
06249	D1:2587:04D5C	1	대사	【シェリル】いえ‥‥何となく頭の隅の方では、わかっているんです。	
06250	D1:2587:04DA8	1	대사	【シェリル】でも私あんまり男の人と付き合いないから‥‥‥。	
06251	D1:2587:04DEE	1	대사	【アル】糞ったれめ！	
06252	D1:2587:04E06	1	대사	【シェリル】‥‥‥アルバートさん。	
06253	D1:2587:04E34	1	대사	【アル】こんなに純真な子を、そんな実験に使うなんて、ますます許せない野郎だ。	
06254	D1:2587:04E84	3	대사	【シェリル】‥‥‥。	
06255	D1:2587:04EA4	1	대사	【アル】シェリル。	
06256	D1:2587:04EBA	1	대사	【シェリル】あ‥‥はい。	
06257	D1:2587:04EDE	1	대사	【アル】もうこんな話はやめよう。	
06258	D1:2587:04F2E	1	대사	【アル】おいで‥‥、	
06259	D1:2587:04F46	1	대사	【シェリル】‥‥あっ‥‥‥。	
06260	D1:2587:04F6E	1	대사	【アル】今は、こうして２人でいるだけでいいじゃないか。	
06261	D1:2587:04FA8	1	대사	【シェリル】‥‥はい‥。	
06262	D1:2587:04FE6	1	대사	【シェリル】あったかい‥‥。	
06263	D1:2587:0500E	1	대사	【アル】柔らかくて気持ちいいや‥‥‥。	
06264	D1:2587:05038	1	대사	【シェリル】そ‥そうですか‥‥。	
06265	D1:2587:05064	5	대사	【アル】‥‥‥‥‥。	
06266	D1:2587:050C6	1	대사	【アル】‥‥シェリル‥‥‥。	
06267	D1:2587:05108	1	대사	【アル】‥‥シェリル‥‥‥。{n00}あれ？　寝ちゃったかな？	
06268	D1:2587:0515A	1	대사	【アル】‥‥シェリル‥‥‥。寝ちゃったぞ、この子。	
06269	D1:2587:05190	1	대사	【アル】ま、でもそんな所が、かわいいや。	
06270	D1:2587:051BC	1	대사	【シェリル】スーー‥‥‥‥。	
06271	D1:2587:051E4	1	대사	【アル】‥‥。	
06272	D1:2587:051F6	1	대사	【アル】しかし、いつまでもこんなコトしていても埒があかないな。	
06273	D1:2587:05238	1	대사	【アル】ようし、ちょっとくすぐっちゃえ。	
06274	D1:2587:05264	1	대사	【シェリル】‥‥ん‥ぅぅん‥。	
06275	D1:2587:0528E	1	대사	【アル】可愛い声で鳴くなぁ。じゃあこの可愛い鼻をつまんだら‥‥。	
06276	D1:2587:052F0	1	대사	【アル】まだかな。	
06277	D1:2587:05306	1	대사	【シェリル】‥‥‥‥‥‥‥‥‥‥‥。	
06278	D1:2587:0532E	1	대사	【アル】お、おかしいな。	
06279	D1:2587:0534A	1	대사	【シェリル】‥‥‥‥‥‥‥‥‥‥‥‥‥‥‥‥‥‥‥‥。	
06280	D1:2587:05384	1	대사	【アル】だ、大丈夫か‥‥‥‥‥‥パッ！	
06281	D1:2587:053AE	1	대사	【シェリル】スーーーー。	
06282	D1:2587:053D2	1	대사	【アル】なんとなく、ホッ。このまま息を引き取ったらシャレになんないぜ。	
06283	D1:2587:05436	1	대사	【アル】よし、じゃあこのクリクリした髪の毛の先で‥‥ホジホジホジと。	
06284	D1:2587:0549C	1	대사	【アル】もうちょっとかな。ホジホジホジホジホジホジ。	
06285	D1:2587:054D4	1	대사	【シェリル】クシュン！	
06286	D1:2587:05526	1	대사	【アル】俺はいったい何をやってるんだろうか。	
06287	D1:2587:05566	1	대사	【アル】うわっ‥‥な、なんだまた腕時計か。なんでセットなんかしたんだっけ？	
06288	D1:2587:055CE	1	대사	【アル】あっ、そういえば‥‥{n00}確かカズミさんと‥‥{n00}{s00}あぁぁ！！	
06289	D1:2587:05612	1	대사	【アル】シィーーーーー‥‥‥‥‥‥。	
06290	D1:2587:0563A	1	대사	【アル】よし、起きる気配は無いみたいだな。	
06291	D1:2587:05668	1	대사	【アル】こんなところでウダウダしている時間はなかった。	
06292	D1:2587:056A2	1	대사	【アル】カズミさんが、重要な情報をリークしてくれるんだ。	
06293	D1:2587:056DE	1	대사	【アル】確か場所は‥‥飛行場の格納庫だったっけな。	
06294	D1:2587:05714	1	대사	【アル】そーっと、そーっと。	
06295	D1:2587:05734	1	대사	ドタッ！！！	
06296	D1:2587:0574C	1	대사	【アル】ッテテテ‥‥お約束のズッコケをしてしまった‥‥。	
06297	D1:2587:057A2	1	대사	【アル】まだ寝てるよ、繊細そうに見えて、	
06298	D1:2587:057CE	1	대사	【アル】意外に大ざっぱというか、ふてぶてしいというか‥‥。	
06299	D1:2587:0580C	1	대사	【アル】まぁそんなことはどうでもいい。	
06300	D1:2587:05844	1	대사	【アル】ここは３階だ。	
06301	D1:2587:0585E	1	대사	【アル】特に用はないんだけどな‥‥。	
06302	D1:2587:05894	1	대사	【アル】ここは３階だ。さて、どうするか。	
06303	D1:2587:058CA	1	대사	【アル】へぇ、ここがカズミさんの部屋か。何もないね。	
06304	D1:2587:05902	1	대사	【カズミ】私もここに来てから、まだ３日しかたっていないのよ。	
06305	D1:2587:0594A	1	대사	【アル】それもそうだ‥‥でも大丈夫かい、着替えを手伝おうか？	
06306	D1:2587:0598A	2	대사	【カズミ】ぶつわよ。	
06307	D1:2587:059C4	1	대사	【アル】（ふぅ、俺の勘はどうやら当たったようだな。問題は、これからだぜ。）	
06308	D1:2587:05A12	1	대사	【カズミ】おまたせ。	
06309	D1:2587:05A38	1	대사	【カズミ】ラフな格好で失礼するわ。	
06310	D1:2587:05A66	1	대사	【アル】い、いやその‥‥ラフな格好、大歓迎。	
06311	D1:2587:05AA4	8	대사	【アル】ここは宿舎の３階だ。	
06312	D1:2587:05AC4	2	대사	【アル】レイアウトは似ているが、宿舎の２階と３階なんだ、当然と言えば当然だ。	
06313	D1:2587:05B6C	1	대사	【アル】２階とよく似ているが、まじまじと見ると‥‥‥‥‥‥似ているな。	
06314	D1:2587:05BC4	1	대사	【アル】ここは３階だ。誰もいないようだが‥‥。	
06315	D1:2587:05BF6	1	대사	【アル】何で３階なんかに来たんだろうな、俺は。	
06316	D1:2587:05CFE	1	대사	【アル】レイアウトは似ているが、同じ建物の２階と３階なんだ、当然と言えば当然だ。	
06317	D1:2587:05D60	1	대사	【アル】ここは宿舎の３階だが‥‥{s00}おや？	
06318	D1:2587:05D8C	1	대사	【アル】通路の影にいるのは‥‥カズミさんと、あともう１人の男は‥‥。	
06319	D1:2587:05DD4	1	대사	【アル】何を話しているんだろうな‥‥あっ、やばい。	
06320	D1:2587:05E14	1	대사	【ゲーツ】ん、君は確か‥‥。	
06321	D1:2587:05E3C	1	대사	【アル】アルバートです。	
06322	D1:2587:05E58	1	대사	【ゲーツ】立ち聞きかね、あまり行儀が良いとは言えないな。	
06323	D1:2587:05E9C	1	대사	【アル】いや、たった今来たところで、聞く余裕なんて、ありませんでしたよ。	
06324	D1:2587:05EE8	1	대사	【ゲーツ】フフン、まぁいい‥‥で、どうかね、ティーナの保護者クン。彼女はその後？	
06325	D1:2587:05F44	1	대사	【アル】ええ、すこぶるいい調子みたいです。	
06326	D1:2587:05F72	1	대사	【ゲーツ】そうか、それはなによりだな。	
06327	D1:2587:05FA4	1	대사	【アル】（もっとも、調子が良すぎるってのが問題なんだが‥‥。）	
06328	D1:2587:05FE6	1	대사	【アル】カズミさんとはお知り合いですか？	
06329	D1:2587:06012	1	대사	【ゲーツ】知り合い？　ふむ、知り合いと言えなくはないな、知らないお嬢さんではないし。	
06330	D1:2587:06088	1	대사	【ゲーツ】では失礼するよ。	
06331	D1:2587:060BC	1	대사	【アル】確か‥‥{n00}メディカルセンターの責任者だったな‥‥。	
06332	D1:2587:060FA	1	대사	【アル】カズミさんと何を話していたんだろう。	
06333	D1:2587:06156	1	대사	【アル】やぁ、カズミさん。{n00}ドクターゲーツと何の話{n00}を？	
06334	D1:2587:06192	1	대사	【カズミ】これだから新聞記者という輩は‥‥。	
06335	D1:2587:061CA	1	대사	【アル】えっ、何ですか？	
06336	D1:2587:061E6	1	대사	【カズミ】アルバート、あなた自室謹慎ではなかったの？	
06337	D1:2587:06226	1	대사	【アル】だって腹が減ったから、ラウンジで何か食べたかったのさ。	
06338	D1:2587:06268	1	대사	【アル】もしかして、何も喰うなとは、言わないよね。	
06339	D1:2587:0629E	1	대사	【カズミ】‥‥なぜ３階に？	
06340	D1:2587:062C4	1	대사	【アル】エレベータで間違えて３階まで来てしまったんだ。	
06341	D1:2587:06316	1	대사	【アル】申し訳ない、じゃあ部屋に戻ろうかな。	
06342	D1:2587:06346	1	대사	【カズミ】アルバート、あなた何か知っているんじゃなくて？	
06343	D1:2587:0638A	1	대사	【アル】知っている？　俺は何も知らないさ。	
06344	D1:2587:063B8	1	대사	【カズミ】嘘おっしゃい。では何故ティーナを海に連れていったの？	
06345	D1:2587:06402	1	대사	【アル】え、ティーナ？　それは一緒に泳ぎたいって、せがんだから‥‥。	
06346	D1:2587:06462	1	대사	【アル】なに恐い顔をしてるんだよ、本当だぜ。	
06347	D1:2587:064A0	1	대사	【アル】あっ‥‥‥‥。	
06348	D1:2587:064D0	1	대사	【アル】どうも胡散臭いな。あのお嬢さん、俺をどうやら過大評価しているようだが‥‥。	
06349	D1:2587:0653C	1	대사	【アル】うーん、臭い。臭いな、何か燃えてくるモノがあるぞ。	
06350	D1:2587:0657A	1	대사	【アル】俺のハートに火をつけてしまったようだな‥‥ふっふっふ。	
06351	D1:2587:065EA	1	대사	【アル】昨日と同様、人の姿はほとんど見えない‥‥。	
06352	D1:2587:0664E	2	대사	【アル】２階と同じく、職員の個室が集まっている。	
06353	D1:2587:06716	1	대사	【アル】なんだ、そんなに静かな雰囲気を味わいたいのか？	
06354	D1:2587:06750	1	대사	【アル】わぁぁぁーーーーっっ！！	
06355	D1:2587:06774	1	대사	わぁぁぁ‥‥あぁぁ‥‥ぁぁぁ‥‥ぁぁ‥‥‥‥。	
06356	D1:2587:067A6	1	대사	【アル】フフン、静寂を壊してやったぜ。	
06357	D1:2587:067D0	3	대사	【アル】あたりはシンと静まっているな。	
06358	D1:2587:067FA	1	대사	【アル】この宿舎には俺とティーナしか住んでいないんだからな、	
06359	D1:2587:0683A	1	대사	【アル】当たり前といえば当たり前だ。	
06360	D1:2587:06862	1	대사	【アル】ごく普通のドアだ。壁に描いた絵ということは無い。	
06361	D1:2587:0689E	1	대사	【アル】ドアだな。ただし、このドアにはカギがかかっているぜ。	
06362	D1:2587:068DE	1	대사	【アル】その他のドアにも、ほとんどにカギがかかっていて入ることはできない。	
06363	D1:2587:0693E	6	대사	【アル】よし、２階に行くか。	
06364	D1:2587:06964	3	대사	【アル】よし、ホールに行ってみるか。	
06365	D1:2587:069EE	1	대사	【アル】ここの宿舎には、恐らく誰もいないような気がする。	
06366	D1:2587:06A2A	2	대사	【アル】《デザイア》の職員のほとんどは、昨日の便に乗っていってしまった。	
06367	D1:2587:06A76	1	대사	【アル】そして今は、残りの職員すらもいなくなってしまった‥‥。	
06368	D1:2587:06AB8	1	대사	【アル】ひょっとしたら俺を残して帰っちゃったのかな‥‥。	
06369	D1:2587:06AF4	5	대사	【アル】ごく普通のドアだ。壁に書いた絵ということは無い。	
06370	D1:2587:06B30	5	대사	【アル】造りは２階と同じだが、{n00}ネームプレートは当然違うようだ。	
06371	D1:2587:06B74	1	대사	【アル】もっとも、今はどの部屋にも人はいないようだが。	
06372	D1:2587:06BC0	2	선택지	　シェリルの部屋	
06373	D1:2587:06BD2	3	선택지	　カズミの部屋	
06374	D1:2587:06C36	2	대사	【アル】シェリル、いるのかな？	
06375	D1:2587:06C8E	1	대사	【アル】いないようだ。予想はしていたけどな‥‥。	
06376	D1:2587:06CC2	2	대사	【アル】カズミさんは‥‥部屋にはいないぜ。	
06377	D1:2587:06CF0	2	대사	【アル】そして、もう戻ってくることもないだろう‥‥。	
06378	D1:2587:06D88	1	대사	【アル】ここの宿舎に残っている人は、恐らくほんのわずかしかいないだろう‥‥。	
06379	D1:2587:06E24	1	대사	【アル】今日はいつにも増して静寂感を感じる‥‥。	
06380	D1:2587:06ED8	1	대사	【アル】もっとも、今はほとんどの部屋に人はいないはずだが。	
06381	D1:2587:07076	1	대사	【アル】カズミさんとは確か‥‥格納庫で待ち合わせだったな。	
06382	D1:2587:070B4	1	대사	【アル】よし、格納庫に行くぞ。{n00}そーっと。	
06383	D1:2587:070F8	1	선택지	　ベッドの中	
06384	D1:2587:07106	1	대사	【アル】よし、飛行場に行くぞ。格納庫では、カズミさんが待っているはずだ。	
06385	D1:2587:07158	1	대사	【アル】また今度にしようぜ。今は飛行場に行くべきだ。	
06386	D1:2587:07190	1	대사	【アル】やっぱり、シェリルの横で寝たいなぁ。	
06387	D1:2587:071C0	1	대사	【アル】じゃあ、ちょっとこの手をのけてと‥‥。	
06388	D1:2587:071F2	1	대사	バキィッ！！！{s00}{n00}ドタァッ！！！	
06389	D1:2587:0721E	1	대사	【アル】ッテテテ‥‥{n00}こ、今度はチョップか。	
06390	D1:2587:0724E	1	대사	【アル】し、シェリル、わざとやってるんじゃないの？	
06391	D1:2587:07284	1	대사	【シェリル】‥‥‥‥‥‥‥‥‥‥。	
06392	D1:2587:072AA	1	대사	【アル】んー、まぁいいか。ベッドを追い出されたついでだ、飛行場に行こう。	
06393	D1:2587:072F6	1	대사	【アル】そうだ、俺はシェリルの横で寝たかったんだ。	
06394	D1:2587:0732C	1	대사	【アル】ゴソゴソ‥‥んー、暖かいな。	
06395	D1:2587:07354	1	대사	ゴンッ！‥‥‥‥‥‥{n00}{s00}ドタッ！！	
06396	D1:2587:07382	1	대사	【アル】イテテ‥‥肘テツを喰らったぞ。い、意外に寝相も悪いんだな、シェリルって。	
06397	D1:2587:073EC	1	대사	【アル】こんなことをしている場合じゃなかったな。	
06398	D1:2587:07456	2	대사	【アル】あたりはシンと静まっているな。やっぱり昨日と同じみたいだ。	
06399	D1:2587:0751C	3	대사	【アル】しかしこういうドアとチャイムを見ると、	
06400	D1:2587:0754E	3	대사	【アル】チャイムを押してワーって駆け出したくなるな。	
06401	D1:2587:075CC	3	대사	【アル】よし、ホールに戻ろう。	
06402	D1:2587:075F4	1	대사	【アル】カズミさんの部屋に行くのか？	
06403	D1:2587:07638	1	대사	【アル】カズミさん‥‥いるかい？	
06404	D1:2587:0768C	1	대사	【アル】今カズミさんの部屋から出てきたばかりだぜ。	
06405	D1:2587:076C2	1	대사	【アル】戻る必要はないだろう。	
06406	D1:2587:07720	1	선택지	　足	
06407	D1:2587:07726	1	선택지	　下着	
06408	D1:2587:0772E	1	대사	【アル】女性の部屋らしい小物とか調度が置いていないせいか、	
06409	D1:2587:0776C	1	대사	【アル】いくぶん殺伐とした雰囲気だ。	
06410	D1:2587:07794	1	대사	【アル】もっとも今は、目の前にカズミさんがいる。	
06411	D1:2587:077C8	1	대사	【アル】部屋の間取りは、俺の部屋とほとんど変わらないな。	
06412	D1:2587:07804	1	대사	【アル】まぁ当然と言えば当然なんだが‥‥。	
06413	D1:2587:07832	1	대사	【カズミ】廊下のこちらとあちら側で、間取りが正反対になるみたいね。	
06414	D1:2587:07880	1	대사	【アル】自室のせいか、ラフな格好をしているな。まことに良いことではあるが。	
06415	D1:2587:078CE	1	대사	【カズミ】ジロジロみないで頂戴ね。	
06416	D1:2587:078FC	1	대사	【アル】水色のタンクトップに、スカートか‥‥。	
06417	D1:2587:0792E	1	대사	【アル】ピシッとスーツを着こなすカズミさんもいいが、	
06418	D1:2587:07966	1	대사	【アル】こうしてラフな格好をするカズミさんも、悪くはないな。	
06419	D1:2587:079A6	1	대사	【カズミ】フフ、ありがとう。	
06420	D1:2587:079CE	1	대사	【アル】その腕輪は？	
06421	D1:2587:079E6	1	대사	【カズミ】お爺さまから戴いたの‥‥私の宝物の１つよ。	
06422	D1:2587:07A26	1	대사	【アル】へぇ、宝物と言えば金と玉に決まっている。あわせて‥‥。	
06423	D1:2587:07A68	1	대사	【カズミ】もうその先は言わなくていいわ。	
06424	D1:2587:07A9C	1	대사	【アル】で、でも傷の為とはいえ、あんなに足をあげたら、あげたら‥‥あげたら‥‥。	
06425	D1:2587:07AF0	1	대사	【カズミ】アルバート、鼻の下が６０センチくらいになっているわよ。	
06426	D1:2587:07B3C	1	대사	【アル】長くすらりとした足先に、白い包帯が巻いてある。	
06427	D1:2587:07B76	1	대사	【アル】海辺で怪我をしたためだが‥‥包帯がちょっと痛々しいな‥‥。	
06428	D1:2587:07BBC	1	대사	【カズミ】大したことなかったわね。傷も深くはないし、応急手当で十分事足りたわ。	
06429	D1:2587:07C16	1	대사	【アル】あまり下着を見ると感づかれるからな、やめておこう。	
06430	D1:2587:07C54	1	대사	【カズミ】もう感づいているわよ。	
06431	D1:2587:07C80	1	대사	【アル】下着は青と白の縞模様か‥‥。	
06432	D1:2587:07CA8	1	대사	【アル】もうちょっと、もうちょっと足を上げると‥‥うーん、もうちょっと。	
06433	D1:2587:07CF4	1	대사	【カズミ】腹這いになって何をしているのよ。	
06434	D1:2587:07D2A	1	대사	【アル】い、いや‥‥おぉ、この絨毯の色がまたいいですな。	
06435	D1:2587:07D66	1	대사	【カズミ】絨毯なんて無いじゃない。	
06436	D1:2587:07D94	1	대사	【アル】うむ、無い。	
06437	D1:2587:07DBA	1	대사	【アル】じゃあ。	
06438	D1:2587:07DCE	1	대사	【カズミ】えぇ、夜の１０時よ、遅れないで。	
06439	D1:2587:07E04	1	대사	【アル】わかってるって‥‥。	
06440	D1:2587:07E52	1	대사	【アル】早くメディカルセンターとやらに、行ってみようぜ。	
06441	D1:2587:07E8E	1	대사	【アル】部屋を出るのはもうちょっと待ってあげよう。	
06442	D1:2587:07EC4	1	대사	【カズミ】別に、待って貰う必要はないわ。	
06443	D1:2587:07EF8	1	대사	【アル】う、ウソですウソ。待ちたいんです、実は。	
06444	D1:2587:07F2C	3	대사	【アル】では。	
06445	D1:2587:07F3E	1	대사	【カズミ】そこはベッドよ、どうするつもり？	
06446	D1:2587:07F74	1	대사	【アル】カム・ヒヤー。	
06447	D1:2587:07F8E	1	대사	【カズミ】この重い目覚まし時計を、投げて欲しいわけ？	
06448	D1:2587:07FCE	1	대사	【アル】へい、すんません。（カズミさん、目がマジだぜ。）	
06449	D1:2587:0801C	1	대사	【カズミ】そこは窓よ、飛び降りるつもり？	
06450	D1:2587:08050	1	대사	【アル】はは、俺の真摯な気持ちを分かって欲しくてね。	
06451	D1:2587:08088	1	대사	【カズミ】本当に大丈夫かしら‥‥。	
06452	D1:2587:080C8	1	대사	【カズミ】そこはバスルームよ。	
06453	D1:2587:080F2	1	대사	【アル】いやぁ、綺麗な身体をカズミさんに見てもらいたくて。	
06454	D1:2587:08130	1	대사	【カズミ】ときどき、訳のわからない行動をとるわね、あなた。	
06455	D1:2587:08180	1	대사	【カズミ】じゃあ今日の夜に。	
06456	D1:2587:081BA	1	대사	【アル】とりあえず俺は、そのエレナって女性にアタックしてみる。	
06457	D1:2587:081FC	1	대사	【カズミ】ナンパなんか、するんじゃないわよ。	
06458	D1:2587:08234	1	대사	【アル】バカにするなよ。じゃあとりあえず、メディカルセンターの場所を教えてくれ。	
06459	D1:2587:08288	1	대사	【カズミ】知らなかったの？	
06460	D1:2587:082AE	1	대사	【アル】俺は病院の場所なんて、覚えたためしがないんだ。どうせ行きやしないんだし。	
06461	D1:2587:08302	1	대사	【カズミ】健康はいいことね。	
06462	D1:2587:0832A	1	대사	【アル】さっ、教えてくれ。	
06463	D1:2587:08348	1	대사	【カズミ】わかったわ、簡単に地図を書くけど‥‥。	
06464	D1:2587:08386	1	대사	【カズミ】でも、もしかしたらエレナはここ《デザイア》を脱出してしまうかも知れない。	
06465	D1:2587:083E6	1	대사	【アル】そ、そうしたらティーナはどうなる？	
06466	D1:2587:08414	1	대사	【カズミ】わからないわ。	
06467	D1:2587:08438	1	대사	【アル】なんだよそれは！　まるっきりわからないってことじゃないか。	
06468	D1:2587:0847E	3	대사	【カズミ】そうね。	
06469	D1:2587:0849C	1	대사	【アル】いいよ、その地図を貸して。	
06470	D1:2587:084C2	1	대사	【カズミ】メディカルセンターへ行ってみるの？	
06471	D1:2587:084FA	1	대사	【アル】とにかく、そのエレナに会ってみるさ。そして聞く。	
06472	D1:2587:08536	1	대사	【カズミ】フフ、本当に直情的ね、あなたって。	
06473	D1:2587:0856E	1	대사	【アル】別にいいだろう？　俺はこういう性格さ。	
06474	D1:2587:085A0	1	대사	【カズミ】うらやましいわ‥‥。	
06475	D1:2587:085CA	1	대사	【アル】なぁ、カズミさん。	
06476	D1:2587:085E8	1	대사	【カズミ】なに、あらたまって。	
06477	D1:2587:08612	1	대사	【アル】カズミさんがそんな重い責務を担っていたとは、知らなかった。	
06478	D1:2587:08658	1	대사	【アル】今までの不躾な言動は、許して欲しい。	
06479	D1:2587:08688	1	대사	【カズミ】そんなこと‥‥別にいいわよ。	
06480	D1:2587:086BA	1	대사	【アル】いや、それだけを言っておきたかった。じゃあ俺は行くぜ。	
06481	D1:2587:086FC	1	대사	【カズミ】フフ、わかったわ。{n00}アルバート、	
06482	D1:2587:08734	1	대사	【カズミ】事がうまく運んだら、一度くらいデートしましょう。	
06483	D1:2587:0877C	1	대사	【アル】おっ、いいねぇ。新品の下着を着て行くぜ。	
06484	D1:2587:087B0	1	대사	【カズミ】フフ、本当に面白い人ね。	
06485	D1:2587:087DE	1	대사	【カズミ】あなたはこれからどうするの？	
06486	D1:2587:08812	1	대사	【カズミ】今日来た連絡便で、職員のほとんどを運んでしまうわ。	
06487	D1:2587:0885C	1	대사	【アル】俺は‥‥残る。	
06488	D1:2587:08876	1	대사	【カズミ】わかったわ、ではそう出来るよう取り計らってあげる。恋人さんとは？	
06489	D1:2587:088CC	1	대사	【アル】あぁ、マコトのことか。よくわからないんだ、あいつ何を考えているのか‥‥。	
06490	D1:2587:08920	1	대사	【カズミ】そう、一緒に出られるとは限らないのね。	
06491	D1:2587:0895C	1	대사	【アル】すまない‥‥ティーナを見つけるまで、ここを出られない。	
06492	D1:2587:0899E	1	대사	【カズミ】ティーナ‥‥あの子は危険よ。	
06493	D1:2587:089D0	1	대사	【アル】危険って、まさか昨日の昼頃、俺のところに電話をかけてきたのは‥‥。	
06494	D1:2587:08A1E	1	대사	【カズミ】ええ、私よ。	
06495	D1:2587:08A40	1	대사	【アル】どういうことだよ。	
06496	D1:2587:08A5E	1	대사	【カズミ】私もまだ確証を得ていない‥‥。	
06497	D1:2587:08A94	1	대사	【カズミ】でも、今日の夜までには多分はっきりするはずよ。	
06498	D1:2587:08ADA	1	대사	【アル】ティーナの居場所が？	
06499	D1:2587:08AFA	1	대사	【カズミ】居場所はわからないわ。ただ、私はクリスティの方向から調べていたの。	
06500	D1:2587:08B52	1	대사	【アル】調べるって、{n00}どういうこと？	
06501	D1:2587:08B7A	1	대사	【カズミ】だから、まだ確証はないの。ただ、キーはあの女性ね。	
06502	D1:2587:08BC2	1	대사	【アル】クリスだろう。	
06503	D1:2587:08BDC	1	대사	【カズミ】エレナという人よ。	
06504	D1:2587:08C04	1	대사	【アル】エレナって‥‥メディカルセンターの女の子かい？	
06505	D1:2587:08C3E	1	대사	【カズミ】知っていたの‥‥でも今はそこまでしか言えないわ。	
06506	D1:2587:08C84	1	대사	【アル】なんだよ、それは。今教えてくれたって‥‥。	
06507	D1:2587:08CBA	1	대사	【カズミ】今日の夜までに解析が終了するわ、その時に‥‥。	
06508	D1:2587:08CFE	1	대사	【アル】解析って？	
06509	D1:2587:08D14	1	대사	【カズミ】その時に話すわ。	
06510	D1:2587:08D3A	1	대사	【アル】‥‥‥‥。（これじゃヘビの生殺しってやつだな。）	
06511	D1:2587:08D76	1	대사	【カズミ】そうね、ＦＡＸ送信機のある格納庫で会いましょう。	
06512	D1:2587:08DBC	1	대사	【アル】格納庫‥‥。	
06513	D1:2587:08DD4	1	대사	【カズミ】ええ、整備士の子には私から言っておくわ。	
06514	D1:2587:08E14	1	대사	【カズミ】そうね、夜の１０時頃ではどうかしら？	
06515	D1:2587:08E50	1	대사	【アル】今から４時間後くらいか‥‥わかった。じゃあその時に‥‥。	
06516	D1:2587:08E94	1	대사	【カズミ】わかったことを話すわ。あなたはそこで記事におこし、即編集部へＦＡＸする。	
06517	D1:2587:08EF2	1	대사	【アル】いいだろう。	
06518	D1:2587:08F0A	1	대사	【アル】なぁ、もう１つだけ聞いていいかな。	
06519	D1:2587:08F38	1	대사	【カズミ】どうぞ。	
06520	D1:2587:08F56	1	대사	【アル】なぜ俺にそこまで話した。	
06521	D1:2587:08F7A	1	대사	【カズミ】フフ‥‥そうね、あなたの事が気に入ったから。	
06522	D1:2587:08FBC	1	대사	【アル】回答になってないぜ。	
06523	D1:2587:08FDC	1	대사	【カズミ】私はね、もう先が長くはないの。	
06524	D1:2587:09010	1	대사	【アル】えっ‥‥{n00}じょ、冗談だろう？	
06525	D1:2587:09038	1	대사	【カズミ】冗談よ。	
06526	D1:2587:09056	1	대사	【アル】なーんだ、脅かすなよ。	
06527	D1:2587:09078	1	대사	【カズミ】フフ、冗談というのは冗談よ。	
06528	D1:2587:090AA	1	대사	【アル】ど、どっちだよ。	
06529	D1:2587:090C6	1	대사	【カズミ】詳しい話をしてもわからないでしょうけど、私は重度の遺伝子病なのよ。	
06530	D1:2587:09138	1	대사	【カズミ】私も、まさに今のステラ教授が開発している装置と、	
06531	D1:2587:09180	1	대사	【カズミ】同コンセプトのものをつくりだそうとしていた‥‥無論、平和利用としてね。	
06532	D1:2587:091DE	1	대사	【アル】もしかすると‥‥そのために？	
06533	D1:2587:09206	1	대사	【カズミ】そうね、でも私の身体なんかはどうでもいいの。私はね、アルバート。	
06534	D1:2587:0925C	1	대사	【アル】ああ‥‥。	
06535	D1:2587:09272	1	대사	【カズミ】ステラ教授が開発した反応装置の概要を聞き、そして目の当たりにしたとき、	
06536	D1:2587:092D0	1	대사	【カズミ】感動を覚えたわ。そして彼女とあの装置に嫉妬すら覚えた。	
06537	D1:2587:09334	1	대사	【カズミ】私に出来なかったことをやり遂げ、	
06538	D1:2587:0936C	1	대사	【カズミ】そして私が一番危惧することをやり遂げようとする女性にね。	
06539	D1:2587:093BC	1	대사	【アル】あ、後どれくらいなんだ？	
06540	D1:2587:093E0	1	대사	【カズミ】研究完成まで？	
06541	D1:2587:09404	1	대사	【アル】違う。カズミさんの余命さ。	
06542	D1:2587:0942A	1	대사	【カズミ】そうね‥‥あと１分かしら。	
06543	D1:2587:0946A	1	대사	【カズミ】ウソよ。フフ、私ってどうも冗談が上手くないらしいわね。	
06544	D1:2587:094B8	1	대사	【カズミ】あと１か月は生きられるかも‥‥うまくいけばね。	
06545	D1:2587:09514	1	대사	【カズミ】だから、誰かに知っておいて欲しかった。	
06546	D1:2587:09552	1	대사	【カズミ】お爺さまも、もう先が長くはないわ。だから‥‥。	
06547	D1:2587:095B0	1	대사	【カズミ】ごめんさい、アルバート。結果的にあなたを利用することになってしまうわ。	
06548	D1:2587:0960C	1	대사	【アル】別にそれは構わないが‥‥。	
06549	D1:2587:09632	2	대사	ポーン‥‥。	
06550	D1:2587:0965A	1	대사	【カズミ】しっ、放送よ。	
06551	D1:2587:0967E	1	대사	【放送の声】注意して聞いて下さい。	
06552	D1:2587:096A4	2	대사	【放送の声】諸種の事情により、ここ《デザイア》を一時的に放棄することになりました。	
06553	D1:2587:09718	1	대사	【カズミ】静かに。	
06554	D1:2587:09736	2	대사	【放送の声】現在飛行場に大型の連絡便が到着しています。	
06555	D1:2587:09770	2	대사	【放送の声】第１班から３班まではそれに乗り、ここ《デザイア》を辞して下さい。	
06556	D1:2587:097C0	2	대사	【放送の声】これは最優先事項です‥‥繰り返します、諸種の事情により‥‥。	
06557	D1:2587:0980C	1	대사	【アル】これがカズミさんの仕掛けたバクチかい？	
06558	D1:2587:0983E	1	대사	【カズミ】そうね、ここまではいいわ。	
06559	D1:2587:0986E	1	대사	【アル】これからは？	
06560	D1:2587:09886	1	대사	【カズミ】どうなるのかしら‥‥。	
06561	D1:2587:098C8	1	대사	【アル】そうだ、クリスのことを聞かせて貰えるかい？	
06562	D1:2587:09916	1	대사	【アル】言えないのか。	
06563	D1:2587:09930	1	대사	【カズミ】いいわ‥‥彼女はね、実験サンプルとして荷担していたのよ。	
06564	D1:2587:0997E	1	대사	【アル】じ、実験って‥‥。	
06565	D1:2587:0999C	1	대사	【カズミ】言葉通りの意味よ。自らの身体を提供していたのね。	
06566	D1:2587:099E2	1	대사	【アル】そんなことをするメリットって、何さ。	
06567	D1:2587:09A12	1	대사	【カズミ】わからないわ、何らかの見返りがあったから、なのでしょうね。	
06568	D1:2587:09A62	1	대사	【アル】（ま、まさか‥‥ここで働いている理由というのが‥‥。）	
06569	D1:2587:09AA4	1	대사	【カズミ】彼女は自分の目先の利益と、自分の身体を天秤にかけたとき、	
06570	D1:2587:09AF4	1	대사	【カズミ】目先の利益に比重をおいた訳。	
06571	D1:2587:09B28	1	대사	【アル】そんな‥‥。	
06572	D1:2587:09B40	1	대사	【カズミ】私はむしろ彼女を助けてあげたのよ。	
06573	D1:2587:09B7A	1	대사	【カズミ】彼女はもう後戻りできないところまで来ていた‥‥。	
06574	D1:2587:09BC2	1	대사	【アル】で、天国へご辞退願ったと。	
06575	D1:2587:09BE8	1	대사	【カズミ】あなたが非難するのはわかるわ、実際クリスティはいい女性だったんでしょうね。	
06576	D1:2587:09C5E	1	대사	【カズミ】そして、もしかすると、軽い感覚で誰かに協力をしていただけなのかもしれない。	
06577	D1:2587:09CBE	1	대사	【アル】誰かって、誰さ。	
06578	D1:2587:09CDA	1	대사	【カズミ】わからないわ‥‥ステラ教授かもしれないし、違う人かもしれない‥‥。	
06579	D1:2587:09D34	1	대사	【カズミ】証拠もないし確信もないわ。	
06580	D1:2587:09D66	1	대사	【アル】クリスが‥‥証拠は？	
06581	D1:2587:09D86	1	대사	【カズミ】彼女自身との会話を、思い起こしてみたらどうかしら。	
06582	D1:2587:09DCE	1	대사	【アル】彼女が‥‥信じられ無いな。	
06583	D1:2587:09DF4	1	대사	【カズミ】感情ではそうかもね。じゃあ理屈では？	
06584	D1:2587:09E44	1	대사	【アル】結局、ここでの研究ってのは、Ｂ兵器というやつ？	
06585	D1:2587:09E7E	1	대사	【カズミ】そうね‥‥具体的なものはわからないけど、	
06586	D1:2587:09EBE	1	대사	【カズミ】生物のＤＮＡを操作するという基本コンセプトまでは、	
06587	D1:2587:09F08	1	대사	【カズミ】提出された書類で確認しているわ。	
06588	D1:2587:09F40	1	대사	【アル】悪いな‥‥そうすると、どうなるんだい？	
06589	D1:2587:09F72	1	대사	【カズミ】ＤＮＡというのは、	
06590	D1:2587:09F9C	1	대사	【カズミ】遺伝機構の本体として情報の保存や、複製に関与する核酸のことよ。	
06591	D1:2587:09FF2	1	대사	【アル】それくらいは何とかわかるが‥‥。	
06592	D1:2587:0A01E	1	대사	【カズミ】教授が開発した反応装置は、	
06593	D1:2587:0A050	1	대사	【カズミ】ＤＮＡの４塩基配列をダイナミックに変更できる画期的な装置‥‥。	
06594	D1:2587:0A0A6	1	대사	【アル】その装置を利用すると、どうなるんだい？	
06595	D1:2587:0A0D8	1	대사	【カズミ】そうね‥‥例えばアル、	
06596	D1:2587:0A106	1	대사	【カズミ】あなたを女にすることもできるし、あなたを老人にすることもできるわ。	
06597	D1:2587:0A160	1	대사	【アル】あの装置は性転換装置だったのか‥‥。	
06598	D1:2587:0A190	1	대사	【カズミ】バカね、それはあくまで一例でしかないわ。	
06599	D1:2587:0A1CE	1	대사	【アル】じゃあ、どういう風に兵器として活用できるのさ。	
06600	D1:2587:0A208	1	대사	【カズミ】例えば、地球上に現存しない生物をつくり出すことも可能だわ。	
06601	D1:2587:0A258	1	대사	【アル】地球上に存在しない生物‥‥怪獣とか？	
06602	D1:2587:0A288	1	대사	【カズミ】それではコミックよ。	
06603	D1:2587:0A2B4	1	대사	【カズミ】具体的には対処不能なウイルスをつくりだし、敵国へばらまく。	
06604	D1:2587:0A31C	1	대사	【カズミ】治療法がなく、強力なウイルスなのだから、数日で全滅するでしょうね。	
06605	D1:2587:0A38A	1	대사	【カズミ】あの装置の凄いところは、生物の成体をも、	
06606	D1:2587:0A3CA	1	대사	【カズミ】ダイナミックに遺伝情報と同時に変更してしまうところにあるの。	
06607	D1:2587:0A41E	1	대사	【アル】それってつまり‥‥？	
06608	D1:2587:0A43E	1	대사	【カズミ】つまりあなたのコピーをつくり出すのではなく、	
06609	D1:2587:0A482	1	대사	【カズミ】あなた自身を変えるということね。	
06610	D1:2587:0A4BA	1	대사	【アル】お、俺が怪物になったりするわけ？	
06611	D1:2587:0A4E6	1	대사	【カズミ】不可能ではないと思うわ。	
06612	D1:2587:0A514	1	대사	【アル】し、信じられない機械を作るなぁ、あの教授。	
06613	D1:2587:0A56A	1	대사	【カズミ】でもここへ来るまでに、信じられないくらいの実験と失敗を繰り返してきたのよ。	
06614	D1:2587:0A5CC	1	대사	【アル】失敗？	
06615	D1:2587:0A5DE	1	대사	【カズミ】この島、何か変だとは思わない？	
06616	D1:2587:0A612	1	대사	【アル】あっ、最初来たときに思った。{n00}気のせいじゃないのか？	
06617	D1:2587:0A652	1	대사	【カズミ】動物がいないのよ。	
06618	D1:2587:0A67A	1	대사	【アル】そ、そう言われてみると‥‥。	
06619	D1:2587:0A6A2	1	대사	【カズミ】ここにいた動物たち‥‥数種類の鳥や、ほ乳類なのだけど‥‥。	
06620	D1:2587:0A6F4	1	대사	【カズミ】全て抹殺されてしまったわ。	
06621	D1:2587:0A726	1	대사	【アル】な、なんでさ。{n00}実験の結果？	
06622	D1:2587:0A74E	1	대사	【カズミ】実験の結果死んだのではなく、実験による変態のためね‥‥全て殺されたわ。	
06623	D1:2587:0A7AA	1	대사	【アル】まさか海でのことは‥‥。	
06624	D1:2587:0A7CE	1	대사	【カズミ】そう、この近海全般に有毒物を流し、魚すら抹殺したの。	
06625	D1:2587:0A81A	1	대사	【カズミ】生態系の維持と、証拠隠滅のためね。	
06626	D1:2587:0A854	1	대사	【アル】だから、すぐにあがってシャワーを浴びろと。	
06627	D1:2587:0A88A	1	대사	【カズミ】もう毒物反応は０なのだけど、可能性は可能性ですからね。	
06628	D1:2587:0A8F0	1	대사	【カズミ】でもね、この装置を使用すれば、	
06629	D1:2587:0A926	1	대사	【カズミ】今まで治療不可能と言われてきた病気が、一掃される可能性すらあるのよ。	
06630	D1:2587:0A982	1	대사	【アル】へぇ、まさに諸刃の剣だな。	
06631	D1:2587:0A9A8	1	대사	【カズミ】でも、財団の腐った連中は、そんな用途を考える訳がない。	
06632	D1:2587:0A9F6	1	대사	【カズミ】いいところ、自分の延命くらいでしょうね。	
06633	D1:2587:0AA36	1	대사	【アル】‥‥なるほどな。	
06634	D1:2587:0AA52	1	대사	【カズミ】でも恐らく、私が言っているのも一面にしか過ぎないと思うわ。	
06635	D1:2587:0AAA4	1	대사	【カズミ】あの装置には不可解な機構が、多すぎるのよ。	
06636	D1:2587:0AAE6	1	대사	【アル】カズミさんにもわからないのか。	
06637	D1:2587:0AB10	1	대사	【カズミ】いいえ、恐らく、今となってはあの教授にしか、	
06638	D1:2587:0AB54	1	대사	【カズミ】あの装置の使用方法はわからないでしょうね‥‥。	
06639	D1:2587:0AB9A	1	대사	【アル】ふーん、それはまた危機的な状況だな。	
06640	D1:2587:0ABCA	1	대사	【カズミ】彼女の夫のステラドヴィッチ教授が生きていればね‥‥。	
06641	D1:2587:0AC16	1	대사	【カズミ】彼は環境工学の権威で、軍事兵器開発と真っ向から対立していたわ。	
06642	D1:2587:0AC6C	1	대사	【アル】平和主義者だったんだ。	
06643	D1:2587:0AC8E	1	대사	【カズミ】そう。でも‥‥。	
06644	D1:2587:0ACB4	1	대사	【アル】でも事故で死んでしまった‥‥。	
06645	D1:2587:0ACDE	1	대사	【カズミ】ええ‥‥テオドラだけでなく、ここでも事故があったわ。	
06646	D1:2587:0AD28	1	대사	【アル】え！？	
06647	D1:2587:0AD3A	1	대사	【カズミ】内々に処理されて、死んだのは１人だけだったからなのだけど、	
06648	D1:2587:0AD8C	1	대사	【カズミ】彼はあの装置を破壊しようとしたのね。	
06649	D1:2587:0ADC8	1	대사	【アル】彼って‥‥もしかするとジョアンって人？	
06650	D1:2587:0ADFA	1	대사	【カズミ】よく知っているわ、さすがね。	
06651	D1:2587:0AE2C	1	대사	【アル】いや、ちょっと小耳に挟んだだけなんだけど。	
06652	D1:2587:0AE62	1	대사	【カズミ】彼は、私がここに派遣したの。	
06653	D1:2587:0AE94	1	대사	【アル】ええ！？　も、もしかして破壊工作！？	
06654	D1:2587:0AEC4	1	대사	【カズミ】そう。でも失敗してしまったわ。そして彼はその為に死亡‥‥。	
06655	D1:2587:0AF16	1	대사	【カズミ】事故か、あるいは消されたのか‥‥。	
06656	D1:2587:0AF50	1	대사	【アル】まさか、テオドラの時も‥‥。	
06657	D1:2587:0AF78	1	대사	【カズミ】いいえ、あれは完全に事故よ。少なくとも私は何も聞いていないわ。	
06658	D1:2587:0AFCC	1	대사	【アル】そ、そうか‥‥。	
06659	D1:2587:0AFE8	1	대사	【アル】（こうなってくると、何かの陰謀説の方が信じられるような気がする。）	
06660	D1:2587:0B036	1	대사	【アル】ねぇ、１つ聞きたいんだけど。	
06661	D1:2587:0B07A	1	대사	【アル】マルチナさんのことさ。彼女って、どういう人なんだい？	
06662	D1:2587:0B0BA	1	대사	【カズミ】教授？　物理学や生体工学の分野では権威と呼ばれている人ね。	
06663	D1:2587:0B10A	1	대사	【アル】確かカズミさんは、生体科学研究所の主任だったよね。	
06664	D1:2587:0B148	1	대사	【カズミ】何で知っているの？	
06665	D1:2587:0B170	1	대사	【アル】（あっ、ヤバ‥‥。）ええと、その‥‥。	
06666	D1:2587:0B1BE	1	대사	【アル】わかった、言うよ。実は教授の部屋の端末を勝手にいじらせてもらってね‥‥。	
06667	D1:2587:0B212	1	대사	【カズミ】なるほど、ＤＢＭＳを使用してパーソナルデータを読んだという訳ね。	
06668	D1:2587:0B268	1	대사	【アル】ま、そういうこと。人物情報のみだけどね。	
06669	D1:2587:0B29C	1	대사	【カズミ】私も生体科学研究所の主任という肩書きだけど、	
06670	D1:2587:0B2E0	1	대사	【カズミ】教授とは恐らく才能も素質もケタ違いね。	
06671	D1:2587:0B31E	1	대사	【アル】どっちが？	
06672	D1:2587:0B334	1	대사	【カズミ】もちろん、教授の方がケタ違いに上ということよ。	
06673	D1:2587:0B37A	1	대사	【カズミ】くやしいけど、彼女は天才だわ。	
06674	D1:2587:0B3B0	1	대사	【アル】ふーん、確か某国政府が身元を保証している‥‥？	
06675	D1:2587:0B3EA	1	대사	【カズミ】そうね、彼女のパーソナルデータは謎に包まれている。	
06676	D1:2587:0B434	1	대사	【カズミ】でもそれは、国家全体が隠蔽工作に荷担しているからと思うわ。	
06677	D1:2587:0B486	1	대사	【アル】なんだか、壮大な話しになってきたな。国家相手に喧嘩をうるのかよ。	
06678	D1:2587:0B4D2	1	대사	【カズミ】途中下車をする？	
06679	D1:2587:0B4F8	1	대사	【アル】なんの、こんな面白い電車から降りられるかって。	
06680	D1:2587:0B532	1	대사	【カズミ】ステラ教授にも、相変わらずつかみどころがないわ。	
06681	D1:2587:0B57A	1	대사	【カズミ】今日も平気な顔をして兵器開発のことを、あなたに話したでしょう？	
06682	D1:2587:0B5D0	1	대사	【アル】あぁ‥‥そういえばそうだな。	
06683	D1:2587:0B5F8	1	대사	【アル】何だか、世間話でもするかのように、淡々と、平然と‥‥。	
06684	D1:2587:0B63A	1	대사	【カズミ】その辺の感覚に、ちょっと付いていけないわ。	
06685	D1:2587:0B67A	1	대사	【アル】彼女が味方につく可能性{n00}は？	
06686	D1:2587:0B6A2	1	대사	【カズミ】彼女って‥‥ステラ教授のことかしら？	
06687	D1:2587:0B6DC	1	대사	【アル】そう、彼女が味方に付けられれば、結構強いと思うけどね。	
06688	D1:2587:0B71E	1	대사	【カズミ】それはあり得ないわ。	
06689	D1:2587:0B75C	1	대사	【カズミ】何度も警告し、忠告をしたわ。でも彼女は研究をやめようとはしない‥‥。	
06690	D1:2587:0B7B8	1	대사	【カズミ】むしろ、より一層力を入れる有り様よ。	
06691	D1:2587:0B7F4	1	대사	【アル】なるほどね。そういえば、彼女の研究に対する姿勢は、何かの信念すら感じるな。	
06692	D1:2587:0B84A	1	대사	【カズミ】フフ、信念って便利な言葉よね。	
06693	D1:2587:0B880	1	대사	【カズミ】でも非道なことをする人は、ほとんどが信念とやらに駆られて、なのよ。	
06694	D1:2587:0B8DA	1	대사	【アル】うん、それはそうだな、確かに。	
06695	D1:2587:0B904	1	대사	【カズミ】教授の信念がどのようなものであれ、	
06696	D1:2587:0B93E	1	대사	【カズミ】兵器開発に荷担することは、決して許されることじゃないわ。	
06697	D1:2587:0B98E	1	대사	【アル】なるほど、それがカズミさんの信念って訳だね。	
06698	D1:2587:0B9C6	1	대사	【カズミ】アルバート！　私は真面目に言っているのよ。	
06699	D1:2587:0BA24	1	대사	【アル】（しかし、冷静そうなお嬢様が、これほど激情家だとは意外だったな‥‥。）	
06700	D1:2587:0BA76	1	대사	【カズミ】かのインドラの光は、破壊の後の創造も担っていたわ。	
06701	D1:2587:0BAC0	1	대사	【カズミ】だけど、軍事兵器は何も生みだしはしない‥‥。	
06702	D1:2587:0BB04	1	대사	【アル】まさか、この地球のため、生物のため、人間のために軍事兵器は‥‥。	
06703	D1:2587:0BB50	1	대사	【アル】ひいては戦争は良くない、って意見？	
06704	D1:2587:0BB7E	1	대사	【カズミ】なによ、陳腐で説得力が無いのはわかっているわ。くさい意見だってこともね。	
06705	D1:2587:0BBDE	1	대사	【カズミ】文句ある？	
06706	D1:2587:0BC00	1	대사	【アル】へへ、そうだな。	
06707	D1:2587:0BC1C	1	대사	【カズミ】なによ、私の言っていること間違っている？	
06708	D1:2587:0BC5A	1	대사	【アル】いやそういうことじゃなくて‥‥全く逆さ。	
06709	D1:2587:0BC8E	1	대사	【アル】今時その陳腐な台詞を言えるってのは、結構重要なことだぜ、感動したよ。	
06710	D1:2587:0BCDE	1	대사	【カズミ】褒めているの、それって。	
06711	D1:2587:0BD0C	1	대사	【アル】最大限の賛辞だよ、本当だぜ。	
06712	D1:2587:0BD34	1	대사	【カズミ】私はそれを言い続けたいと思うわ。財団の腐れ外道の話を聞いたことがあって？	
06713	D1:2587:0BD92	1	대사	【アル】おいおい、お嬢様なんだから、もうちょっと言葉遣いをだな‥‥。	
06714	D1:2587:0BDDA	1	대사	【カズミ】いいから聞いて。彼らは戦争を起こしては儲け、儲けては戦争を起こす、	
06715	D1:2587:0BE34	1	대사	【カズミ】この地球に存在するダニよ。	
06716	D1:2587:0BE66	1	대사	【アル】（へぇ、カズミさんっておっかねぇな。）	
06717	D1:2587:0BE98	1	대사	【カズミ】彼らはうそぶくのよ、戦争ほど人類を発展させてきた行為はないと。	
06718	D1:2587:0BEEE	1	대사	【カズミ】戦争は人類発展の為の必要不可欠な要因だと。	
06719	D1:2587:0BF30	1	대사	【アル】ま、一理あるね。	
06720	D1:2587:0BF4C	1	대사	【カズミ】ううん、彼らは人類発展なんて考えちゃいないの。	
06721	D1:2587:0BF92	1	대사	【カズミ】私腹を肥やし、利権を漁るだけの権力機構に寄生するダニよ。	
06722	D1:2587:0BFE2	1	대사	【アル】すごいねそれは。じゃあ、財団会長は、さしずめダニキングという訳か。	
06723	D1:2587:0C030	1	대사	【カズミ】いいえ違うわ、お爺さまは現状を憂いてらっしゃる。	
06724	D1:2587:0C078	1	대사	【カズミ】この状況を何とか打開したいと、願っているのよ。	
06725	D1:2587:0C0BE	1	대사	【アル】財団会長がかい？　だったら鶴の一声でさ‥‥。	
06726	D1:2587:0C0F6	1	대사	【カズミ】そういう訳にはいかないのよ。	
06727	D1:2587:0C12A	1	대사	【カズミ】財団はお爺さまの私物ではないし、ワンマングループでもない。	
06728	D1:2587:0C17C	1	대사	【アル】ははぁ、さては派閥だな。	
06729	D1:2587:0C1A0	1	대사	【カズミ】そう、今は圧倒的に外道派が主流なのよ。	
06730	D1:2587:0C1DE	1	대사	【カズミ】お爺さまは隠遁をよぎなくされ、秘密裏に工作活動をする他はなかった‥‥。	
06731	D1:2587:0C23C	1	대사	【アル】それで、カズミさんが派遣されたと。	
06732	D1:2587:0C26A	1	대사	【カズミ】そうね。今月中に研究の成果が見られない場合は、	
06733	D1:2587:0C2B0	1	대사	【カズミ】ここ《デザイア》を閉鎖するというところまで漕ぎ着けたのよ。	
06734	D1:2587:0C302	1	대사	【アル】今月中っていうと‥‥今日を含めてあと２日じゃないか！？	
06735	D1:2587:0C344	1	대사	【カズミ】でも、教授はやはり凄い人ね。	
06736	D1:2587:0C378	1	대사	【カズミ】絶対に無理と思われていた期間内に、なんと研究を成就させつつある‥‥。	
06737	D1:2587:0C3D4	1	대사	【アル】ほとんど、イタチゴッコだな。	
06738	D1:2587:0C3FC	1	대사	【カズミ】そこで私は大きな諸刃の剣とも言えるバクチをうったのだけど‥‥。	
06739	D1:2587:0C450	1	대사	【アル】バクチ？	
06740	D1:2587:0C464	1	대사	【カズミ】ええ‥‥それがどういう結果に繋がるかは、まったくわからないわ。	
06741	D1:2587:0C4B8	1	대사	【アル】どんなバクチだい？	
06742	D1:2587:0C4D6	1	대사	【カズミ】それは内緒よ‥‥本筋とは関係ないわ。	
06743	D1:2587:0C53A	1	대사	【アル】で、そのバクチが功をそうしたら、どうなるんだい？	
06744	D1:2587:0C576	1	대사	【カズミ】困るのよ、実は。それが諸刃の剣と形容できる部分ね。	
06745	D1:2587:0C5BE	1	대사	【アル】ふーん、つまり研究が成就しないように何かの仕掛けをしたのだけど、	
06746	D1:2587:0C60A	1	대사	【アル】その仕掛けが、仕掛け通りにうまくいくのもマズいと。	
06747	D1:2587:0C648	1	대사	【カズミ】そういうことね‥‥。	
06748	D1:2587:0C672	1	대사	【アル】（なるほど‥‥ま、とりあえずはいいか。）	
06749	D1:2587:0C6A6	1	대사	【アル】（ここまできたんだ、きっと調べてやるさ。）	
06750	D1:2587:0C6DC	1	대사	【カズミ】何から話したらいいかしらね‥‥。	
06751	D1:2587:0C712	1	대사	【アル】そうだな、じゃあ差し当たってカズミさんが、	
06752	D1:2587:0C748	1	대사	【アル】初めて自室に入れた男の話などを‥‥。	
06753	D1:2587:0C778	1	대사	【カズミ】真面目になって頂戴。これから話すことは、ジョークではないのよ。	
06754	D1:2587:0C7CC	1	대사	【アル】いいぜ、俺は準備万端だ。もうこんなにギンギンで‥‥。	
06755	D1:2587:0C82E	1	대사	【アル】はーい。	
06756	D1:2587:0C842	1	대사	【カズミ】もう、出来の悪い子を持つ母親の心境よ‥‥。	
06757	D1:2587:0C882	1	대사	【アル】どうぞ、聞いているよ。	
06758	D1:2587:0C8A4	1	대사	【カズミ】まず、ここ《デザイア》での研究のことね。	
06759	D1:2587:0C8E2	1	대사	【アル】やっぱり、軍事関係？	
06760	D1:2587:0C902	1	대사	【カズミ】そうね‥‥私はね、軍事兵器開発には、断固として反対なのよ。	
06761	D1:2587:0C952	1	대사	【アル】‥‥‥‥。（ほぉ、これは意外な方向に話しが進んで行くな。）	
06762	D1:2587:0C998	1	대사	【カズミ】フフ、こうして男の人を自室に入れるなんて、何年ぶりかしら。	
06763	D1:2587:0C9E8	1	대사	【アル】なに、じゃあ数年前、カズミさんは男を自室に入れたのか？	
06764	D1:2587:0CA2A	1	대사	【カズミ】な、何を言っているのよ、今はそんな話しをしている時じゃないわ。	
06765	D1:2587:0CA7E	1	대사	【アル】そうだ、今はカズミさんが自室に入れた男の話だ。	
06766	D1:2587:0CAB8	1	대사	【カズミ】‥‥なぜあなたと話していると、こういう妙な方向にいくのかしらね。	
06767	D1:2587:0CB0E	1	대사	【アル】妙じゃなくて、俺は本当に知りたいぞ。	
06768	D1:2587:0CB3E	1	대사	【カズミ】内緒よ。	
06769	D1:2587:0CBEC	1	대사	【アル】そういえば昨日は気付かなかったが、２階とは微妙に違うな‥‥。	
06770	D1:2587:0CC34	1	대사	【アル】ドアの位置が左に２ミリもずれているし、	
06771	D1:2587:0CC66	1	대사	【アル】通風口の形も、縦が１ミリも長くなっている。	
06772	D1:2587:0CC9C	1	대사	【アル】おまけに、ドアのノブの曲率が、０．７％だけ増加しているじゃないか。	
06773	D1:2587:0CD00	1	대사	【アル】なんてことがある訳がない。だいたい、１ミリの差なんてここからわかる訳ないぞ。	
06774	D1:2587:0CED6	1	대사	【アル】あたりはシンと静まっている。	
06775	D1:2587:0CEFE	1	대사	【アル】造りは２階とほぼ同じだな‥‥まぁ、当たり前と言えば当たり前だ。	
06776	D1:2587:0CF48	1	대사	【アル】２階同様、人は誰もいない‥‥。	
06777	D1:2587:0CF72	1	대사	【アル】もっとも、ここにだけ人が溢れていたら、それはそれで不気味だ。	
06778	D1:2982:024B0	2	대사	【ティーナ】あっ、アルぅ！	
06779	D1:2982:024D6	2	대사	【アル】よっ、おまた‥‥なんて顔してるんだよ、マコト。	
06780	D1:2982:02532	2	대사	【ティーナ】エヘヘ、ティーナ良い子に待っていたよ。	
06781	D1:2982:02578	2	대사	【マコト】どこが良い子よ！	
06782	D1:2982:0259E	2	대사	【ティーナ】オバチャンには、教えてあげないモン。	
06783	D1:2982:025DA	2	대사	【マコト】まっ！	
06784	D1:2982:025F6	2	대사	【アル】おいおい‥‥。	
06785	D1:2982:0262E	1	대사	【アル】もう少し様子を見て、それからマコトの所に行くかな。	
06786	D1:2982:026AA	1	대사	【アル】うーん、妙に静かだな。	
06787	D1:2982:026CC	1	대사	【アル】マコトが出ていって、{n00}ティーナが眠ったら、	
06788	D1:2982:02702	1	대사	【アル】途端に静寂感が襲ってきた‥‥。	
06789	D1:2982:0272A	1	대사	【アル】目を覚ます気配は全くない。	
06790	D1:2982:02750	1	대사	【アル】ついでに、俺の手を離す気配も、ないな。	
06791	D1:2982:02782	1	대사	【アル】すぐに寝てしまったな‥‥全く、強がっちゃってさ。	
06792	D1:2982:027BE	1	대사	【アル】へへ、結構可愛いところもあるぜ。	
06793	D1:2982:027F2	1	대사	【ティーナ】‥‥‥‥アルぅ。	
06794	D1:2982:0284A	1	대사	【アル】なんだ、寝言か‥‥。	
06795	D1:2982:02882	1	대사	【アル】よし、じゃあそろそろ‥‥{s00}うぬっ！	
06796	D1:2982:028B0	1	대사	【アル】て、手を離してくれよ、ティーナ。	
06797	D1:2982:028F6	1	대사	【アル】くのっ、あれ？　い、意外に‥‥。	
06798	D1:2982:02922	1	대사	ぎゅぅぅぅっ。	
06799	D1:2982:02938	1	대사	【アル】お、おいティーナ、起きてんじゃないの？	
06800	D1:2982:02988	1	대사	【アル】気のせいか。困ったな、このままだと‥‥。	
06801	D1:2982:029BC	1	대사	【アル】しょうがない、最後の手段だ。	
06802	D1:2982:029E4	2	대사	コチョコチョ、コチョコチョ。	
06803	D1:2982:02A08	1	대사	【ティーナ】ん‥‥んん‥‥。	
06804	D1:2982:02A54	1	대사	【ティーナ】うん、んん‥‥。	
06805	D1:2982:02A7C	1	대사	【アル】もうちょっとかな、よし。	
06806	D1:2982:02AA0	1	대사	コチョコチョコチョコチョコチョコチョコチョコチョ。	
06807	D1:2982:02ADA	1	대사	【ティーナ】あン。	
06808	D1:2982:02AF8	1	대사	サッ。	
06809	D1:2982:02B06	1	대사	【アル】ふぅ、何とか抜けたぞ。しかし、何とも悩ましげな声を出すな、こいつ。	
06810	D1:2982:02B70	1	대사	【アル】ドキッ！	
06811	D1:2982:02B84	1	대사	【アル】だ、誰だろう、こんな夜に‥‥{s00}マコトか？	
06812	D1:2982:02BD4	1	대사	【アル】‥‥開いています、どうぞ。	
06813	D1:2982:02C02	1	대사	【アル】もう少しティーナのそばに付いていてやろう。	
06814	D1:2982:02C44	2	대사	【アル】ティーナ？	
06815	D1:2982:02C78	1	대사	【アル】よく眠っているようだ。	
06816	D1:2982:02CE2	1	대사	【アル】チョンチョン。	
06817	D1:2982:02D26	1	대사	【アル】ブニュ、ブニュ。	
06818	D1:2982:02D60	1	대사	【アル】ベロベロ、ベローん。	
06819	D1:2982:02D80	2	대사	【アル】というのは冗談だ。	
06820	D1:2982:02D9E	1	대사	【アル】どうやら、早くも熟睡に入ったらしい。起きる気配は微塵もないな。	
06821	D1:2982:02DF2	1	대사	【アル】約束は約束だからな。じゃあ寝てもらおうか。	
06822	D1:2982:02E28	1	대사	【ティーナ】ずるいよぉ！	
06823	D1:2982:02E4C	1	대사	【アル】あれ、良い子の王女様は、約束を破るのかな？	
06824	D1:2982:02E82	2	대사	【ティーナ】ぶー。	
06825	D1:2982:02EDE	1	대사	【アル】やっと静寂をとりもどしたようだ。	
06826	D1:2982:02F0A	2	대사	【アル】俺の殺伐とした部屋の中も、今は賑やかだ。	
06827	D1:2982:02F3E	2	대사	【ティーナ】ねぇアルぅ、遊ぼう、遊ぼうよ！	
06828	D1:2982:02F74	2	대사	【アル】賑やか過ぎるかな‥‥。	
06829	D1:2982:02F96	2	대사	【アル】マコトは自室に戻ったようだ‥‥機嫌が少しは直ったようだけど‥‥。	
06830	D1:2982:02FE2	2	대사	【アル】ま、後でたっぷりと機嫌をとってやるか。へっへっへ‥‥。	
06831	D1:2982:03024	2	대사	【ティーナ】アルぅ、口からヨダレがたれてる。	
06832	D1:2982:0305C	1	대사	【アル】（目をつむった表情も、{n00}なかなか可愛らしいな‥{n00}‥。）	
06833	D1:2982:0309E	1	대사	【アル】ティーナは少し眠そうだ。	
06834	D1:2982:030C2	1	대사	【ティーナ】ティーナ、眠くないモン。	
06835	D1:2982:030F2	1	대사	【アル】（遊んで遊んでって言っても、結構眠そうな顔をしている。）	
06836	D1:2982:03136	1	대사	【アル】（疲れが溜まっていたんだろうな‥‥）	
06837	D1:2982:03166	1	대사	【アル】（無理しちゃって。）	
06838	D1:2982:0318C	2	대사	【アル】女の子がダブダブの服を着るのって、妙に似合ってしまうんだよな。	
06839	D1:2982:031D6	2	대사	【ティーナ】ウフフ、似合う？	
06840	D1:2982:03210	1	대사	【アル】俺のシャツをラフに着ている。だぶついているのは、しょうがないな。	
06841	D1:2982:0325C	2	대사	【ティーナ】エヘヘ、勝手に着ちゃった。	
06842	D1:2982:0328E	2	대사	【アル】気にする必要はないぜ。なんだったら、俺のパンツも貸そうか？	
06843	D1:2982:032D4	2	대사	【ティーナ】うふ、アルのにおいがするの。	
06844	D1:2982:03308	1	대사	【アル】しゃ、シャツのことね‥‥。{n00}（何だか危ない会話だ{n00}な。）	
06845	D1:2982:03364	1	대사	【アル】もうちょっと、ここにいてあげようぜ。	
06846	D1:2982:03394	2	대사	【アル】どこにも行けないみたいだ‥‥。	
06847	D1:2982:033BE	2	대사	【ティーナ】どこにいくの？　ティーナも一緒に行く！	
06848	D1:2982:033FC	2	대사	【アル】ど、どこにも行きゃしないよ。	
06849	D1:2982:03424	4	대사	【ティーナ】ホント？	
06850	D1:2982:03444	2	대사	【アル】ほ、本当。うん。	
06851	D1:2982:0346C	1	대사	【ティーナ】ねぇ、お願い‥‥。	
06852	D1:2982:03496	1	대사	【アル】今度は何だい？	
06853	D1:2982:034B0	1	대사	【ティーナ】手をつないで欲しいの‥‥目をつむると、恐い‥‥。	
06854	D1:2982:034F8	1	대사	【アル】恐いことなんてないさ。ずっとそばにいるよ。	
06855	D1:2982:0352E	1	대사	【ティーナ】うん、でも‥‥。	
06856	D1:2982:03556	1	대사	【アル】わかった、じゃあ‥‥これでいいかい？	
06857	D1:2982:03586	4	대사	キュッ。	
06858	D1:2982:0359A	1	대사	【ティーナ】うん。アルの手、あったかい‥‥。	
06859	D1:2982:035D2	1	대사	【アル】ティーナの手はフニャフニャしてるなぁ。柔らかくて、マシュマロみたいだ。	
06860	D1:2982:0363E	1	대사	【アル】ティーナ‥‥{s00}ティーナ？	
06861	D1:2982:03662	2	대사	【ティーナ】‥‥‥‥‥‥‥‥。	
06862	D1:2982:03684	1	대사	【アル】とりあえず、ホッというところか。	
06863	D1:2982:036D0	1	대사	【ティーナ】ティーナつまんない‥‥。	
06864	D1:2982:03700	1	대사	【アル】良い子は、約束を守るもんだ。俺は約束を守る女の子、好きだなぁ。	
06865	D1:2982:0376A	2	대사	【アル】本当さ。	
06866	D1:2982:0377E	1	대사	【ティーナ】じゃあ、ティーナ寝る。	
06867	D1:2982:037AC	1	대사	【アル】よし、そうこなくっちゃね‥‥ほら、このベッドに入って。	
06868	D1:2982:0380C	1	대사	【アル】南国とはいえ、夜は冷えるかもしれないからな。	
06869	D1:2982:03844	1	대사	【アル】ちゃんとシーツを身体にかけて‥‥	
06870	D1:2982:03870	1	대사	【アル】パンパンパンっと。	
06871	D1:2982:03898	1	대사	【ティーナ】クスクスッ。	
06872	D1:2982:038BC	1	대사	【アル】どうだい？　こうしてシーツの上から軽く叩かれると、気持ちいいだろう。	
06873	D1:2982:0390C	1	대사	【ティーナ】うん、とっても。	
06874	D1:2982:03934	1	대사	【アル】よしよし、聞き分けがいいぞ。	
06875	D1:2982:0395C	3	대사	【ティーナ】‥‥‥‥ねぇ、アル。	
06876	D1:2982:03988	2	대사	【アル】なんだい？　王女様。	
06877	D1:2982:039A8	1	대사	【ティーナ】ずっとティーナのそばにいてくれる？	
06878	D1:2982:039E2	1	대사	【アル】あぁ、王女様のご命令とあらば。	
06879	D1:2982:03A0C	1	대사	【ティーナ】うん、ありがとう‥‥{n00}ティーナ、１人でいるの、いや。	
06880	D1:2982:03A58	1	대사	【アル】ずっとそばにいるよ。	
06881	D1:2982:03A78	1	대사	【ティーナ】うん、ティーナ、何だか眠くなってきちゃった。	
06882	D1:2982:03ABC	1	대사	【アル】そういう時は眠るに限る。	
06883	D1:2982:03AE0	1	대사	【アル】そうすると、もっと大きくなって、俺がクラクラする女の子になるかもね。	
06884	D1:2982:03B2E	1	대사	【ティーナ】大きくなるって、どこが？	
06885	D1:2982:03B5E	1	대사	【アル】どこってそりゃ‥‥まぁ、色々なところがさ。	
06886	D1:2982:03B94	1	대사	【ティーナ】そうすると、ティーナのことを好きになるのね。	
06887	D1:2982:03BD8	1	대사	【アル】いや、違うな。	
06888	D1:2982:03BF2	1	대사	【ティーナ】‥‥違うの？	
06889	D1:2982:03C16	1	대사	【アル】好きになるんじゃない、大好きになるのさ。	
06890	D1:2982:03C4A	1	대사	【ティーナ】あは‥‥うん、ティーナたっぷり寝る。	
06891	D1:2982:03C86	1	대사	【アル】あぁ、ほらもう目をつむって。	
06892	D1:2982:03CD8	1	대사	【アル】そう、いい子だ。	
06893	D1:2982:03D36	1	대사	【ティーナ】ティーナが大きくなったら、してくれる？	
06894	D1:2982:03D74	1	대사	【アル】し、してくれるって‥‥な、何を？	
06895	D1:2982:03DA0	1	대사	【ティーナ】さっきの人にしたこと。	
06896	D1:2982:03DCE	1	대사	【アル】はは‥‥キスのことね。（なにをドキドキしてるんだ、俺は。）	
06897	D1:2982:03E14	1	대사	【アル】わかった、約束するよ。	
06898	D1:2982:03E54	2	대사	【アル】じゃあ、ゲームを始めよう。	
06899	D1:2982:03E98	2	대사	【アル】Ａコースと、Ｂコースがあるけど、どっちがいい？	
06900	D1:2982:03ED2	2	대사	【ティーナ】うーんと‥‥。	
06901	D1:2982:03EF8	2	대사	【アル】じゃあ、寝ようか。	
06902	D1:2982:03F16	2	대사	【ティーナ】うん、一緒に寝よう！	
06903	D1:2982:03F42	2	대사	【アル】お、俺はちょっと用事があって‥‥。	
06904	D1:2982:03F70	2	대사	【ティーナ】じゃあ寝ないっ！	
06905	D1:2982:03F98	2	대사	【アル】（ちっ、マズったな。）	
06906	D1:2982:03FBA	2	대사	【ティーナ】ティーナ、寝ないモン。	
06907	D1:2982:03FE8	1	대사	【アル】寝ないとオバケがでるぞ。	
06908	D1:2982:0400C	1	대사	【ティーナ】ティーナ、オバケなんて信じてないモン。	
06909	D1:2982:0404A	1	대사	【アル】（可愛くないねぇ、少しは恐がれよ。）	
06910	D1:2982:0407A	1	대사	【アル】そうだな‥‥じゃあティーナ、ゲームをしよう。	
06911	D1:2982:040D0	2	대사	【アル】ゲームでティーナが負けたら、寝ること。	
06912	D1:2982:04102	2	대사	【ティーナ】えー。	
06913	D1:2982:04120	2	대사	【アル】その代わり勝ったら、一緒に寝てあげるよ。	
06914	D1:2982:04154	2	대사	【ティーナ】本当？	
06915	D1:2982:04172	2	대사	【アル】あぁ、本当だ。	
06916	D1:2982:0418C	2	대사	【アル】（いずれにせよ、ティーナは寝ることになる。俺ってなかなか頭がいいね。）	
06917	D1:2982:041DE	1	대사	【アル】ふぅ‥‥何とか場を収拾したぞ。	
06918	D1:2982:0441C	1	대사	【アル】俺のＴシャツをラフに着ている。	
06919	D1:2982:044F2	1	대사	【アル】しゃ、シャツのことね‥‥（何だか危ない会話だ{n00}な。）	
06920	D1:2982:047AC	1	대사	【アル】じゃあティーナ、ゲームをしよう。	
06921	D1:2982:04904	1	대사	【アル】（何だか先が思いやられる展開だな‥‥。）	
06922	D1:2982:04980	1	대사	【アル】（でも、本当に険悪っぽい雰囲気だなぁ‥‥。）	
06923	D1:2982:049B8	1	대사	【アル】２人揃って、仲良く肩を並べているな。	
06924	D1:2982:049E8	1	대사	【マコト】どこをどう見ると、仲良くなんて言葉が出てくるの？	
06925	D1:2982:04A2E	1	대사	【ティーナ】ティーナとアルは、とぉっても仲がいいの。	
06926	D1:2982:04A6E	1	대사	【アル】じゃあ、殺伐として一触即発の険悪な雰囲気が２人の間に漂っている、	
06927	D1:2982:04ABA	1	대사	【アル】としておこう。	
06928	D1:2982:04AD2	1	대사	【マコト】それは言い過ぎよ。	
06929	D1:2982:04AFA	1	대사	【ティーナ】ううん、アルの言うことなら信じちゃう。	
06930	D1:2982:04B38	2	대사	【マコト】むっ。	
06931	D1:2982:04B54	1	대사	【アル】おいおい。（ふぅ‥‥。）	
06932	D1:2982:04B78	1	대사	【アル】相変わらずブクブク膨れているな。	
06933	D1:2982:04BA4	4	대사	【マコト】アル！	
06934	D1:2982:04BC0	1	대사	【ティーナ】わーい、ぶくぶく、ぶくぶくぅ！	
06935	D1:2982:04BFE	1	대사	【マコト】ジロッ。	
06936	D1:2982:04C1C	1	대사	【ティーナ】アルぅ、あのオバチャン恐い！	
06937	D1:2982:04C50	3	대사	【マコト】もうっ！	
06938	D1:2982:04C6E	1	대사	【アル】いわゆる膨れっ面というヤツだな。	
06939	D1:2982:04C9A	1	대사	【アル】ま、あいつの場合、最近太り気味ということもあるんだろう。	
06940	D1:2982:04CE4	1	대사	【マコト】なによ‥‥もうだって、ティーナが‥‥。	
06941	D1:2982:04D20	1	대사	【アル】ティーナがどうしたんだ？	
06942	D1:2982:04D44	1	대사	【ティーナ】とぉってもお利口さん！	
06943	D1:2982:04D72	1	대사	【アル】ははは、一本取られましたな。	
06944	D1:2982:04D9A	1	대사	【ティーナ】いっぽーん。	
06945	D1:2982:04DE4	1	대사	【アル】軽い疲労もなんのその、元気いっぱいという感じだな。	
06946	D1:2982:04E22	1	대사	【ティーナ】うん、ティーナ元気だよ。	
06947	D1:2982:04E52	1	대사	【アル】見た目が変わったと思ったら、俺のＴシャツを着ていたのか。	
06948	D1:2982:04E96	1	대사	【ティーナ】うん、アルのにおいがするから。	
06949	D1:2982:04ECC	1	대사	【アル】ハハ、犬みたいだな。	
06950	D1:2982:04EEC	1	대사	【ティーナ】アルぅ、んースリスリ。	
06951	D1:2982:04F1A	1	대사	【アル】うーむ、行動も犬じみてきたぞ。	
06952	D1:2982:04F52	1	대사	【アル】おいそれと逃げ出す訳には、いかないみたいだ。	
06953	D1:2982:04F8A	1	대사	【アル】じゃまあ、そういうことで。	
06954	D1:2982:04FB0	1	대사	【マコト】どこへ行くのよ。	
06955	D1:2982:04FD6	1	대사	【ティーナ】ティーナも一緒に行く！	
06956	D1:2982:05004	1	대사	【アル】ハハ、冗談だよ、まったく。	
06957	D1:2982:05040	1	대사	【マコト】（うん、じゃあ待ってる‥‥早くね。）	
06958	D1:2982:0507A	1	대사	【アル】（あぁ、ティーナを寝かし付けたらすぐに行くよ。）	
06959	D1:2982:050B6	2	대사	【ティーナ】アルぅ、なにヒソヒソしてるのよぉ。もう、一緒に早くお風呂に入ろう！	
06960	D1:2982:05110	2	대사	【マコト】だ、ダメよ！	
06961	D1:2982:05132	2	대사	【アル】マコト。ほら‥‥ね？	
06962	D1:2982:05152	6	대사	チュッ。	
06963	D1:2982:05166	1	대사	【マコト】んもう、子供の前でダメよ‥‥それじゃあ‥‥早くね。	
06964	D1:2982:051AE	1	대사	【ティーナ】ねぇ、アルアルぅー、早く遊ぼう！	
06965	D1:2982:051F8	1	대사	【マコト】でも、まったくこの子ときたら‥‥。	
06966	D1:2982:05230	2	대사	【アル】そうだよ、さっきから何プリプリしてるんだ、マコト。	
06967	D1:2982:0526E	2	대사	【マコト】だって‥‥この子ったら私のこと‥‥。	
06968	D1:2982:052A8	2	대사	【ティーナ】オバサンじゃないよ、オバチャン。	
06969	D1:2982:052E0	2	대사	【マコト】なんですって。	
06970	D1:2982:05304	2	대사	【アル】何そんな剥きになってるんだ。相手はまだ子供だぜ。	
06971	D1:2982:05348	2	대사	【マコト】そんなこと、そんなこと分かってるわよ‥‥。	
06972	D1:2982:053A2	2	대사	【マコト】私だって‥‥あなたに会いたかったのに‥‥。	
06973	D1:2982:053E4	1	대사	【マコト】仕事がんばって‥‥やっと会えたらジャマが入るし‥‥グスッ。	
06974	D1:2982:05436	2	대사	【アル】な、何も泣かなくてもいいだろう？　ほら、これで涙を拭いてさ。	
06975	D1:2982:0547E	2	대사	【マコト】グス‥‥ありがとう。	
06976	D1:2982:054A8	1	대사	【アル】（ティーナを寝かしつけたらさ、後で君の部屋にお邪魔するよ。だから、ね？）	
06977	D1:2982:054FC	2	대사	【マコト】え、ええ‥‥。	
06978	D1:2982:05520	1	대사	【アル】（へへ、赤くなってやんの。可愛いじゃないか。）	
06979	D1:2982:0557A	2	대사	【アル】イテテ、そんなに袖を引っ張るなよ‥‥。	
06980	D1:2982:055AC	1	대사	【アル】（かんづいてるのかな‥‥末恐ろしいぜ、{n00}まったく。）	
06981	D1:2982:055F4	1	대사	【マコト】カードは明日、私がクリスさんに貰っておくわ。	
06982	D1:2982:05636	1	대사	【アル】じゃあ頼むよ。	
06983	D1:2982:05650	2	대사	【ティーナ】アル、さっきからオバチャンとばかり喋ってる！	
06984	D1:2982:0569C	1	대사	【マコト】遅かったじゃない。{n00}ＩＤカードは発行してもらったの？	
06985	D1:2982:056E6	2	대사	【アル】えっ、か、カード？　あぁ、カードね。	
06986	D1:2982:05716	1	대사	【マコト】どうしたの、焦って。	
06987	D1:2982:05740	2	대사	【アル】いや別に、俺は何も見ていないぞ。	
06988	D1:2982:0576C	1	대사	【マコト】？	
06989	D1:2982:0577C	2	대사	【アル】ハハ‥‥何言ってるんだろうな、俺は。	
06990	D1:2982:057AC	2	대사	【マコト】何かあったの？	
06991	D1:2982:057D0	2	대사	【アル】いやなにも、うん。研究所に行ったら、誰もいなくてさ。	
06992	D1:2982:05810	2	대사	【マコト】それはおかしいわね‥‥私が出た時にはクリスさん、まだいたわ。	
06993	D1:2982:05862	2	대사	【アル】えっそう？　おっかしいなぁ、これは行き違いってやつだね。	
06994	D1:2982:058A6	2	대사	【マコト】じゃあ今研究所に電話して‥‥。	
06995	D1:2982:058DA	1	대사	【アル】あっそれはマズいって。あっいやその、邪魔をしちゃ悪いかなって‥‥	
06996	D1:2982:05926	2	대사	【アル】じゃなくて、別に今絶対必要だって訳じゃないし。	
06997	D1:2982:0595E	1	대사	【マコト】それはそうだけど‥‥じゃあ明日の朝、私がクリスさんに言っておくわ。	
06998	D1:2982:059B6	2	대사	【アル】そ、そう？　じゃあ頼むよ。	
06999	D1:2982:059DC	1	대사	【ティーナ】ねー？	
07000	D1:2982:059FA	1	대사	【アル】ねー。（うーむ、しかし端から見るとトホホだな、こりゃ。）	
07001	D1:2982:05A3E	1	대사	【ティーナ】ヤキモチはやめて欲しいよねー。	
07002	D1:2982:05A74	1	대사	【アル】ねー。	
07003	D1:2982:05A86	1	대사	【マコト】アルまで一緒に、なによ。	
07004	D1:2982:05AB4	1	대사	【アル】子供をあやしてるだけだぜ、何そんなにプンプンしてるんだよ。	
07005	D1:2982:05AFA	1	대사	【アル】どうだい王女様、調子のほどは？	
07006	D1:2982:05B24	1	대사	【ティーナ】うん、すこぶる良好！	
07007	D1:2982:05B50	1	대사	【アル】す、すこぶるか‥‥うん、まぁそれはいいことだな。	
07008	D1:2982:05B8C	1	대사	【ティーナ】ティーナね、アルのこと、お利口さんにして、待ってたんだよ。	
07009	D1:2982:05BE6	1	대사	【マコト】嘘つきはお利口さんとは言えません。	
07010	D1:2982:05C1E	1	대사	【ティーナ】オバチャン、ヤキモチやめてよ。	
07011	D1:2982:05C54	1	대사	【アル】ハハハ、オバチャンはやきもち焼きか。	
07012	D1:2982:05CAE	1	대사	【アル】早いとこＩＤカードを取りに行こう。	
07013	D1:2982:05D1C	1	대사	【アル】窓を見たってしょうがないぜ。早いとこクリスさんのところへ行こう。	
07014	D1:2982:05D68	1	대사	【アル】寝るのか？　クリスさんに呼ばれていたんじゃなかったっけ。	
07015	D1:2982:05DAC	1	대사	【アル】いま風呂に入っている暇はないな。ＩＤカードを取りにいかなくては。	
07016	D1:2982:05DF8	1	대사	【アル】この室内フォンでクリスさんから連絡があったんだ。	
07017	D1:2982:05E34	1	대사	【アル】早いところカードを取りにいこう。	
07018	D1:2982:05E6C	1	대사	【アル】そうだ、ここでこうしていてもしょうがない。	
07019	D1:2982:05EA2	4	대사	【アル】よし、部屋を出るぞ。	
07020	D1:2982:05F0E	1	대사	【アル】普段は殺伐としているが、今はシェリルがいる。	
07021	D1:2982:05F46	1	대사	【アル】殺伐とした部屋だが、今は一輪の花が咲いている。	
07022	D1:2982:05F80	3	대사	【シェリル】どうしたんですか？	
07023	D1:2982:05FAA	1	대사	【アル】君は一輪の花だ。	
07024	D1:2982:05FC6	1	대사	【シェリル】あの‥‥どういうことでしょうか？　なぜ私が花なんでしょうか。	
07025	D1:2982:0601A	1	대사	【アル】（んー、わかっていてとぼけているのかな？）	
07026	D1:2982:06050	1	대사	【アル】明るい太陽の下で見てみたいな。まさに健康美ってやつだ。	
07027	D1:2982:06092	1	대사	【シェリル】あまり見ないで下さいね‥‥。	
07028	D1:2982:060C6	1	대사	【アル】やっぱり清楚な格好だな。	
07029	D1:2982:060EA	1	대사	【アル】普通の２ピースに、ベストの重ね着かぁ。	
07030	D1:2982:06138	1	대사	【アル】いやその、服が‥‥。	
07031	D1:2982:06158	1	대사	【シェリル】ええ、着替えてきたんです。	
07032	D1:2982:0618A	1	대사	【アル】なんでまた？　制服も結構似合っていたのに。	
07033	D1:2982:061C0	1	대사	【シェリル】そんな‥‥アルバートさんが、私服姿も見てみたいと言っていたから‥‥。	
07034	D1:2982:0621C	1	대사	【アル】えっ‥‥いやそうだった。いいよ、うん、その服は似合いすぎる。	
07035	D1:2982:06264	1	대사	【アル】ビューチフル、プリチー、チャーミング、グレイチスト。	
07036	D1:2982:062A2	1	대사	【シェリル】ウフフ、もういいです。	
07037	D1:2982:062D0	1	대사	【アル】お世辞じゃないぜ、本当だ。	
07038	D1:2982:062F6	1	대사	【シェリル】どうもありがとう。でもあまり見ないで下さいね‥‥	
07039	D1:2982:06340	1	대사	【シェリル】こんな格好で出歩くのは、せいぜい宿舎内です。	
07040	D1:2982:06386	1	대사	【アル】‥‥もったいない気もするな。	
07041	D1:2982:063EA	1	대사	【シェリル】すみません‥‥お心遣い感謝します。	
07042	D1:2982:06424	1	대사	【アル】んー、感謝されてしまった。	
07043	D1:2982:06470	1	대사	【シェリル】ど、どこに行かれるんですか？	
07044	D1:2982:064A4	1	대사	【アル】いや、何となく外に出たくなったもんでね。	
07045	D1:2982:064FE	1	대사	【アル】でもやっぱりやめよう。	
07046	D1:2982:06520	1	선택지	　研究内容の事	
07047	D1:2982:06530	1	선택지	　ステラ教授の事	
07048	D1:2982:06542	1	선택지	　シェリルの事	
07049	D1:2982:06552	1	대사	【アル】じゃあ約束したよ。	
07050	D1:2982:0658E	1	대사	【アル】研究って楽しいかい？	
07051	D1:2982:065AE	1	대사	【シェリル】えっ‥‥は、はい。	
07052	D1:2982:065D8	1	대사	【アル】ふーん、俺は自慢じゃないけど、数学とか物理とか、	
07053	D1:2982:06614	1	대사	【アル】学生時代良い点数を取ったためしがないんだよな。	
07054	D1:2982:0664C	1	대사	【シェリル】そんなに難しいことじゃないんですよ。	
07055	D1:2982:0668A	1	대사	【シェリル】基礎さえできれば、後は応用力を養って‥‥。	
07056	D1:2982:066CE	1	대사	【アル】学校の先生と同じ事を言うね。	
07057	D1:2982:066F6	1	대사	【シェリル】そ、そうですか‥‥？　ごめんなさい。	
07058	D1:2982:06732	1	대사	【アル】謝る必要なんてないさ。でも、研究研究で身体がこったりしないの？	
07059	D1:2982:0677C	1	대사	【シェリル】身体がこる、ですか？	
07060	D1:2982:067A8	1	대사	【アル】うん、つまりアウトドアで活動したりは、しないんだ。	
07061	D1:2982:067E6	1	대사	【シェリル】わ、私って結構そういうのには、向いていないらしくて‥‥	
07062	D1:2982:06836	1	대사	【シェリル】運動もダメですし、気の利いた遊びとか知らなくて‥‥。	
07063	D1:2982:06884	1	대사	【アル】じゃあ休日とか、どう過ごしているのさ。	
07064	D1:2982:068B6	1	대사	【シェリル】えっ‥‥その、クロスワードを作ったり、論文を読んだり‥‥。	
07065	D1:2982:0691E	1	대사	【シェリル】その、すみません‥‥。	
07066	D1:2982:0694C	1	대사	【アル】うーん、じゃあ許してあげるついでに、	
07067	D1:2982:0697C	1	대사	【アル】俺のお願いを１つ聞いて欲しいんだけど。	
07068	D1:2982:069CE	1	대사	【アル】明日か明後日で構わないからさ、飛行場近くの浜辺で、一緒に泳ぐってのはどう？	
07069	D1:2982:06A24	1	대사	【シェリル】えっ‥‥そ、そんな‥‥私、お、泳げなくて‥‥ごめんなさい‥‥。	
07070	D1:2982:06A7A	1	대사	【アル】教えるさ。これを機に水泳を覚えるのも、悪くないだろう？	
07071	D1:2982:06ADE	1	대사	【アル】じゃあ約束したぜ。	
07072	D1:2982:06AFC	1	대사	【シェリル】強引なんですね。	
07073	D1:2982:06B24	1	대사	【アル】でも乗ってきたろう？	
07074	D1:2982:06B44	1	대사	【シェリル】ウフフ、ちゃんと泳ぎ方を教えて下さいね。	
07075	D1:2982:06B84	1	대사	【アル】任せておけって。	
07076	D1:2982:06BA0	1	대사	【アル】ちょっとシェリル自身のことを、聞いていいかな。	
07077	D1:2982:06BDA	1	대사	【シェリル】えっ‥‥ど、どうぞ。	
07078	D1:2982:06C06	1	대사	【アル】シェリルは《デザイア》に来て、どのくらいになる{n00}の？	
07079	D1:2982:06C46	1	대사	【シェリル】はい‥‥ちょうど７か月になります。	
07080	D1:2982:06C80	1	대사	【アル】７か月か、まだそれほど長くはないんだ。	
07081	D1:2982:06CB2	1	대사	【シェリル】はい、まだ新米ですね。	
07082	D1:2982:06CE0	1	대사	【アル】どういった経緯なんだい？	
07083	D1:2982:06D04	1	대사	【シェリル】はい、ＧＩＴの生体科学研究所でレポートの内容が認められて、	
07084	D1:2982:06D58	1	대사	【シェリル】ここへの転属を拝命しました。	
07085	D1:2982:06D8E	1	대사	【アル】あはは‥‥そんなにシャキっとして言われると、何だかこっちまで嬉しくなるな。	
07086	D1:2982:06DE4	1	대사	【シェリル】‥‥ご、ごめんなさい。	
07087	D1:2982:06E12	1	대사	【アル】いや別に構わないよ。んで、シェリルはここ{n00}《デザイア》に栄転と。	
07088	D1:2982:06E5E	1	대사	【シェリル】それはわかりませんけど‥‥	
07089	D1:2982:06E92	1	대사	【シェリル】でも自分の研究が、他者に認められるというのは、結構嬉しいです。	
07090	D1:2982:06EEA	1	대사	【アル】なるほどね‥‥で、どんな研究が認められたんだい？	
07091	D1:2982:06F26	1	대사	【シェリル】ええと、	
07092	D1:2982:06F48	1	대사	【シェリル】指定された塩基配列に基づいてオリゴーヌクレチオドを合成し、さらに、	
07093	D1:2982:06FA4	1	대사	【シェリル】それを元にタンパク質を合成するためのＤＮＡ配列を決定する論理です。	
07094	D1:2982:07016	1	대사	【シェリル】ええと、もうすこしかみ砕いて言うと、	
07095	D1:2982:07054	1	대사	【シェリル】ＤＮＡのうちの１つめの鎖を使用して相補鎖を造りだし‥‥。	
07096	D1:2982:070A6	1	대사	【アル】わ、わかった‥‥つ、つまり難しい研究を行っていた訳だね。	
07097	D1:2982:070EA	1	대사	【シェリル】難しくはありません。	
07098	D1:2982:07118	1	대사	【シェリル】これは応用数学における構造配列論のベーシックモデルでして‥‥。	
07099	D1:2982:07170	1	대사	【アル】よ、よくわかった。その、	
07100	D1:2982:07194	1	대사	【アル】シェリルにとっては難しくないのだけれど、一般人には結構難しい研究だね。	
07101	D1:2982:071E4	1	대사	【シェリル】そうですね‥‥一般の方にはちょっと難しいかも知れません‥‥ごめんなさい。	
07102	D1:2982:07244	1	대사	【アル】（ちょっとじゃないんだけど‥‥。）	
07103	D1:2982:07272	1	대사	【シェリル】ごめんなさい、詳しくは私も知りません。	
07104	D1:2982:072B0	1	대사	【アル】いや、シェリルが気にする必要なんて全くないよ、うん。	
07105	D1:2982:072F0	1	대사	【シェリル】それはちょっと‥‥ごめんなさい。	
07106	D1:2982:07328	1	대사	【アル】そうか‥‥んー残念。	
07107	D1:2982:07348	1	대사	【シェリル】違うんです、何と言えばいいのか。	
07108	D1:2982:07380	1	대사	【アル】違う？	
07109	D1:2982:07392	1	대사	【シェリル】‥‥私自身、自分が今何を行っているのか、	
07110	D1:2982:073D4	1	대사	【シェリル】研究の流れのどの部分に位置しているのか、実はよくわかっていないんです。	
07111	D1:2982:07434	1	대사	【アル】知らないんだ。	
07112	D1:2982:0744E	1	대사	【シェリル】え、ええ‥‥装置の計測や、結果の算出、数値データの入力作業、	
07113	D1:2982:074A4	1	대사	【シェリル】いずれも研究内容を類推できるほどの情報ではありません。	
07114	D1:2982:074F4	1	대사	【アル】ふーん。（本当に知らないのかな‥‥。）	
07115	D1:2982:07526	1	대사	【アル】教授も教えてくれないのか。	
07116	D1:2982:0754C	1	대사	【シェリル】でも分業というのは、得てしてそういうものだと割り切っていますから。	
07117	D1:2982:075A6	1	대사	【アル】分業ねぇ‥‥。	
07118	D1:2982:075C0	1	대사	【シェリル】本当に凄い人だと思います。	
07119	D1:2982:075F2	1	대사	【アル】結構信奉しているなぁ。	
07120	D1:2982:07614	1	대사	【アル】じゃあ人柄とかはどうなのかな。	
07121	D1:2982:0763E	1	대사	【シェリル】ステラ教授の、ですか？	
07122	D1:2982:0767E	1	대사	【シェリル】研究中は少しナーヴァスな面がありますけど、	
07123	D1:2982:076C2	1	대사	【シェリル】でもそれはどの学者も、得てしてそういうものですから‥‥。	
07124	D1:2982:07714	1	대사	【アル】じゃあ、{n00}ごく普通ってこと？	
07125	D1:2982:0773C	1	대사	【シェリル】そうですね‥‥でも、	
07126	D1:2982:0776A	1	대사	【シェリル】この研究に命をかけているという気迫みたいなものが、顕著に伝わってきます。	
07127	D1:2982:077CC	1	대사	【アル】命をかけるか‥‥それは凄いな。	
07128	D1:2982:077F6	1	대사	【シェリル】ウフフ、命をかけるという比喩は、少し誇張気味でしたけど、	
07129	D1:2982:07848	1	대사	【シェリル】でもそういう迫力みたいなものは感じますね。	
07130	D1:2982:0788C	1	대사	【アル】彼女のそばにいると？	
07131	D1:2982:078AC	1	대사	【シェリル】はい。でも、	
07132	D1:2982:078D2	1	대사	【シェリル】誰でも１つくらいは、そういった物事を抱いているんじゃないでしょうか。	
07133	D1:2982:07942	1	대사	【シェリル】アルバートさんにだってあるでしょう？	
07134	D1:2982:07980	1	대사	【シェリル】これだけは人に負けたくないとか、自信を持っているとか、そういった事が。	
07135	D1:2982:079E0	1	대사	【アル】‥‥確かにあるね。	
07136	D1:2982:079FE	1	대사	【シェリル】教授の場合それが研究で、	
07137	D1:2982:07A30	1	대사	【シェリル】常人よりもその想念が、ほんの少しだけ強いということだと思います。	
07138	D1:2982:07A8A	1	대사	【アル】（なるほど‥‥確かにそう言われてみると、納得できるな。）	
07139	D1:2982:07ACE	1	대사	【アル】シェリルには、そういうものってあるの？	
07140	D1:2982:07B00	1	대사	【シェリル】私は‥‥大した人間ではありませんから‥‥。	
07141	D1:2982:07B58	1	대사	【アル】ステラ教授ってさ、どういう人なんだろうね。	
07142	D1:2982:07B8E	1	대사	【シェリル】どういう人と言われても‥‥質問が漠然過ぎると思います。	
07143	D1:2982:07BDC	1	대사	【アル】そ、そうか‥‥じゃあ、学者としては？	
07144	D1:2982:07C0C	1	대사	【シェリル】素晴らしい人です。	
07145	D1:2982:07C36	1	대사	【アル】その回答も、漠然過ぎるような気がする。	
07146	D1:2982:07C68	1	대사	【シェリル】すみません。でもそれ以外に言いようがなくて‥‥。	
07147	D1:2982:07CB0	1	대사	【アル】そんなに凄い人なんだ。	
07148	D1:2982:07CD2	1	대사	【シェリル】ええ、天才だと思います。	
07149	D1:2982:07D02	1	대사	【アル】シェリルにそう言われるなんて、よっぽど凄い人なんだな。	
07150	D1:2982:07D44	1	대사	【シェリル】そんな‥‥私なんて足下にも及びません。	
07151	D1:2982:07D82	1	대사	【アル】シェリルだって、確か物理学と数学のドクターを取得しているだろう？	
07152	D1:2982:07DCE	1	대사	【アル】その歳でさ。	
07153	D1:2982:07DE4	1	대사	【シェリル】ご存じだったんですか？	
07154	D1:2982:07E12	1	대사	【アル】えっ、ま、まぁね‥‥{n00}（パーソナルデータを覗いたなんて言えないしな。）	
07155	D1:2982:07E70	1	대사	【シェリル】今度はアルバートさんの番ですね。	
07156	D1:2982:07EA8	1	대사	【アル】お、俺？	
07157	D1:2982:07EBC	1	대사	【シェリル】でなくては不公平です。	
07158	D1:2982:07EEA	1	대사	【アル】よし、まずは風呂のとき身体のどこから洗うか、だっけ？	
07159	D1:2982:07F2A	1	대사	【シェリル】クスクスッ、アルバートさんって本当に面白い人ですね。	
07160	D1:2982:07F76	1	대사	【アル】あれ、違った？	
07161	D1:2982:07F90	1	대사	【シェリル】ええと、アルバートさんの新聞社は確か‥‥。	
07162	D1:2982:07FD2	1	대사	【アル】ＳＮＴ、ソーシャルニューズタイム。	
07163	D1:2982:08000	1	대사	【シェリル】‥‥比較的大手ですね。	
07164	D1:2982:0802E	1	대사	【アル】ハハッ、無理しなさんなって。	
07165	D1:2982:08056	1	대사	【アル】格式や見識からすれば、タイムズやポストの足下にも及ばないさ。	
07166	D1:2982:080BE	1	대사	【アル】ま、良く言って中堅、悪く言えば二流ってところだな。	
07167	D1:2982:080FC	1	대사	【シェリル】‥‥でも、今回は他社を出し抜いたんではないでしょうか。	
07168	D1:2982:0814A	1	대사	【アル】そう、それ。今回の取材意義は、まさにそこにあるんだ。	
07169	D1:2982:0818A	1	대사	【アル】俺の文名が鳴り響いたところで、たかが知れているが‥‥。	
07170	D1:2982:081F0	1	대사	【アル】ＳＮＴが、他の一流紙を出し抜くってところに、今回の取材意義があるんだよ。	
07171	D1:2982:08244	1	대사	【アル】ま、これは編集長の受け売りだがね。	
07172	D1:2982:08270	1	대사	【シェリル】負けず嫌いなんですね、アルバートさんは。	
07173	D1:2982:082B0	1	대사	【アル】まあね。俺としては、ここ《デザイア》で、	
07174	D1:2982:082E4	1	대사	【アル】血も凍るような悪行が存在して欲しいところだな。	
07175	D1:2982:0831C	1	대사	【シェリル】悪行‥‥ですか？	
07176	D1:2982:08344	1	대사	【アル】昔から言うだろう？{n00}悪いニュースは良いニュースって。	
07177	D1:2982:08384	1	대사	【アル】佳人の善行を記事にしたって、新聞は売れないからね。	
07178	D1:2982:083C0	1	대사	【シェリル】はぁ‥‥。	
07179	D1:2982:083E2	1	대사	【アル】まぁでも、シェリルから聞くところによると、	
07180	D1:2982:08418	1	대사	【アル】どうも財団会長が秘密の{n00}ハーレムを作っているということはなさそうだし、	
07181	D1:2982:08468	1	대사	【アル】普通の記事になりそうで落胆はしているな。	
07182	D1:2982:0849A	1	대사	【シェリル】クスクスッ、アルバートさんはここ‥‥ここをどう思っていますか？	
07183	D1:2982:084F0	1	대사	【アル】ここって‥‥《デザイア》のこと？	
07184	D1:2982:0851C	1	대사	【シェリル】はい、記者の目から。	
07185	D1:2982:08548	1	대사	【アル】んー、記者の目からね‥‥そうだな、なかなか面白い島だと思うよ、ここは。	
07186	D1:2982:0859A	1	대사	【シェリル】面白い、ですか‥‥。	
07187	D1:2982:085C6	1	대사	【アル】期待した答えと違ったかな。	
07188	D1:2982:085EC	1	대사	【シェリル】いえ‥‥ただ、まわりの人たちはどう思っているのか知りたいと思ったんです。	
07189	D1:2982:0864C	1	대사	【アル】まぁ、面白いというか、興味深いんだな。	
07190	D1:2982:0867E	1	대사	【シェリル】どういう風に、ですか？	
07191	D1:2982:086AC	1	대사	【アル】うん、シルビアみたいな女の子がいると思えば、	
07192	D1:2982:086E4	1	대사	【アル】カイルみたいなマウンテンゴリラまで飼っているし‥‥。	
07193	D1:2982:0873C	1	대사	【アル】レイコさんみたいなイケイケの女性もいれば、シェリルみたいな可愛い子もいる。	
07194	D1:2982:08792	1	대사	【シェリル】やだ‥‥。	
07195	D1:2982:087B4	1	대사	【アル】そういう人物的な面白さはあるね。	
07196	D1:2982:087E0	1	대사	【シェリル】そうですか。	
07197	D1:2982:08804	1	대사	【アル】ああ、クリスさんは規則規則だし、	
07198	D1:2982:08830	1	대사	【アル】あちこち散歩をすれば妙なお嬢様に怒られるし‥‥。	
07199	D1:2982:0886A	1	대사	【シェリル】お嬢様？	
07200	D1:2982:0888A	1	대사	【アル】会ったことあるかな、ほら、財団から来た‥‥小姑みたいな例のお嬢様さ。	
07201	D1:2982:088DA	1	대사	【シェリル】財団から‥‥あぁ、視察に訪れているカズミさんですね。	
07202	D1:2982:08926	1	대사	【アル】（へぇ、視察に訪れていたのか‥‥。）	
07203	D1:2982:08956	1	대사	【アル】この時期に視察なんて、おかしいと思わない？	
07204	D1:2982:0898C	1	대사	【シェリル】時期的には、ちょうど最終段階に入ったところで‥‥	
07205	D1:2982:089D6	1	대사	【シェリル】あっ、話してしまってよかったのかしら‥‥。	
07206	D1:2982:08A1A	1	대사	【アル】取材じゃないんだから、ここでの話はみんなオフレコだよ。	
07207	D1:2982:08A5C	1	대사	【シェリル】すみません。ですから、視察の時期はそれほど意外ではないと思います。	
07208	D1:2982:08AB6	1	대사	【アル】ふーん、{n00}じゃあ彼女が来た目的は、あくまで視察だと？	
07209	D1:2982:08AF6	1	대사	【シェリル】はい‥‥	
07210	D1:2982:08B18	1	대사	【シェリル】あっ、ずるいです。いつのまにか、アルバートさんが聞く側にまわっています。	
07211	D1:2982:08B7A	1	대사	【アル】フフン、ま、記者の才能ってやつかな。	
07212	D1:2982:08BB0	2	대사	プルルル、プルルル‥‥‥‥{s00}プルルル、プルルル。	
07213	D1:2982:08BF6	1	대사	【シェリル】私は違います。ほら‥‥。	
07214	D1:2982:08C26	1	대사	【アル】いや、シェリルが掛けていないのはわかるさ‥‥誰だろう。	
07215	D1:2982:08C68	1	대사	【シェリル】あの‥‥出なくてよろしいんですか？	
07216	D1:2982:08CA2	1	대사	【アル】あっ、そうだった。	
07217	D1:2982:08CD6	1	대사	【アル】はい‥‥。	
07218	D1:2982:08CEC	1	대사	【クリス】ＩＤカードが出来たのだけど‥‥取りに来ないのかしら？	
07219	D1:2982:08D36	1	대사	【アル】あれ、クリスさん？	
07220	D1:2982:08D54	1	대사	【シェリル】クリスさんって‥‥総務の方ですか？	
07221	D1:2982:08D8E	1	대사	【アル】あっ、ダメ、しっ！	
07222	D1:2982:08DAC	1	대사	【クリス】あら、いま女性の声がしたわね。お邪魔だったかしら。	
07223	D1:2982:08DF4	1	대사	【アル】いやその‥‥空耳じゃないですか？	
07224	D1:2982:08E20	1	대사	【クリス】まぁいいわ、{n00}それよりもカードだけど。	
07225	D1:2982:08E5C	1	대사	【アル】でも確か、カードは８時くらいに出来るって‥‥。	
07226	D1:2982:08E96	1	대사	【クリス】今はもう８時１０分よ。	
07227	D1:2982:08EC2	1	대사	【アル】えぇ！？‥‥ね、いま何時かわかる？	
07228	D1:2982:08EF0	1	대사	【シェリル】ええと‥‥８時を１１分過ぎたところです。	
07229	D1:2982:08F50	1	대사	【アル】もうそんな時間か‥‥じゃあ今からすぐに行きます。	
07230	D1:2982:08FB4	1	대사	【シェリル】あの、ごめんなさい‥‥長々とお話してしまって。	
07231	D1:2982:08FFA	1	대사	【アル】誘ったのは俺だぜ。シェリルが悪く思う必要はないよ。	
07232	D1:2982:09038	1	대사	【シェリル】じゃあ楽しみにしてますね。	
07233	D1:2982:0906A	1	대사	【アル】えっ、なにを？	
07234	D1:2982:09084	1	대사	【シェリル】え、そ、そんな‥‥泳ぎを指導して下さるって‥‥。	
07235	D1:2982:090CC	1	대사	【アル】あぁ、それね。うん、時間があいたら室内フォンで連絡してよ。	
07236	D1:2982:09112	1	대사	【シェリル】はい‥‥それでは。	
07237	D1:2982:09146	1	대사	【アル】ふぅ‥‥まずいなぁ、クリスさんに気付かれたか。	
07238	D1:2982:09196	1	대사	【アル】でもよく考えてみたら、俺は別にやましいことをしている訳じゃないし‥‥。	
07239	D1:2982:091E8	1	대사	【アル】うん、自信をもって彼女に会うことができるはずだ。	
07240	D1:2982:09224	1	대사	【アル】いろいろとシェリルに話を聞いてみようぜ。	
07241	D1:2982:09258	1	대사	【シェリル】でも、おしゃべりの続きと言われても‥‥	
07242	D1:2982:09298	1	대사	【シェリル】どのあたりまで話したのか、よく覚えていないんです。	
07243	D1:2982:092E4	1	대사	【アル】え？　いやその、言葉通りの続きっていうんじゃなくて、	
07244	D1:2982:09324	1	대사	【アル】ここでいろいろと話さないかってことなんだけど。	
07245	D1:2982:0935C	1	대사	【シェリル】えっ、あ、そうだったんですか‥‥ごめんなさい。	
07246	D1:2982:093A2	1	대사	【アル】（どう考えても普通そうなんだけど‥‥。）	
07247	D1:2982:093D6	1	대사	【シェリル】ラウンジではもう慌ただしくて‥‥記憶があやふやだったんです。	
07248	D1:2982:0942A	1	대사	【アル】でも、実際どんなことを話していたっけなぁ‥‥。	
07249	D1:2982:09464	1	대사	【シェリル】確か最初にイズミさんが羨ましいという話をして、	
07250	D1:2982:094AC	1	대사	【シェリル】次にアルバートさんが取材に来られた理由を話して‥‥。	
07251	D1:2982:09510	1	대사	【シェリル】次にロジックに縛られない推察の重要性を‥‥。	
07252	D1:2982:09554	1	대사	【アル】ちょっとちょっと、全部覚えているじゃないか。	
07253	D1:2982:0958C	1	대사	【シェリル】いえ、一語一句覚えている訳じゃありませんから、不完全な記憶です。	
07254	D1:2982:095E4	1	대사	【アル】するとなに、シェリルの完全というのは、	
07255	D1:2982:09616	1	대사	【アル】相手の一語一句まで正確に記憶する訳かい？	
07256	D1:2982:09666	1	대사	【アル】‥‥断言されてしまった。	
07257	D1:2982:0968A	3	대사	【アル】ここは一応俺の部屋らしい。	
07258	D1:2982:096B0	1	대사	【アル】ふぅ‥‥色々歩き回って、結構疲れてしまったな。	
07259	D1:2982:096EA	1	대사	【アル】だが言葉通り、部屋でまどろむのも時間がもったいない。	
07260	D1:2982:0972A	1	대사	【アル】せっかく部屋に戻ってきたんだ、いろいろと考えてみよう。	
07261	D1:2982:0978E	1	선택지	　とる	
07262	D1:2982:09796	1	선택지	　電話	
07263	D1:2982:0979E	1	선택지	　客	
07264	D1:2982:097AC	1	대사	【アル】とるべきは写真ではない、電話だ。	
07265	D1:2982:097D8	1	대사	【アル】いいねぇ君、光ってるよ、いいよいいよぉ、	
07266	D1:2982:0980C	1	대사	【アル】よし、そこでいっちょうブラをとってみようかぁ！	
07267	D1:2982:09844	1	대사	【アル】いいねぇ！　最高だよきみぃ、もっと手を腰に添えて‥‥そうそう、	
07268	D1:2982:0988E	1	대사	【アル】エロチックな目線でこちらを‥‥いいねぇ、パシャッ、パシャッ。	
07269	D1:2982:098EA	1	대사	【アル】いったい俺は何をやっているんだろう。	
07270	D1:2982:0991A	1	대사	【アル】とるべきは客ではない、電話だ。	
07271	D1:2982:09944	1	대사	【アル】よっ、しゃちょー、にくいねこの！	
07272	D1:2982:09970	1	대사	【アル】今話題のアイドルジェシーちゃんにクリソツの女の子が、	
07273	D1:2982:099B0	1	대사	【アル】何とたったのこれっぽっきり。	
07274	D1:2982:099D6	1	대사	【アル】こりゃもう味わうしかないっすね、くのくのぉ！　おっ来ますか？	
07275	D1:2982:09A1E	1	대사	【アル】さすがはシャチョー、お目が高い‥‥お一人様ごあんなーい！	
07276	D1:2982:09A76	1	대사	【アル】鳴り響いている電話を目の前にして、俺は一体何をやっているんだ。	
07277	D1:2982:09AC0	1	대사	【アル】そうだ、俺がとるべきは電話だ。よし。	
07278	D1:2982:09B04	1	대사	【アル】へい、こちら来々軒ですぅ、出前でっか？	
07279	D1:2982:09B36	1	대사	【シェリル】クスクスッ。いつも楽しい人ですね、アルバートさんって。	
07280	D1:2982:09B84	1	대사	【アル】‥‥んー、ふくよかで、まったりとしていながら、	
07281	D1:2982:09BBE	1	대사	【アル】それでいてしつこくないその声は‥‥{s00}シェリルかい？	
07282	D1:2982:09BFA	1	대사	【シェリル】ウフフ、正解です。やっとつながりましたね。	
07283	D1:2982:09C3C	1	대사	【アル】何度か掛けてくれたんだ。今どこから‥‥。	
07284	D1:2982:09C88	1	대사	【アル】あっ、ちょっと待って、いま人が来たみたいだ。	
07285	D1:2982:09CC0	1	대사	【シェリル】誰が来たか当てます。	
07286	D1:2982:09CFE	1	대사	【シェリル】シェリル・シャトレートさんじゃないかしら？	
07287	D1:2982:09D5E	1	대사	【アル】どうして‥‥あぁ、携帯電話か。１本取られたね。	
07288	D1:2982:09D98	1	대사	【シェリル】ウフフ、こんにちは、アルバートさん。手はもう大丈夫ですか？	
07289	D1:2982:09DEA	1	대사	【アル】え‥‥て、手？　も、もちろんちゃんと２本付いているよ、ほら、この通り。	
07290	D1:2982:09E3C	1	대사	【シェリル】クスクスッ、よかった‥‥昼間は本当にありがとう。	
07291	D1:2982:09E84	1	대사	【アル】えっ、いや俺こそ‥‥すまなかった。その、シップ薬の件‥‥。	
07292	D1:2982:09ECA	1	대사	【シェリル】アルバートさんの部屋に行ったら誰もいないし、	
07293	D1:2982:09F10	1	대사	【シェリル】下に行ったらいつの間にかいなくなっているし、途方にくれてしまいました。	
07294	D1:2982:09F70	1	대사	【アル】ゴメン、その‥‥。	
07295	D1:2982:09F8E	1	대사	【シェリル】いいんです、ここ《デザイア》を探検してみたかったんですよね？	
07296	D1:2982:09FE4	1	대사	【シェリル】私がいると足手まといだから‥‥。	
07297	D1:2982:0A01E	1	대사	【アル】（みんなお見通しって訳か‥‥{n00}まいったな、これは。）	
07298	D1:2982:0A05E	1	대사	【アル】つぐないはするよ。なにかして欲しいこと、{n00}あるかな？	
07299	D1:2982:0A09E	1	대사	【アル】でも、いきなり生卵３個飲めとか、そういうのはナシね。	
07300	D1:2982:0A0DC	1	대사	【シェリル】そんな‥‥別に構いません。	
07301	D1:2982:0A10E	1	대사	【アル】んー、じゃあそうだな、ラウンジでのおしゃべりの続き、というのはどう？	
07302	D1:2982:0A1B8	1	대사	【アル】何の変哲もない部屋だ。	
07303	D1:2982:0A1DA	1	대사	【アル】良く言えば簡素にまとまっている、悪く言えば無個性だな。	
07304	D1:2982:0A21C	1	대사	【アル】俺の部屋にしてはよく片付いている。	
07305	D1:2982:0A24A	1	대사	【アル】といっても、今日来たばかりだからな。	
07306	D1:2982:0A27A	1	대사	【アル】これが１週間もすると、エントロピーはかなり増大しているはずだ。	
07307	D1:2982:0A2C2	1	대사	【アル】ごく普通のベッドだ。少し広めのセミダブルというところか。	
07308	D1:2982:0A306	1	대사	【アル】まるで、誰か隣に寝てくれと、言わんばかりの造りだな。	
07309	D1:2982:0A346	1	대사	【アル】なかなか寝心地がよさそうだ。	
07310	D1:2982:0A36E	1	대사	【アル】俺は自慢じゃないが、ベッドにだけはうるさいんだ。	
07311	D1:2982:0A3AA	1	대사	【アル】やはりふくよかで、身体をまったりと包み込む快感は欠かせない。	
07312	D1:2982:0A3F0	1	대사	【アル】どこかの通信販売で購入したようなパイプベッドには、死んでも寝たくないな。	
07313	D1:2982:0A444	1	대사	【アル】第一安物だと、あの最中なんか、ギシギシいってうるさいんだよ。	
07314	D1:2982:0A48C	1	대사	【アル】それだけで興がさめてしまう。	
07315	D1:2982:0A4B2	1	대사	【アル】正面のドアはバスルームのだ。早くマコトと一緒に入りたいもんだな。	
07316	D1:2982:0A4FE	1	대사	【アル】ドアの向こうには秘密の楽園が‥‥。	
07317	D1:2982:0A52C	1	대사	【アル】‥‥広がっている訳ないか。ただのバスルームだ。	
07318	D1:2982:0A566	1	대사	【アル】けたたましく鳴り響いている。早くとろう。	
07319	D1:2982:0A59A	1	대사	【アル】おいおい、{n00}また掛けるのか？	
07320	D1:2982:0A5C2	1	대사	【アル】まぁいい、よし今度はどこに‥‥。	
07321	D1:2982:0A626	1	대사	【アル】あれ？　俺はまだ掛けていないぞ。	
07322	D1:2982:0A652	1	대사	【アル】ということは、この部屋に掛かってきた電話ということだ。	
07323	D1:2982:0A694	1	대사	【アル】そんなこと言っている間にさっさと取れよ。	
07324	D1:2982:0A6C8	1	대사	【アル】もうやめておこう。シルビアに本気で怒られてしまうぞ。	
07325	D1:2982:0A708	1	대사	【アル】もう一度かけるのか？	
07326	D1:2982:0A728	1	대사	【アル】そうだな、ステラ教授のところに掛けてみるか。	
07327	D1:2982:0A760	1	대사	【アル】マルチナだから、０７７‥‥かな？	
07328	D1:2982:0A78A	1	대사	パピポポッ‥‥‥‥{w00}	
07329	D1:2982:0A7CE	1	대사	【アル】でないな‥‥。	
07330	D1:2982:0A7E8	1	대사	プルルルルル‥‥プルルルルル‥‥‥‥。	
07331	D1:2982:0A822	1	대사	【アル】おっ、つながったぞ。	
07332	D1:2982:0A842	1	대사	【シルビア】はい、こちら第１格納庫‥‥。	
07333	D1:2982:0A876	1	대사	【アル】おっ、シルビアか。	
07334	D1:2982:0A894	1	대사	【シルビア】アル？　なんだい、急に電話なんて。	
07335	D1:2982:0A8CE	1	대사	【アル】へへへ‥‥お、奥さん、俺が今何をやってるか、はぁ、はぁ‥‥わ、わかるかい？	
07336	D1:2982:0A924	1	대사	【アル】はぁ、はぁ‥‥うっ。	
07337	D1:2982:0A942	1	대사	【シルビア】ハハハ、相変わらず面白いヤツだな、ほどほどにしておきなよ。	
07338	D1:2982:0A994	1	대사	【アル】うーむ、軽くあしらわれたか。	
07339	D1:2982:0A9BC	1	대사	【シルビア】で、用は何なんだい？	
07340	D1:2982:0A9E8	1	대사	【アル】あ？　いやそのつまり‥‥はぁ、はぁ。	
07341	D1:2982:0AA18	1	대사	【シルビア】おい、オレはこう見えても結構忙しいんだぜ。	
07342	D1:2982:0AA5A	1	대사	【アル】そ、そうだったのか、すまない。でもシルビアの声が聞きたかったんだ。	
07343	D1:2982:0AAA8	1	대사	【シルビア】‥‥そ、そういうことは恋人に言うもんだぜ、じゃな。	
07344	D1:2982:0AB10	1	대사	ガチャ‥‥‥‥ツー、ツー。	
07345	D1:2982:0AB36	1	대사	【アル】切られてしまった。怒ったのかな‥‥。	
07346	D1:2982:0AB74	1	대사	【アル】もう少しここにいたい気分だ。	
07347	D1:2982:0ABB6	1	선택지	　その他色々	
07348	D1:2982:0ABC4	1	대사	【アル】個人的に嫌いなタイプじゃないしな‥‥。	
07349	D1:2982:0ABF6	1	대사	【アル】だが、俺の記者魂を刺激してやまない人物だ。	
07350	D1:2982:0AC2C	1	대사	【アル】誰かに見られるのを前提とした、不詳データを表明する意図、か‥‥うーん。	
07351	D1:2982:0AC7E	1	대사	【アル】マスコミに対するプロパガンダだろうか‥‥。	
07352	D1:2982:0ACB4	1	대사	【アル】いや違うな、彼女はマスコミの人間を極端に嫌う傾向があると言っていた。	
07353	D1:2982:0AD04	1	대사	【アル】とすれば、マスコミの興味を煽るような事はしないはずだ。	
07354	D1:2982:0AD46	1	대사	【アル】とすると‥‥案外ロシア政府の意向かもしれないな。	
07355	D1:2982:0AD82	1	대사	【アル】しかし政府が得体の知れない人物を雇っている事を、果たして公にするだろうか。	
07356	D1:2982:0ADD8	1	대사	【アル】安易だろうか‥‥考えがどんどんそれていくような気がする。	
07357	D1:2982:0AE1C	1	대사	【アル】マルチナ・ステラドヴィッチか‥‥。	
07358	D1:2982:0AE4A	1	대사	【アル】年齢的には少しいっていそうだけど、	
07359	D1:2982:0AE78	1	대사	【アル】それなりに着飾ればモデルにでもなりそうな人だ。	
07360	D1:2982:0AEB0	1	대사	【アル】年齢不詳、出生地不詳、生年月日不詳か‥‥一昔前のＴＶヒーローみたいだな。	
07361	D1:2982:0AF04	1	대사	【アル】レイコさんは才能故と言っていた。彼女の才能故に重宝されているのだと。	
07362	D1:2982:0AF54	1	대사	【アル】だが疑問も残ると言えば残る‥‥	
07363	D1:2982:0AF7E	1	대사	【アル】パーソナルデータなど、どうとでも捏造できるはずだしな。	
07364	D1:2982:0AFBE	1	대사	【アル】しかもレベル３の階級あたりからアクセスできるデータだ、	
07365	D1:2982:0B000	1	대사	【アル】ほとんど公になっていると言って過言じゃないだろう。	
07366	D1:2982:0B03C	1	대사	【アル】だとすると、例の不詳データは故意に表明していることになる。	
07367	D1:2982:0B082	1	대사	【アル】故意にあの妙なデータを表明する、その意図は何だろうか‥‥。	
07368	D1:2982:0B0C8	1	대사	【アル】いま考えても、答えは出ないようだ。	
07369	D1:2982:0B0F6	1	대사	【アル】どうしているかな、ティーナ。	
07370	D1:2982:0B11E	1	대사	【アル】シルビアの言い分だと、それほど大したことはなさそうなんだが。	
07371	D1:2982:0B166	1	대사	【アル】見舞いにくらい行った方が‥‥{s00}あっ。	
07372	D1:2982:0B194	1	대사	【アル】結局メディカルセンターの場所を聞き忘れている。うかつな奴め。	
07373	D1:2982:0B1DC	1	대사	【アル】まぁ、ドクターが大丈夫と言うのだから大丈夫だろう。	
07374	D1:2982:0B21A	1	대사	【アル】ずっと会えない訳でもないし、ま、明日以降かな。	
07375	D1:2982:0B252	1	대사	【アル】しかし驚いたな‥‥。	
07376	D1:2982:0B272	1	대사	【アル】教授に娘がいたのは知っていたが、ティーナという名前だったなんて‥‥。	
07377	D1:2982:0B2C2	1	대사	【アル】別にティーナという名前はそれほど珍しいものでもないし、	
07378	D1:2982:0B304	1	대사	【アル】むしろありふれているが、問題はその容姿だ。	
07379	D1:2982:0B338	1	대사	【アル】偶然か‥‥	
07380	D1:2982:0B34E	1	대사	【アル】いや、偶然がこれだけ重なれば、そこには何らかの必然が生じているはずだ。	
07381	D1:2982:0B39E	1	대사	【アル】じゃあどんな必然があるのか‥‥双子の姉妹？　あるいは同一人物‥‥？	
07382	D1:2982:0B3EC	1	대사	【アル】何かあるような気がするが、あの女の子相手に取材するのも何だしな。	
07383	D1:2982:0B438	1	대사	【アル】ここはやっぱりステラ教授か‥‥	
07384	D1:2982:0B462	1	대사	【アル】彼女に聞ければ、何か得るモノがあるかもしれない‥‥。	
07385	D1:2982:0B4A0	1	대사	【アル】これからどうするかな‥‥。	
07386	D1:2982:0B4C6	1	대사	【アル】しかしマコトの奴とはなかなか会えないな。	
07387	D1:2982:0B4FA	1	대사	【アル】このあいだ会ったのは確か、１か月前の休暇だったしな‥‥。	
07388	D1:2982:0B53C	1	대사	【アル】あいつのことだから、どうせまだ仕事をしているに違いないが‥‥。	
07389	D1:2982:0B586	1	대사	【アル】仕事をする女と付き合うのも大変なもんだ。	
07390	D1:2982:0B5BA	1	대사	【アル】一通り《デザイア》の中は見回ったことになるか‥‥。	
07391	D1:2982:0B5F8	1	대사	【アル】それほど広くも無かったが、結構疲れたな。	
07392	D1:2982:0B62C	1	대사	【アル】肝心の研究室は見せてもらえなかったが、	
07393	D1:2982:0B65E	1	대사	【アル】明後日には取材で入室が許可されるだろう。	
07394	D1:2982:0B6B6	1	대사	【アル】当たり前だが、調度品などは何も置いていない。	
07395	D1:2982:0B72E	1	대사	【アル】普通の室内フォンだ。もう電話はかけたくないな。	
07396	D1:2982:0B7BE	1	대사	【アル】ちょっと掛けてみるか。そうだな、マコトの部屋の内線番号はと‥‥。	
07397	D1:2982:0B80A	1	대사	【アル】イズミさんだから、１２３３‥‥かな？	
07398	D1:2982:0B83A	1	대사	パピポポ‥‥‥‥{w00}	
07399	D1:2982:0B87C	1	대사	【アル】おっ、掛かってるかかってる。	
07400	D1:2982:0B8BA	1	대사	【アル】おっ、繋がったぞ。	
07401	D1:2982:0B950	1	대사	【アル】あーびっくりした‥‥内線１２３３は禁断の番号だ。	
07402	D1:2982:0B98C	1	대사	【アル】綺麗に磨かれていて気持ちがいいな。	
07403	D1:2982:0BAA2	1	대사	【アル】女の子が隣にいたら、もっと寝心地がよさそうだ。	
07404	D1:2982:0BC18	1	대사	【アル】宿舎って言うくらいだから、もっとこう、	
07405	D1:2982:0BC4A	1	대사	【アル】チープな宿屋みたいなのを想像していたんだが。	
07406	D1:2982:0BD84	1	대사	【アル】なんて言うと『イヤッ』とか言いそうだもんな、あいつ‥‥。	
07407	D1:2982:0BDD6	1	대사	【アル】そうだな‥‥ここでこうしていもしょうがない。	
07408	D1:2982:0BE0E	4	대사	【アル】よし、部屋を出よう。	
07409	D1:2982:0BE34	9	선택지	　もうちょっと待って	
07410	D1:2982:0BE4A	1	선택지	　うん、年齢でわったよ	
07411	D1:2982:0BE62	9	대사	【ティーナ】もうちょっと待って。	
07412	D1:2982:0BE8E	7	대사	【アル】今までのをもう一度言うと、	
07413	D1:2982:0BEB4	6	대사	【アル】最初に考えた数字に、年齢を掛けて、	
07414	D1:2982:0BEE0	5	대사	【アル】そこにポケットマネーの金額を足し、それを４倍する。	
07415	D1:2982:0BF1C	2	대사	【アル】そしてその数字から、ポケットマネーの額の２倍を引いてみて、さらに２で割る。	
07416	D1:2982:0BF72	2	대사	【アル】そしてその数字から、ポケットマネーの額をもう一度引き、	
07417	D1:2982:0BFB2	1	대사	【アル】最初に考えた数字で割る。ここまではいいかい？	
07418	D1:2982:0C008	1	대사	【アル】そしてその数字を、ティーナの年齢で割るんだ。{n00}ＯＫ？	
07419	D1:2982:0C066	1	대사	【ティーナ】うん、年齢でわったよ。	
07420	D1:2982:0C094	1	대사	【アル】よーし、最後だ。最後にその数字から１を引く。	
07421	D1:2982:0C0CC	1	대사	【ティーナ】１を引くのね。うん、引いた。	
07422	D1:2982:0C100	1	대사	【アル】じゃあ、俺が今の数字を当ててやろう。	
07423	D1:2982:0C130	1	대사	【ティーナ】えっ、{n00}そんなことできるの？	
07424	D1:2982:0C164	1	대사	【アル】フフン、俺の神通力をもってすれば、んー‥‥。	
07425	D1:2982:0C19C	1	대사	【ティーナ】ドキドキッ。	
07426	D1:2982:0C1C0	1	대사	【アル】んー‥‥わかった！	
07427	D1:2982:0C1DE	1	대사	【ティーナ】きゃっ、な、なに？	
07428	D1:2982:0C208	1	대사	【アル】１だ！	
07429	D1:2982:0C21A	1	대사	【ティーナ】あ、当たってるぅ。{n00}なんでー？	
07430	D1:2982:0C250	1	대사	【アル】ふっふっふ。	
07431	D1:2982:0C268	2	대사	【ティーナ】あっ！	
07432	D1:2982:0C286	1	대사	【アル】言ったね。いま、{n00}「なんで」って言ったね。	
07433	D1:2982:0C2BC	1	대사	【ティーナ】ずるいよ、そんなの。	
07434	D1:2982:0C2E8	1	대사	【アル】だーめ。	
07435	D1:2982:0C2FC	1	대사	【ティーナ】ずるいっ！	
07436	D1:2982:0C334	1	선택지	　うん、わったよ	
07437	D1:2982:0C496	1	대사	【アル】最初に考えた数字で割る。いいかい？	
07438	D1:2982:0C4E0	1	대사	【ティーナ】うん、わったよ。	
07439	D1:2982:0C508	1	대사	【アル】よし、じゃあ今度は、その数字をティーナの年齢でもう一度割る。	
07440	D1:2982:0C550	9	대사	【ティーナ】うーん‥‥。	
07441	D1:2982:0C58A	2	선택지	　うん、ひいたよ	
07442	D1:2982:0C656	1	대사	【アル】そしてその数字から、ポケットマネーの額の２倍を引き、それを２で割る。	
07443	D1:2982:0C6A6	1	대사	【アル】そしてその数字から、ポケットマネーの額をもう一度引く。いいかい？	
07444	D1:2982:0C70E	2	대사	【ティーナ】うん、ひいたよ。	
07445	D1:2982:0C736	1	대사	【アル】よし、もうすぐ終わりだからね。じゃあそれをだ、最初に考えた数字で割る。	
07446	D1:2982:0C788	1	대사	【ティーナ】最初に考えた数字？	
07447	D1:2982:0C7B2	1	대사	【アル】おいおい、忘れちゃいないだろうな。	
07448	D1:2982:0C7E0	1	대사	【ティーナ】うん、覚えてる。その数字で割るのね。	
07449	D1:2982:0C81C	1	대사	【アル】そうだ。（今の数字）÷（最初に考えた数字）だぞ。	
07450	D1:2982:0C892	1	선택지	　うん、２でわったよ	
07451	D1:2982:0C962	1	대사	【アル】そしてその数字から、	
07452	D1:2982:0C982	1	대사	【アル】ポケットマネーの額の２倍を引き、それを２で割る。いいかい？	
07453	D1:2982:0C9E4	1	대사	【ティーナ】うん、２でわったよ。	
07454	D1:2982:0CA10	1	대사	【アル】よしよし、じゃあ次にだ。そこから、ポケットマネーの額を引いてくれ。	
07455	D1:2982:0CA5E	1	대사	【ティーナ】今の数字から引くのね？	
07456	D1:2982:0CA8C	1	대사	【アル】そうだ。引いたかい？	
07457	D1:2982:0CBB2	1	대사	【アル】そしてその数字から、ポケットマネーの額の２倍を引いてみる。いいかい？	
07458	D1:2982:0CC48	1	대사	【アル】よし、今度は割り算だ。今の数字を２で割る。	
07459	D1:2982:0CC7E	1	대사	【ティーナ】２で割るのね。	
07460	D1:2982:0CCA4	1	대사	【アル】そうだ、できたかい？	
07461	D1:2982:0CCFE	2	선택지	　うん、かけた	
07462	D1:2982:0CD8C	1	대사	【アル】そこにポケットマネーの金額を足し、それを４倍する。いいかい？	
07463	D1:2982:0CDF0	1	대사	【ティーナ】うん、かけたよ。	
07464	D1:2982:0CE18	1	대사	【アル】よしよし、じゃあ今度は引き算だ。	
07465	D1:2982:0CE44	1	대사	【アル】今の数字から、ポケットマネーの額の２倍の数字を引く。	
07466	D1:2982:0CE82	1	대사	【ティーナ】うーん、つまりお金に２をかけて、今の数字から引くのね。	
07467	D1:2982:0CED0	2	대사	【アル】そうだ。できたかい？	
07468	D1:2982:0CF2A	1	선택지	　うん、足した	
07469	D1:2982:0CF8C	1	대사	【アル】最初に考えた数字に、年齢を掛けて、そこにポケットマネーの金額を足す。	
07470	D1:2982:0CFDA	1	대사	【アル】金額がゼロはダメだぞ。いいかい？	
07471	D1:2982:0D024	1	대사	【ティーナ】うん、足した。	
07472	D1:2982:0D04A	1	대사	【アル】よーし。じゃあ次に、その数字を４倍する。	
07473	D1:2982:0D07E	1	대사	【ティーナ】４をかけるってことね。	
07474	D1:2982:0D142	1	대사	【アル】計算間違えをするなよ。今までのをもう一度言うと、	
07475	D1:2982:0D17E	1	대사	【アル】最初に考えた数字に、年齢を掛ける。	
07476	D1:2982:0D1C8	1	대사	【ティーナ】うん、かけた。	
07477	D1:2982:0D1EE	1	대사	【アル】じゃあ次にだ。いま計算した数字に、今度はティーナのポケットマネーを足す。	
07478	D1:2982:0D242	1	대사	【ティーナ】ポケットマネー？	
07479	D1:2982:0D26A	1	대사	【アル】今の所持金だよ。無かったら、今欲しいお金の額でいいが、ゼロは無しだぞ。	
07480	D1:2982:0D2BC	1	대사	【ティーナ】うーん‥（ティーナ、今お金持ってないし‥いくらお金が欲しいのかしら。）	
07481	D1:2982:0D31A	1	대사	【アル】足したかい？	
07482	D1:2982:0D36C	1	선택지	　考えた！	
07483	D1:2982:0D378	1	대사	【ティーナ】うん、考えた！	
07484	D1:2982:0D39E	1	대사	【アル】よーし。ちゃんと計算するんだぞ。	
07485	D1:2982:0D3E8	1	대사	【アル】じゃあ次に、	
07486	D1:2982:0D3FE	1	대사	【アル】その数にティーナの年齢をかけて。	
07487	D1:2982:0D42A	1	대사	【ティーナ】かけ算？　んー‥‥{n00}（ティーナ、年齢わからないし‥‥適当でいいや。）	
07488	D1:2982:0D486	1	대사	【アル】かけたかい？	
07489	D1:2982:0D4EE	1	대사	【アル】あぁ、１から無限大までの整数だよ。	
07490	D1:2982:0D51C	1	선택지	　Ａコース	
07491	D1:2982:0D528	1	선택지	　Ｂコース	
07492	D1:2982:0D534	1	대사	【ティーナ】Ａコース！	
07493	D1:2982:0D556	1	대사	【アル】よーし、じゃあＡコースのルールを説明しよう。	
07494	D1:2982:0D5AC	1	대사	【アル】Ａコースは速攻お休みコースだ。へっへっへ。	
07495	D1:2982:0D5E2	1	대사	【ティーナ】えぇ、そんなぁ、ずるいよぉ‥‥。	
07496	D1:2982:0D61A	1	대사	【アル】だーめ。こっちを選んだティーナが悪い。	
07497	D1:2982:0D64C	1	대사	【ティーナ】ぶぅ！	
07498	D1:2982:0D66A	1	대사	【アル】どうする、このまま行くかい？	
07499	D1:2982:0D692	1	대사	【アル】それとももう一度コースを選択するか？	
07500	D1:2982:0D6C0	1	대사	【ティーナ】ティーナ、{n00}Ｂコースにする！	
07501	D1:2982:0D6F4	1	대사	【アル】よーし、じゃあＢコースのルールを説明しよう。	
07502	D1:2982:0D74A	1	대사	【アル】ルールは簡単、ゲーム中に「なんで」って言わないこと。いいかい？	
07503	D1:2982:0D794	1	대사	【ティーナ】なんで‥‥あっ。ううん、違うの。	
07504	D1:2982:0D7CC	1	대사	【アル】最初からそれで大丈夫か？じゃあいくぞ、数当てゲームだ。	
07505	D1:2982:0D80E	1	대사	【アル】俺がティーナが算出した数字を当てる。	
07506	D1:2982:0D862	1	대사	【アル】フフン、まず、１つ数字を考えてくれ。	
07507	D1:2982:0D892	1	대사	【アル】これは１から無限大まで、正の整数であれば何でもいい。	
07508	D1:2982:0D8D2	1	대사	【ティーナ】何でもいいの？	
07509	D1:2982:0D8F8	1	대사	【アル】あぁ、何でもいい。	
07510	D1:2982:0D916	1	대사	【ティーナ】じゃあ、イッチョーとかでもいいの？	
07511	D1:2982:0D950	1	대사	【アル】あぁ、別に構わないぜ。	
07512	D1:2982:0D972	1	대사	【アル】ただし、あまり数字が大きいと、計算が大変になるからな。	
07513	D1:2982:0D9D6	1	선택지	　コースを選択し直す	
07514	D1:2982:0D9EC	1	선택지	　このままでいい	
07515	D1:2982:0D9FE	1	대사	【ティーナ】コースを選択し直す！	
07516	D1:2982:0DA2A	1	대사	【アル】やれやれ、しょうがないな。じゃあ、もう一回だけ、付き合ってやるか。	
07517	D1:2982:0DA78	1	대사	【アル】ＡコースとＢコースのどっちを選ぶ？	
07518	D1:2982:0DAA6	1	대사	【アル】よーし、このままいくんだな。	
07519	D1:3360:02E44	7	대사	【アル】ここは俺の部屋だ。	
07520	D1:3360:02E6C	2	대사	【アル】ふぅ‥‥‥‥。	
07521	D1:3360:02E86	1	대사	【アル】何だか、肉体的よりもむしろ精神的に疲れたな‥‥。	
07522	D1:3360:02ECC	1	대사	【ティーナ】ティーナ、まだ元気！	
07523	D1:3360:02EF8	1	대사	【アル】子供はいいねぇ、気疲れって言葉を知らなくて。	
07524	D1:3360:02F30	1	대사	【ティーナ】ティーナもやっぱりちょっと疲れた。	
07525	D1:3360:02F6A	1	대사	【アル】どこが疲れたんだ？	
07526	D1:3360:02FB0	1	대사	【アル】ティーナは‥‥戻ってきてはいないようだな。	
07527	D1:3360:02FE6	1	대사	【アル】しょうがない、早いトコまた捜しにいこうぜ。	
07528	D1:3360:0304E	1	대사	【アル】ふぅ、とりあえず部屋に戻ってきた‥‥。	
07529	D1:3360:03080	1	대사	【ティーナ】あぁ、面白かった！	
07530	D1:3360:030D6	1	대사	【アル】あっ、シェリル。	
07531	D1:3360:03110	1	대사	【アル】しばらくティーナを預かって欲しいんだ。	
07532	D1:3360:03142	1	대사	【シェリル】ティーナを、ですか？	
07533	D1:3360:0316E	1	대사	【アル】あぁ、シェリルの部屋に連れていって貰えれば、	
07534	D1:3360:031A6	1	대사	【アル】自室謹慎の命に背く訳じゃないしね。	
07535	D1:3360:031D4	1	대사	【シェリル】は、はい‥‥それは構いませんが‥‥。	
07536	D1:3360:03210	1	대사	【アル】俺はちょっと出かける。	
07537	D1:3360:03232	1	대사	【シェリル】だ、大丈夫なんですか？	
07538	D1:3360:03260	1	대사	【アル】大丈夫だろう、たぶん‥‥。戻ってきたら室内フォンで連絡いれるよ。番号は？	
07539	D1:3360:032B4	1	대사	【シェリル】はい、番号は１２３です。	
07540	D1:3360:032E4	1	대사	【アル】１２３‥‥（んー、投げた番号だな‥‥。）	
07541	D1:3360:03318	1	대사	【アル】ここの番号はわかってる{n00}ね？	
07542	D1:3360:03340	1	대사	【シェリル】はい、わかっています。	
07543	D1:3360:0336E	1	대사	【アル】よし、じゃあティーナ。	
07544	D1:3360:0339A	1	대사	【ティーナ】なーに？	
07545	D1:3360:033BA	1	대사	【アル】ちょっとシェリルの部屋で、遊んでこないか？	
07546	D1:3360:033F0	1	대사	【ティーナ】うん、シェリルと遊ぶのね。でも、アルは？	
07547	D1:3360:03430	1	대사	【アル】俺はちょっと仕事があるからな‥‥	
07548	D1:3360:0345C	1	대사	【アル】でもそんなに遅くならないうちに戻ってくる。いいかい？	
07549	D1:3360:0349C	1	대사	【ティーナ】んー、早く戻ってきてね。	
07550	D1:3360:034CC	1	대사	【アル】あぁ‥‥じゃあシェリル、ティーナを頼んだよ。	
07551	D1:3360:03504	1	대사	【シェリル】はい‥‥じゃあティーナ、一緒に行きましょう。	
07552	D1:3360:03586	1	대사	【アル】ふぅ、静かになったな。	
07553	D1:3360:035B2	1	대사	【アル】おっ、用意できたようだな。	
07554	D1:3360:035D8	1	대사	【シェリル】ごめんなさい、遅くなってしまって。	
07555	D1:3360:03612	1	대사	【アル】いや、俺もその、着替え中に入ってしまって悪かった。	
07556	D1:3360:03676	1	대사	【アル】（うわ、顔が真っ赤だよ。純情なんだなぁ。）	
07557	D1:3360:036AC	1	대사	【アル】じゃあ俺も荷物を持ってと。	
07558	D1:3360:036D2	1	대사	【ティーナ】アルぅー！	
07559	D1:3360:036FE	1	대사	【アル】よっ、王女様。用意はいいかい？	
07560	D1:3360:03746	1	대사	【アル】じゃあ浜辺に出発と行くかな。	
07561	D1:3360:0379A	1	대사	【シェリル】きゃぁ！	
07562	D1:3360:037BA	1	대사	【ティーナ】あ、アルぅー！	
07563	D1:3360:037E0	1	대사	【アル】ま、まだ着替え中だったか‥‥。	
07564	D1:3360:0380A	1	대사	【シェリル】もう、アルバートさん！　こまります。	
07565	D1:3360:03846	1	대사	【アル】ご、ごめん。それじゃまた後で‥‥。	
07566	D1:3360:0387A	1	대사	【アル】シェリル、いるかい？	
07567	D1:3360:038B6	1	대사	【シェリル】きゃっ！！	
07568	D1:3360:038D8	1	대사	【ティーナ】あっ、アルぅー！	
07569	D1:3360:0390C	1	대사	【アル】おいてっ！　回を重ねる毎にタックルが重くなっていくな。	
07570	D1:3360:0394E	1	대사	【ティーナ】ねぇ、見て見て。シェリルがティーナに着せてくれたの。	
07571	D1:3360:0399C	1	대사	【ティーナ】２人でアルのためにドレスアップしたのよ！	
07572	D1:3360:039DE	1	대사	【シェリル】あ、あ、あ、アルバートさん！	
07573	D1:3360:03A12	1	대사	【アル】わ、わかってるよ、で、でもちょっと‥‥ティーナ！	
07574	D1:3360:03A4E	1	대사	【ティーナ】ねぇねぇ、ほら見て、このパンツ！	
07575	D1:3360:03A86	1	대사	【シェリル】ちょ、ちょっとティーナ‥‥。	
07576	D1:3360:03ABA	1	대사	【ティーナ】シェリルが貸してくれたの。素敵でしょ？	
07577	D1:3360:03AF8	1	대사	【アル】あ、あぁ‥‥そ、そうだね、だ、だからちょっと離しなさいって！	
07578	D1:3360:03B40	1	대사	【ティーナ】ねぇ、早く海に行こーよ！	
07579	D1:3360:03B70	1	대사	【アル】い、行くよ、行く行く。シェリル、水着は‥‥。	
07580	D1:3360:03BA8	1	대사	【シェリル】お願いですから、ドアを閉めて下さい。	
07581	D1:3360:03BE4	1	대사	【アル】わ、わかった。	
07582	D1:3360:03C1C	1	대사	【シェリル】アルバートさんが部屋に入ってきて、どうするんですか。	
07583	D1:3360:03C68	1	대사	【アル】わ、わかった‥‥じゃ、あと少ししたら、また来るよ。	
07584	D1:3360:03CD4	1	대사	【アル】とにかく、早くレイコさんのとこに行こうぜ。	
07585	D1:3360:03D48	2	대사	【アル】相変わらず殺伐とした部屋だが、それなりに愛着も涌いてきたな‥‥。	
07586	D1:3360:03D9C	1	대사	【アル】ティーナはよく眠っているようだな‥‥。	
07587	D1:3360:03DCE	1	대사	【アル】へへっ、まったく人の苦労もしらないでさ。	
07588	D1:3360:03E02	1	대사	【アル】でも、やけにくたびれた子供ってのも、かわいげがないし。	
07589	D1:3360:03E44	1	대사	【アル】今のティーナは世間に無頓着でいいんだよな。	
07590	D1:3360:03EB8	1	대사	【アル】そうだ、俺はレイコさんの所に行かなくちゃならないんだ。	
07591	D1:3360:03F2C	1	대사	【アル】ティーナは寝ているぞ。	
07592	D1:3360:03F4E	1	대사	【アル】それよりも早く、レイコさんのトコに行こうぜ。	
07593	D1:3360:03F86	1	대사	【ティーナ】ティーナ、大人だからキヅカレしたの。	
07594	D1:3360:03FC2	1	대사	【アル】はいはい‥‥。	
07595	D1:3360:04066	1	대사	【アル】ようやく帰ってきたわが家、	
07596	D1:3360:0408C	1	대사	【アル】って感じにはほど遠いが、まぁ愛着も少しずつわいてきた。	
07597	D1:3360:040CE	1	대사	【アル】とは言っても、明日が取材最後の日だからな‥‥。	
07598	D1:3360:04108	1	대사	【アル】今日明日と、この部屋を活用させてもらおう。	
07599	D1:3360:0413E	1	대사	【アル】まぁいいか。気疲れしてるってことで。	
07600	D1:3360:0416E	1	대사	【ティーナ】子供にはわからないの！	
07601	D1:3360:0419C	1	대사	【アル】気疲れをしたそうだが、元気いっぱいという感じだな。	
07602	D1:3360:041DA	1	대사	【アル】まったく、うらやましい限りだ。	
07603	D1:3360:04204	1	대사	【ティーナ】キヅカレしてるモン。	
07604	D1:3360:04230	1	대사	【アル】キヅカレって何だよ。	
07605	D1:3360:04272	1	대사	【アル】ほーらみろ。	
07606	D1:3360:0428A	1	대사	【ティーナ】キヅカレはキヅカレよ。そんなことも知らないの？　アルって意外と子供ね！	
07607	D1:3360:042E8	1	대사	【アル】あのなぁ。	
07608	D1:3360:0430C	1	대사	【アル】悟られるからな、もう少し待とうぜ。	
07609	D1:3360:0433A	2	대사	【アル】よし。	
07610	D1:3360:0434C	2	대사	【ティーナ】ティーナも行く！	
07611	D1:3360:04374	1	대사	【アル】まだ何も言っていないぞ。	
07612	D1:3360:043A4	1	대사	【アル】じゃあそろそろ、だな。	
07613	D1:3360:043C6	1	대사	【ティーナ】ドキッ！	
07614	D1:3360:043E6	1	대사	【アル】さーてさて、今日もやってまいりました、良い子は‥‥。	
07615	D1:3360:04426	1	대사	【ティーナ】お遊びの時間！	
07616	D1:3360:0444C	1	대사	【アル】違うだろ、おねむの時間だ。	
07617	D1:3360:04472	1	대사	【ティーナ】いや！	
07618	D1:3360:04490	1	대사	【アル】じゃあいいぜ、俺は先に寝るから。	
07619	D1:3360:044BC	1	대사	【ティーナ】えっ‥‥。	
07620	D1:3360:044DE	1	대사	【アル】１人で遊んでていいからね。じゃあおやすみっと！	
07621	D1:3360:04518	1	대사	【ティーナ】ああン、{n00}ティーナも寝るぅ！	
07622	D1:3360:0454C	1	대사	【アル】（ふふん、たやすいもんだぜ。）	
07623	D1:3360:0457E	1	대사	【ティーナ】クスクスッ、{n00}一緒に寝よう！	
07624	D1:3360:045B2	1	대사	【アル】だからこうして横に寝ているだろ？	
07625	D1:3360:045FC	1	대사	【アル】（寝てる時が、一番可愛い‥‥なんて言ったら、怒るかな、やっぱり。）	
07626	D1:3360:0464A	1	대사	【ティーナ】ねぇ。	
07627	D1:3360:0467E	1	대사	【ティーナ】今日、とっても面白かったね‥‥恐いオバチャンに怒られちゃったけど。	
07628	D1:3360:046D8	1	대사	【アル】へへ、オバチャンか。怒るぜ、カズミさん。	
07629	D1:3360:0470C	1	대사	【ティーナ】ティーナ、眠くなっちゃった‥‥。	
07630	D1:3360:04744	1	대사	【アル】あぁ、俺も本当に眠くなってきたよ。	
07631	D1:3360:04772	1	대사	【ティーナ】本当にって‥‥じゃあさっきのはウソだったの？	
07632	D1:3360:047B6	1	대사	【アル】う、ウソじゃないさ。眠いんだけど、さらにすっごく眠くなってきたってこと。	
07633	D1:3360:04834	1	대사	【ティーナ】ね、アルぅ‥。	
07634	D1:3360:0486A	1	대사	【ティーナ】ずっと一緒にいられると、いいね。	
07635	D1:3360:048A2	1	대사	【アル】へへ、男を喜ばせるツボを抑えてるね、お前さん。	
07636	D1:3360:048DC	1	대사	【ティーナ】アル、喜んだ？	
07637	D1:3360:04902	1	대사	【アル】あぁ、そう言ってくれると嬉しいよ。	
07638	D1:3360:04930	1	대사	【ティーナ】うん‥‥アルぅ‥‥。	
07639	D1:3360:04972	1	대사	【ティーナ】‥‥‥。	
07640	D1:3360:049CA	1	대사	【アル】ふぅ‥‥やっと寝てくれたか‥‥。	
07641	D1:3360:049F6	1	대사	【アル】遊ぶ遊ぶって突っ張っても、寝るときはアッという間だからな。子供らしいぜ。	
07642	D1:3360:04A6A	1	대사	【アル】じゃあ俺も、シャワーを浴びて寝るかな‥‥{s00}あっ！！	
07643	D1:3360:04AA8	1	대사	【アル】ね、寝てる場合じゃなかったぞ。	
07644	D1:3360:04AD2	1	대사	【アル】確かレイコさんとこに行く約束をしてたような‥‥。	
07645	D1:3360:04B0E	1	대사	【アル】何かあったような気がしたんだ‥‥。	
07646	D1:3360:04B3C	1	대사	【アル】まったく、すっぽかしたらどんな目に遭うことか‥‥。	
07647	D1:3360:04BAE	1	대사	【アル】うーん、でもあんな目には遭ってもいいかな。	
07648	D1:3360:04BE4	3	대사	【アル】なぁ、ティーナ。	
07649	D1:3360:04C00	6	대사	【ティーナ】なになに？	
07650	D1:3360:04C22	1	대사	【アル】お前さんさ、家族のこととか、覚えていないのか？	
07651	D1:3360:04C7A	1	대사	【アル】そうか‥‥寂しくないか？	
07652	D1:3360:04C9E	1	대사	【ティーナ】なんで？	
07653	D1:3360:04CBE	1	대사	【アル】なんでってお前‥‥。	
07654	D1:3360:04CDE	1	대사	【アル】普通は親兄弟、あるいは親戚の類がいなければ、それなりに寂しいもんだぜ。	
07655	D1:3360:04D30	1	대사	【ティーナ】だって、ティーナにはアルがいるモン。	
07656	D1:3360:04D6C	2	대사	【アル】そうか。	
07657	D1:3360:04D80	1	대사	【アル】へへっ、俺もティーナがいると、何だか不安だけど安心するな。	
07658	D1:3360:04DC6	1	대사	【ティーナ】うん、ティーナも不安だけど安心。	
07659	D1:3360:04E3C	1	대사	【アル】もしもだ、もしも身元がわかって家族が引き取りにきた場合‥‥。	
07660	D1:3360:04E84	1	대사	【ティーナ】イヤ！　ティーナ行かないモン。	
07661	D1:3360:04EBA	1	대사	【アル】そういう訳にはいかないだろう？	
07662	D1:3360:04EE4	1	대사	【ティーナ】いやいやいや、イヤ！！	
07663	D1:3360:04F28	1	대사	【ティーナ】イヤだよぉ、アルぅ、{n00}ティーナのこと捨てない{n00}で！	
07664	D1:3360:04F72	1	대사	【アル】ははは‥‥なぁ、ティーナ。	
07665	D1:3360:04FBA	1	대사	【アル】ティーナにもしも両親がいたとしてだ、	
07666	D1:3360:04FEA	1	대사	【アル】彼らはティーナのことをすっごく愛していると思うんだ。	
07667	D1:3360:0504C	1	대사	【アル】ティーナが帰ってこないなんていったら、悲しむと思うぜ。	
07668	D1:3360:050B0	1	대사	【アル】ティーナが両親の元に帰ったからといって、俺と一生会えない訳じゃないし。	
07669	D1:3360:05102	1	대사	【アル】俺だってティーナに会いたいさ。	
07670	D1:3360:05160	1	대사	【ティーナ】うん‥‥わかった。	
07671	D1:3360:0518A	1	대사	【アル】へへっ、聞き分けのいい子は好きだぜ。	
07672	D1:3360:051BA	1	대사	【ティーナ】でも‥‥。	
07673	D1:3360:051F2	1	대사	【ティーナ】でも、ティーナのパパとかママが来なかったら？	
07674	D1:3360:05236	1	대사	【アル】それは‥‥（そうだな、そういう可能性だってある訳だ。）	
07675	D1:3360:05278	1	대사	【ティーナ】その時ティーナ、どうなっちゃうの？	
07676	D1:3360:052B2	1	대사	【アル】（そ、そんなに悲しそうな顔をするなよ‥‥。）	
07677	D1:3360:052EA	1	대사	【アル】（でも、よくてどこかの施設というところだろう。）	
07678	D1:3360:05326	1	대사	【アル】（それではあまりに‥{n00}‥。）	
07679	D1:3360:0534E	1	대사	【ティーナ】ねぇ、どうなっちゃうの？	
07680	D1:3360:0537E	1	대사	【アル】よし、じゃあ俺と一緒に来るかい？	
07681	D1:3360:053AA	1	대사	【ティーナ】えっ！　ほ、ホント！？	
07682	D1:3360:053D8	1	대사	【アル】あぁ、本当だ。嘘なんか付かないさ。	
07683	D1:3360:05406	1	대사	【ティーナ】うん、ティーナ嬉しい！	
07684	D1:3360:05448	1	대사	【アル】ぐふっ、い、今のはいいタックルだったな‥‥。	
07685	D1:3360:0548A	1	대사	【ティーナ】えへへ‥‥。	
07686	D1:3360:054AE	1	대사	【アル】１、２の３と。	
07687	D1:3360:054C8	1	대사	パピポッ‥‥プルルル、プルルル。	
07688	D1:3360:054F0	1	대사	【ティーナ】どこに電話してるの？	
07689	D1:3360:0551C	1	대사	【アル】あっ、シェリル、俺。王女様は無事救出‥‥うん、うん‥‥。	
07690	D1:3360:05560	1	대사	【ティーナ】なぁんだ、シェリルだったの。	
07691	D1:3360:05594	1	대사	【アル】はい。	
07692	D1:3360:055C8	1	대사	【アル】謝るの。	
07693	D1:3360:055DC	1	대사	【ティーナ】‥‥はーい。	
07694	D1:3360:05600	1	대사	【ティーナ】ハイ、シェリル‥‥うん、うん、ごめんなさい。うん‥‥。	
07695	D1:3360:0564E	1	대사	【アル】（よしよし、これでティーナを寝かせてと‥‥。）	
07696	D1:3360:05688	1	대사	【アル】（その後、俺はどうしようか。マコトの部屋にでも行ってみるかな。）	
07697	D1:3360:056D4	1	대사	【アル】（いや、昼間の様子じゃ{n00}とりつくしまもありゃしない。）	
07698	D1:3360:05716	1	대사	【アル】（どうしたものかな‥{n00}‥。）	
07699	D1:3360:0573E	1	대사	【ティーナ】‥‥うん、じゃーねっ！	
07700	D1:3360:05782	1	대사	【アル】よしよし。	
07701	D1:3360:05798	1	대사	【ティーナ】じゃあさ、遊ぼう！	
07702	D1:3360:057C2	1	대사	【アル】あ、遊ぼうって‥‥散々遊んだじゃないの。まったく‥‥。	
07703	D1:3360:05804	1	대사	【アル】ティーナ‥‥どこにいるんだよ。	
07704	D1:3360:05870	2	대사	【アル】俺の他には誰もいない‥‥。	
07705	D1:3360:05896	2	대사	【アル】ここは俺の部屋らしい。誰もいないと、殺伐とした雰囲気になる。	
07706	D1:3360:058DE	2	대사	【アル】ま、今は俺がいるわけだが、やっぱり殺伐としている。	
07707	D1:3360:0591C	2	대사	【アル】結構寝心地は悪くないベッドだ。	
07708	D1:3360:05946	2	대사	【アル】ここで昨日寝たわけだな。	
07709	D1:3360:0596A	2	대사	【アル】何か妙な夢を見たような気がするが‥‥やっぱりマクラのせいかな。	
07710	D1:3360:059B4	2	대사	【アル】マクラによって見る夢が変わるという学説を、俺は信じているんだ。	
07711	D1:3360:059FE	1	대사	【アル】今はかける必要はない。	
07712	D1:3360:05A20	1	대사	【アル】室内フォンだ。	
07713	D1:3360:05A3A	1	대사	【アル】今はかける必要がなさそうだな‥‥。	
07714	D1:3360:05A9C	1	대사	【アル】何だか妙に落ちつかない気分だな‥‥。	
07715	D1:3360:05ACC	1	대사	【アル】普通は自室に戻ってくると、落ちつくものなのに。	
07716	D1:3360:05B20	1	선택지	　あびる	
07717	D1:3360:05CE0	1	대사	【アル】室内フォンだが‥‥シェリルのところに掛ける必要は、ないだろう。	
07718	D1:3360:05D2A	1	대사	【アル】室内フォンだ。{n00}《デザイア》内の内線と考えていいだろう。	
07719	D1:3360:05D6E	1	대사	【アル】シェリルの部屋にかけてみるか？	
07720	D1:3360:05D98	1	대사	【アル】よし、１、２の３だったな。	
07721	D1:3360:05DBE	1	대사	プルルル、プルルル‥‥{s00}ガチャ！	
07722	D1:3360:05DEA	2	대사	【シェリル】はい、シェリルです。	
07723	D1:3360:05E16	1	대사	【アル】あぁ、俺だけど‥‥。	
07724	D1:3360:05E36	1	대사	【シェリル】アルバートさん？　いまちょうどシャワーを浴びた後で‥‥	
07725	D1:3360:05E86	1	대사	【シェリル】きゃっ、こら、そんなとこ触るんじゃありません。	
07726	D1:3360:05ECE	1	대사	【ティーナの声】だって、シェリルのお尻って可愛いんだモン！	
07727	D1:3360:05F24	1	대사	【シェリル】いえ、こっちの話で‥‥あン、もうティーナ！	
07728	D1:3360:05F66	1	대사	【アル】（ど、どこを触られているんだろう‥‥何だかドキドキするな。）	
07729	D1:3360:05FAE	2	대사	【シェリル】あの‥‥なにか？	
07730	D1:3360:05FD6	1	대사	【アル】いや、うまくやってるようだし、単に声を聞きたかっただけなんだ‥‥。	
07731	D1:3360:06024	1	대사	【シェリル】そうですか。それでは‥‥キャッ！	
07732	D1:3360:0606C	1	대사	【アル】うーん、向こうは凄いことになっているみたいだな。	
07733	D1:3360:060DC	1	대사	【アル】シャワーを浴びてからにしようぜ。	
07734	D1:3360:06108	1	대사	【アル】海で泳いだからな‥‥身体が少しベタベタする。	
07735	D1:3360:06140	1	선택지	　シャワー	
07736	D1:3360:0614C	1	선택지	　酒	
07737	D1:3360:06152	1	대사	【アル】シャワーはもう浴びたぜ。何度もあびると、ふやけちゃうよ。	
07738	D1:3360:06196	1	대사	【アル】そうだな‥‥カズミさんに言われたからじゃないが、海の水を洗い流そう。	
07739	D1:3360:061FC	1	대사	【アル】しかしなんで、シャワーを浴びろなんていったんだろう。	
07740	D1:3360:0623C	1	대사	【アル】しかも謹慎を言い渡すときに言っていたし‥‥わからないな。	
07741	D1:3360:0629C	1	대사	【アル】へぇ、結構狭くはないんだな。お湯に合わせてと‥‥。	
07742	D1:3360:062E2	1	대사	シャーーー‥‥。	
07743	D1:3360:062F4	1	대사	【アル】フンフン、これだったら２人で入れるかな‥‥	
07744	D1:3360:0632A	1	대사	【アル】あっと、いかんいかん、すぐ思考がそっちに行ってしまう。	
07745	D1:3360:06382	1	대사	【アル】そういえば、なんで海水浴を禁止しているんだろう。	
07746	D1:3360:063BE	1	대사	【アル】シェリルも知っていたようだけど‥‥別にいいと思うんだけどな。	
07747	D1:3360:0642E	1	대사	【アル】よしと。イイ男になったぞ。	
07748	D1:3360:0645E	1	대사	【アル】浴びるほど飲みたいが、今ここに酒はないみたいだ。	
07749	D1:3360:0649A	1	대사	【アル】よし、酒を浴びるように飲むぞ。	
07750	D1:3360:064C4	1	대사	【アル】ウィック‥‥へっへっへ、姉ちゃんエエ尻しとるのぉ。	
07751	D1:3360:06502	1	대사	【アル】ばーるぉー、部長がなんだってんだ、ヒック。	
07752	D1:3360:0654E	1	대사	【アル】よく考えたら酒なんてなかった。	
07753	D1:3360:06578	1	대사	【アル】うーむ、俺はしらふで何をやっているんだ。	
07754	D1:3360:065AC	1	대사	【アル】ここは俺の部屋だ‥‥。	
07755	D1:3360:065CE	1	대사	【アル】あれ、何で俺は戻ってきたんだろう。	
07756	D1:3360:06606	1	대사	【シェリル】あの‥‥{n00}どうしたんですか？	
07757	D1:3360:0663A	1	대사	【アル】んー、どうしたんだろう。	
07758	D1:3360:0665E	1	대사	【シェリル】？？	
07759	D1:3360:066C4	1	대사	【シェリル】あの‥‥どうかされたんですか？	
07760	D1:3360:066FA	1	대사	【アル】ははは、俺は一体なんで戻ってきたんだろう。	
07761	D1:3360:0673A	2	대사	【ティーナ】どう？　似合うでしょう？	
07762	D1:3360:0676A	2	대사	【アル】あぁ‥‥おっと、タックルは無しだぜ。	
07763	D1:3360:067AC	2	대사	【ティーナ】どう？　アル。ティーナに似合う？	
07764	D1:3360:067E4	2	대사	【アル】へぇ、結構悪くないな。うん、似合っている。	
07765	D1:3360:0681A	2	대사	【ティーナ】本当！？　ティーナ嬉しいの！	
07766	D1:3360:06858	2	대사	【アル】うわ、そ、そんなに思いっきりタックルするなよ。	
07767	D1:3360:06892	2	대사	【ティーナ】テヘヘ‥‥。	
07768	D1:3360:068C0	2	대사	【シェリル】元気があっていいですね。	
07769	D1:3360:068F0	2	대사	【アル】こいつの場合、ありすぎという気も‥‥‥。	
07770	D1:3360:06924	2	대사	【アル】シェリルは何を着ても絵になるんだよね。	
07771	D1:3360:06956	2	대사	【シェリル】そんな‥‥褒めすぎですよ。	
07772	D1:3360:06988	1	대사	【アル】青いベストに、いわゆる２ピース‥‥。なかなか清楚でいいな。	
07773	D1:3360:069CE	2	대사	【シェリル】服装を毎日褒めてくれるのって、アルバートさんだけです。	
07774	D1:3360:06A1C	2	대사	【アル】そうなの？　世の男共は見る目がないなぁ。	
07775	D1:3360:06A82	1	대사	【アル】じゃ、じゃあ、ちょっと行ってくるよ。	
07776	D1:3360:06AB2	1	대사	【シェリル】ウフフ、面白い人ですね。行ってらっしゃい。	
07777	D1:3360:06AF4	2	대사	【ティーナ】早く帰ってきてね！	
07778	D1:3360:06B1E	2	대사	【アル】（うーん、何だか家族に送られる亭主という感じだな‥‥。）	
07779	D1:3360:06B80	2	대사	【ティーナ】エヘヘ、ティーナ、アルの恋人よ。	
07780	D1:3360:06BB8	2	대사	【アル】うーん、少しはやまったことを言ったか？	
07781	D1:3360:06BF4	2	대사	【ティーナ】ね、シェリルさんって、アルの恋人？	
07782	D1:3360:06C2E	3	대사	【シェリル】や、やだ‥‥。	
07783	D1:3360:06C54	2	대사	【アル】お前なぁ、なんでそうなるんだよ。	
07784	D1:3360:06C80	2	대사	【ティーナ】だって、仲が良さそうなんだモン。	
07785	D1:3360:06CB8	2	대사	【アル】へへっ、実はそうなんだ。	
07786	D1:3360:06D0C	2	대사	【ティーナ】ティーナも恋人にしてくれる？	
07787	D1:3360:06D40	2	대사	【アル】おぉ、両手に華だな。いいぜ、恋人にしてやろう。	
07788	D1:3360:06D7A	2	대사	【ティーナ】ありがとう、アルぅ！	
07789	D1:3360:06DBA	2	대사	【アル】って！　また今回は凄い突進だったな‥‥。	
07790	D1:3360:06DF8	2	대사	【シェリル】クスッ、アルバートさんの事が、好きなんですよ、彼女。	
07791	D1:3360:06E44	2	대사	【ティーナ】そうそう、シェリルもそうだよね！	
07792	D1:3360:06E7C	2	대사	【シェリル】や、やだ‥‥‥‥。	
07793	D1:3360:06EA6	1	대사	【シェリル】ティーナとここにいますから。	
07794	D1:3360:06EDA	1	대사	【アル】うん、頼んだよ。	
07795	D1:3360:06F1A	1	대사	【シェリル】アルバートさん‥‥びっくりしちゃって、その‥‥ごめんなさい。	
07796	D1:3360:06F6E	1	대사	【アル】い、いやこれは‥‥。	
07797	D1:3360:06F8E	1	대사	【シェリル】ごめんなさい、室内フォンを使えば良かったでしょうか？	
07798	D1:3360:06FDA	1	대사	【アル】いや取り込んでいるのはティーナがいまシャワーを浴びたばかりで‥。	
07799	D1:3360:07026	1	대사	【ティーナ】アルのシャツ気持ちいいんだモン！	
07800	D1:3360:0705E	1	대사	【アル】ティーナ、とにかく何か服を着替えるんだ。	
07801	D1:3360:07092	1	대사	【アル】ほら、そこにあるＴシャツを貸してあげるから。	
07802	D1:3360:070CA	1	대사	【ティーナ】はーい。	
07803	D1:3360:07134	1	대사	【アル】殺伐とした部屋が、また華やかになったな。	
07804	D1:3360:07168	1	대사	【ティーナ】ティーナのおかげだよね。	
07805	D1:3360:07198	1	대사	【アル】ん？　あ、あぁ‥‥そうだね。（ふぅ‥‥。）	
07806	D1:3360:071CE	1	대사	【アル】何ともタイミングが悪いんだよな‥‥何か悪さしてたみたいじゃないか。	
07807	D1:3360:0721C	1	대사	【アル】シェリル変に思わなかったろうな‥‥。	
07808	D1:3360:0724C	1	대사	【シェリル】あの‥‥ごめんなさい。私、ドアが開いたもので、つい入室してしまって‥‥。	
07809	D1:3360:072AC	1	대사	【アル】い、いやシェリルは全く悪くないよ、うん。	
07810	D1:3360:0751E	1	대사	【アル】今日は青いベストに、いわゆる２ピース‥‥。なかなか清楚でいいな。	
07811	D1:3360:0761E	1	대사	【アル】じゃあ、ちょっと行ってくるよ。	
07812	D1:3360:07648	1	대사	【シェリル】はい。行ってらっしゃい。	
07813	D1:3360:076EC	2	대사	【アル】移動はもうちょっと待とうぜ。	
07814	D1:3360:07714	1	대사	【アル】さてと、んじゃまぁそういうことで。	
07815	D1:3360:07742	1	대사	【シェリル】あの‥‥窓枠に立って何をなさるつもりですか？	
07816	D1:3360:07786	1	대사	【アル】ハハハ‥‥ちょっと飛びたくなったものでね‥‥。	
07817	D1:3360:077C0	1	대사	【ティーナ】ティーナも一緒に飛ぶ！	
07818	D1:3360:07B2C	1	대사	【シェリル】ティーナとここにいます。	
07819	D1:3360:07B5C	1	대사	【アル】うん、じゃあ頼んだよ。	
07820	D1:3360:07B7E	1	대사	【アル】じゃあどうしようかな。とりあえず俺は取材に行かなくちゃならないんだが‥‥。	
07821	D1:3360:07BD4	1	대사	【シェリル】じゃあその間、私がティーナの面倒を見ておきましょうか？	
07822	D1:3360:07C22	1	대사	【アル】えっ、そうしてくれると助かるけど‥‥大丈夫かい？	
07823	D1:3360:07C5E	1	대사	【シェリル】はい。急に戴いた休日ですから、特に予定もありません。	
07824	D1:3360:07CAA	1	대사	【アル】そうか‥‥うん、じゃあティーナのこと、頼むよ。	
07825	D1:3360:07D02	1	대사	【アル】そういえばシェリル、こんな時間から普段着で、どうしたんだい？	
07826	D1:3360:07D4A	1	대사	【シェリル】え？　あぁ、そうでした。言付けがあったんです。	
07827	D1:3360:07D90	1	대사	【アル】言付け？	
07828	D1:3360:07DA4	1	대사	【シェリル】はい、ステラ教授がお呼びでした。	
07829	D1:3360:07DDC	1	대사	【アル】ステラ教授が‥‥あぁ、取材のことか。	
07830	D1:3360:07E0C	1	대사	【シェリル】はい。何でも取材許可を出すということで、	
07831	D1:3360:07E4E	1	대사	【シェリル】教授のお部屋まで来て欲しいとのことです。	
07832	D1:3360:07E90	1	대사	【アル】わかった‥‥で、シェリルはなんで普段着なの？	
07833	D1:3360:07EC8	1	대사	【シェリル】あっ、そうでした。私は今日お休みを戴いたもので‥‥。	
07834	D1:3360:07F14	1	대사	【アル】休み？　するってーと、今日１日はフリー？	
07835	D1:3360:07F48	1	대사	【シェリル】は、はい。何だか、研究所の方は慌ただしかったんですが‥‥。	
07836	D1:3360:07F9A	1	대사	【アル】ふーん‥‥ね。	
07837	D1:3360:07FD6	1	대사	【アル】じゃあさ、俺の仕事が終ったら、行くかい？	
07838	D1:3360:0800A	1	대사	【シェリル】え？　行くって‥‥。	
07839	D1:3360:08036	1	대사	【アル】ほら、泳ぎに行くって約束したろう。	
07840	D1:3360:08064	1	대사	【シェリル】え、ええ‥‥でも水着が‥‥。	
07841	D1:3360:08098	1	대사	【アル】水着なら‥‥（マコトのヤツが確か‥‥。）	
07842	D1:3360:080CC	1	대사	ゴソゴソッ。	
07843	D1:3360:080E4	1	대사	【アル】はい、これ。	
07844	D1:3360:080FC	1	대사	【シェリル】これって‥‥。	
07845	D1:3360:08122	1	대사	【アル】野暮なことは聞きっこなし。新品だから、いいだろう？	
07846	D1:3360:08160	1	대사	【シェリル】は、はい‥‥でも‥‥。	
07847	D1:3360:0818E	1	대사	【アル】行くの？　行かないの？	
07848	D1:3360:081B0	1	대사	【シェリル】はい、行きます。	
07849	D1:3360:08200	1	대사	【アル】てぃ、ティーナは‥‥。	
07850	D1:3360:08222	1	대사	【ティーナ】いくいく、イクイクイクいくぅー！！	
07851	D1:3360:0825C	1	대사	【アル】こ、こら、あまりイクイク言うな、恥ずかしいだろ。	
07852	D1:3360:08298	1	대사	【シェリル】私は別に構いません。	
07853	D1:3360:082D4	1	대사	【シェリル】ウフフ、ティーナ、一緒に行く？	
07854	D1:3360:0830A	1	대사	【ティーナ】うん！　行く！！	
07855	D1:3360:08332	2	대사	【アル】しょうがないな‥‥。	
07856	D1:3360:08352	1	대사	【ティーナ】シェリル、大好き！	
07857	D1:3360:0837C	1	대사	【シェリル】ウフフ、ありがとう。	
07858	D1:3360:083A8	1	대사	【シェリル】あの‥‥お取り込み中にお邪魔してしまって、ごめんなさい。	
07859	D1:3360:083F8	1	대사	【アル】いや、全然取り込んでいないから。あ、そこ濡れてるから気を付けてね。	
07860	D1:3360:08446	2	대사	【シェリル】きゃっ、冷たい！	
07861	D1:3360:0846E	1	대사	【アル】あっ、今拭くから‥‥。	
07862	D1:3360:08490	1	대사	【シェリル】私は大丈夫ですから、お気になさらないで下さい。	
07863	D1:3360:084D6	1	대사	‥‥‥‥。{w02}{k00}	
07864	D1:3360:084E6	1	대사	‥‥‥‥‥‥‥。{w02}{k00}	
07865	D1:3360:084FC	1	대사	‥‥‥‥‥‥‥‥‥‥‥。{w02}{k00}	
07866	D1:3360:0851A	1	대사	【アル】‥‥また、あの夢か‥‥。{w02}{k00}	
07867	D1:3360:0854A	7	대사	【アル】‥‥‥‥‥‥。{w00}{k00}	
07868	D1:3360:08568	1	대사	【アル】何を‥‥言っているんだ‥‥この少女は‥‥。{w00}{k00}	
07869	D1:3360:085A2	2	대사	【少女】‥‥‥‥‥‥。{w00}{k00}	
07870	D1:3360:085C0	1	대사	【アル】なぜ、そんなに訴えかける目をする？{w00}{k00}	
07871	D1:3360:085F2	1	대사	【アル】何をいいたいんだ、君は‥‥？{w00}{k00}	
07872	D1:3360:0863C	1	대사	【アル】‥‥俺には、何ができるんだ‥‥。{w00}{k00}	
07873	D1:3360:0866C	1	대사	【アル】言ってくれ！　俺にはいったい何ができる‥‥‥‥。{w00}{k00}	
07874	D1:3360:086AC	1	대사	【アル】頼む‥‥教えてくれ‥‥‥‥。{w00}{k00}	
07875	D1:3360:086F6	1	대사	【アル】なぜ君は泣くんだ‥‥なぜ‥‥。{w00}{k00}	
07876	D1:3360:08724	1	대사	【アル】そして俺も‥‥なぜなんだ‥‥。{w00}{k00}	
07877	D1:3360:08752	1	대사	【アル】なぜ、俺は泣いているんだ‥‥何なんだ、この感情は‥‥。{w00}{k00}	
07878	D1:3360:08798	7	대사	【アル】‥‥‥‥‥‥‥‥。{w00}{k00}	
07879	D1:3360:087BA	1	대사	【声】る‥‥‥‥。{w00}{k00}	
07880	D1:3360:087FE	1	대사	【声】アル‥‥‥‥。{w00}{k00}	
07881	D1:3360:08822	1	대사	【アル】重苦しく、息苦しい‥‥俺の身に何か起きているのか‥‥。{w00}{k00}	
07882	D1:3360:08868	1	대사	【声】アルぅ！	
07883	D1:3360:08882	1	대사	【アル】く、苦しい‥‥息が‥‥。	
07884	D1:3360:088A6	1	대사	【声】いつまで寝ているの？　早く起きてよ、アルぅ！！	
07885	D1:3360:088E6	1	대사	【アル】聞き覚えがある、この声は‥‥。	
07886	D1:3360:0891E	1	대사	【アル】てぃ、ティーナ‥‥お、重いよ。	
07887	D1:3360:08948	1	대사	【ティーナ】アルぅ、早く起きなさいよ、早起きはヤダモンの得よ！	
07888	D1:3360:08992	1	대사	【アル】な、何を言っている！	
07889	D1:3360:089D4	1	선택지	　でる	
07890	D1:3360:089F8	1	선택지	　ペンダント	
07891	D1:3360:08A06	1	대사	【アル】マコトからプレゼントされたやつなんだが‥‥。	
07892	D1:3360:08A3E	1	대사	【アル】これは俺が昔、マコトから誕生日プレゼントとして貰ったやつなんだが‥‥。	
07893	D1:3360:08A90	1	대사	【アル】まったく、あいつになんて言えばいいんだ。	
07894	D1:3360:08AC4	1	대사	【ティーナ】このペンダント、綺麗だからティーナ好き！	
07895	D1:3360:08B04	1	대사	【アル】好きって言ったってね‥‥。	
07896	D1:3360:08B2A	1	대사	【アル】よく見ると、首からペンダントをぶら下げているぞ。しかも俺の‥‥。	
07897	D1:3360:08B76	1	대사	【ティーナ】これ、素敵ね！	
07898	D1:3360:08B9C	1	대사	【アル】よく見ると、肌に水滴がまだ付いているようだ。	
07899	D1:3360:08BD4	1	대사	【ティーナ】シャワー、気持ちいいよ！	
07900	D1:3360:08C04	1	대사	【アル】あ、それは俺のシャツじゃないか！	
07901	D1:3360:08C30	1	대사	【ティーナ】いいじゃーん。	
07902	D1:3360:08C56	1	대사	【アル】身体くらいちゃんと拭けよ、ったく。	
07903	D1:3360:08C84	1	대사	【ティーナ】愛する人の前では素直でいたいの。	
07904	D1:3360:08CBC	1	대사	【アル】だ、誰にそんな言葉を習った！？	
07905	D1:3360:08CE6	1	대사	【アル】重い重いと思っていたのは、こいつのせいだったのか‥‥。	
07906	D1:3360:08D28	1	대사	【アル】やけに夢にうなされたとおもったら‥‥まったく。	
07907	D1:3360:08D60	1	대사	【ティーナ】レディに重いなんて、失礼よ、アル。	
07908	D1:3360:08D9A	1	대사	【アル】誰がレディだ。	
07909	D1:3360:08DB4	1	대사	【ティーナ】クスクスッ、アルって見る目がないのね。	
07910	D1:3360:08E08	1	대사	【アル】けたたましく室内フォンが鳴り響いている。早くでないと。	
07911	D1:3360:08E4A	1	대사	【アル】目の前にはティーナがいて、俺の胸を圧迫している。	
07912	D1:3360:08E86	1	대사	【アル】朝のさわやかな気分を満喫する、という訳にはいかないようだな‥‥。	
07913	D1:3360:08ED2	1	대사	【ティーナ】ねぇアルぅ、{n00}早く起きてよ！	
07914	D1:3360:08F12	1	대사	【ティーナ】ねぇ早く起きようよー‥‥。	
07915	D1:3360:08F44	1	대사	【アル】（気になるな。そういえばティーナのことを知っているのは‥‥。）	
07916	D1:3360:08F8E	1	대사	【アル】（いや、受付のクリスさんが知っているくらいだ。）	
07917	D1:3360:08FCA	1	대사	【アル】（他のみんなが知っていても、{n00}おかしくはない‥‥。）	
07918	D1:3360:0900A	1	대사	【アル】（うーん‥‥。）	
07919	D1:3360:09026	1	대사	【ティーナ】アルの顔、また恐くなってきた！	
07920	D1:3360:09078	1	대사	【アル】ん？　今何か、音がしなかったか？	
07921	D1:3360:090DE	1	대사	【ティーナ】ドア！	
07922	D1:3360:090FC	1	대사	【アル】室内フォンの後は、ドアか。誰だろう‥‥。	
07923	D1:3360:09130	1	대사	【ティーナ】今度こそティーナが出るね。	
07924	D1:3360:09162	1	대사	【アル】お、おい‥‥俺のシャツを引きずるな‥‥。	
07925	D1:3360:091AC	1	대사	【ティーナ】いらっしゃーい。	
07926	D1:3360:091D4	1	대사	【女性の声】きゃっ！	
07927	D1:3360:091F4	1	대사	【アル】ぁぁ‥‥。	
07928	D1:3360:0920A	1	대사	【ティーナ】電話が鳴っているよ。とらないんだったら、ティーナが出ちゃう。	
07929	D1:3360:0925E	1	대사	【アル】だ、ダメ。今俺が出るから。	
07930	D1:3360:09284	2	대사	【ティーナ】ねぇ、アルぅ。	
07931	D1:3360:092AA	2	대사	【アル】あ？	
07932	D1:3360:092BA	1	대사	【ティーナ】ティーナ、このペンダント、欲しいなぁ。	
07933	D1:3360:092F8	1	대사	【アル】えっ‥‥おい、ちょっと勝手に‥‥。	
07934	D1:3360:09326	1	대사	【ティーナ】ティーナ、これ欲しい！　綺麗なんだモン。	
07935	D1:3360:09366	1	대사	【アル】わ、わかった。あげる、あげるから少しおとなしくしていてくれ、頼むから。	
07936	D1:3360:093B8	1	대사	【ティーナ】わー、ありがとう！{n00}ティーナ、アルのために{n00}もっとがんばっちゃう。	
07937	D1:3360:09412	1	대사	【アル】‥‥ククッ‥‥諸行無常、諸行無常。	
07938	D1:3360:09446	3	대사	プルルルル‥‥プルルルル‥‥。	
07939	D1:3360:0949E	1	대사	【ティーナ】まくらもとの電話みたい。	
07940	D1:3360:094CE	1	대사	【アル】あぁ、室内フォンか‥‥誰だろう？	
07941	D1:3360:094FA	1	대사	【ティーナ】ティーナが出るぅ！	
07942	D1:3360:09524	1	대사	【アル】だ、ダメ！	
07943	D1:3360:0953A	1	대사	【ティーナ】元気だして。ティーナがなぐさめてあげる！	
07944	D1:3360:0957A	1	대사	【アル】誰のせいで元気が無くなったと‥‥{s00}あぁぁぁっ！！！	
07945	D1:3360:095B8	1	대사	【ティーナ】さっきから叫んでばかりいるのね。あぁぁぁっ！！	
07946	D1:3360:095FE	1	대사	【アル】ま、真似をするな‥‥それよりも、そのペンダントは‥‥。	
07947	D1:3360:09640	1	대사	【ティーナ】これ綺麗だから、アルのためにお掃除してあげたの。	
07948	D1:3360:09688	1	대사	【アル】そ、それはマコトからもらったやつで、付けていないと、お、怒られるんだ。	
07949	D1:3360:096DA	1	대사	【ティーナ】はい、これ。	
07950	D1:3360:096FE	1	대사	【アル】だ、大丈夫だろうな‥‥{s00}あぁぁぁぁぁぁぁっっ！！！	
07951	D1:3360:0975C	1	대사	【アル】お、お前このロケットの中に入っていた写真は‥‥。	
07952	D1:3360:09798	1	대사	【ティーナ】あぁ、オバチャンの写真が入っていたから、捨てちゃった。	
07953	D1:3360:097F2	1	대사	【アル】ゲーン！	
07954	D1:3360:09806	1	대사	【ティーナ】どうしたの？	
07955	D1:3360:0982A	1	대사	【アル】ま、マコトに何て言い訳すればいいんだ‥‥。	
07956	D1:3360:09860	1	대사	【ティーナ】アルぅ、元気だして。{n00}ティーナ、がんばってなぐさめちゃう！	
07957	D1:3360:098B2	1	대사	【アル】クク‥‥。	
07958	D1:3360:098C8	1	대사	【ティーナ】アルぅ、何がそんなにおかしいの？	
07959	D1:3360:09900	1	대사	【アル】‥‥お、俺のために何かしたいなら‥‥。	
07960	D1:3360:09954	1	대사	【アル】お、俺の為に何かしたいなら、何もしないでくれ！	
07961	D1:3360:0998E	1	대사	【ティーナ】綺麗な身体の方がいいでしょ？	
07962	D1:3360:099C2	1	대사	【アル】何か誤解されそうな言い方だが、だからってお前‥‥{s00}あぁっ！	
07963	D1:3360:09A08	1	대사	【ティーナ】クスクスッ、{n00}今度はなーに？	
07964	D1:3360:09A3C	1	대사	【アル】お、俺のお気に入りのジャケットまで水浸し‥‥。	
07965	D1:3360:09A76	1	대사	【ティーナ】大丈夫よ、ティーナ、バスルームで一生懸命洗ったの。	
07966	D1:3360:09AC0	1	대사	【アル】‥‥ククッ。	
07967	D1:3360:09AD8	1	대사	【ティーナ】ねぇねぇ、何がそんなにおかしいの？	
07968	D1:3360:09B12	1	대사	【アル】泣いてるんだ！　あのジャケットは湿気に弱いんだよぉ。	
07969	D1:3360:09B52	1	대사	【ティーナ】アルぅ、元気だして。{n00}ティーナがなぐさめてあげる！	
07970	D1:3360:09B9C	1	대사	【アル】誰のせいで元気が無くなったと思ってるの！	
07971	D1:3360:09BD0	1	대사	【アル】ったくぅ、重い重いと思ったら‥‥{s00}あっ。	
07972	D1:3360:09C26	1	대사	【アル】そういえばお前、ビショビショじゃないか！！	
07973	D1:3360:09C5C	1	대사	【アル】そうか！！シャワーか！！	
07974	D1:3360:09CA0	1	대사	【アル】そこら中ビショビショじゃないか。何てことするんだよ。	
07975	D1:3360:09CE0	1	대사	【ティーナ】だってぇ‥‥ベトベトして気持ち悪かったんだモン。	
07976	D1:3360:09D28	1	대사	【アル】だからってお前‥‥。	
07977	D1:3360:09D56	1	대사	【アル】とにかく部屋を出るのはおあずけだ。	
07978	D1:3360:09D84	1	대사	【ティーナ】どこかにいくの？ティーナも行くぅ！	
07979	D1:3360:09DBE	1	대사	【アル】こ、こらそんなビチョビチョの身体でどこに行くつもりだ！	
07980	D1:3360:09E00	1	대사	【ティーナ】アルが行くならティーナも行く！	
07981	D1:3360:09E36	1	대사	【アル】わ、わかったよ、ここにいるから‥‥。	
07982	D1:3360:09E86	1	대사	【アル】ぐえっ、む、胸の上でどしどし跳ねないでくれ！	
07983	D1:3360:09ECC	2	선택지	　アレ	
07984	D1:3360:09ED4	1	대사	【アル】出るのはアレではなく、室内フォンのはずだ。	
07985	D1:3360:09F0A	1	대사	【アル】さっさと出ろよ。	
07986	D1:3360:09F26	1	대사	【アル】で、出るぞぉ、はぁはぁ、あ、アレが‥‥で、出るぞぉ。	
07987	D1:3360:09F66	1	대사	【ティーナ】なになに、アレってなに？	
07988	D1:3360:09F96	1	대사	【アル】興味津々で見るなよ。ったく、出るものも出なくなっちまう‥‥。	
07989	D1:3360:09FDE	1	대사	【ティーナ】出るものってなーに？	
07990	D1:3360:0A00A	1	대사	【アル】子どもは知らなくていいの。	
07991	D1:3360:0A030	1	대사	【アル】そうだ、早く出なくちゃ切れてしまう。	
07992	D1:3360:0A076	1	대사	【アル】はい、アルバート。	
07993	D1:3360:0A094	1	대사	【声】‥‥‥‥。	
07994	D1:3360:0A0BA	1	대사	【声】ティーナ‥‥。	
07995	D1:3360:0A0EA	1	대사	【声】ティーナ‥‥気を付けろ。	
07996	D1:3360:0A114	1	대사	【アル】気を付けろって、どういうことだ？　誰だ、お前さんは。	
07997	D1:3360:0A154	1	대사	ガチャッ‥‥ツー。	
07998	D1:3360:0A18A	1	대사	【アル】（何なんだよ。）	
07999	D1:3360:0A1A6	1	대사	【アル】（‥‥ティーナに気を付けろって、{n00}どういうことだ？）	
08000	D1:3360:0A1E6	1	대사	【アル】（声もくすんでいたな‥‥どうも変調機か何かで、）	
08001	D1:3360:0A222	1	대사	【アル】（声を変えていたようだ{n00}が‥‥。）	
08002	D1:3360:0A250	1	대사	【ティーナ】ねぇどうしたの、アルぅ。顔が恐い！	
08003	D1:3360:0A28A	1	대사	【アル】え‥‥あっ、そう？	
08004	D1:3360:0A2A8	1	대사	【ティーナ】うん、ティーナ恐い。	
08005	D1:3360:0A2D4	1	대사	【アル】これが俺の本性なのだぁ、がぉぉぉぉっ！	
08006	D1:3360:0A306	1	대사	【ティーナ】きゃぁぁっ！　クスクスッ、アルってやっぱり好き！	
08007	D1:3360:0A34E	1	대사	【アル】ナハハ‥‥（端から見たら、バカだぞこりゃ。）	
08008	D1:3360:0A386	1	대사	【アル】ここは俺の部屋らしい‥‥。	
08009	D1:3360:0A3AC	1	대사	【アル】ふぅ‥‥今日１日で色々なことがあったような気がするな。	
08010	D1:3360:0A3EE	1	대사	【アル】マコトとは少しすれ違ったが‥‥また明日になれば、いつも通り話せるだろうさ。	
08011	D1:3360:0A468	2	선택지	　寝る	
08012	D1:3360:0A4AC	1	대사	【アル】相変わらず殺伐とした部屋だな。	
08013	D1:3360:0A4D6	1	대사	【アル】ベッドに寝ているティーナだけが浮いている感じだ。	
08014	D1:3360:0A510	1	대사	【アル】本当なら、マコトがあそこに寝て、	
08015	D1:3360:0A53C	1	대사	【アル】今頃しっぽりと濡れた夜を満喫している筈だったのに‥‥。	
08016	D1:3360:0A57C	1	대사	【アル】俺の立てる予定ってのは、大抵その通りにならないんだよな。	
08017	D1:3360:0A5C0	1	대사	【アル】ティーナはいい子に寝ているようだ。	
08018	D1:3360:0A5EE	1	대사	【アル】この寝顔は、今の俺にとって、心のオアシスというところだな。	
08019	D1:3360:0A63C	1	대사	【アル】相変わらず、静かな寝息をたてているな。	
08020	D1:3360:0A66E	1	대사	【アル】ティーナか‥‥不思議な子だな。	
08021	D1:3360:0A698	1	대사	【アル】屈託のない寝顔を見ていると、気分が休まるというか‥‥。	
08022	D1:3360:0A6F0	1	대사	【アル】おいおい、せっかく戻ってきたんだぜ。	
08023	D1:3360:0A720	1	대사	【アル】それに俺はもう眠い。	
08024	D1:3360:0A740	1	대사	【アル】そうだよ、俺は死ぬほど眠かったんだ。	
08025	D1:3360:0A770	1	대사	【アル】明日は教授にインタビューだ。特ダネをこの手で掴んでやる。	
08026	D1:3360:0A7B4	1	대사	【アル】ティーナは、ちょっと端っこによせてと‥‥	
08027	D1:3360:0A7E8	1	대사	【ティーナ】う、うん‥‥アルぅ‥‥。	
08028	D1:3360:0A818	1	대사	【アル】へへっ、女と添い寝するなんて、久しぶりだな‥‥	
08029	D1:3360:0A852	1	대사	【アル】ま、ティーナじゃ、お話にもならないけど。	
08030	D1:3360:0A89A	1	대사	【アル】マコト、明日になったら機嫌を直して欲しいな‥‥。	
08031	D1:3360:0A8EC	1	대사	【アル】‥‥《デザイア》での兵器開発か‥‥そんなことが‥‥。	
08032	D1:3360:0A94A	1	대사	【アル】‥‥‥‥そういえば、明日はシェリルと泳ぐ約束を‥‥。	
08033	D1:3360:0A98A	6	대사	【アル】‥‥‥‥‥‥‥‥‥‥‥‥。	
08034	D1:3360:0A9B0	1	대사	【アル】‥‥‥‥‥‥‥‥クリス、よかったな‥‥むにゃむにゃ‥‥。	
08035	D1:3360:0AA26	1	대사	【アル】俺が浜辺で見つけた少女だ。	
08036	D1:3360:0AA54	1	대사	【アル】俺が飛行場近くの浜辺で見つけた女の子だ。	
08037	D1:3360:0AA88	1	대사	【アル】歳の頃は１２、３歳というところだろうか。	
08038	D1:3360:0AABC	1	대사	【アル】しかしまだ、幼気という形容が当てはまってしまいそうな感じだ。	
08039	D1:3360:0AB02	1	대사	【アル】妙に俺になついてくる。	
08040	D1:3360:0AB24	1	대사	【アル】悪い気はしないが、マコトと張り合うのだけはやめて欲しいものだ。	
08041	D1:3360:0AB82	1	대사	【アル】レイコさん、この子の身元を照会してくれているだろうか。	
08042	D1:3360:0ABC4	1	대사	【アル】記憶喪失ということだが、	
08043	D1:3360:0ABE8	1	대사	【アル】できることなら、両親のもとに返してやりたいものだ‥‥。	
08044	D1:3360:0AC32	1	대사	【アル】どうしたんだろうな、あいつ‥‥。	
08045	D1:3360:0AC5E	1	대사	【アル】明日、会ったときに聞いてみるかな。	
08046	D1:3360:0AC8C	1	대사	【アル】そういえばマコトのやつ、元気がなかったな‥‥どうしたんだろう。	
08047	D1:3360:0ACD6	1	대사	【アル】あそこのティーナと一緒の時は、そうでもなかったのに。	
08048	D1:3360:0AD16	1	대사	【アル】あのマウンテンゴリラと何か話していたようだが‥‥。	
08049	D1:3360:0AD6A	1	대사	【アル】気にならないと言えば嘘になるな‥‥	
08050	D1:3360:0AD98	1	대사	【アル】ま、明日、花束でも持っていって、機嫌をとってみるかな。	
08051	D1:3360:0ADD8	1	대사	【アル】建て前はエコロジーをベースとした環境工学らしい。	
08052	D1:3360:0AE14	1	대사	【アル】これが本当に建て前なのかどうかは、まだわからない。	
08053	D1:3360:0AE52	1	대사	【アル】研究内容はエコロジーを{n00}ベースとした環境工学‥‥。	
08054	D1:3360:0AE90	1	대사	【アル】という建て前は、どうやらうさん臭くなってきたな。	
08055	D1:3360:0AECC	1	대사	【アル】無論、何ら証拠がある訳じゃないが‥‥。	
08056	D1:3360:0AEFC	1	대사	【アル】マコトはこの風聞をどう考えているんだろう‥‥。	
08057	D1:3360:0AF36	1	대사	【アル】もっとも、あいつは研究の当事者だからな。一筋縄じゃいきそうもないが‥‥。	
08058	D1:3360:0AF8A	1	대사	【アル】虎穴に入らずんば虎児を得ずだ。	
08059	D1:3360:0AFB4	1	대사	【アル】俺は今、《デザイア》へやって来て虎穴には入っているわけだが‥‥。	
08060	D1:3360:0AFFE	1	대사	【アル】そのまま、親虎に喰われてしまわないように気を付けなくてはな‥‥。	
08061	D1:3360:0B04A	1	대사	【アル】《デザイア》での第１日目は無事‥‥	
08062	D1:3360:0B078	1	대사	【アル】かどうかは異論があるだろうが、とりあえず終了しそうだ。	
08063	D1:3360:0B0B8	1	대사	【アル】外側でここの風聞を聞いているだけじゃ、何も得るモノがなかったが‥‥。	
08064	D1:3360:0B108	1	대사	【アル】外部だけでなく、その風聞が内部にまで浸透していたとなると、	
08065	D1:3360:0B14E	1	대사	【アル】ことはいっそう信憑性をおびてくる。	
08066	D1:3360:0B17A	1	대사	【アル】だが、かといって、その実体が何なのかは全く分かっていないのが現状だな‥‥。	
08067	D1:3360:0B1F6	1	대사	【アル】さてと、どうしようか。	
08068	D1:3360:0B256	1	대사	【アル】あたりはシンとしている。ティーナの小さな吐息が聞こえてくるだけだ。	
08069	D1:3360:0B2A4	1	대사	【アル】窓の外はすっかり暗くなっているな‥‥。だが、寝るには早そうだ。	
08070	D1:3360:0B2EE	1	대사	【アル】もうちょっと、出歩いてみるかな？	
08071	D1:3360:0B31A	1	대사	【アル】寝ている時は天使、起きているときは小悪魔ってのが、	
08072	D1:3360:0B358	1	대사	【アル】やっぱり子供一般の評価だな。	
08073	D1:3360:0B37E	1	대사	【アル】特にこのティーナはそれが顕著だ‥‥でも早く起きないかな。	
08074	D1:3360:0B3CA	1	대사	【アル】静かな吐息をたてている。	
08075	D1:3360:0B3EE	1	대사	【アル】起きる気配はまったくないな‥‥もう一回やってみるか。	
08076	D1:3360:0B42E	1	대사	【アル】人差し指を手のひらの上に乗せてと‥‥。	
08077	D1:3360:0B474	1	대사	【アル】へへ、可愛らしいな。	
08078	D1:3360:0B49E	3	대사	【アル】そうだな、部屋を出よう。	
08079	D1:3360:0B4C8	1	선택지	ティーナ	
08080	D1:3360:0B4DA	2	대사	【アル】ティーナは寝ているぜ。	
08081	D1:3360:0B4FC	2	대사	【ティーナ】アルぅ‥‥。	
08082	D1:3360:0B520	2	대사	【アル】（ドキッ！）てぃ、ティーナ‥‥？	
08083	D1:3360:0B54C	2	대사	【ティーナ】クークー‥‥。	
08084	D1:3360:0B572	2	대사	【アル】なんとなく、ホッ。	
08085	D1:3360:0B5A2	2	대사	【アル】ティーナ、寝てるかい？	
08086	D1:3360:0B5E6	2	대사	【アル】ほーら、ほっぺツネツネしちゃうぞお。	
08087	D1:3360:0B62C	2	대사	【アル】冗談だ、本気にするなよ。	
08088	D1:3360:0B65A	1	대사	【アル】またね‥‥か。	
08089	D1:3360:0B68A	1	대사	【アル】しょうがない。さてと、マコトの部屋に行ってみるかな。	
08090	D1:3360:0B878	1	대사	【アル】ティーナが傍らで寝ているだけで、殺伐とした俺の部屋に変わりはない。	
08091	D1:3360:0B8C6	1	대사	【アル】何となく、色っぽい雰囲気が残ってるかな？	
08092	D1:3360:0B8FA	1	대사	【アル】ちょっと敏感な人が来たら、何をしていたのかすぐにわかってしまいそうだ。	
08093	D1:3360:0B94C	1	대사	【アル】気持ちよさそうに眠っているな。起きる気配は無さそうだ。	
08094	D1:3360:0B996	1	대사	【アル】何事もなかったかのように寝ているな‥‥。	
08095	D1:3360:0B9CA	1	대사	【アル】傍らで行われていたことなど、我関知せずという趣だ。	
08096	D1:3360:0BA08	1	대사	【アル】でもティーナが目を覚ましたら、どうなったことか‥‥	
08097	D1:3360:0BA46	1	대사	【アル】ま、確かに緊張感があって興奮はしたけど、もうゴメンだな。	
08098	D1:3360:0BAD2	1	대사	【クリス】ん‥‥アル、見かけによらずよかったわ‥‥	
08099	D1:3360:0BB12	1	대사	【クリス】ワイルドで、激しくて‥‥でも、優しくて。	
08100	D1:3360:0BB52	1	대사	【アル】見かけによらずってのは余計だよ‥‥。	
08101	D1:3360:0BB82	1	대사	【クリス】だって‥‥本当なんだもの。	
08102	D1:3360:0BBB2	1	대사	【アル】は、ハハハハ。	
08103	D1:3360:0BBCC	1	대사	【クリス】フフ、ウフフフ。	
08104	D1:3360:0BC26	1	선택지	　髪	
08105	D1:3360:0BC32	1	선택지	　タバコ	
08106	D1:3360:0BC3C	1	대사	【アル】肌がつやつやしているな。	
08107	D1:3360:0BC60	1	대사	【クリス】フフ、それはお互い様ね。	
08108	D1:3360:0BC8E	1	대사	【アル】また一段と肌がつややかになったような気が‥‥。	
08109	D1:3360:0BCC8	1	대사	【クリス】フフ、女は恋して恋して、綺麗になっていくものよ。	
08110	D1:3360:0BD0E	1	대사	【アル】本当かよ、単に自分の趣味だろう？	
08111	D1:3360:0BD3A	1	대사	【クリス】あら、女を知らないのね。これは真理よ。	
08112	D1:3360:0BD76	1	대사	【アル】クリスにのみ当てはまる真理ね。	
08113	D1:3360:0BDA0	1	대사	【アル】乱れ髪を見ると、大事な部分をかじられるからやめておこう。	
08114	D1:3360:0BDE4	2	대사	【クリス】すごい論理の飛躍ね。	
08115	D1:3360:0BE0E	1	대사	【アル】普段のアップもなかなかだが、乱れ髪も結構そそられるものがあるな。	
08116	D1:3360:0BE5A	1	대사	【クリス】男を狂わす禁断の黒髪、という訳ね。	
08117	D1:3360:0BE9E	1	대사	【アル】ツンツン。	
08118	D1:3360:0BEB4	1	대사	【クリス】なに？　髪を引っ張ったりして。	
08119	D1:3360:0BEE8	1	대사	【アル】いやなにね、こういうクリクリした髪の毛を見ると、	
08120	D1:3360:0BF30	1	대사	【アル】俺は無性に引っ張りたくなるんだ。ツンツン。	
08121	D1:3360:0BF66	1	대사	【クリス】きゃっ、そんなに引っ張らないで。	
08122	D1:3360:0BF9C	1	대사	【アル】ほーら、ここにこうして巻くと‥‥{n00}のり巻きウィンナー。	
08123	D1:3360:0BFDE	1	대사	【クリス】はぐっ。	
08124	D1:3360:0BFFC	1	대사	【アル】イテテ、か、かじんなくたっていいだろう？	
08125	D1:3360:0C030	1	대사	【クリス】ウフフ、あなたがあまりにバカだから、対抗したくなったの。	
08126	D1:3360:0C07E	2	대사	【アル】ちょっと傷ついたかもしれない‥‥。	
08127	D1:3360:0C0AC	1	대사	【クリス】もうだーめ。	
08128	D1:3360:0C0E2	1	대사	【アル】意外にボリュームあるんだよな、クリスさんの胸って。	
08129	D1:3360:0C120	1	대사	【クリス】あら、意外とは心外よ。	
08130	D1:3360:0C14C	1	대사	【アル】はは‥‥そうだな。	
08131	D1:3360:0C16A	1	대사	【クリス】吸わせてもらってるわ。ごめんなさいね。	
08132	D1:3360:0C1A6	1	대사	【アル】愛する男の前で吸うってのは、ちょっと印象悪いぜ。客観的にさ。	
08133	D1:3360:0C1EE	1	대사	【クリス】ここには私とアルしかいなくてよ。客観論はナンセンスじゃなくて？	
08134	D1:3360:0C242	1	대사	【アル】あぁ、じゃあ言い直す。俺が嫌いなの。	
08135	D1:3360:0C286	1	대사	【クリス】これで許してもらえるかしら？	
08136	D1:3360:0C2B8	1	대사	【アル】‥‥ったく、女ってやつはこれだから。	
08137	D1:3360:0C2E8	1	대사	【クリス】ウフフ、鼻の下を伸ばして言っても、説得力がないわよ。	
08138	D1:3360:0C332	1	대사	【クリス】ごめんなさいね‥‥失礼して吸わせてもらうわ。	
08139	D1:3360:0C374	1	대사	【アル】別に構わないぜ。俺の仕事場なんて、煙で１０センチ先も見えやしない。	
08140	D1:3360:0C3C2	1	대사	【クリス】アルはタバコを吸わない{n00}の？	
08141	D1:3360:0C3F4	1	대사	【アル】吸わないね。他人が吸うのを捕まえてどうこう言うつもりはないが、	
08142	D1:3360:0C43E	1	대사	【アル】まぁ百害あって一利無しだと思ってる。	
08143	D1:3360:0C46E	1	대사	【クリス】陳腐な回答ね。	
08144	D1:3360:0C492	1	대사	【アル】陳腐ゆえに真理なのさ。あんなの吸うヤツの神経が知れない。	
08145	D1:3360:0C4D6	1	대사	【クリス】それは後進的な考え方ね。登山家に、何故山に登るんだと聞くようなものよ。	
08146	D1:3360:0C532	1	대사	【アル】そんなもんかね。	
08147	D1:3360:0C54E	1	대사	【クリス】アルだって、何かに熱中して徹夜するときがあるでしょう。	
08148	D1:3360:0C59A	1	대사	【アル】あぁ、あるけど‥‥。	
08149	D1:3360:0C5BA	1	대사	【クリス】それは健康に悪いはずだけど、	
08150	D1:3360:0C5EE	1	대사	【クリス】アルが健康を害さない範囲内で楽しんでいる事じゃなくて？	
08151	D1:3360:0C63C	1	대사	【アル】そりゃそうだけど‥‥でもちょっと詭弁だぜ、それは。	
08152	D1:3360:0C67A	1	대사	【クリス】いいえ、本質は同じよ。	
08153	D1:3360:0C6A8	1	대사	【クリス】私は自分の健康の許す範囲内でたしなんでいるの。これをね‥‥。	
08154	D1:3360:0C712	1	대사	【クリス】対外的にも考慮しているわ。	
08155	D1:3360:0C744	1	대사	【クリス】だからアルにも、ここで吸っていいかどうかを聞いたでしょう？	
08156	D1:3360:0C796	1	대사	【アル】へいへい、まったく、聞くんじゃなかったよ。	
08157	D1:3360:0C7CC	1	대사	【クリス】フフ、ごめんなさいね‥‥最近は喫煙をするのもなかなか勇気がいるのよ。	
08158	D1:3360:0C826	1	대사	【アル】だから、喫煙家として論理武装してるって訳か。	
08159	D1:3360:0C85E	1	대사	【クリス】そういうこと。	
08160	D1:3360:0C890	1	대사	【アル】もうちょっとここにいた方がいいな。	
08161	D1:3360:0C8BE	1	대사	【クリス】どこにいくつもり？　裸で。	
08162	D1:3360:0C8EE	1	대사	【アル】いや、ちゃんと上にコートを羽織っていくぜ。そんでもって女の子の前でばっと。	
08163	D1:3360:0C944	1	대사	【クリス】それは単なる変態よ。	
08164	D1:3360:0C978	1	대사	【アル】なんだよ、何か言いたげだな。	
08165	D1:3360:0C9A0	1	대사	【クリス】ごめんなさい‥‥でもアルが子供好きとは思わなかったわ。	
08166	D1:3360:0C9EC	1	대사	【アル】そうかい？	
08167	D1:3360:0CA02	1	대사	【クリス】ええ、どちらかというと、殺伐とした生き方をする人だと思っていたけど。	
08168	D1:3360:0CA5C	1	대사	【アル】また、見かけによらずって言うんだろう。	
08169	D1:3360:0CA8E	1	대사	【クリス】そうね。でも、ちょっぴりいいんじゃないかしら。	
08170	D1:3360:0CAD2	1	대사	【アル】え‥‥{s00}んっ。	
08171	D1:3360:0CB00	1	대사	【アル】なんだよ、やぶからぼうに。	
08172	D1:3360:0CB26	1	대사	【クリス】ウフフ‥‥{s00}さてと。	
08173	D1:3360:0CB66	1	대사	【アル】もう行くのかい？	
08174	D1:3360:0CB82	1	대사	【クリス】ええ、今あなたの恋人さんに来られでもしたら、大変だし。	
08175	D1:3360:0CBD0	1	대사	【クリス】アルは何か用事があったんじゃなくて？	
08176	D1:3360:0CC1C	1	대사	【クリス】ほら、私が来たとき、用事がどうとか‥‥。	
08177	D1:3360:0CC5A	1	대사	【アル】そ、そうだ‥‥大変だ！　もう２時間も過ぎてる。	
08178	D1:3360:0CC94	1	대사	【クリス】あらあら。さしずめ恋人さんと、かしら？	
08179	D1:3360:0CCD0	1	대사	【アル】ノーコメント。	
08180	D1:3360:0CCEA	1	대사	【クリス】また逢いたくなったら、呼んでちょうだい。	
08181	D1:3360:0CD28	1	대사	【アル】ハハハ‥‥ま、その辺はまた今度。	
08182	D1:3360:0CD54	1	대사	【クリス】ウフフ、じゃあまたね、アル。	
08183	D1:3360:0CDA2	1	대사	【クリス】そういえばあの子‥‥。	
08184	D1:3360:0CDE4	1	대사	【クリス】全然目が覚めないわね。	
08185	D1:3360:0CE10	1	대사	【アル】あぁ、ティーナか‥‥。	
08186	D1:3360:0CE3A	1	대사	【クリス】ウフフ、最初はいつ起きるかなって、ドキドキしちゃったけど。	
08187	D1:3360:0CE8A	1	대사	【アル】全然起きる気配がなかったな。	
08188	D1:3360:0CEB2	1	대사	【クリス】浜辺で、アルが見つけたんですって？	
08189	D1:3360:0CEEA	1	대사	【アル】ああ‥‥どういう訳かはわからないがな‥‥記憶喪失、らしいんだ。	
08190	D1:3360:0CF34	2	대사	【クリス】まぁ‥‥。	
08191	D1:3360:0CF54	1	대사	【アル】よっぽど疲れていたんだろうな、スヤスヤ寝ちゃってさ‥‥	
08192	D1:3360:0CF96	1	대사	【アル】フッ、でも可愛らしいな、こいつ。	
08193	D1:3360:0CFC2	1	대사	【クリス】そうね‥‥純真無垢の、生きた見本みたい。	
08194	D1:3360:0D000	1	대사	【アル】こういう安らかな寝顔を見ると、	
08195	D1:3360:0D02A	1	대사	【アル】ついついマジックか何かでイタズラ描きをしたくなるのが、人情ってもんだ。	
08196	D1:3360:0D09C	1	대사	【アル】でもマコトにそれをしたら、次の日に大目玉さ。	
08197	D1:3360:0D0D4	1	대사	【クリス】フフ、でしょうね。でも気付いて良かったじゃない。	
08198	D1:3360:0D11A	1	대사	【アル】いやいや、あのときはホテルから仕事場へ直行でさ。	
08199	D1:3360:0D156	1	대사	【アル】あいつ、仕事先で気付いたんだと。	
08200	D1:3360:0D182	1	대사	【クリス】ウフフフ‥‥クスクスッ。それは怒るわよ。	
08201	D1:3360:0D1C0	1	대사	【アル】ま、ティーナにはやめておいてあげよう。	
08202	D1:3360:0D1F2	1	대사	【クリス】すやすや眠っているわね‥‥。	
08203	D1:3360:0D224	1	대사	【アル】知ってるかい？　クリス、子供の習性ってやつ。	
08204	D1:3360:0D25C	1	대사	【クリス】何かしら？	
08205	D1:3360:0D27C	1	대사	【アル】ほら、このちっちゃな手‥	
08206	D1:3360:0D2A0	1	대사	【アル】いいかい、この手の平の真ん中に人差し指をのっけて、軽く押してみると‥‥。	
08207	D1:3360:0D308	1	대사	【アル】な？　指をキュッと握るんだぜ。可愛いだろ？	
08208	D1:3360:0D33E	1	대사	【クリス】フフフ‥‥。	
08209	D1:3360:0D366	1	대사	【アル】ふーん、でも、こんな研究施設にいて、みんなどうしてるんだろう。	
08210	D1:3360:0D3B0	1	대사	【クリス】どうしてるって？	
08211	D1:3360:0D3D6	1	대사	【アル】その、アレをさ。	
08212	D1:3360:0D3F2	1	대사	【クリス】さぁ‥‥。	
08213	D1:3360:0D412	1	대사	【アル】でも、クリスには友達がいるんだろう？	
08214	D1:3360:0D442	1	대사	【クリス】フフ、カイルのことね‥‥彼は単なる遊び相手よ。	
08215	D1:3360:0D486	1	대사	【アル】遊び相手ねぇ‥‥外見とはエラい違いだな、クリスってさ。	
08216	D1:3360:0D4C8	1	대사	【クリス】あら、人を外見で判断するのはよくなくてよ。	
08217	D1:3360:0D508	1	대사	【アル】んなこと、わかっているさ。	
08218	D1:3360:0D52E	1	대사	【クリス】ね、{n00}恋人のイズミさんとは？	
08219	D1:3360:0D560	1	대사	【アル】《デザイア》に何か月もいたんだ、会える訳がないだろう？	
08220	D1:3360:0D5A2	1	대사	【クリス】それもそうね‥‥でも彼女とだったら、ちゃんと愛し合うんでしょう？‥	
08221	D1:3360:0D5FC	1	대사	【クリス】妬けるわ。	
08222	D1:3360:0D61E	1	대사	【アル】マコトの話はやめようぜ。	
08223	D1:3360:0D642	1	대사	【アル】どんどん罪悪感に苛まされていく気がするよ。	
08224	D1:3360:0D678	1	대사	【クリス】見かけによらず、生真面目なのね。	
08225	D1:3360:0D6AE	1	대사	【アル】見かけによらずってのは、やめて欲しいな。	
08226	D1:3360:0D6E2	1	대사	【クリス】フフ、ごめんなさい。	
08227	D1:3360:0D70C	1	대사	【アル】ったく、それに俺は生真面目なんかじゃないぜ。	
08228	D1:3360:0D744	1	대사	【アル】禁欲が続けば、女を抱きたくなる時だってあるさ。	
08229	D1:3360:0D77E	1	대사	【クリス】それをイズミさんに対して言ってみる？	
08230	D1:3360:0D7CE	1	대사	【クリス】ウフフ、冗談よ。そんな顔しないで。	
08231	D1:3360:0D806	1	선택지	　マクラ	
08232	D1:3360:0D810	1	대사	【アル】マクラを抱くと指先が塩っぽくなるので、やめておこう。	
08233	D1:3360:0D87A	1	대사	ばふっばふっ、	
08234	D1:3360:0D890	1	대사	むぎゅーっ。	
08235	D1:3360:0D8A4	1	대사	【クリス】どうしたの？	
08236	D1:3360:0D8C6	1	대사	【アル】いやなにね、こうしてマクラを抱いて寝るのが俺は好きなんだ。	
08237	D1:3360:0D90C	1	대사	【クリス】私は、マクラの下に手を差し込んで寝る方ね。	
08238	D1:3360:0D94C	1	대사	【アル】あっ、それわかる。なんだか、ひんやりして気持ちがいいんだよな。	
08239	D1:3360:0D996	1	대사	【クリス】でも私のここは熱いわ‥‥ほらっ。	
08240	D1:3360:0D9CC	1	대사	【アル】んー、ホントだ。あったかいや。	
08241	D1:3360:0D9F6	1	대사	【クリス】ウフフ。	
08242	D1:3360:0DA14	1	대사	【アル】あっ‥‥く、く、クリ、クリ、クリ○○ス！	
08243	D1:3360:0DA48	1	대사	【クリス】間に余計な２字がはさまってるわね。	
08244	D1:3360:0DA80	1	대사	【アル】はは、いやなんと言いますか、さっき受付に‥‥いやいや、何でもないです。	
08245	D1:3360:0DAD2	1	대사	【クリス】フフ‥‥。	
08246	D1:3360:0DB14	1	선택지	　する	
08247	D1:3360:0DB42	1	대사	【クリス】どう？　この身体を自分のモノにしてみたいとは思わない？	
08248	D1:3360:0DB8E	1	대사	【アル】何をしに来たのかな‥‥？	
08249	D1:3360:0DBB2	1	대사	【アル】（クリスさんが目の前にいるが‥‥。）	
08250	D1:3360:0DBE2	1	대사	【アル】（さきほどの姿を見ているだけに、目を直視しづらいな。）	
08251	D1:3360:0DC24	1	대사	【クリス】どうしたの、胸ばかりみて。	
08252	D1:3360:0DC6A	1	대사	【アル】（下着が光沢を放っているな‥‥高級そうでそそられる‥‥。）	
08253	D1:3360:0DCB0	1	대사	【クリス】フフ、いいのよ、アル。触ってみても‥‥。	
08254	D1:3360:0DCEE	1	대사	【アル】妙に肌がつやつやしているような‥‥。	
08255	D1:3360:0DD1E	1	대사	【クリス】どうしたのかしら？	
08256	D1:3360:0DD46	1	대사	【アル】いやその、普段よりもお肌が輝いていますね。	
08257	D1:3360:0DDA4	1	대사	【クリス】どうしたの？　さっきから私のことばかり見つめてるわ。	
08258	D1:3360:0DDEE	1	대사	【アル】当然です。話す相手のことを見つめるのは、	
08259	D1:3360:0DE22	1	대사	【アル】ベーシックマナーとして確立された‥‥。	
08260	D1:3360:0DE54	1	대사	【クリス】胸元をじっと見つめるの{n00}が？	
08261	D1:3360:0DE86	1	대사	【アル】美しいものに目がいくのは自然の摂理ですよ、奥さん。	
08262	D1:3360:0DEC4	1	대사	【クリス】ウフフ、本当にいつも面白い人ね。	
08263	D1:3360:0DEFA	1	대사	【アル】起きる気配は全くなさそうだ。	
08264	D1:3360:0DF22	1	대사	【クリス】可愛らしいわね。	
08265	D1:3360:0DF48	1	대사	【アル】可愛らしい寝息をたてて眠っているな。	
08266	D1:3360:0DF78	1	대사	【クリス】あら、子供がいたのね。初耳だわ。	
08267	D1:3360:0DFAE	1	대사	【アル】い、いや、俺の子供じゃないですよ。	
08268	D1:3360:0DFDC	1	대사	【クリス】フフ、知ってるわよ。	
08269	D1:3360:0E014	1	대사	【アル】（い、今はもうそれどころじゃないみたいだ‥‥。）	
08270	D1:3360:0E050	1	대사	【アル】もう少しクリスさんと話してみよう。	
08271	D1:3360:0E07E	1	대사	【クリス】せっかくやって来たのに、それはつれないんじゃないかしら？	
08272	D1:3360:0E0F2	1	대사	【クリス】さ‥‥アル‥‥。	
08273	D1:3360:0E118	1	대사	【アル】く、クリス、{n00}や、やっぱり！	
08274	D1:3360:0E140	1	대사	【クリス】ウフフ、そんなに大きな声を出したら、	
08275	D1:3360:0E17C	1	대사	【クリス】そこの子供が起きてしまうんじゃなくて？	
08276	D1:3360:0E1BA	1	대사	【アル】あっ‥‥そ、そうか、{n00}ティーナが‥‥。	
08277	D1:3360:0E1EC	1	대사	【クリス】アル‥‥。	
08278	D1:3360:0E220	1	대사	【クリス】さっき、{n00}覗いてたでしょう？	
08279	D1:3360:0E252	1	대사	【アル】な、何のことかな。	
08280	D1:3360:0E270	1	대사	【クリス】ウフフ、わかってたのよ‥‥。	
08281	D1:3360:0E2A2	1	대사	【アル】そんな‥‥{s00}んっ！	
08282	D1:3360:0E2D8	1	대사	【クリス】ウフフ、若いから焦る気持ちもわかるわ。でもじっくりと楽しみましょう。	
08283	D1:3360:0E332	1	대사	【アル】げげっ！ち‥ちょっと待って下さい。	
08284	D1:3360:0E360	1	대사	【クリス】なに？恐がる事なんて無いのよ。フフ‥‥。	
08285	D1:3360:0E39E	1	대사	【アル】いや、そうじゃなくって。	
08286	D1:3360:0E3C2	1	대사	【クリス】そ、そんなこと、言わないで‥‥さあ！	
08287	D1:3360:0E3FC	1	대사	【アル】ちょっと、本当に、タンマタンマ。	
08288	D1:3360:0E428	1	대사	【クリス】なによぉ、女にここまで言わせておいて拒絶するって言うの？	
08289	D1:3360:0E476	1	대사	【アル】い‥いや、そんな問題じゃなくて、こんな状況じゃ‥‥	
08290	D1:3360:0E4B4	1	대사	【クリス】何言ってるの！　こんな状況だからスリルがあるんじゃないっ！	
08291	D1:3360:0E504	1	대사	【アル】そんな趣味は{n00}俺にはないっ！	
08292	D1:3360:0E52C	1	대사	【クリス】ああー、そうっ！　じゃあわかったわ。声さえたてなければいいんでしょう？	
08293	D1:3360:0E588	1	대사	【アル】ん？‥‥。ウム、まあそういうことだ。	
08294	D1:3360:0E5D8	1	대사	【アル】な、なんだよ。そんなに肌を密着させたら‥‥。ぁ！	
08295	D1:3360:0E614	1	대사	【クリス】やんっ‥‥アル、もっとよ、もっと密着させてあげるから‥‥あぅっ！	
08296	D1:3360:0E66A	1	대사	【アル】クリス、{n00}声をさげないとっ！	
08297	D1:3360:0E692	1	대사	【クリス】アルの方がよほど大きい声よ。	
08298	D1:3360:0E6DC	1	대사	【クリス】あぁぁ‥‥アルのからだって、以外にがっしりしてて、ぁぁ‥‥素敵‥‥。	
08299	D1:3360:0E736	1	대사	【クリス】も、もう‥‥が、我慢できないの‥‥。	
08300	D1:3360:0E770	1	대사	【アル】我慢できないって言ったって、‥‥‥これじゃどうしようもないじゃないか。	
08301	D1:3360:0E7C2	1	대사	【クリス】そ、そうよ‥‥ああ、いつもカイルに逢うと‥‥。	
08302	D1:3360:0E806	1	대사	【アル】ん？　何だって？　カイルがどうかしたのか？‥‥。	
08303	D1:3360:0E842	1	대사	【クリス】彼に逢うと体が熱く燃えてしまうのよっ！	
08304	D1:3360:0E87E	1	대사	【アル】なんだよっ！　そんなことならあいつに慰めてもらえばいいじゃないかっ！	
08305	D1:3360:0E8CE	1	대사	【クリス】だ‥だって、彼相手にしてくれないんだもの。	
08306	D1:3360:0E90E	1	대사	【アル】ばっかばかしい、もう、よしてくれっ！	
08307	D1:3360:0E93E	1	대사	【アル】あ‥‥、ごめん。強く押しすぎたかな？	
08308	D1:3360:0E96E	1	대사	【クリス】だ、大丈夫‥‥‥‥。そのかわり‥‥‥しっかり抱いて。	
08309	D1:3360:0E9BE	1	대사	【アル】もう、仕方が無いなあ‥‥‥‥	
08310	D1:3360:0E9E6	1	대사	【クリス】も、もっと強く！	
08311	D1:3360:0EA0C	1	대사	【アル】うるさいってっ！　ティーナが起きるじゃないか！	
08312	D1:3360:0EA46	1	대사	【クリス】あっ！！	
08313	D1:3360:0EA64	1	대사	【クリス】あっ、あっ、あっ！	
08314	D1:3360:0EA8C	1	대사	【アル】な‥何なんだよ、まったくぅ！‥。	
08315	D1:3360:0EAB8	1	대사	【クリス】あぁ、あ、あぅぅ、‥‥。	
08316	D1:3360:0EAE6	1	대사	【アル】うるさいっ！	
08317	D1:3360:0EAFE	1	대사	【クリス】おあぁっ！	
08318	D1:3360:0EB1E	1	대사	【クリス】おぉぉぉ！‥‥‥‥‥ガクッ！	
08319	D1:3360:0EB50	1	대사	【アル】え？‥‥‥クリス‥‥？	
08320	D1:3360:0EB72	1	대사	【クリス】‥‥‥‥‥‥‥。	
08321	D1:3360:0EB90	1	대사	【アル】ありゃ？　強く抱きすぎて骨が折れたかな？	
08322	D1:3360:0EBC4	1	대사	【クリス】‥‥んっ‥‥んん‥‥。	
08323	D1:3360:0EBF0	1	대사	【アル】やぁ‥‥大丈夫かい‥‥クリス。	
08324	D1:3360:0EC1A	1	대사	【クリス】‥‥え、ええ。	
08325	D1:3360:0EC3E	1	대사	【アル】ふー‥‥。どうなることかと思った。	
08326	D1:3360:0EC6C	1	대사	【クリス】もう、お腹いっぱいよ、アル。	
08327	D1:3360:0EC9E	1	대사	【アル】何がお腹いっぱいだよ。訳が分からないじゃないか。	
08328	D1:3360:0ECDA	1	대사	【クリス】フフ、たっぷり抱きしめてくれたのね‥‥。	
08329	D1:3360:0ED18	1	대사	【アル】そうさ‥‥。	
08330	D1:3360:0ED3A	1	대사	【クリス】ウフフ、たくましい身体ね‥‥。	
08331	D1:3360:0ED6E	1	대사	【クリス】ね。	
08332	D1:3360:0ED9E	1	대사	【クリス】誰と何をしていたなんて、野暮なことは聞かないわ。	
08333	D1:3360:0EDE4	1	대사	【アル】ハハ‥‥そりゃどうも。	
08334	D1:3360:0EE06	1	대사	【クリス】だって、あなたは私とこれからするんですもの。	
08335	D1:3360:0EE5E	1	대사	【アル】く、クリスさん‥‥い、いったい何の‥‥。	
08336	D1:3360:0EE92	1	대사	【クリス】わからない？　男と女がいて、お互いのスキンシップを高めようとしている‥‥	
08337	D1:3360:0EEF2	1	대사	【クリス】これ以上言わせないで。	
08338	D1:3360:0EF20	1	대사	【アル】こ、困る、俺には‥‥。	
08339	D1:3360:0EF42	1	대사	【クリス】恋人がいるって言うんでしょう？　ウフフ、燃えるわ‥‥。	
08340	D1:3360:0EF9A	1	대사	【アル】‥‥ゴクッ。	
08341	D1:3360:0EFB2	1	대사	【クリス】フフ、この身体をあなたのモノにしてみようとは、思わない？	
08342	D1:3360:0F000	1	대사	【アル】く、クリスの身体を‥‥。	
08343	D1:3360:0F024	1	대사	【クリス】そういえばさっき、誰が来ていたのかしら？	
08344	D1:3360:0F062	1	대사	【アル】誰って‥‥誰です？	
08345	D1:3360:0F080	1	대사	【クリス】私がフォンを使って連絡した時よ。	
08346	D1:3360:0F0B6	1	대사	【アル】あー、あれね。あれはテレビの声ですよ。	
08347	D1:3360:0F0E8	1	대사	【クリス】テレビなんて、どこにあるのかしらね。	
08348	D1:3360:0F122	1	대사	【アル】い、いや‥‥テレビ型のラジオのことです。	
08349	D1:3360:0F156	1	대사	【クリス】自分で言っていて、変だと思わない？	
08350	D1:3360:0F18E	1	대사	【アル】少し思う。	
08351	D1:3360:0F1A4	1	대사	【アル】で、何の用ですか？　俺、いまから用事があって‥‥。	
08352	D1:3360:0F1E2	1	대사	【クリス】忘れてしまったの？	
08353	D1:3360:0F20C	1	대사	【クリス】あなたがいつまでたっても来ないから、わざわざカードを持って来たのよ。	
08354	D1:3360:0F268	1	대사	【アル】だって俺はさっき‥‥。	
08355	D1:3360:0F28A	1	대사	【クリス】さっき？	
08356	D1:3360:0F2A8	1	대사	【アル】ハハ‥‥いや、どうもわざわざすみません。	
08357	D1:3360:0F2DC	1	대사	【クリス】フフ‥‥はい、これ。	
08358	D1:3360:0F306	1	대사	【アル】これがＩＤカードですか。どうも、これで警報に悩まされずにすみますね。	
08359	D1:3360:0F356	1	대사	【クリス】お生憎様、このカードを利用できるのは、明後日の写真撮影の時だけ。	
08360	D1:3360:0F3AC	1	대사	【アル】なーんだ、ちぇっ、また警報に悩まされるのか。	
08361	D1:3360:0F3E4	1	대사	【クリス】警報を鳴らしてはダメよ。	
08362	D1:3820:02E38	2	대사	【アル】ここは俺の自室だ。	
08363	D1:3820:02E56	1	대사	【アル】ティーナのやつ、ちょっと疲れがたまってるのかな‥‥。	
08364	D1:3820:02E96	1	대사	【アル】何だか様子がおかしかったけど。	
08365	D1:3820:02EF2	1	대사	【アル】ふぅ、もう朝‥‥‥‥あっ、昼過ぎだぞ。ちょっと寝坊し過ぎたか。	
08366	D1:3820:02F3C	1	대사	【アル】相変わらず、よどんだ空だな。真っ青な空というのは、ここ数年みたことがない。	
08367	D1:3820:02FAC	1	대사	【アル】ティーナ‥‥‥‥{n00}ティーナ？	
08368	D1:3820:02FD4	1	대사	【アル】もう出かけたのか‥‥そういやそうだな、もう昼過ぎだ。	
08369	D1:3820:03014	1	대사	【アル】ん？　手紙がある。なになに‥‥‥‥。	
08370	D1:3820:03044	1	대사	「お寝坊さんへ！朝食兼昼食は、ベッドのわきに置いておきまーす。」	
08371	D1:3820:03092	1	대사	「早く起きてね。あなたのティーナ。」	
08372	D1:3820:030C4	1	대사	【アル】「あなたのティーナ」はやめろって言ってるのに、まったく。	
08373	D1:3820:03108	1	대사	【アル】しかしもう出かけたんだ‥‥‥‥そうか、勉強の時間だな。	
08374	D1:3820:0314A	1	대사	【アル】あいつもマメだよな、なんだってこう毎日続くんだろう‥‥。	
08375	D1:3820:0318E	1	대사	【アル】後で差し入れでも持っていってやるかな。	
08376	D1:3820:031D4	1	대사	【アル】ここは俺の部屋だ‥‥{n00}ティーナは、帰っていないようだな。	
08377	D1:3820:03238	6	대사	【アル】‥‥‥‥‥‥‥‥‥。	
08378	D1:3820:0327E	1	대사	【アル】‥‥‥‥‥‥‥‥‥‥‥‥‥‥‥‥。	
08379	D1:3820:032AC	1	대사	【アル】（カズミさん‥‥‥‥ゴメンな。）	
08380	D1:3820:032D8	1	대사	【アル】（カズミさんを助けられないばかりか、犯罪者の烙印を押されて、）	
08381	D1:3820:03322	1	대사	【アル】（しかもマコトはカイルの野郎と‥‥。）	
08382	D1:3820:03354	1	대사	【アル】（このまま俺は刑務所行きなのか？）	
08383	D1:3820:03382	1	대사	【アル】（ちくしょう、だが俺はまだ負けた訳じゃ無いぞ。）	
08384	D1:3820:033BE	1	대사	【アル】（挽回できるチャンスはまだある。）	
08385	D1:3820:033EC	1	대사	【アル】（汚名を返上して、カズミさんを殺った奴を絶対にあげてやる。）	
08386	D1:3820:03434	1	대사	【アル】（そして、カズミさんが切望した、）	
08387	D1:3820:03462	1	대사	【アル】（《デザイア》の秘密を俺が暴いてやるんだ。）	
08388	D1:3820:034B8	1	대사	【アル】（カズミさんは途中退場しちまったがな、俺はまだ死んじゃいない。）	
08389	D1:3820:03504	1	대사	【アル】（生きている限り逆転のチャンスはある。負けない限り俺は勝つ！）	
08390	D1:3820:0354E	1	대사	【アル】（いつか必ず勝ってみせる‥‥。）	
08391	D1:3820:03598	1	대사	【アル】（マコト‥‥‥‥。）	
08392	D1:3820:035B8	1	대사	【アル】ん‥‥イテテ、あのゴリラめ。加減ってものを知らなさ過ぎる。	
08393	D1:3820:035FE	1	대사	【アル】あれ？{n00}ここは、俺の部屋？	
08394	D1:3820:03624	1	대사	【アル】で、目の前にいるのは夢か幻か‥‥どうも俺にはマコトにしか見えない。	
08395	D1:3820:03678	1	대사	【マコト】目が覚めた？	
08396	D1:3820:0369A	1	대사	【アル】なーんだ、やっぱりマコトか‥‥よいしょっと、イテテ。	
08397	D1:3820:036DA	1	대사	【マコト】起きられる？	
08398	D1:3820:036FC	1	대사	【アル】あぁ、あんなパンチなんて効きやしないさ、イテテ。	
08399	D1:3820:03738	2	대사	【マコト】無理をしないで‥‥	
08400	D1:3820:03762	2	대사	【マコト】あのカイルのパンチを、正面から受けてしまったんだもの‥‥。	
08401	D1:3820:037B4	2	대사	【アル】なーに、効きやしないよ。俺はタフだからな‥‥イテテ。	
08402	D1:3820:037F4	2	대사	【マコト】ゴメンなさい、さっきは。あなたのことを信じていない訳ではないの。ただ‥‥。	
08403	D1:3820:03854	1	대사	【アル】マルチナさんの言うとおり、	
08404	D1:3820:0387A	1	대사	【アル】状況証拠がそろい過ぎてるって訳だろう？わかってるよ。	
08405	D1:3820:03900	1	대사	【アル】‥‥クリス。	
08406	D1:3820:03932	1	대사	【アル】クリスが、なぜ死んだのかって？	
08407	D1:3820:03976	1	대사	【アル】やりすぎかもしれないぜ。それとも‥‥？	
08408	D1:3820:039C2	1	대사	【アル】いい女性だったのにな‥‥。	
08409	D1:3820:039E8	1	대사	【アル】しかし俺がクリスの何を知っている？　一度抱きしめただけだ。	
08410	D1:3820:03A48	1	대사	【アル】クリスは言っていたな、俺が驚喜する特ダネだって。	
08411	D1:3820:03AD6	2	대사	【アル】‥‥‥‥‥‥‥‥‥‥‥‥。{k00}	
08412	D1:3820:03B06	1	대사	【アル】これは絶対に特ダネですよ、編集長！	
08413	D1:3820:03B34	1	대사	【編集長】「アル！きさま、いったい何をやった！！」	
08414	D1:3820:03B6A	1	대사	【アル】イタタ‥‥電話の向こうで突然叫ばないで下さいよ。	
08415	D1:3820:03BA6	1	대사	【編集長】「奇跡的に了承してくれた取材だというのに、」	
08416	D1:3820:03BE0	1	대사	【編集長】「早くも財団から{n00}取材中止の勧告が{n00}来ているんだぞ！！」	
08417	D1:3820:03C26	3	대사	【アル】えぇっ！？	
08418	D1:3820:03C3C	1	대사	【編集長】「絶対特ダネをモノにするとか言いおって、このザマはなんだ！！」	
08419	D1:3820:03C88	1	대사	【アル】それは十分予想されたことじゃないですか、圧力なんて。	
08420	D1:3820:03CC8	1	대사	【編集長】「んなことは、{n00}わかっておる！」	
08421	D1:3820:03CF6	1	대사	【アル】そんなにリキんだら、持病の尿道結石が痛むんじゃないですか？	
08422	D1:3820:03D3C	1	대사	【編集長】「ばかもーん！！！」	
08423	D1:3820:03D5E	1	대사	【アル】キーン‥‥。（い、今のは効いたな‥‥。）	
08424	D1:3820:03D92	1	대사	【アル】でもさっきの俺の報告‥‥ＦＡＸを見たでしょう？	
08425	D1:3820:03DCC	1	대사	【編集長】「総務の女性の気が触れて、死んだというあれか？」	
08426	D1:3820:03E0A	1	대사	【アル】気は触れてはいませんが、まぁ、そうですね。	
08427	D1:3820:03E40	1	대사	【編集長】「そんなものは日常的過ぎて、記事にはならん！」	
08428	D1:3820:03E7C	1	대사	【アル】んなこと言ったって、でも変なんですよ。さっきも言った通り‥‥。	
08429	D1:3820:03EC6	1	대사	【編集長】「こっちじゃあな、{n00}モルグ・ストリートの公衆便所で拘束されて、」	
08430	D1:3820:03F14	1	대사	【編集長】「尻の穴にローソクを挿入した男が、便器に頭を突っ込んで死んでいたぞ！」	
08431	D1:3820:03F68	1	대사	【アル】な、なんですか、そりゃあ。	
08432	D1:3820:03F8E	1	대사	【編集長】「変な事件など巷に溢れかえっておる！」	
08433	D1:3820:03FC2	1	대사	【編集長】「気のふれた女性が正当防衛の末に殺された、」	
08434	D1:3820:03FFC	1	대사	【編集長】「なんて事件のどこが特ダネか！！」	
08435	D1:3820:0402C	1	대사	【アル】じゃあこんなのはどうで{n00}す？	
08436	D1:3820:04054	1	대사	【アル】ノイローゼに至った女性の苦悩と、	
08437	D1:3820:04080	1	대사	【アル】《デザイア》の労働条件の過酷さをドキュメンタリー形式で‥‥。	
08438	D1:3820:040C8	1	대사	【編集長】「冗談は顔だけに{n00}しろ！！」	
08439	D1:3820:040F2	1	대사	【アル】わ、わかりましたよ‥‥。（あんたより顔はいいと思うぞ、失礼な。）	
08440	D1:3820:0413E	1	대사	【編集長】「特ダネをモノにするどころか、取材中止の勧告までもらってくるとは‥‥。」	
08441	D1:3820:04194	1	대사	【編集長】「貴様というやつは{n00}‥‥。」	
08442	D1:3820:041BE	1	대사	【アル】編集長、逆ですよ。	
08443	D1:3820:041DC	1	대사	【アル】取材を中止せざるをえないほど、俺が特ダネに近付きつつあるってことです。	
08444	D1:3820:0422E	1	대사	【編集長】「フン、口は重宝だな。{n00}何とか取り繕って、」	
08445	D1:3820:04268	1	대사	【編集長】「当初の予定通り明日までの滞在許可をもらったが‥‥。」	
08446	D1:3820:042AC	1	대사	【アル】いやぁ、感謝していますよ。よっ、大統領！	
08447	D1:3820:042E0	1	대사	【編集長】「バカもんが！　とにかく出来る限りの取材をしてこい！！」	
08448	D1:3820:04326	1	대사	【アル】ったく、自分はデスクから怒鳴ってるだけじゃないか。	
08449	D1:3820:04364	1	대사	【編集長】「なんだと！？」	
08450	D1:3820:04382	1	대사	【アル】イエッサーッ！	
08451	D1:3820:043B6	1	대사	【アル】ふぅ、昨日はやけに長かったな‥‥あの後‥‥。	
08452	D1:3820:043EE	1	대사	【アル】あの後、マルチナさんのところで、妙な野郎に根ほり葉ほり聞かれたからな。	
08453	D1:3820:04440	1	대사	【アル】俺は見たこと聞いたことを全て話した‥‥、	
08454	D1:3820:04474	1	대사	【アル】もっとも、特ダネの件は伏せておいたがな。	
08455	D1:3820:044A8	1	대사	【アル】その後で編集長の愚痴を散々聞かされて、	
08456	D1:3820:044DA	1	대사	【アル】本当に散々な目にあっちまったよ、ちくしょう。	
08457	D1:3820:0452C	1	대사	【アル】クリス‥‥確かに男関係は激しかったみたいだけど、いい女性だった。	
08458	D1:3820:04578	1	대사	【アル】死ぬほど罪深くは無かった。	
08459	D1:3820:045DA	1	대사	【ティーナ】ねぇ、アル、{n00}もう起ようよ！お昼だよ！	
08460	D1:3820:04618	1	대사	【アル】‥‥もうちょっと‥‥いま考え事をしている最中なんだ。	
08461	D1:3820:04658	1	대사	【ティーナ】マクラを頭にかぶせたってダメよぉ！　お尻コチョコチョしちゃうから！	
08462	D1:3820:046B2	1	대사	【アル】俺はいまブルーなんだぁぁぁぁぁぁぁぁぁ、や、やめれ！	
08463	D1:3820:046F2	1	대사	【ティーナ】コチョコチョこちょー！！	
08464	D1:3820:04728	1	대사	【ティーナ】暗いわぁ、もう朝なんだから起きなさいよぉ。	
08465	D1:3820:0476A	1	대사	【アル】わかった、わかったよ。起きるよ。	
08466	D1:3820:04796	1	대사	【アル】（まったくもう、ブルーになっている暇すらない。）	
08467	D1:3820:047D2	1	대사	【ティーナ】そう、早起きは‥‥。	
08468	D1:3820:047FE	1	대사	【アル】その先はいいって。それよりなんだ？　またシャワーを浴びたのか？	
08469	D1:3820:04848	1	대사	【ティーナ】朝シャワーはレディーのたしなみね。	
08470	D1:3820:04882	1	대사	【アル】ふぅ‥‥また水浸しにしてないだろうな‥‥。	
08471	D1:3820:048B8	1	대사	【ティーナ】もう、早く起きよう！	
08472	D1:3820:048E4	1	대사	【アル】わかったよ‥‥。	
08473	D1:3820:0490A	1	대사	【アル】まったくもう、疲れてんだから、少しは‥‥。	
08474	D1:3820:04940	1	대사	【シルビア】あ、アル‥‥。	
08475	D1:3820:04970	1	대사	【アル】あ、あれ？　し、シルビア‥‥いたの？	
08476	D1:3820:049A0	1	대사	【ティーナ】アルぅ、このヒト、アルにお話があるって。	
08477	D1:3820:049E0	1	대사	【アル】そ、そういうことは早く言ってくれよ。	
08478	D1:3820:04A10	1	대사	【シルビア】ご、ゴメン‥‥その、この子があけてくれたから、中で待っていたんだけど。	
08479	D1:3820:04A6E	1	대사	【アル】さっきから、ずっと？	
08480	D1:3820:04A8E	1	대사	【シルビア】う、うん‥‥ずっと。	
08481	D1:3820:04ABA	1	대사	【アル】ははは‥‥。（醜態を見せてしまったな‥‥。）	
08482	D1:3820:04AF2	1	대사	【シルビア】どうでもいいけど、アルさ。	
08483	D1:3820:04B34	1	대사	【シルビア】何かその‥‥着てくれないか？　目のやり場に困るんだけど。	
08484	D1:3820:04B84	1	대사	【アル】え？‥‥‥‥おあらっ！　そ、そういえば昨日はシャワーを浴びてそのまま‥‥。	
08485	D1:3820:04BDA	1	대사	【シルビア】もう、ちゃんと服くらい着て寝てよ！	
08486	D1:3820:04C14	1	대사	【アル】わ、わかった‥‥ちょ、ちょっと待ってくれ‥‥。	
08487	D1:3820:04C4E	1	대사	【シルビア】もう、オレってなんでこんな男に‥‥。	
08488	D1:3820:04C8A	1	대사	【アル】何か言ったか？	
08489	D1:3820:04CA4	1	대사	【シルビア】いや、なにも。	
08490	D1:3820:04CCA	1	대사	【アル】（聞こえてるんだよ、まったく‥‥ええと、パンツ、パンツと。）	
08491	D1:3820:04D1C	1	대사	【アル】はい、おまたせ。	
08492	D1:3820:04D38	1	대사	【シルビア】まったくもう。	
08493	D1:3820:04D5E	1	대사	【アル】さてと、どうするかな。	
08494	D1:3820:04DB4	1	대사	【アル】そういえば、今日は先に寝ていてくれとか、言っていたよな。	
08495	D1:3820:04DF8	1	대사	【アル】そんなに読書って楽しいのかね‥‥。	
08496	D1:3820:04E26	1	대사	【アル】いや、俺も読書は好きだぜ。	
08497	D1:3820:04E4C	1	대사	【アル】ただ、あの部屋にある小難しい本を読みたいとは、ちょっと思わないけどな。	
08498	D1:3820:04EB8	1	대사	【アル】ふぅ、何だか眠くなってきたな‥‥。	
08499	D1:3820:04EE6	1	대사	【アル】今日は先に寝ていてくれって言われていたんだけど‥‥。	
08500	D1:3820:04F26	1	대사	【アル】お言葉に甘えて、寝させてもらおうかな‥‥。	
08501	D1:3820:04FB6	1	대사	【アル】‥‥‥‥ティーナ、明日には機嫌が直っていてくれると、いいんだけどなぁ。	
08502	D1:3820:0508E	1	대사	【アル】‥‥‥‥‥‥‥‥んひゃひゃ。	
08503	D1:3820:050D0	1	대사	【アル】（んー‥‥‥‥、何だか、ふんわりとしていて、気持ちいいなぁ。）	
08504	D1:3820:0511A	1	대사	【アル】（そうだ、回帰感というやつかな‥‥。）	
08505	D1:3820:0514C	1	대사	【アル】（母胎の中にいたときを思い出して、優しく包まれることを願望すると‥‥。）	
08506	D1:3820:051A0	1	대사	【アル】（なんだか、あったかいな‥‥。）	
08507	D1:3820:051CC	1	대사	【ティーナ】‥‥‥‥アル。	
08508	D1:3820:05232	1	대사	【アル】‥‥ん？　ティーナか？	
08509	D1:3820:0527A	1	대사	【アル】どうしたんだ？	
08510	D1:3820:052BA	1	대사	【アル】ティーナ‥‥。（な、何だか表情が翳ってるような‥‥。）	
08511	D1:3820:052FC	1	대사	【アル】勉強は、{n00}もう終わったのか？	
08512	D1:3820:05346	1	대사	【アル】そうか。じゃあもう寝よう。	
08513	D1:3820:053A2	1	대사	【ティーナ】‥‥アル、手を貸して欲しいの。	
08514	D1:3820:053D8	1	대사	【アル】手？　手って‥‥これ？	
08515	D1:3820:0541C	1	대사	【アル】手を持って、どうする‥‥‥‥{s00}ティーナ！？	
08516	D1:3820:05452	1	대사	【ティーナ】あっ‥‥‥‥。	
08517	D1:3820:05478	1	대사	【アル】お、おいどういうつもりだよ‥‥下に何も着けていないじゃないか。	
08518	D1:3820:054C2	1	대사	【アル】しかも俺の手を‥‥。	
08519	D1:3820:054E2	1	대사	【ティーナ】アル‥‥‥‥お願いがあるの‥‥‥‥。	
08520	D1:3820:0551E	1	대사	【アル】お、お願い‥‥？（な、なんだか妙な雰囲気になってきたけど‥‥。）	
08521	D1:3820:0556A	1	대사	【ティーナ】私を‥‥‥‥ティーナのことを‥‥‥‥。	
08522	D1:3820:055A8	1	대사	【アル】す、ストップ！	
08523	D1:3820:055E8	1	대사	【アル】そうか、何か妙な本を読んだんだな？　まったく、ああいう本に‥‥。	
08524	D1:3820:05634	1	대사	【ティーナ】違うの！	
08525	D1:3820:0566E	1	대사	【ティーナ】私‥‥‥‥私、アルに抱いて欲しいの！	
08526	D1:3820:056AA	1	대사	【アル】‥‥‥‥い、言っている意味、わかってんの？	
08527	D1:3820:056E0	1	대사	【ティーナ】わかっているわ。私、もう子供じゃない‥‥	
08528	D1:3820:05722	1	대사	【ティーナ】アルを受け入ることくらい、できるのよ。	
08529	D1:3820:0577C	1	대사	【ティーナ】ね、私を‥‥‥‥。	
08530	D1:3820:057A6	1	대사	【アル】ダメだ。	
08531	D1:3820:057BA	1	대사	【ティーナ】‥‥なぜ？　私に魅力が無いから？　私なんかどうでもいいから？	
08532	D1:3820:0580E	1	대사	【アル】‥‥おい、いくら俺でも、怒るぜ。	
08533	D1:3820:0583A	1	대사	【ティーナ】だって‥‥‥‥もう、知らない！	
08534	D1:3820:05870	1	대사	【アル】おい‥‥おい、ティーナ。	
08535	D1:3820:058BA	1	대사	【アル】ゴメン、俺、言い過ぎたよ。	
08536	D1:3820:05906	1	대사	【アル】ほら、笑ってさ。コチョコチョ。	
08537	D1:3820:05956	1	대사	【アル】へっへっへ、このコチョコチョ攻撃に、どこまで耐えられるかな？	
08538	D1:3820:0599E	1	대사	【ティーナ】やめて。	
08539	D1:3820:059BE	1	대사	【アル】ちぇっ‥‥‥‥なぁ、機嫌直せよ。	
08540	D1:3820:05A10	1	대사	【アル】（しょうがないな‥‥。）	
08541	D1:3820:05A34	1	대사	【アル】（また明日、花でも摘んできて機嫌を直してもらおう‥‥。）	
08542	D1:3820:05A78	1	대사	【アル】じゃあ、おやすみ‥‥‥。	
08543	D1:3820:05B22	1	대사	【アル】（ティーナ、いきなりどうしたっていうんだよ。）	
08544	D1:3820:05B5C	3	대사	【アル】（‥‥‥‥‥‥。）	
08545	D1:3820:05B7A	1	대사	【アル】（いつかは、こういう日が来るんじゃないかって、思っていたんだけど‥‥。）	
08546	D1:3820:05BCE	1	대사	【アル】（ティーナに魅力が無いわけないだろう？）	
08547	D1:3820:05C02	1	대사	【アル】（俺だって男だぜ、あんな風に迫られたらどうにかなっちまう。）	
08548	D1:3820:05C68	1	대사	【アル】（でも、ティーナだけはダメなんだ‥‥{n00}あいつだけは。）	
08549	D1:3820:05CAA	1	대사	【アル】（どうすりゃいいんだろう。一度ついた火は、消えにくいし‥‥。）	
08550	D1:3820:05CF4	1	대사	【アル】（どうすりゃいいんだろう。ティーナを傷つけない方法は‥‥。）	
08551	D1:3820:05DD4	1	대사	【ティーナ】アル‥‥‥‥起きてる？　アル。	
08552	D1:3820:05E24	1	대사	【ティーナ】寝てしまったのね‥‥。	
08553	D1:3820:05E52	1	대사	【アル】起きてるよ、よいしょっと‥‥なんだい？	
08554	D1:3820:05E8A	1	대사	【ティーナ】‥‥アル。	
08555	D1:3820:05ECC	1	대사	【ティーナ】さっきはゴメンなさい‥‥。	
08556	D1:3820:05EFE	1	대사	【アル】いいよもう‥‥ティーナが機嫌を直してくれれば、それでいい。	
08557	D1:3820:05F44	1	대사	【ティーナ】うん‥‥でも私、魅力的？	
08558	D1:3820:05F74	1	대사	【アル】ティーナは凄く魅力的だ。他の男が１０人いたら、１１人とも全員振り向くさ。	
08559	D1:3820:05FC8	1	대사	【ティーナ】１１人？	
08560	D1:3820:05FE8	1	대사	【アル】１人は俺。	
08561	D1:3820:05FFE	1	대사	【ティーナ】フフ、ありがとう。アル、優しい‥‥。	
08562	D1:3820:06054	2	대사	【ティーナ】ねぇ、アル。	
08563	D1:3820:0608E	1	대사	【ティーナ】キスして。	
08564	D1:3820:060B0	1	대사	【アル】（ドキッ！）ききききき‥‥キスぅ？	
08565	D1:3820:060DE	1	대사	【ティーナ】ダメ？‥‥‥‥{n00}キスもダメ？	
08566	D1:3820:06112	1	대사	【アル】ま、まぁキスくらいなら‥‥‥‥{s00}はい、チュッっと。	
08567	D1:3820:0615A	1	대사	【ティーナ】違う！　おでこじゃなくて、唇にして欲しい‥‥。	
08568	D1:3820:061A0	1	대사	【アル】く、唇！？	
08569	D1:3820:061B6	1	대사	【ティーナ】それだけで、ティーナ、いいから‥‥。	
08570	D1:3820:061F2	1	대사	【アル】（ふぅ‥‥‥‥。）	
08571	D1:3820:06210	1	대사	【アル】（ティーナの問題じゃないんだよ‥‥。）	
08572	D1:3820:06242	1	대사	【アル】（お前にキスをして、それでそのまま俺が我慢できるか、が問題なんだ。）	
08573	D1:3820:06292	1	대사	【ティーナ】‥‥‥‥うん、ゴメン。無理言っちゃって‥‥もう寝ましょう。	
08574	D1:3820:062FE	1	대사	【ティーナ】無理ばかりいって‥‥‥‥。	
08575	D1:3820:06330	1	대사	【アル】わかったよ、キスしよう。	
08576	D1:3820:0635A	2	대사	【ティーナ】アル‥‥。	
08577	D1:3820:0637C	1	대사	【アル】そのかわり、キスだけだぜ。	
08578	D1:3820:063CA	1	대사	【ティーナ】あぁ、アル‥‥‥‥。	
08579	D1:3820:063F6	1	대사	【アル】（か、可愛らしいな、{n00}ティーナ‥‥。）	
08580	D1:3820:06428	1	대사	【アル】（まずいな、どうにかなっちまいそうだ‥‥。）	
08581	D1:3820:06460	1	대사	【ティーナ】アル‥‥アル‥‥。	
08582	D1:3820:0648A	1	대사	【アル】ティーナ‥‥‥‥。	
08583	D1:3820:064A8	1	대사	【ティーナ】アル‥‥‥‥ん‥‥‥‥。	
08584	D1:3820:064D8	1	대사	【アル】（それにしてもティーナ、初々しいな‥‥少し震えているのか？）	
08585	D1:3820:06520	1	대사	【ティーナ】‥‥‥‥ん‥‥‥‥。	
08586	D1:3820:0654E	1	대사	【アル】これで、いいかい？	
08587	D1:3820:0656C	1	대사	【ティーナ】うん‥‥ありがとう。	
08588	D1:3820:06598	1	대사	【アル】ついでに、おでこにも、チュッと。	
08589	D1:3820:065C4	1	대사	【ティーナ】ンフフッ‥‥‥‥。	
08590	D1:3820:065F4	1	대사	【アル】（良かった‥‥少しは機嫌が直ったのかな‥‥‥‥{n00}ん？）	
08591	D1:3820:06636	1	대사	【アル】ティーナ、泣いてるの？	
08592	D1:3820:06658	1	대사	【ティーナ】うん‥‥でもダメよね、子どもみたい、泣くなんて‥‥。	
08593	D1:3820:066A4	1	대사	【アル】そんなことはないぞ、感情が表に出るのは、決して恥じるべき事じゃない。	
08594	D1:3820:0671A	1	대사	【アル】それだけティーナが情操豊かってことさ。	
08595	D1:3820:0674C	1	대사	【アル】ま、でも女だって今は簡単には泣かないんだぜ。	
08596	D1:3820:067AA	1	대사	【アル】女が泣いていいのは、サイフを落とした時と、恋人を想うときだけさ。	
08597	D1:3820:067F6	1	대사	【ティーナ】じゃ、アルを想って泣いてもいいんだ‥‥。	
08598	D1:3820:06836	1	대사	【アル】な、何か言った？	
08599	D1:3820:06852	1	대사	【ティーナ】ううん、何でもない。ちょっぴり感激しちゃったの。	
08600	D1:3820:0689A	1	대사	【アル】キスで機嫌が直るなんて、初々しいねぇ。	
08601	D1:3820:068CC	1	대사	【アル】これがもっと年増になると、プレゼントの額に比例してくるんだが。	
08602	D1:3820:0693C	1	대사	【アル】ティーナは知らなくていいの。	
08603	D1:3820:06964	1	대사	【ティーナ】アル‥‥‥‥いま、幸せ？	
08604	D1:3820:069A4	1	대사	【ティーナ】幸せを感じてる？	
08605	D1:3820:069CC	1	대사	【アル】そうだなぁ、なんて言えばいいのか。	
08606	D1:3820:069FA	1	대사	【ティーナ】ティーナはとっても幸せ。アルは‥‥アルはそうじゃないの？	
08607	D1:3820:06A4A	1	대사	【アル】俺？　そうだな‥‥	
08608	D1:3820:06A68	1	대사	【アル】うん、確かに生活はしていけるし、毎日が楽しくてしょうがない。	
08609	D1:3820:06AB0	1	대사	【ティーナ】ほんと？　よかった‥‥。	
08610	D1:3820:06AE0	1	대사	【アル】でも。	
08611	D1:3820:06AF2	1	대사	【ティーナ】‥‥‥‥でも？	
08612	D1:3820:06B18	1	대사	【アル】いつかは、ここでの生活が終わるんだぜ。	
08613	D1:3820:06B4A	1	대사	【アル】その時のことを考えたこと、あるかい？	
08614	D1:3820:06BA0	1	대사	【アル】ティーナが早くおっきくなって、教養を身に着けて、	
08615	D1:3820:06BDC	1	대사	【アル】誰かのお嫁さんになって、幸せになってくれたらいいなぁって。	
08616	D1:3820:06C22	1	대사	【ティーナ】お嫁さん？	
08617	D1:3820:06C44	1	대사	【アル】あぁ、俺がいい相手を見つけてやるよ。	
08618	D1:3820:06C74	1	대사	【ティーナ】‥‥‥‥私、結婚したくない。	
08619	D1:3820:06CBE	1	대사	【ティーナ】したくないの。	
08620	D1:3820:06CE4	1	대사	【アル】ま、そのうち気が変わるさ。	
08621	D1:3820:06D28	1	대사	【アル】じゃ、そろそろ寝ようか？	
08622	D1:3820:06D4C	1	대사	【ティーナ】うん‥‥アル、ごめんなさい。でも、ありがとう。	
08623	D1:3820:06D92	1	대사	【アル】いいって。ティーナが笑っていてくれるなら、	
08624	D1:3820:06DC8	1	대사	【アル】俺はなんでもしちゃうぜ‥‥‥‥あっ、ただし‥‥。	
08625	D1:3820:06E04	1	대사	【ティーナ】うん、わかってる。無理は言わない‥‥おやすみ‥‥。	
08626	D1:3820:06E4E	1	대사	【アル】あぁ‥‥おやすみ。	
08627	D1:3820:06EBA	1	대사	【アル】（やっぱりティーナも、こういうのに興味を抱く時期なのかな‥‥。）	
08628	D1:3820:06F06	1	대사	【アル】（急にだからな‥‥{n00}でも、思春期の女の子ってのは、）	
08629	D1:3820:06F46	1	대사	【アル】（こうなのかもしれない{n00}な。）	
08630	D1:3820:06F8E	1	대사	【アル】（もう寝よう。{n00}明日はティーナの誕生日だしな‥‥。）	
08631	D1:3820:06FCE	1	대사	【アル】（たくさんご馳走を作って、サービスしてやんな{n00}きゃ。）	
08632	D1:3820:07066	1	대사	【アル】‥‥んー、もう朝か‥‥。	
08633	D1:3820:070A4	1	대사	【アル】‥‥ティーナ‥‥は、もう起きてしまったのか。	
08634	D1:3820:070F6	1	대사	【アル】‥‥眠いなぁ。	
08635	D1:3820:0711C	1	대사	カカカカッ！！　ドカーンっ！！！	
08636	D1:3820:0713E	1	대사	【アル】うわっ！　なんだ、どうした！？	
08637	D1:3820:07172	1	대사	【アル】‥‥‥‥ど、どうした、{n00}ティーナか？{n00}いたずらかよ！？	
08638	D1:3820:071CE	1	대사	【アル】も、もう昼過ぎか‥‥しまった！　今日はティーナの誕生日‥‥‥‥。	
08639	D1:3820:0721A	1	대사	【アル】そ、それにしても今の音はいったい何なんだ？	
08640	D1:3820:07250	1	대사	ビカビカッ、{n00}ドドーンッ！！！	
08641	D1:3820:07276	1	대사	【アル】うわっ！　そ、空耳じゃないぞ‥‥外か！？	
08642	D1:3820:072AA	1	대사	【アル】そ、そういえば外がやけに明るいような‥‥。	
08643	D1:3820:072E0	1	대사	【アル】ど、どうしたんだ？　これはいったい‥‥。	
08644	D1:3820:07314	1	대사	【アル】とにかく外に出てみよう！	
08645	D1:3820:0733E	1	대사	【アル】あれこれ思っていても、	
08646	D1:3820:07360	1	대사	【アル】次の日にはコロッと機嫌が直っていることだって、あるんだよな。	
08647	D1:3820:073A8	1	대사	【アル】うん、あまり思い詰めない方が、いいのかもしれない‥‥。	
08648	D1:3820:073EA	1	대사	【アル】そうだ、ティーナのやつ、何だかおかしかったけど‥‥どうしちゃったんだろう。	
08649	D1:3820:07440	1	대사	【アル】今までは、あんな表情をしたことがなかったが。	
08650	D1:3820:07492	1	대사	【アル】ま、いわゆる思春期という時期だ。	
08651	D1:3820:074BE	1	대사	【アル】この時期の女の子ってのは、ああいうモノなのかもしれないな。	
08652	D1:3820:07504	1	대사	【アル】んー、まるで男親の心境だな。	
08653	D1:3820:0752C	1	대사	【アル】こういうとき、母親みたいな人がいてくれると、助かるんだが‥‥。	
08654	D1:3820:07596	1	대사	【アル】相変わらず殺伐としている部屋だ。しかしもう住み慣れてしまったからな‥‥。	
08655	D1:3820:075EA	1	대사	【アル】俺とティーナが、毎日寝起きしている部屋だ。	
08656	D1:3820:07620	1	대사	【アル】毎日くらしてくると、必然的に生活感がでてくるな‥‥。	
08657	D1:3820:07660	1	대사	【アル】電気も電話も使えない部屋だが、俺達の生活のにおいが染み込んでいる。	
08658	D1:3820:076AE	1	대사	【アル】俺とティーナが愛用しているベッドだ。	
08659	D1:3820:076DE	1	대사	【アル】俺にとっては拷問所と化しているんだがな‥‥。	
08660	D1:3820:07716	1	대사	【アル】俺がさっきまで寝ていたベッドだ。	
08661	D1:3820:07742	1	대사	【アル】いつもティーナと一緒に寝ているんだが‥‥え、うらやましいだって？	
08662	D1:3820:0778E	1	대사	【アル】冗談言っちゃいけない。	
08663	D1:3820:077B0	1	대사	【アル】あんなに発育のいい女の子が、俺の隣に寝て、しかも何もできないんだ。	
08664	D1:3820:077FE	1	대사	【アル】昨晩なんて、俺の身体にギューギュー胸を押しつけてくるんだぜ。	
08665	D1:3820:07846	1	대사	【アル】まったく、ヘビの生殺しとはこのことだ。	
08666	D1:3820:07878	1	대사	【アル】空は灰色にくすんでいる‥‥。	
08667	D1:3820:078A0	1	대사	【アル】窓の外は相変わらずくすんでいる。	
08668	D1:3820:078CC	1	대사	【アル】一度でいいから、太陽の明るい光を拝んでみたいもんだよ‥‥。	
08669	D1:3820:07920	1	대사	【アル】もうちょっと考えてみよう。何か、気になるんだ。	
08670	D1:3820:079A2	1	대사	【アル】静寂の中で、唯一安息を得られるという感じだな‥‥。	
08671	D1:3820:079E0	1	대사	【アル】もっとも、人がいないのに変わりはないが。	
08672	D1:3820:07A5C	1	대사	【アル】あたりは静かだ‥‥俺の心臓の鼓動だけが聞こえてくる。	
08673	D1:3820:07A9C	1	대사	【アル】誇張じゃないぜ、本当にそれくらい静かなんだ。	
08674	D1:3820:07AF2	1	대사	【アル】誰もいなくても、なぜか安心できてしまうような気がする‥‥。	
08675	D1:3820:07B38	1	대사	【アル】やはり、それなりの愛着感が涌いてきたということだな。	
08676	D1:3820:07B78	1	대사	【アル】とりあえず今は、寝る必要がないな。	
08677	D1:3820:07BA6	1	대사	【アル】俺がいつも寝ていたベッドだ。	
08678	D1:3820:07BCE	1	대사	【アル】もしかしたら、今後当分お世話になるのかもしれないが‥‥。	
08679	D1:3820:07C12	1	대사	【アル】まさか永遠にってことはないだろう‥‥‥‥たぶん。	
08680	D1:3820:07C4E	1	대사	【アル】窓の方はあまり見たくないな‥‥どうも気分が落ち込んでくる。	
08681	D1:3820:07C94	1	대사	【アル】窓の外は、相変わらず薄暗く灰色がかっている。	
08682	D1:3820:07CCC	1	대사	【アル】くすんだ空は見ていて気分のいいもんじゃないな‥‥。	
08683	D1:3820:07D0A	1	대사	【アル】室内フォンは使用できない。文字どおり家具に成り下がったってことだな。	
08684	D1:3820:07D5A	1	대사	【アル】そうだ、電話をかけまくってみたら、誰かのところにかかるかもしれないぞ。	
08685	D1:3820:07DAC	1	대사	【アル】よし、どこかにかけてみようぜ。	
08686	D1:3820:07DD6	1	대사	カチャ‥‥‥‥。	
08687	D1:3820:07DF2	1	대사	【アル】発信音が来ていない‥‥室内フォンもダメという訳か。	
08688	D1:3820:07E3E	1	대사	【アル】そうだな、ここでこうしていてもしょうがない‥‥。	
08689	D1:3820:07E7A	1	대사	【アル】どこかに人がいるかもしれないし‥‥よし、部屋をでるぞ。	
08690	D1:3820:07EC2	1	대사	【アル】ここで考えあぐねていても、しょうがないな。	
08691	D1:3820:07EF8	1	대사	【アル】最終便は、今日中に必ず出るだろう‥‥それまでに、ティーナを捜さなくちゃ。	
08692	D1:3820:07F8E	1	대사	【アル】ここでこうしていてもしょうがない。どこか他の場所に行ってみようぜ。	
08693	D1:3820:07FDC	1	대사	【アル】殺伐としているが、結構愛着もわいてきたよな。	
08694	D1:3820:08014	1	대사	【アル】安心ができるという感じだろうか。	
08695	D1:3820:0805A	1	대사	【アル】恐らく、今日で見納めになる部屋だ‥‥。	
08696	D1:3820:0808C	1	대사	【アル】今は寝たくないぞ。	
08697	D1:3820:080AA	1	대사	【アル】俺のにおいが染み込んだベッドだ。	
08698	D1:3820:080D6	1	대사	【アル】自分のにおいが染み込むと、安心して寝られるんだよな。	
08699	D1:3820:08116	1	대사	【アル】だが、今は寝る必要はないぞ。	
08700	D1:3820:0813E	1	대사	【アル】バスルームに通じるドアだ。今はシャワーを浴びる必要はないな。	
08701	D1:3820:08186	1	대사	【アル】バスルームに通じるドアだけど‥‥今はシャワーを浴びる時じゃないな。	
08702	D1:3820:081D4	1	대사	【アル】やっぱり浴びるときは、女の子と一緒にしたいもんだよなぁ。	
08703	D1:3820:08218	1	대사	【アル】などと悠長なことを言っている時じゃないな。	
08704	D1:3820:0824E	1	대사	【アル】普通の窓だな。外から陽射しが薄く差し込んでいる。	
08705	D1:3820:0828A	1	대사	【アル】軟禁されていた時は、ここから逃げ出すつもりだったんだが‥‥。	
08706	D1:3820:082D2	1	대사	【アル】ま、とりあえず飛び降りるようなことにならなくて、よかったというところかな。	
08707	D1:3820:08336	1	대사	【アル】そうだな‥‥よし、部屋をでるぞ。	
08708	D1:3820:08386	1	대사	カタッ‥‥。	
08709	D1:3820:083BC	1	대사	【アル】（ん？）	
08710	D1:3820:083D0	1	대사	【アル】（何かいま音がしたような気がしたけど‥‥気のせいかな。）	
08711	D1:3820:08432	1	대사	バタン。	
08712	D1:3820:08446	1	대사	【アル】（ほら、やっぱり！）	
08713	D1:3820:08466	1	대사	【声】アルバートさん‥‥{n00}アルバートさん。	
08714	D1:3820:0849C	1	대사	【アル】（ビクッ！）　だ、誰だ！	
08715	D1:3820:084C0	1	대사	【声】シッ！　静かにして下さい。	
08716	D1:3820:084EC	1	대사	【アル】だ、誰だよ。	
08717	D1:3820:08504	1	대사	【シェリル】私です、シェリルです。	
08718	D1:3820:08532	1	대사	【アル】し、シェリル？{n00}ど、どこ？	
08719	D1:3820:08558	1	대사	【シェリル】アルバートさんの頭の後ろです。	
08720	D1:3820:08590	1	대사	【シェリル】寝ているところをご免なさい、でもどうしても、お話したいことがあったんです。	
08721	D1:3820:085F4	1	대사	【アル】わ、わかった‥‥。	
08722	D1:3820:0861C	1	대사	【アル】シェリル‥‥？　こんな夜中に、光栄だけど‥‥‥？	
08723	D1:3820:08658	1	대사	【アル】えーっと、俺、昨日はシャワーを浴びないで寝ちゃって‥‥。	
08724	D1:3820:0869C	1	대사	【シェリル】クスクスッ。今はもう朝の６時です。	
08725	D1:3820:086D6	1	대사	【アル】朝の６時ぃ？　神様だって寝ている時間だぜ。	
08726	D1:3820:0870C	1	대사	【シェリル】神様は寝ていても、私たちは起きる時間ですよ。	
08727	D1:3820:08750	1	대사	【アル】うーむ、まぁそんな話はどうでもいい。で、いったいどうしたんだ？	
08728	D1:3820:0879A	1	대사	【シェリル】昨日の爆発の件は、教授からうかがいました。	
08729	D1:3820:087DC	1	대사	【アル】あぁ、でもあれは‥‥。	
08730	D1:3820:087FE	1	대사	【シェリル】わかっています。アルバートさんの仕業なんて、思いもよりません。	
08731	D1:3820:08854	1	대사	【アル】ククッ‥‥泣けるね。抱きしめてキスをしたいくらいだな。	
08732	D1:3820:088BC	1	대사	【アル】目をつむって、{n00}何してんの？	
08733	D1:3820:088E4	1	대사	【シェリル】もう！	
08734	D1:3820:08902	1	대사	【アル】ま、冗談はこれくらいにしてだ。	
08735	D1:3820:0892C	1	대사	【シェリル】冗談だったんですか？	
08736	D1:3820:08958	1	대사	【アル】とにかく急ぎなんだろう？　ここに来た訳を聞こうか。	
08737	D1:3820:08996	1	대사	【シェリル】は、はい‥‥どうもこのままだと、	
08738	D1:3820:089D0	1	대사	【シェリル】アルバートさんにとって良からぬ方向へ事態が進みそうなんです‥‥。	
08739	D1:3820:08A2A	1	대사	【アル】良からぬ方向っていうと‥‥カイルの野郎が大統領にでもなるのか？	
08740	D1:3820:08A74	1	대사	【シェリル】違います。聞くところによると、	
08741	D1:3820:08AAC	1	대사	【シェリル】アルバートさんはこのまま《デザイア》が所属する自治国家に送還されて、	
08742	D1:3820:08B0A	1	대사	【シェリル】裁判にかけられます。	
08743	D1:3820:08B38	1	대사	【アル】どういうことだ？	
08744	D1:3820:08B54	1	대사	【シェリル】ここ《デザイア》の所属するリグ共和国の法に基づいて、	
08745	D1:3820:08BA2	1	대사	【シェリル】アルバートさんは裁かれるということです。	
08746	D1:3820:08BE4	1	대사	【アル】そうか‥‥ここはアメリカでもなければロシアでもない。	
08747	D1:3820:08C24	1	대사	【アル】《デザイア》は他国領内に設けられた研究施設‥‥{s00}あっ！	
08748	D1:3820:08C66	1	대사	【シェリル】そうです、	
08749	D1:3820:08C8A	1	대사	【シェリル】リグ共和国は事実上財団に、経済面で完全に支配されている小国家‥‥。	
08750	D1:3820:08CE6	1	대사	【アル】俺をスケープゴートにするつもりかよ、ちくしょう、やり方が汚いぜ！	
08751	D1:3820:08D32	1	대사	【シェリル】このままだとアルバートさんは、財団に生殺与奪を完全に握られてしまいます。	
08752	D1:3820:08D92	1	대사	【アル】厳正なる法は、俺を守ってはくれない訳か‥‥。	
08753	D1:3820:08DCA	1	대사	【シェリル】残念ながら、そうなる可能性は濃厚です。	
08754	D1:3820:08E08	1	대사	【アル】あっ、もしかしたら、俺の取材を許可したのは、最初からこれが目的で‥‥？	
08755	D1:3820:08E5A	1	대사	【シェリル】そこまではわかりません‥‥とにかく、逃げた方が得策です。	
08756	D1:3820:08EAA	1	대사	【アル】に、逃げるって言っても‥‥。	
08757	D1:3820:08ED2	1	대사	【アル】この部屋からは逃げられても、《デザイア》からは逃げられないぜ。	
08758	D1:3820:08F1C	1	대사	【シェリル】今現在、飛行場には最終便が到着しています。	
08759	D1:3820:08F60	1	대사	【シェリル】昨日の件で第２格納庫が急きょ利用されていますが‥‥。	
08760	D1:3820:08FAE	1	대사	【アル】それに乗れと言うわけか。	
08761	D1:3820:08FD2	1	대사	【シェリル】はい、アルバートさんの本国に帰国できさえすれば、国際法に基づいて‥‥。	
08762	D1:3820:09030	1	대사	【アル】シッ！	
08763	D1:3820:09042	1	대사	【シェリル】ど、どうし‥‥んんっ！	
08764	D1:3820:09070	1	대사	【アル】（黙って‥‥ほら、ドアを見ろ。）	
08765	D1:3820:0909C	1	대사	【シェリル】（う、動いていますね。）	
08766	D1:3820:090CC	1	대사	【アル】（こんな時間に誰だ‥‥だいたい、入り方からして露骨に怪しい。）	
08767	D1:3820:09116	1	대사	【シェリル】（そうですね‥‥。）	
08768	D1:3820:09142	1	대사	【アル】（シェリルは後ろに下がっていろ。）	
08769	D1:3820:09170	1	대사	【シェリル】（は、はい‥‥アルバートさん、気を付けて。）	
08770	D1:3820:091B4	1	대사	【アル】（誰だか知らないが、俺のテリトリーにぬけぬけと入ってくるとは‥‥。）	
08771	D1:3820:09204	1	대사	【アル】（目にモノみせてくれ{n00}る。）	
08772	D1:3820:0922C	1	대사	【アル】（いきなりドアを開けて、奇襲といくか‥‥‥‥。）	
08773	D1:3820:09268	1	대사	【アル】（そーっと、{n00}そーっと‥‥。）	
08774	D1:3820:09292	1	대사	ガチャッ！！	
08775	D1:3820:092AA	1	대사	【アル】誰だ！？	
08776	D1:3820:092BE	1	대사	【声】うわっ！！	
08777	D1:3820:092DC	1	대사	ドテッ。	
08778	D1:3820:092F0	1	대사	【アル】あれ？　シルビアじゃないか。頭は大丈夫なのか？	
08779	D1:3820:0932A	1	대사	【シルビア】イテテ‥‥な、なんだ。起きていたの。	
08780	D1:3820:09372	1	대사	【アル】何だよ、こんな時間に。	
08781	D1:3820:09394	1	대사	【シルビア】な、何だよとは何だよ。オレはただ、アルに耳寄りな情報を‥‥。	
08782	D1:3820:093E8	1	대사	【アル】耳よりな情報？	
08783	D1:3820:09402	1	대사	【シルビア】うん、飛行機の最終便が到着したんだよ。	
08784	D1:3820:09442	1	대사	【シルビア】乗り込むんだったら、今がチャンスだぜ。	
08785	D1:3820:09482	1	대사	【アル】あぁ、その話だったら‥‥。	
08786	D1:3820:094A8	1	대사	【シェリル】私がもう言いました。	
08787	D1:3820:094D4	1	대사	【シルビア】‥‥アル、誰だい？	
08788	D1:3820:094FE	1	대사	【シェリル】私はシェリル、シェリル・シャトレートです。	
08789	D1:3820:09540	1	대사	【シルビア】オレはアルに聞いたんだよ、いちいち自己顕示の強いヒトだな。	
08790	D1:3820:09592	1	대사	【シェリル】なんですって！？	
08791	D1:3820:095BA	1	대사	【アル】お、おい。ここでいざこざは‥‥。	
08792	D1:3820:095F0	1	대사	【シェリル】アルバートさん、この粗雑な女性は誰ですか？	
08793	D1:3820:09632	1	대사	【シルビア】なんだよ、粗雑って。	
08794	D1:3820:0965E	1	대사	【シェリル】あなたのことです。	
08795	D1:3820:09688	1	대사	【シルビア】胸が小さいくせして、生意気だな。	
08796	D1:3820:096C0	1	대사	【シェリル】む、胸といったい何の関係があるんですか！？	
08797	D1:3820:09702	1	대사	【シルビア】別に。	
08798	D1:3820:09722	1	대사	【シルビア】ただ、ちっちゃな胸ってのは揉みがいがないだろうなぁって思っただけだよ。	
08799	D1:3820:09782	1	대사	【シェリル】大きければ良いというものでもないです！	
08800	D1:3820:097C0	1	대사	【アル】（何か、話がどんどんそれているような‥‥。）	
08801	D1:3820:097F8	1	대사	【シルビア】へへっ、オレの胸をアルは褒めてくれたぜ。大きくて形がいいって‥‥。	
08802	D1:3820:09852	1	대사	【シェリル】あ、アルバートさんは膝枕してくれました！	
08803	D1:3820:09892	1	대사	【シルビア】なっ‥‥‥‥本当かよ、アル！	
08804	D1:3820:098C6	2	대사	【アル】（俺は何も見てないし、何も聞いてないぞ‥‥‥。）	
08805	D1:3820:09902	1	대사	【シルビア】なに目をつむって、耳を手で塞いでいるんだよ。	
08806	D1:3820:09946	1	대사	【シェリル】胸を誉められた程度で、アルバートさんに付きまとうなんて、	
08807	D1:3820:09998	1	대사	【シェリル】失礼じゃないかしら？	
08808	D1:3820:099C6	1	대사	【シルビア】何言ってるんだ。オレはアルにファーストキッスを捧げたんだぞ！	
08809	D1:3820:09A1A	1	대사	【シェリル】ファーストキッス？	
08810	D1:3820:09A44	1	대사	【シルビア】へへっ、どうだ。使い古しのネーチャンとは訳が違うんだ。	
08811	D1:3820:09A92	1	대사	【シェリル】アルバートさん！本当なんですか！？	
08812	D1:3820:09B08	1	대사	【シェリル】目を開いて、耳から手をはなして下さい。	
08813	D1:3820:09B46	1	대사	【シルビア】アル、何とか言ってやってくれよ。	
08814	D1:3820:09B7E	1	대사	【シェリル】アルバートさん！	
08815	D1:3820:09BC4	1	대사	【アル】だー、うるさーい！！！	
08816	D1:3820:09BE6	1	대사	【シルビア】わっ！	
08817	D1:3820:09C04	1	대사	【シェリル】きゃっ！	
08818	D1:3820:09C24	1	대사	【アル】そんな話はどうだっていい！　お前ら２人ちょっと離れてろ。	
08819	D1:3820:09C72	3	대사	【シルビア】あっ‥‥。	
08820	D1:3820:09C94	1	대사	【シェリル】きゃっ‥‥。	
08821	D1:3820:09CB8	1	대사	【アル】とにかく今は、俺の脱出の話じゃなかったのか？	
08822	D1:3820:09D38	1	대사	【アル】シルビア。	
08823	D1:3820:09D58	1	대사	【シルビア】な、何だい？	
08824	D1:3820:09D7C	1	대사	【アル】俺はとりあえず最終便に乗り込んで、《デザイア》を出る。	
08825	D1:3820:09DBE	1	대사	【アル】飛行機内で隠れられる場所を呈示して欲しい。	
08826	D1:3820:09DF4	1	대사	【シルビア】わかったよ、アル。	
08827	D1:3820:09E1E	1	대사	【アル】それから、シェリル。	
08828	D1:3820:09E6A	1	대사	【アル】飛行機に向かうとき、陽動をしてくれ。	
08829	D1:3820:09E9A	1	대사	【アル】整備士の連中の目を引きつけるなどをして欲しいんだ。	
08830	D1:3820:09ED8	1	대사	【シェリル】は、はい‥‥でもどうやれば‥‥。	
08831	D1:3820:09F10	1	대사	【アル】ほら、あの水着を着て出ていけば、一発だろう？	
08832	D1:3820:09F48	1	대사	【シェリル】そ、そんなこと、できる訳ありません！	
08833	D1:3820:09F8E	1	대사	【シルビア】オレがやるよ。そのネーチャンには、ちょっと無理じゃないかな‥‥。	
08834	D1:3820:09FE8	1	대사	【シルビア】やっぱりプロポーションが良くなきゃ。	
08835	D1:3820:0A026	1	대사	【シェリル】やります！　私、やってみます。	
08836	D1:3820:0A05C	1	대사	【シルビア】なんだよ、胸がなきゃできないに決まってるだろ。	
08837	D1:3820:0A0A2	1	대사	【シェリル】均整がとれていさえすれば十分魅力的です。	
08838	D1:3820:0A0E4	1	대사	【シェリル】胸だけ大きい人には不向きな役割です！	
08839	D1:3820:0A122	1	대사	【シルビア】オレだって、均整がとれたプロポーションだぞ。	
08840	D1:3820:0A166	1	대사	【シェリル】美的感覚を疑いますね。	
08841	D1:3820:0A194	1	대사	【シルビア】な、なんだって！？	
08842	D1:3820:0A1BE	1	대사	【アル】だから、やめろっての！‥‥頼むからやめてくれよぉ。	
08843	D1:3820:0A1FC	1	대사	【シルビア】だ、だってさ、アル‥‥。	
08844	D1:3820:0A22C	1	대사	【シェリル】でもアルバートさん‥‥。	
08845	D1:3820:0A25C	1	대사	【アル】とにかく、窓から俺は降りる。	
08846	D1:3820:0A284	1	대사	【アル】宿舎内を歩き回るのは、ちょっとマズいだろうからな。	
08847	D1:3820:0A2C2	1	대사	【シェリル】はい‥‥気をつけて下さい。	
08848	D1:3820:0A328	1	대사	【アル】（ドキッ！）だ、誰だ？	
08849	D1:3820:0A34A	1	대사	【シェリル】誰でしょうか。	
08850	D1:3820:0A370	1	대사	【シルビア】誰だろうな。	
08851	D1:3820:0A3B0	1	대사	【アル】‥‥。（ま、まさかもう俺のことを‥‥？）	
08852	D1:3820:0A3E4	2	대사	【アル】ど、どうぞ。	
08853	D1:3820:0A41A	1	대사	【シェリル】あっ、イズミ‥‥。	
08854	D1:3820:0A444	1	대사	【シルビア】‥‥さん。	
08855	D1:3820:0A466	1	대사	【アル】ま、マコト！	
08856	D1:3820:0A47E	1	대사	【アル】（何でこの場に、マコトまで来るわけ？）	
08857	D1:3820:0A4B0	2	대사	【マコト】にぎやかでいいわね‥‥ところでアル、窓際に立って何をしているの？	
08858	D1:3820:0A506	1	대사	【アル】あ？　あ、あぁつまりその‥‥、	
08859	D1:3820:0A530	1	대사	【アル】なかなか気持ちのいい朝だね、何かこう、窓から飛び出したくなるような気分だ。	
08860	D1:3820:0A586	2	대사	【マコト】アル、あなたの容疑は晴れたから、逃げようなどとしなくてもいいの‥‥。	
08861	D1:3820:0A5E0	2	대사	【アル】はれたって‥‥どういうことだよ。	
08862	D1:3820:0A60C	1	대사	【マコト】犯人がわかったのよ。	
08863	D1:3820:0A636	1	대사	【アル】（な、涙‥‥？　なんで泣いてるんだよ、マコト。）	
08864	D1:3820:0A672	2	대사	【アル】で、犯人というのは？	
08865	D1:3820:0A692	2	대사	【マコト】うっ‥‥。	
08866	D1:3820:0A6B2	4	대사	【アル】‥‥‥‥ま、マコト？	
08867	D1:3820:0A6D2	2	대사	【マコト】一連の犯行は‥‥‥‥全てレイコの仕業だったの。	
08868	D1:3820:0A726	2	대사	【アル】なんだって！？　れ、レイコさんが‥‥‥‥それで、レイコさんは今どこに？	
08869	D1:3820:0A778	1	대사	【マコト】レイコは‥‥死んだわ。	
08870	D1:3820:0A7A4	4	대사	【アル】じょ、冗談だろう？	
08871	D1:3820:0A7C2	2	대사	【マコト】冗談でこんなことが言えるの！？　アル！	
08872	D1:3820:0A818	1	대사	【マコト】ご、ごめんなさい。じゃあ、私は行くわ‥‥。	
08873	D1:3820:0A862	1	대사	【アル】おいちょっとまっ‥‥‥‥‥‥行っちまったか。	
08874	D1:3820:0A89A	1	대사	【アル】レイコさんが犯人で、死んでしまった？　いったいどういうことなんだよ‥‥。	
08875	D1:3820:0A8EE	5	대사	【シルビア】アル‥‥。	
08876	D1:3820:0A93C	1	대사	【アル】少し‥‥少し考えさせてくれ‥‥。	
08877	D1:3820:0A968	1	대사	【アル】もう少しだけ‥‥レイコさんが‥‥。	
08878	D1:3820:0AA1C	1	대사	【アル】レイコさんは教授の事を信奉していた‥‥。	
08879	D1:3820:0AA50	1	대사	【アル】そしてその教授の研究の邪魔をしようとする者を見つけ、過度の憤りを覚えた。	
08880	D1:3820:0AAA4	1	대사	【アル】レイコさんにとって、教授の敵は自分の敵も同様だった。	
08881	D1:3820:0AAE4	1	대사	【アル】そしてそれが行動に反映されるのに、さほどの困難はなかった‥‥。	
08882	D1:3820:0AB48	1	대사	【アル】どうやら聞くところによると、事の顛末はこういったことらしい。	
08883	D1:3820:0AB90	1	대사	【アル】レイコさんにとって、教授は神々しい存在だったようだな。	
08884	D1:3820:0ABD2	1	대사	【アル】人を殺すにまで至らしめたその想いは、どれほどの強さだったんだろう。	
08885	D1:3820:0AC20	1	대사	【アル】いい女性ほど早死にする‥‥どうやらその法則は、まだ続いているらしいな。	
08886	D1:3820:0AC8C	1	대사	【アル】今わかっていることは、このままだと俺の立場は悪くなる一方らしい、	
08887	D1:3820:0ACD8	1	대사	【アル】ということだな。	
08888	D1:3820:0AD0E	1	대사	【アル】このままだと、確かにそうだろう。だが、このままにしておいて、なるものかよ。	
08889	D1:3820:0AD64	1	대사	【アル】考えるんだ、アルバート‥‥考えて活路を見いだすしかない。	
08890	D1:3820:0ADF4	1	대사	【アル】部屋には俺１人しかいない。やはり少し寂しい気がするな‥‥。	
08891	D1:3820:0AE3A	1	대사	【アル】また１人になってしまったか、少し寂しいな。	
08892	D1:3820:0AE70	1	대사	【アル】なーにが軟禁だよ、部屋から出られないんじゃ、事実上監禁じゃないか。	
08893	D1:3820:0AEBE	1	대사	【アル】フフン、まぁいいさ。俺様を拘束することなど、	
08894	D1:3820:0AEF6	1	대사	【アル】誰にもできないことを思い知らせてやるぜ。	
08895	D1:3820:0AF2A	1	대사	【アル】ま、当面はここにいた方が無難だがな。	
08896	D1:3820:0AF5A	1	대사	【アル】俺は今、猛烈な睡魔に襲われている‥‥。	
08897	D1:3820:0AF8C	1	대사	【アル】ベッドは見るもんじゃない。上で寝るもんだ。	
08898	D1:3820:0AFC2	1	대사	【アル】ふぅ、なんだかベッドを見ていたら、急に眠くなっちゃったな‥‥。	
08899	D1:3820:0B00C	1	대사	【アル】今日は色々なことがあったし、色々なことを考えた‥‥。	
08900	D1:3820:0B066	1	대사	【アル】俺様の様々なシミが付いているだけだ。	
08901	D1:3820:0B096	1	대사	【アル】それ以外は、マコトのにおいしかないな。	
08902	D1:3820:0B0C8	1	대사	【アル】今までマコトが座っていたベッドだ。	
08903	D1:3820:0B0F6	1	대사	【アル】クンカ、クンカ‥‥んーあいつ今、生理中かな？	
08904	D1:3820:0B148	1	대사	【アル】おっ！　このシミはまさか‥‥	
08905	D1:3820:0B170	1	대사	【アル】なんだ、俺様のカウパー氏線液か。	
08906	D1:3820:0B1BA	1	대사	【アル】いざというときは、ここから脱出するしかないだろう。	
08907	D1:3820:0B1F8	1	대사	【アル】もっとも、いざというときが来ないことを、祈るしかないがな‥‥。	
08908	D1:3820:0B242	1	대사	【アル】窓は‥‥‥‥おっ、開くようだな。	
08909	D1:3820:0B26E	1	대사	【アル】これであれだ、逃げ出す算段は決まったようなもんだ。しかし‥‥。	
08910	D1:3820:0B2B8	1	대사	【アル】問題はこの部屋からは出られても、《デザイア》からは出られないってことだ。	
08911	D1:3820:0B30C	1	대사	【アル】恐らくその辺を見越しての軟禁ってことだろうな。	
08912	D1:3820:0B346	1	대사	【アル】まぁ、とりあえず走路は確保できたからよしとするか。	
08913	D1:3820:0B392	1	대사	【アル】ドアにはカギが掛かっていて、外には出られない。	
08914	D1:3820:0B3CC	1	대사	【アル】ま、慌てる必要はないだろう。少し考えをまとめたいしな。	
08915	D1:3820:0B40E	1	대사	【アル】部屋を出るのか？	
08916	D1:3820:0B42A	1	대사	ガチャッ、ガチャガチャ！	
08917	D1:3820:0B44E	1	대사	【アル】ちっ、カギがかかってる。この電磁ロックは外からもカギを掛けられるらしいな。	
08918	D1:3820:0B4C4	1	대사	【アル】ティーナ、俺は絶対に見つけだしてやるぜ。	
08919	D1:3820:0B4F8	1	대사	【アル】結局ティーナは今日、見つからなかった‥‥。	
08920	D1:3820:0B52E	1	대사	【アル】もう、職員のほとんどはこの島から離れてしまっている。	
08921	D1:3820:0B56E	1	대사	【アル】もしかして、一緒に飛行機に乗っていったのかな。	
08922	D1:3820:0B5C2	1	대사	【アル】いや、そんな訳ないか。	
08923	D1:3820:0B5E4	1	대사	【アル】今にも、	
08924	D1:3820:0B5F8	1	대사	【アル】ドアからティーナが例のタックルをしてくるんじゃないかって思えてくる。	
08925	D1:3820:0B648	1	대사	【アル】手がかりはこのペンダントか‥‥メディカルセンターにあった。	
08926	D1:3820:0B68E	1	대사	【アル】くそ、もう一度、メディカルセンターに行ってみたいな。	
08927	D1:3820:0B6CE	1	대사	【アル】あのドクターに聞けないだろうか‥‥。	
08928	D1:3820:0B6FE	1	대사	【アル】いや、もしかしたらもう《デザイア》を出てしまったかも‥‥。	
08929	D1:3820:0B744	1	대사	【アル】それにエレナという女性にも、会えなくなってしまったし‥‥。	
08930	D1:3820:0B78A	1	대사	【アル】いま、窓を抜け出してこの部屋を出るのは簡単だ。	
08931	D1:3820:0B7C4	1	대사	【アル】だがそれは、俺の立場をもっと危うくするかもしれない。	
08932	D1:3820:0B804	1	대사	【アル】くそっ、どうも両手両脚をしばられている感じだな。	
08933	D1:3820:0B840	1	대사	【アル】しかもわざと縄が緩くしばってある。	
08934	D1:3820:0B86E	1	대사	【アル】どこにいったんだよ、{n00}ティーナ‥‥‥‥。	
08935	D1:3820:0B8A2	1	대사	【アル】今度来たら、とりあえず聞いてみよう。回答はほとんど期待できないがな‥‥。	
08936	D1:3820:0B8F6	1	대사	【アル】マコトか‥‥。	
08937	D1:3820:0B910	1	대사	【アル】文学的表現をすれば、いつの間にか２人の間には溝が出来ていた‥‥。	
08938	D1:3820:0B95C	1	대사	【アル】ってところだろうな。	
08939	D1:3820:0B97C	1	대사	【アル】カイルの野郎と何があったのかは知らないが、趣味悪いぜ、あいつ。	
08940	D1:3820:0B9C6	1	대사	【アル】もう、何を聞いても言ってくれそうもないしな‥‥。	
08941	D1:3820:0BA02	1	대사	【アル】そういえば、《デザイア》でのことを俺に言ったためしもない。	
08942	D1:3820:0BA48	1	대사	【アル】俺が聞かなかったこともあるが、	
08943	D1:3820:0BA72	1	대사	【アル】仕事に関しては、本当に何も言わないやつだからな。	
08944	D1:3820:0BAC8	1	대사	【アル】一応あいつはここで技術主任って肩書きを持っている。	
08945	D1:3820:0BB06	1	대사	【アル】その彼女が、《デザイア》で行われていることを知らないはずはない‥‥。	
08946	D1:3820:0BB56	1	대사	【アル】カズミさんは言っていたな。ここでは軍事兵器の開発を行っているのだと。	
08947	D1:3820:0BBA6	1	대사	【アル】するとやはり、兵器開発にマコトが携わっているってことか？	
08948	D1:3820:0BC04	1	대사	【アル】俺がもし、特ダネをすっぱ抜いたら、あいつの立場は悪くなるんだろうか。	
08949	D1:3820:0BC54	1	대사	【アル】それだけじゃない。すっぱ抜いた記者と、	
08950	D1:3820:0BC86	1	대사	【アル】技術主任が恋人同士なんてことが知れたら、安っぽいゴシップになっちまう。	
08951	D1:3820:0BCD8	1	대사	【アル】でも、軍事兵器開発だぜ‥‥悪い冗談だよ、まったく。	
08952	D1:3820:0BD16	1	대사	【アル】いつも俺は思っていたんだ、あんな酷い兵器を開発する人って、	
08953	D1:3820:0BD5C	1	대사	【アル】どんな奴なんだろうって。	
08954	D1:3820:0BD80	1	대사	【アル】でも、実際研究開発に携わってる人間は、	
08955	D1:3820:0BDB2	1	대사	【アル】ほとんどが知的好奇心の探求者という話だ。	
08956	D1:3820:0BDE6	1	대사	【アル】悪く言えば、もっとも利用されやすい人間ってことになる。	
08957	D1:3820:0BE28	1	대사	【アル】マコトに限って、そんな近視眼的な輩にはならないと思うんだが‥‥。	
08958	D1:3820:0BE74	1	대사	【アル】実際あいつ、どう思ってるんだろうな。自分でやっていることを。	
08959	D1:3820:0BEBC	1	대사	【アル】とにかく、何とかしてカズミさんの望んだ方向性を成就させたいが‥‥。	
08960	D1:3820:0BF0A	1	대사	【アル】このままだと、俺が一連の犯人されてしまいそうだからな‥‥。	
08961	D1:3820:0BF50	1	대사	【アル】何とかしなくちゃならないな。	
08962	D1:3820:0BF78	1	대사	【アル】そういえば彼女、間際に何か言っていたような気が‥‥。	
08963	D1:3820:0BFB8	1	대사	【アル】何と言っていたっけな。確か‥‥。	
08964	D1:3820:0BFE4	1	대사	【アル】んー、確かそうだな、教授がどうとか‥‥‥‥‥そうだ！	
08965	D1:3820:0C024	1	대사	【アル】確か『教授に気を付けろ』とか、言っていたような気がする。	
08966	D1:3820:0C068	1	대사	【アル】教授に気を付けろか‥‥。	
08967	D1:3820:0C08C	1	대사	【アル】文字通り解釈すれば、マルチナさんに気を付けろということだが‥‥。	
08968	D1:3820:0C0D8	1	대사	【アル】彼女の何に気を付けろというんだろう。	
08969	D1:3820:0C108	1	대사	【アル】じゃあ、マルチナさんがカズミさんを殺したのか？	
08970	D1:3820:0C142	1	대사	【アル】なぜそんなことをする必要がある。	
08971	D1:3820:0C188	1	대사	【アル】そうか、研究続行のため、それを阻止せんとするカズミさんが邪魔だった、	
08972	D1:3820:0C1D8	1	대사	【アル】とすれば一応筋は通るな。	
08973	D1:3820:0C1FC	1	대사	【アル】でも、研究完成間際にまでこぎつけておきながら、	
08974	D1:3820:0C236	1	대사	【アル】そんなリスクを背負うだろうか、果たして‥‥。	
08975	D1:3820:0C26E	1	대사	【アル】いやわからないな、追いつめられた人間に理屈は通用しないぜ。	
08976	D1:3820:0C2B4	1	대사	【アル】マルチナさんにとっては、今の研究は重要な意味を持つと。	
08977	D1:3820:0C2F6	1	대사	【アル】多分ライフワーク的な研究なんだろう。	
08978	D1:3820:0C326	1	대사	【アル】その研究の妨害を画策したカズミさんは、教授にとって忌むべき人間だった。	
08979	D1:3820:0C378	1	대사	【アル】んー、何となくそれっぽいが‥‥。	
08980	D1:3820:0C3A4	1	대사	【アル】カズミさん‥‥ごめん。俺、助けられなかったよ。	
08981	D1:3820:0C400	1	대사	【アル】あの‥‥‥‥。	
08982	D1:3820:0C41A	1	대사	【アル】あの訴え掛けるような目を、俺は忘れられるんだろうか。	
08983	D1:3820:0C45A	1	대사	【アル】カズミさん‥‥‥‥。	
08984	D1:3820:0C484	1	대사	【アル】カズミさん本人は、余命いくばくも無いような事を言っていたけど‥‥。	
08985	D1:3820:0C4D2	1	대사	【アル】あの死に方はな‥‥。	
08986	D1:3820:0C50C	1	대사	【アル】彼女は腹を何かで切られていたみたいだった。	
08987	D1:3820:0C542	1	대사	【アル】いや、切られたなんて状態じゃない、裂かれていた‥‥。	
08988	D1:3820:0C582	1	대사	【アル】あの床についた血のシミは、恐らくカズミさんのものだろう。	
08989	D1:3820:0C5C6	1	대사	【アル】格納庫入口で切られ、助けを求めてさまよい歩いた。	
08990	D1:3820:0C602	1	대사	【アル】あるいは、あの場所まで運ばれたか‥‥。	
08991	D1:3820:0C634	1	대사	【アル】いずれにせよ、シルビアもろとも殺す覚悟のようだったな。	
08992	D1:3820:0C676	1	대사	【アル】そして、その容疑が俺にかかっていると。あまり楽しくない現状だな。	
08993	D1:3820:0C6C2	1	대사	【アル】そうだ、俺は眠いんだ。	
08994	D1:3820:0C6E4	1	대사	【アル】今日は色々なことがあった、色々なことを考えた‥‥。	
08995	D1:3820:0C722	1	대사	【アル】クリスも、カズミさんも死んでしまった‥‥。	
08996	D1:3820:0C758	1	대사	【アル】２人とも、いい女だったんだけどな‥‥。	
08997	D1:3820:0C78A	1	대사	【アル】いい奴ほど早く死ぬ。美人薄命とは良く言ったもんだぜ。	
08998	D1:3820:0C7E4	1	대사	【アル】ティーナはまだ美人ってほどじゃないからな‥‥。	
08999	D1:3820:0C81E	1	대사	【アル】な、なんだか恐い考えになっちゃったよ。	
09000	D1:3820:0C850	1	대사	【アル】寝よねよ！　嫌な考えってのは、ここぞというときに畳み掛けてくるからな。	
09001	D1:3820:0C8DE	1	대사	【アル】‥‥カズミさん‥‥ゴメンよ‥‥だけどきっと‥‥‥‥。	
09002	D1:3820:0C91E	2	대사	【アル】それよりもさ、こうして２人きりで話し合うの、久しぶりだよな。	
09003	D1:3820:0C986	1	대사	【アル】（なんだか元気がなさそうだよな‥‥ここ数日ずっとこの調子だ。）	
09004	D1:3820:0CA0C	1	대사	【アル】あたりを見回すと、俺が人類じゃなくなるみたいだ。	
09005	D1:3820:0CA48	1	대사	【アル】いつもの俺の部屋だ。今は俺とマコトの２人きりだ。	
09006	D1:3820:0CA84	1	대사	【アル】２人きりだ。２人きり、２人きりと‥‥へっへっへ。	
09007	D1:3820:0CAC0	1	대사	【マコト】鼻下７０センチをなんとかしなさい。	
09008	D1:3820:0CAFA	1	대사	【マコト】全く、変なところは、かわっていないんだから。	
09009	D1:3820:0CB3E	1	대사	【アル】７０センチもあったら、人類じゃないぞ。	
09010	D1:3820:0CB70	1	대사	【マコト】そうね、人類じゃないわ。	
09011	D1:3820:0CB9E	1	대사	【アル】なんだよ、その目つきは。ちくしょう。	
09012	D1:3820:0CBCE	1	대사	【アル】しかし、こんなことばかりしていると、鼻の穴が広がってしまうな。	
09013	D1:3820:0CC18	1	대사	【アル】場を和ますってのも、難しいものだぜ。	
09014	D1:3820:0CC48	1	대사	【マコト】それはアルの時だけじゃないの。	
09015	D1:3820:0CC7C	1	대사	【アル】マコトは意外に真面目な顔をしているな。	
09016	D1:3820:0CCAE	1	대사	【アル】俺との間にできた溝を気にしているのかもしれない‥‥。	
09017	D1:3820:0CCEE	1	대사	【アル】ここは俺が、場を和まさなければならないな。	
09018	D1:3820:0CD24	1	대사	【マコト】アル、足の親指で鼻をほじらないでくれる？	
09019	D1:3820:0CD62	1	대사	【アル】あまり和まなかったようだ‥‥。	
09020	D1:3820:0CD9A	1	대사	【アル】しょうがない、しばらくここにいよう。	
09021	D1:3820:0CDCA	1	대사	【マコト】どこへ行くつもり？　これ以上あなたの立場が悪くなるのを見てられないわ。	
09022	D1:3820:0CE26	1	대사	【アル】外に行くだけで、何で俺の立場が悪くなるのさ。	
09023	D1:3820:0CE5E	1	대사	【マコト】他の人はそうは受けとめてくれないでしょうね。	
09024	D1:3820:0CEC4	2	대사	【アル】おい、まさか俺を疑っている訳じゃないよな？	
09025	D1:3820:0CEFA	1	대사	【マコト】‥‥わからない、わからないわ。	
09026	D1:3820:0CF2E	2	대사	【アル】わからないって、何で俺がカズミさんを殺したりするのさ。	
09027	D1:3820:0CF70	2	대사	【カイル】金がらみじゃあないのか？	
09028	D1:3820:0CFA8	2	대사	【マコト】カイル‥‥。	
09029	D1:3820:0CFCA	2	대사	【アル】野郎、誰の許しを得て入ってきた！	
09030	D1:3820:0CFF6	1	대사	【カイル】別に俺はお前なんかに用はない。マコト、早く来い。	
09031	D1:3820:0D03C	3	대사	【マコト】わ、わかったわ。	
09032	D1:3820:0D062	2	대사	【カイル】金のもつれで、財団会長のお孫さんを殺害か。	
09033	D1:3820:0D0A4	2	대사	【カイル】お前のような２流記者が喜びそうなネタだな。	
09034	D1:3820:0D0E6	2	대사	【アル】なんだと！	
09035	D1:3820:0D0FC	2	대사	【カイル】自ら会社に貢献しようと、記事のネタになるか。近年希に見る人材だな。	
09036	D1:3820:0D154	2	대사	【アル】俺はやっていない！	
09037	D1:3820:0D172	2	대사	【カイル】やった奴はみんなそう言うらしい。ま、度胸だけは認めるぜ。	
09038	D1:3820:0D1C0	2	대사	【アル】くっ‥‥！	
09039	D1:3820:0D1D6	2	대사	【カイル】なにせ財団会長の孫娘だからな‥‥	
09040	D1:3820:0D20E	2	대사	【カイル】まぁ恐らく１００回くらいは死刑にしてくれるだろうよ。	
09041	D1:3820:0D25A	2	대사	【アル】なぜ俺が、カズミさんを殺さなくちゃならない。	
09042	D1:3820:0D292	2	대사	【カイル】どうせ、財団に都合の悪い記事を書かないかわりに金をよこせとか、	
09043	D1:3820:0D2E8	2	대사	【カイル】まぁその辺のもつれだろう。	
09044	D1:3820:0D31A	2	대사	【アル】証拠はあるのかよ！	
09045	D1:3820:0D338	2	대사	【カイル】それは司法検事の役割だ。俺はお前が逃げないように拘禁したという訳だな。	
09046	D1:3820:0D394	1	대사	【アル】（くのぉ、いちいちムカつく野郎だ。）	
09047	D1:3820:0D3C4	2	대사	【カイル】ま、おしゃべりはそのへんまでだ。マコト、早く来い。	
09048	D1:3820:0D43C	2	대사	【アル】マコト、お前このゴリラと‥‥。	
09049	D1:3820:0D466	2	대사	【マコト】また来るわ、アル。	
09050	D1:3820:0D498	1	대사	【アル】あーもう２度と来るな！　このタバコモザイクウィルス野郎が！！	
09051	D1:3820:0D4E0	1	대사	【アル】はぁ、はぁ、はぁ‥‥。	
09052	D1:3820:0D51C	1	대사	【アル】俺自身も大分混乱しているのは認めるぜ。	
09053	D1:3820:0D54E	2	대사	【マコト】１つだけ、教えて欲しいの。	
09054	D1:3820:0D57E	2	대사	【アル】俺のモノの長さは知っているはずだろう？	
09055	D1:3820:0D5B0	2	대사	【マコト】アル、真面目な話なの。	
09056	D1:3820:0D5DC	1	대사	【アル】へいへい‥‥。（ったく、相変わらずノリの悪い。）	
09057	D1:3820:0D618	1	대사	【アル】で、聞きたい事ってのは何だい？	
09058	D1:3820:0D642	2	대사	【マコト】本当のことを。なぜ、飛行場に？	
09059	D1:3820:0D676	1	대사	【アル】それは‥‥。	
09060	D1:3820:0D68E	1	대사	【アル】（カズミさんのことを話すべきだろうか。）	
09061	D1:3820:0D6C2	2	대사	【マコト】言えないようなこと？	
09062	D1:3820:0D6EC	2	대사	【アル】言えない訳ないだろう。カズミさんと会うためさ。	
09063	D1:3820:0D726	2	대사	【マコト】カズミさん？　どうして飛行場なんかで。	
09064	D1:3820:0D762	2	대사	【アル】逢い引きってやつだな。カズミさんが激しくてさぁ。	
09065	D1:3820:0D7BA	2	대사	【アル】へいへい、ま、その辺は仕事がらみだな。記事のネタをリークしてもらうためさ。	
09066	D1:3820:0D810	2	대사	【マコト】そうだったの‥‥で、カズミさんは今どこに？	
09067	D1:3820:0D850	2	대사	【アル】‥‥‥。	
09068	D1:3820:0D864	1	대사	【アル】（たぶんこの話になると思ったんだよ‥‥。）	
09069	D1:3820:0D89A	3	대사	【マコト】どうしたの？	
09070	D1:3820:0D8BC	2	대사	【アル】‥‥死んだよ。	
09071	D1:3820:0D8D6	2	대사	【マコト】死んだって‥‥死んだってこと？	
09072	D1:3820:0D90A	2	대사	【アル】なに当たり前のことを言ってるんだよ。死んだってのは、死んだということだ。	
09073	D1:3820:0D95E	2	대사	【マコト】なんてこと‥‥あの爆発に巻き込まれて‥‥？	
09074	D1:3820:0D99E	2	대사	【アル】あのままでも多分‥‥。	
09075	D1:3820:0D9C0	4	대사	【マコト】どういうこと？	
09076	D1:3820:0D9E4	1	대사	【アル】いや別に。直接の死因は、恐らくマコトが言ったとおり、	
09077	D1:3820:0DA24	1	대사	【アル】爆発に巻き込まれて、だろうな。	
09078	D1:3820:0DA6A	1	대사	【マコト】アル、	
09079	D1:3820:0DA88	1	대사	【マコト】あなたが《デザイア》にやってきた理由が、仕事であるのは理解しているわ。	
09080	D1:3820:0DAE6	2	대사	【アル】持つべき者は、理解力のある恋人だね。	
09081	D1:3820:0DB16	2	대사	【マコト】真面目に聞いて。だけど、もうここを立ち去って欲しいの。	
09082	D1:3820:0DB62	1	대사	【アル】（ほぉ、やっときたかって感じだな。）	
09083	D1:3820:0DB92	2	대사	【アル】いつか、俺に手紙を書こうとしたろ？	
09084	D1:3820:0DBC0	2	대사	【マコト】‥‥そう、私の部屋に来たのね。どうも部屋が散らかっていると思ったわ。	
09085	D1:3820:0DC1A	1	대사	【アル】ははは。まぁその辺は置いといてだ。	
09086	D1:3820:0DC48	1	대사	【アル】どういう理由で、俺を《デザイア》から離そうとす{n00}る？	
09087	D1:3820:0DC88	2	대사	【マコト】理由は言えないわ。でも、それがあなたの為だと思うから。	
09088	D1:3820:0DCD4	2	대사	【アル】それは聞けないな。自分のことくらい自分で考えられるぜ。	
09089	D1:3820:0DD32	2	대사	【アル】マコトが俺を説得するためには、そう考える論拠が必要だな。	
09090	D1:3820:0DD76	2	대사	【アル】俺の性格くらい、わかっているだろう？	
09091	D1:3820:0DDA6	5	대사	【マコト】そうね‥‥。	
09092	D1:3820:0DDC8	1	대사	【アル】（複雑な表情をしているな‥‥何か訳があるのか？）	
09093	D1:3820:0DE04	2	대사	【マコト】明日、最終便がやってくるのは知っているわね。	
09094	D1:3820:0DE46	2	대사	【アル】あぁ、それが何か？	
09095	D1:3820:0DE64	2	대사	【マコト】ううん、何でもないわ‥‥。	
09096	D1:3820:0DE94	1	대사	【アル】（変な奴だな‥‥だからどうだっていうんだ。）	
09097	D1:3820:0DECC	1	대사	【マコト】でも私は一応忠告したわ。	
09098	D1:3820:0DEFA	2	대사	【アル】マコト、お前の悪い癖だ。そうして免罪符を得た気になるところなんてね。	
09099	D1:3820:0DF4A	2	대사	【マコト】違うわ。私は‥‥私は本当に、アルのことを思っているのよ！	
09100	D1:3820:0DF98	2	대사	【アル】その気持ちはありがたいよ。	
09101	D1:3820:0DFBE	2	대사	【アル】だけど、親切の押し売りになってないかい？　それってさ。	
09102	D1:3820:0E000	2	대사	【マコト】‥‥妥協点は無い、ということ？	
09103	D1:3820:0E034	2	대사	【アル】マコトが妥協するべきだろう、提案したのはそっちだぜ。	
09104	D1:3820:0E090	2	대사	【アル】しかもその妥協はそう困難じゃない。理由を俺に説明するだけだ。	
09105	D1:3820:0E0D8	2	대사	【マコト】そう、じゃあもういいわ。	
09106	D1:3820:0E106	2	대사	【アル】‥‥なぁ、マコト。	
09107	D1:3820:0E124	6	대사	【マコト】なに？	
09108	D1:3820:0E140	2	대사	【アル】意固地になるなよ。もうダメなのか？	
09109	D1:3820:0E16E	2	대사	【マコト】ダメ？　いいとかダメとか、そういう問題じゃないの。	
09110	D1:3820:0E1B6	1	대사	【アル】（ダメだな‥‥マコトのやつ、いったい何を考えているのか‥‥。）	
09111	D1:3820:0E200	2	대사	【アル】もしかして、{n00}ずっと看病を？	
09112	D1:3820:0E228	1	대사	【マコト】ええ‥‥でも、ほんのわずかな間よ。	
09113	D1:3820:0E260	1	대사	【アル】感激だな。キスの１つでもしてあげたくなる。	
09114	D1:3820:0E296	1	대사	【マコト】バカ、もう相変わらずね。	
09115	D1:3820:0E2C4	1	대사	【アル】（ちぇっ、マジに言ったつもりだったんだけどな。）	
09116	D1:3820:0E300	2	대사	【マコト】さっき、こうして２人きりで話すの、久しぶりだって言ったわよね。	
09117	D1:3820:0E354	1	대사	【アル】あぁ‥‥。（なるほど、話があるのか‥‥。）	
09118	D1:3820:0E38A	1	대사	【アル】ちょっと期待していたんだけど。	
09119	D1:3820:0E3B4	1	대사	【マコト】え？　期待って‥‥。	
09120	D1:3820:0E3DE	2	대사	【アル】いや、何でもないさ。じゃあ話を聞こう。	
09121	D1:3820:0E410	1	대사	【マコト】そう、わかっていたのね。	
09122	D1:3820:0E43E	2	대사	【アル】まぁね。何年付き合ってきたと思ってるんだい？	
09123	D1:3820:0E476	2	대사	【マコト】フフ、確かにそうね‥‥。	
09124	D1:3820:0E4A4	1	대사	【アル】（どうも調子狂うな‥‥俺と話すと、いつも寂しそうな表情をする。）	
09125	D1:3820:0E50E	1	대사	【アル】ティーナは‥‥帰っていないようだ。	
09126	D1:3820:0E57E	1	대사	【アル】自室だ‥‥俺の他にはだれもいない。	
09127	D1:3820:0E5AC	1	대사	【アル】もう見慣れてしまった部屋だな。殺伐の中にも愛着を感じるようになった。	
09128	D1:3820:0E5FC	1	대사	【アル】だが、後もう少し俺はここに留まらなければならないんだ。	
09129	D1:3820:0E63E	1	대사	【アル】なかなか寝心地の良いベッドだ。	
09130	D1:3820:0E668	1	대사	【アル】このベッドで、あともう１回は寝る事になるだろうな。	
09131	D1:3820:0E6A6	1	대사	【アル】もっとも、ティーナを見つける事ができなければ、	
09132	D1:3820:0E6E0	1	대사	【アル】その回数は２回にも３回にも増えるかもしれないが‥‥。	
09133	D1:3820:0E720	1	대사	【アル】普通のバスルームだな。ユニットバスなので、トイレも一緒だ。	
09134	D1:3820:0E766	2	대사	【アル】ドアをあけると、ティーナが笑いながらシャワーを浴びている‥‥。	
09135	D1:3820:0E7B0	2	대사	【アル】わけはないか。	
09136	D1:3820:0E7CA	2	대사	【アル】窓を見ていてもしょうがないぜ。	
09137	D1:3820:0E7F4	1	대사	【アル】この窓をあけると、ティーナが実は窓枠につかまって‥‥。	
09138	D1:3820:0E836	2	대사	【アル】なんてことはないな。	
09139	D1:3820:0E864	3	대사	【アル】そうだな、ここでこうしていてもしょうがない。部屋を出よう。	
09140	D1:3820:0E8CE	1	대사	【アル】ティーナ、どこに行ったんだよ‥‥。	
09141	D1:3820:0E93E	1	대사	【アル】部屋の中を見回していてもしょうがないだろう。	
09142	D1:3820:0E976	1	대사	【アル】ティーナを捜しに行こうぜ。	
09143	D1:3820:0E99C	1	대사	【アル】俺の部屋にティーナはいないようだな。	
09144	D1:3820:0E9CC	1	대사	【アル】例のタックルをまたやってくれないかな‥‥。	
09145	D1:3820:0EA02	1	대사	【アル】ベッドにはティーナはいないようだ。	
09146	D1:3820:0EA30	1	대사	【アル】またベッドの下にもぐっているのかな‥‥。	
09147	D1:3820:0EA64	1	대사	【アル】ティーナ、いるかい？	
09148	D1:3820:0EAB8	1	대사	【アル】バスルームにもティーナはいない。	
09149	D1:3820:0EB72	1	대사	【アル】この窓をあけると、実は窓枠につかまって‥‥。	
09150	D1:3820:0EC24	1	대사	【アル】ここは一応俺の部屋らしい‥‥。	
09151	D1:3820:0EC4E	1	대사	【アル】３日もいると、それなりに愛着が涌いてくるものだな‥‥。	
09152	D1:3820:0ECBA	2	대사	【アル】部屋の中を見回していてもしょうがないぜ。	
09153	D1:3820:0ED48	1	대사	【アル】ティーナのやつ、今まではベッタリだったのに、	
09154	D1:3820:0ED80	1	대사	【アル】急に聞き分けが良くなってきたな。	
09155	D1:3820:0EDAC	1	대사	【アル】俺と一緒にこれるという安心感だろうか？	
09156	D1:3820:0EDF8	1	대사	【アル】まぁいいさ‥‥とりあえず仕事だ。	
09157	D1:3820:0EE24	1	대사	【アル】今日はいよいよ写真撮影の日だ、研究室にやっと入ることができる。	
09158	D1:3820:0EE6E	1	대사	【アル】まずは、マルチナさんの部屋に行こうぜ。	
09159	D1:3820:0EEFE	1	대사	【アル】ティーナはもうシェリルの部屋に行ってしまった。	
09160	D1:3820:0EF38	1	대사	【アル】今は俺がいるだけだ。	
09161	D1:3820:0EFCA	2	대사	【アル】シルビアは帰ってしまったな‥‥。	
09162	D1:3820:0F022	1	대사	【アル】それにしても、研究職員の事故死か‥‥。	
09163	D1:3820:0F054	1	대사	【アル】初耳だっただけに、何か好奇心をそそられるな。	
09164	D1:3820:0F08C	1	대사	【アル】鉄砲玉みたいな女の子だからな、	
09165	D1:3820:0F0B6	1	대사	【アル】また飛び出してどこかに行ってしまったのかと思った。	
09166	D1:3820:0F0F4	1	대사	【ティーナ】鉄砲玉じゃないよ、{n00}レディーよ。	
09167	D1:3820:0F12C	1	대사	【アル】言っている意味がわかっているのかね。	
09168	D1:3820:0F15C	1	대사	【アル】ティーナ、おいティーナ‥いないな、バスルームか？	
09169	D1:3820:0F198	1	대사	【ティーナ】ぷはぁぁっ！！	
09170	D1:3820:0F1BE	1	대사	【アル】あ？　おい、ベッドの下に潜って、なにやっていたんだよ。	
09171	D1:3820:0F20A	1	대사	【ティーナ】だって、ティーナ仲間外れにされてたんだモン。	
09172	D1:3820:0F250	1	대사	【ティーナ】つまんないから、ベッドの下で遊んでたの。	
09173	D1:3820:0F2D4	1	대사	【アル】おっと、そろそろ時間だな‥‥ティーナ、俺はちょっと出かけてくる。	
09174	D1:3820:0F320	1	대사	【ティーナ】ティーナも行くぅ！	
09175	D1:3820:0F34A	1	대사	【アル】だーめ。仕事なんだからな。	
09176	D1:3820:0F370	1	대사	【ティーナ】ティーナ、つまんない！	
09177	D1:3820:0F39E	1	대사	【アル】聞き分けのないような悪い子は‥‥。	
09178	D1:3820:0F3CC	1	대사	【ティーナ】あーン、うそうそ、ウソよぉ、ティーナお利口にして待ってる。	
09179	D1:3820:0F41E	1	대사	【アル】そうだな、じゃあシェリルの部屋に行ってるかい？	
09180	D1:3820:0F458	1	대사	【ティーナ】えっ、シェリル？	
09181	D1:3820:0F480	1	대사	【アル】そ、あの眼鏡のお姉ちゃんだよ。	
09182	D1:3820:0F4AA	1	대사	【ティーナ】フトモモの内側に、可愛いホクロがあるのよ、シェリルって。	
09183	D1:3820:0F4FA	1	대사	【アル】な、なんでそんなことを知ってるんだ？	
09184	D1:3820:0F52A	1	대사	【ティーナ】見たんだモン。	
09185	D1:3820:0F550	1	대사	【アル】そ、そうか‥‥じゃあさ、その他の部分は‥‥。	
09186	D1:3820:0F588	1	대사	【ティーナ】他のって？	
09187	D1:3820:0F5AA	1	대사	【アル】はは‥‥いやなんでもない。（子供に何を聞いてるんだ、俺は。）	
09188	D1:3820:0F5F2	1	대사	パッピッポッポッ‥‥‥‥‥‥{w00}	
09189	D1:3820:0F642	1	대사	プルルル‥‥プルルル‥‥。	
09190	D1:3820:0F660	7	대사	カチャッ。	
09191	D1:3820:0F6A2	1	대사	【アル】へっへっへ、奥さん。	
09192	D1:3820:0F6C2	1	대사	【シェリル】あぁ、アルバートさんですね。	
09193	D1:3820:0F6F6	1	대사	【アル】なんでだよ、もう。	
09194	D1:3820:0F714	1	대사	【シェリル】よかった、元気で‥‥アルバートさん、昨日は本当に‥‥。	
09195	D1:3820:0F762	1	대사	【アル】いや、大丈夫だよ。	
09196	D1:3820:0F7A2	1	대사	【アル】それよりもさ、今日もお休みかい？	
09197	D1:3820:0F7F4	1	대사	【アル】今日はまたこれから写真撮影があるんだ。	
09198	D1:3820:0F826	1	대사	【アル】ティーナをあずかって欲しいんだけど、大丈夫かな。	
09199	D1:3820:0F862	1	대사	【シェリル】はい、構いません。私の部屋にしますか？　それともアルバートさんの？	
09200	D1:3820:0F8BC	1	대사	【アル】そうだな、じゃあシェリルの部屋に行かせるよ。	
09201	D1:3820:0F8F4	1	대사	【シェリル】はい、お待ちしています。	
09202	D1:3820:0F936	1	대사	【アル】という訳だ。	
09203	D1:3820:0F94E	1	대사	【ティーナ】何が、という訳なの？	
09204	D1:3820:0F97A	1	대사	【アル】つまりだな、ティーナはこれからシェリルの部屋に行く。	
09205	D1:3820:0F9BA	1	대사	【アル】俺は仕事に行く。ＯＫ？	
09206	D1:3820:0F9DC	1	대사	【ティーナ】うん、オッケー。	
09207	D1:3820:0FA04	1	대사	【アル】じゃ、行ってらっしゃい。	
09208	D1:3820:0FA28	1	대사	【ティーナ】うん、じゃ、ティーナ行ってくる！	
09209	D1:3820:0FA6A	1	대사	【アル】ふぅ、とたんに静かになったな。	
09210	D1:3820:0FAD2	1	대사	【アル】まず残念なニュースを伝えなくちゃなんない。	
09211	D1:3820:0FB08	1	대사	【ティーナ】どんなニュース？	
09212	D1:3820:0FB30	1	대사	【アル】あぁ‥‥ティーナの身元の照会が、その‥‥うまくいかなかったんだ。	
09213	D1:3820:0FB7C	1	대사	【ティーナ】どういうことなの？	
09214	D1:3820:0FBA6	1	대사	【アル】あぁつまり‥‥言い辛いんだけど、ティーナの両親は見つからなかったんだ。	
09215	D1:3820:0FC12	1	대사	【アル】だから、その‥‥。	
09216	D1:3820:0FC30	1	대사	【ティーナ】よかった！	
09217	D1:3820:0FC52	1	대사	【アル】へ？	
09218	D1:3820:0FC62	1	대사	【ティーナ】だってぇ‥‥ティーナのパパやママが見つかっちゃったら、	
09219	D1:3820:0FCB2	1	대사	【ティーナ】アルとバイバイしなくちゃなんないんでしょ？	
09220	D1:3820:0FCF6	1	대사	【アル】そ、そりゃそうだけど‥‥。	
09221	D1:3820:0FD1C	1	대사	【ティーナ】見つからなかったら、{n00}ティーナ、アルと一緒に行けるんでしょ！？	
09222	D1:3820:0FD72	1	대사	【アル】そうか‥‥じゃあ、改めて聞くけど、	
09223	D1:3820:0FDA0	1	대사	【アル】一緒に来るかい？	
09224	D1:3820:0FDDA	1	대사	【アル】言っておくが、俺は仕事が忙しい。夜遅くなることだって、多いんだぞ。	
09225	D1:3820:0FE28	1	대사	【ティーナ】うん、ティーナちゃんと待ってる。	
09226	D1:3820:0FE60	1	대사	【アル】俺は飯を１日に５回食べるぞ。	
09227	D1:3820:0FE88	1	대사	【ティーナ】うん、ティーナがお食事作る。	
09228	D1:3820:0FEBC	1	대사	【アル】俺は洗濯なんてあまりしないぞ。	
09229	D1:3820:0FEE6	1	대사	【ティーナ】うん、ティーナがお洗濯する。	
09230	D1:3820:0FF1A	1	대사	【アル】俺は掃除なんてあまりしないぞ。	
09231	D1:3820:0FF44	1	대사	【ティーナ】うん、ティーナがお掃除する。	
09232	D1:3820:0FF78	1	대사	【アル】俺は‥‥。（何だか、俺って生活無能力者みたいだぞ、これじゃ。）	
09233	D1:3820:0FFC2	1	대사	【ティーナ】今度はなーに？　ティーナがぜーんぶやってあげる。	
09234	D1:3820:1000A	1	대사	【アル】ほんとかよ、まったく‥‥。	
09235	D1:3820:10030	1	대사	【ティーナ】ホントよ、まったく。	
09236	D1:3820:10076	1	대사	【ティーナ】ティーナ、アルと一緒にいたいの。ティーナ、何でもするから、お願い！	
09237	D1:3820:100D0	1	대사	【アル】へへっ、掃除や洗濯はウソだよ。俺だってそれくらいできるぜ。	
09238	D1:3820:10116	1	대사	【ティーナ】えっ、じゃあティーナはいらないの？	
09239	D1:3820:10150	1	대사	【アル】バカだな‥‥‥‥よし、一緒に行くか！	
09240	D1:3820:101AE	1	대사	【アル】おあたっ！　な、なかなかいいタックルだったな、ミゾオチに‥‥くっ。	
09241	D1:3820:101FC	1	대사	【ティーナ】ありがとう、アルぅ。	
09242	D1:3820:10228	1	대사	【アル】（妙な施設に入れられるより、こっちの方がいいのかもな‥‥。）	
09243	D1:3820:10270	1	대사	【アル】（しかし未婚でいきなり子持ちか‥‥何だか変な気分だな。）	
09244	D1:3820:102B4	1	대사	【アル】（後はマコトを説得してと‥‥これがなかなか難しそうだが‥‥。）	
09245	D1:3820:102FE	1	대사	【アル】話すって言っても‥‥{n00}ティーナはいないぞ。	
09246	D1:3820:1037E	1	대사	【アル】今はかなりおしとやかな様相だ‥‥（本当かよ。）	
09247	D1:3820:103B8	1	대사	【アル】シルビアとティーナがいる。	
09248	D1:3820:103DE	1	대사	【アル】普段は殺伐としているが、今はかなり賑やかな様相だな。	
09249	D1:3820:1041E	1	대사	【シルビア】オレはおしとやかだぜ。	
09250	D1:3820:1044C	1	대사	【ティーナ】ティーナ、レディーだモン。	
09251	D1:3820:10494	1	대사	【アル】（でも、シルビアらしいと言えば、シルビアらしい服装だよな。）	
09252	D1:3820:104DC	1	대사	【アル】今日は普段着か。仕事はないのかい？	
09253	D1:3820:1050A	1	대사	【シルビア】そ、そりゃあるに決まってるけど‥‥オレだって整備服以外の服を着るよ。	
09254	D1:3820:10566	1	대사	【アル】ははぁ‥‥うん、結構似合っていると思うぜ。	
09255	D1:3820:1059C	1	대사	【アル】女らしさを損なわずに、かつカジュアルに。	
09256	D1:3820:105D0	1	대사	【シルビア】ほ、ホント？　結構苦心して選んだんだよなぁ。	
09257	D1:3820:10614	1	대사	【アル】（ふぅ‥‥疲れる。）	
09258	D1:3820:10634	1	대사	【アル】あれ？　ティーナどこに行ったんだろう。	
09259	D1:3820:10666	1	대사	【アル】またシャワーかな‥‥ま、この部屋にいる限り大丈夫だと思うが‥‥。	
09260	D1:3820:106B2	1	대사	【アル】屈託のない女の子だな、まったく。	
09261	D1:3820:106DE	1	대사	【ティーナ】クッタクってなに？	
09262	D1:3820:10708	1	대사	【アル】（そういえばティーナ、結局身元が照会されなかったんだな‥‥。）	
09263	D1:3820:10752	1	대사	【アル】（なんて切り出したらいいんだろう、{n00}ティーナに‥‥。）	
09264	D1:3820:10794	1	대사	【ティーナ】どうしたの、アル？	
09265	D1:3820:107BE	1	대사	【アル】い、いや‥‥なんでもないよ。	
09266	D1:3820:107E6	1	대사	【ティーナ】へんなの。	
09267	D1:3820:10808	1	대사	【アル】おう、俺はうんと変だ。	
09268	D1:3820:1082A	1	대사	【ティーナ】きゃははは！	
09269	D1:3820:1085C	1	대사	【アル】部屋を出ようとすると、ボディランゲージの講釈になるのでやめておこう。	
09270	D1:3820:108AC	1	대사	【アル】さて、部屋を出るか。	
09271	D1:3820:108CC	1	대사	【シルビア】まだ話は終わっていないぞ。	
09272	D1:3820:108FE	1	대사	【アル】言葉によるコミュニケーションよりも、	
09273	D1:3820:1092E	1	대사	【アル】ボディランゲーと行こうぜ、シルビア。	
09274	D1:3820:1095E	1	대사	【シルビア】そういいながら、ベッドに押し倒すなよ！	
09275	D1:3820:1099C	1	대사	【アル】へへっ、身体は嫌がっていないな。	
09276	D1:3820:109C8	1	대사	【シルビア】お、オレは別に構わないけど‥‥。	
09277	D1:3820:10A00	1	대사	【アル】じゃ、やめた。	
09278	D1:3820:10A1A	1	대사	【シルビア】怒るよ、アル！	
09279	D1:3820:10A4C	1	대사	【シルビア】じゃ、オレはもう行かなくちゃ。	
09280	D1:3820:10A82	1	대사	【アル】そうか‥‥わざわざ来てくれて悪かったね。	
09281	D1:3820:10AB6	1	대사	【シルビア】そんな‥‥アルの部屋に来たかったし、へへっ、じゃあ行かなくちゃ。	
09282	D1:3820:10B0E	1	대사	【アル】あぁ、仕事がんばれよ。	
09283	D1:3820:10B30	1	대사	【シルビア】うん、格納庫の方にも遊びに来てくれよ。構えないかもしれないけどさ。	
09284	D1:3820:10B94	1	대사	【アル】ふぅ‥‥ま、大丈夫だろうな。	
09285	D1:3820:10BBC	1	대사	【シルビア】そういえば最近、何か変だと思わない？	
09286	D1:3820:10BF8	1	대사	【アル】変と言っても、俺がきてまだ３日目だぜ。	
09287	D1:3820:10C2A	1	대사	【アル】何が通常で何が異常なのかは、ちょっとまだ判断できない。	
09288	D1:3820:10C6C	1	대사	【シルビア】そりゃそうだけど‥‥今日も朝早くに教授からフォンで呼び起こされてさ。	
09289	D1:3820:10CC8	1	대사	【アル】へぇ、それで？	
09290	D1:3820:10CE2	1	대사	【シルビア】何でも、今日明日中に飛行機が到着するかもしれないから、準備を頼むって。	
09291	D1:3820:10D40	1	대사	【アル】だって、俺が明日帰国するだろう？	
09292	D1:3820:10D6C	1	대사	【シルビア】えっ、{n00}明日帰ってしまうの！？	
09293	D1:3820:10DA2	1	대사	【アル】しょうないだろう、取材期間ってものがある。	
09294	D1:3820:10DD8	1	대사	【シルビア】そんな‥‥急だよ！　オレまだ‥‥。	
09295	D1:3820:10E24	1	대사	【シルビア】な、なんだい、この番号は‥‥フォン番号？	
09296	D1:3820:10E64	1	대사	【アル】俺の自宅のだよ。	
09297	D1:3820:10E80	1	대사	【シルビア】えっ、じゃ、じゃあアルの自宅に電話していいの！？	
09298	D1:3820:10EC8	1	대사	【アル】電話くらい構わないさ、もっともいる保証はないがな。	
09299	D1:3820:10F06	1	대사	【シルビア】あ、ありがとう、オレ大事にするよ、これ。	
09300	D1:3820:10F46	1	대사	【アル】フォン番号の紙切れを大事にしてどうするんだよ‥‥それよりもだ。	
09301	D1:3820:10F90	1	대사	【シルビア】あっ、そ、そうだった。{n00}で、どこまで話したっけ？	
09302	D1:3820:10FD8	1	대사	【アル】ええとほら、今日明日中に飛行機が来るとか来ないとか‥‥。	
09303	D1:3820:1101C	1	대사	【シルビア】あっ、そうだった。でさ、ちょっと変わっているのは、	
09304	D1:3820:11068	1	대사	【シルビア】その飛行機が比較的大型の旅客機なんだよ。	
09305	D1:3820:110AA	1	대사	【アル】旅客機？　それはまた豪勢だな、俺も偉くなったもんだ。	
09306	D1:3820:110EA	1	대사	【シルビア】違うよ、どうも研究員が、ごそっと帰国するかもしれないって話なんだ。	
09307	D1:3820:11158	1	대사	【シルビア】それがわかんないから、変だって思ってるんじゃないか。	
09308	D1:3820:111A4	1	대사	【アル】なるほど、道理だな。	
09309	D1:3820:111C4	1	대사	【シルビア】な？	
09310	D1:3820:111E0	1	대사	【アル】そうだな‥‥確かに研究所の方でも、	
09311	D1:3820:1120E	1	대사	【アル】研究職員の多くが休暇をもらっているってのが気になる。	
09312	D1:3820:1124E	1	대사	【シルビア】えっ、そうだったんだ‥‥ずるいなぁ、	
09313	D1:3820:1128C	1	대사	【シルビア】オレにだって休暇が欲しいよ。そうしたらアルと２人で‥‥。	
09314	D1:3820:112DE	1	대사	【アル】うぉっほん、そうだな。そういうのも含めて、今日色々と聞いてみるさ。	
09315	D1:3820:1132C	1	대사	【シルビア】大丈夫かな。	
09316	D1:3820:11350	1	대사	【アル】ここで怒られても、もう取材は終わりだ。恐い事なんて何もないぜ。	
09317	D1:3820:1139A	1	대사	【シルビア】‥‥‥‥だといいんだけど。	
09318	D1:3820:113CC	1	대사	【アル】蒸し返しっていうのは、どういうことだ？	
09319	D1:3820:113FE	1	대사	【シルビア】あぁ‥‥以前にも《デザイア》では人が死んでいるんだ。	
09320	D1:3820:1144A	1	대사	【アル】初耳だな。	
09321	D1:3820:11460	1	대사	【シルビア】そうかもね。あくまで事故として処理されたし、実際事故かもしれないし。	
09322	D1:3820:114BC	1	대사	【アル】なんてヤツだい、その死んだという人は。	
09323	D1:3820:114EE	1	대사	【シルビア】確か‥‥ジョアンとかいう研究職員だったかな。	
09324	D1:3820:11534	1	대사	【シルビア】イズミさんの下で働いていたみたいだけど。	
09325	D1:3820:11576	1	대사	【アル】死因は？	
09326	D1:3820:1158A	1	대사	【シルビア】いや、よくわからないんだ。事故死としか‥‥。	
09327	D1:3820:115CE	1	대사	【アル】死因がわからないなんてこと、あるかよ。検死をしたはずだろう？	
09328	D1:3820:11616	1	대사	【シルビア】それすらもわからないんだ。	
09329	D1:3820:1164A	1	대사	【シルビア】遺族には十分な補償金がいって、事故の件はもう誰も覚えちゃいない。	
09330	D1:3820:116BA	1	대사	【アル】（事故‥‥よく考えてみれば便利な言葉だよな。）	
09331	D1:3820:116F4	1	대사	【アル】（これでほとんど人の記憶から、消えていってしまうのか。）	
09332	D1:3820:11738	1	대사	【シルビア】昨日クリスさんが死んだって聞かされたとき、オレはまたかって思ったんだ。	
09333	D1:3820:11796	1	대사	【アル】また、ね。	
09334	D1:3820:117AC	1	대사	【シルビア】なんか、研究所っていやな感じがするし、	
09335	D1:3820:117EC	1	대사	【シルビア】オレは格納庫にこもりっぱなしだから、よくわからないんだけど‥‥。	
09336	D1:3820:11846	1	대사	【アル】そうか‥‥よくわかった。ジョアンだっけ？　参考になったよ。	
09337	D1:3820:1188C	1	대사	【シルビア】急に思い出してさ、アルの役に立ったらいいなって。	
09338	D1:3820:118D4	1	대사	【アル】情報はありがたく頂戴しておくよ。	
09339	D1:3820:11900	1	대사	【アル】で、シルビア。用というのは？	
09340	D1:3820:11928	1	대사	【シルビア】そうなんだ‥‥聞いたよ、昨晩のこと。	
09341	D1:3820:11978	1	대사	【シルビア】受付のクリスさん、死んじゃったんだってな。	
09342	D1:3820:119BA	1	대사	【アル】あぁ、カズミさんに殺されたんだよ。	
09343	D1:3820:119E8	1	대사	【シルビア】でもそれは正当防衛だったって話だろう？	
09344	D1:3820:11A26	1	대사	【アル】確かにそうさ。でもクリスは死ぬほどの女じゃなかったよ。	
09345	D1:3820:11A68	1	대사	【シルビア】そうだね‥‥何回か話したことがあるけど、結構良さそうな人だったし。	
09346	D1:3820:11AC2	1	대사	【アル】で、クリスの話かい？	
09347	D1:3820:11AE2	1	대사	【シルビア】いや‥‥クリスさんの話というよりは、以前の蒸し返しなんだけどさ。	
09348	D1:4211:005DC	1	대사	【アル】ここはマコトの部屋だ。	
09349	D1:4211:005FE	1	대사	【アル】マコトのやつ、まだ戻っていないらしいな‥‥。	
09350	D1:4211:00646	1	대사	【アル】ほぉ、俺の部屋と違って、またカラフルな部屋だな‥‥。	
09351	D1:4211:00686	1	대사	【アル】マコト、いるのか？	
09352	D1:4211:006A4	1	대사	【アル】おーい。	
09353	D1:4211:006D2	1	대사	【アル】ちぇっ、バスルームには居なかったか。いたら乱入してやったのに。	
09354	D1:4211:0071C	1	대사	【アル】ここかな‥‥？	
09355	D1:4211:00736	1	대사	ガサゴソ、ガサゴソ‥‥‥‥。	
09356	D1:4211:0075E	1	대사	【アル】タンスの引き出しを開けてもしょうがない。	
09357	D1:4211:00792	1	대사	【アル】つまりどうやら、マコトはいないようだ‥‥。	
09358	D1:4211:007E8	1	선택지	　散らかす	
09359	D1:4211:00804	1	선택지	　テーブル	
09360	D1:4211:0081A	1	선택지	　手紙	
09361	D1:4211:00822	1	대사	【アル】もう１度読むのか？　あまり重要な手紙ではなさそうだが。	
09362	D1:4211:00864	1	대사	【アル】とりあえず、時候の挨拶などは省いて読もう。	
09363	D1:4211:0089A	2	대사	‥‥あなたがここ《デザイア》へ取材にやって来ることを、今日聞きました。	
09364	D1:4211:008EA	2	대사	ですが、私ははっきりと言います。ここへあなたが来ることには反対なのです。	
09365	D1:4211:0093C	2	대사	ここ《デザイア》では、	
09366	D1:4211:0095E	2	대사	ステラ教授がイニシアチブをとって研究開発が行われています。	
09367	D1:4211:009A4	2	대사	ステラ教授は本当に素晴らしい学者です。	
09368	D1:4211:009D6	2	대사	しかしここでの研究は、環境工学をベースとした非常にリスクの高い‥‥。	
09369	D1:4211:00A24	1	대사	【アル】ここで文章は終わっている‥‥。	
09370	D1:4211:00A4E	1	대사	【アル】最近、滅多に手紙なんて出してなかったのに‥‥	
09371	D1:4211:00A86	1	대사	【アル】こうしてちゃんと書いているじゃないか。	
09372	D1:4211:00AB6	1	대사	【アル】なになに‥‥。	
09373	D1:4211:00AD0	1	대사	親愛なるアルバート‥‥	
09374	D1:4211:00AF2	1	대사	【アル】相変わらず固いな、文体が‥‥あーぁ、時候の挨拶までやってくれてるよ。	
09375	D1:4211:00B42	1	대사	【アル】ま、この辺は適当にとばしてと‥‥。	
09376	D1:4211:00D04	1	대사	【アル】‥‥ここで文章は終わっている。	
09377	D1:4211:00D54	1	대사	【アル】うーん、まず第一に文面が途中で終わっているのが気になるな。	
09378	D1:4211:00D9A	1	대사	【アル】２枚組の１枚が見あたらないというのではなくて、	
09379	D1:4211:00DD4	1	대사	【アル】本当に書いている途中でペンを置いたという感じだ‥‥。	
09380	D1:4211:00E12	1	대사	【アル】書く途中で心変わりをしたのか、あるいは第３者に妨害されたのか‥‥	
09381	D1:4211:00E5E	1	대사	【アル】あるいは何かの用事の時に忘れてしまったか。	
09382	D1:4211:00EA8	1	대사	【アル】言っている内容は取り立てて特質的なものじゃないが、	
09383	D1:4211:00EE6	1	대사	【アル】『非常にリスクの高い』という文が、若干引っかかる。	
09384	D1:4211:00F22	1	대사	【アル】まぁしかし、こんな工場みたいな施設なんだ、	
09385	D1:4211:00F58	1	대사	【アル】リスクが低い研究なんてある訳がないし‥‥どうも今一つ主旨がわからない。	
09386	D1:4211:00FA8	1	대사	【アル】今日会った感じでも、	
09387	D1:4211:00FC8	1	대사	【アル】何かを急いで伝えなければならないという風でもなかったしな。	
09388	D1:4211:0100C	1	대사	【アル】つまりこの手紙には、それほどのプライオリティがなかったってことか。	
09389	D1:4211:0105A	1	대사	【アル】無論、マコトにとって、だが。	
09390	D1:4211:01080	1	대사	【アル】こうしてみると、俺の部屋とはだいぶ違うな。	
09391	D1:4211:010B6	1	대사	【アル】細々とした調度品がおいてあって、生活感に溢れている。	
09392	D1:4211:010F6	1	대사	【アル】なんだ、相変わらずピンクの絨毯を敷いているな。	
09393	D1:4211:01130	1	대사	【アル】この色はマコトの性格に合わないから、やめろって言っているのに。	
09394	D1:4211:0117A	1	대사	【アル】俺の言う通り、ネズミ色の絨毯にすりゃいいのに。	
09395	D1:4211:011B4	1	대사	【アル】そうしたら、思いっきり笑ってやるのにな。	
09396	D1:4211:011E8	1	대사	【アル】ごく普通のテーブルだな。	
09397	D1:4211:0120C	1	대사	【アル】普通じゃないテーブルというのがあるのかどうかは、よく知らない。	
09398	D1:4211:01256	1	대사	【アル】何かの走り書きの紙切れに、携帯フォン、観葉植物が置いてある。	
09399	D1:4211:0129E	1	대사	【アル】見ていても別段変わったところがあるわけでもないしな‥‥	
09400	D1:4211:012E0	1	대사	【アル】テーブルの上に立って踊ろうか？	
09401	D1:4211:01308	1	대사	【アル】マコトの匂いがしみこんだベッドだ。	
09402	D1:4211:01336	1	대사	【アル】クンクン‥‥やはり、マコトのベッドだ。	
09403	D1:4211:01368	1	대사	【アル】ベッドにねっころがりながら、手紙でも読むか。	
09404	D1:4211:013A0	1	대사	【アル】ゴロン。	
09405	D1:4211:013B4	1	대사	【アル】よし、とりあえず手紙を読んでみよう。	
09406	D1:4211:013E4	1	대사	【アル】ベッドの匂いはもう散々かいだぜ。	
09407	D1:4211:01410	1	대사	【アル】あ？　なんだぁ！？	
09408	D1:4211:0142E	1	대사	【アル】ベッドの下からパンティが出てきたぞ。それも、なんだか芳しい香りがする‥‥。	
09409	D1:4211:01484	2	대사	【アル】クンクンクン‥‥。	
09410	D1:4211:014A2	1	대사	【アル】フッ、あいつ、なかなかいい味出してるな。	
09411	D1:4211:014D6	3	대사	【アル】もらっておこう。	
09412	D1:4211:014F2	1	대사	【アル】これがマコトのベッドか‥‥クンクン、いい匂いだ。	
09413	D1:4211:0154C	1	대사	【アル】今日はアノ日じゃなさそうだな。よしよし、これで心置きなく以下自粛。	
09414	D1:4211:015CE	1	대사	【アル】そうだな、どうもマコトが帰ってくる気配は無いし‥‥。	
09415	D1:4211:0160E	1	대사	【アル】エントロピーは増大させたままで構わないだろう。	
09416	D1:4211:01648	1	대사	【アル】よし、部屋をでるぞ。	
09417	D1:4211:0166E	2	대사	【アル】とりあえず、手紙を読んでみようぜ。	
09418	D1:4211:0169C	1	대사	【アル】んー、遅いな。もしかしたら、大の方だろうか‥‥。	
09419	D1:4211:016D8	1	대사	【アル】トイレなら自室にあるのに、なぜ外に大をしにいくん{n00}だ？	
09420	D1:4211:0171A	1	대사	【アル】もしかしたらマコトのやつ、	
09421	D1:4211:01740	1	대사	【アル】外にオシッコをしに行っているだけかもしれないしな‥‥。	
09422	D1:4211:01780	1	대사	【アル】もうちょっと待ってみようぜ。	
09423	D1:4211:017A8	1	선택지	　繊細に	
09424	D1:4211:017B2	1	선택지	　大胆に	
09425	D1:4211:017BC	1	대사	【アル】もう十分散らかしたと思うが‥‥	
09426	D1:4211:017E6	1	대사	【アル】これ以上エントロピーを増大させる必要はなさそうだ。	
09427	D1:4211:01850	1	대사	【アル】よし、初心に戻ってと。この辺の書類の束は、バサバサっとこうしておいて。	
09428	D1:4211:018B2	1	대사	【アル】おっ、こんなところに最新式の光ディスクプレーヤーが‥‥。	
09429	D1:4211:018F6	1	대사	【アル】よいしょっと‥‥んー、こ、これはなかなか重いぞ。	
09430	D1:4211:01932	1	대사	【アル】まぁ今度の機会だな。	
09431	D1:4211:01952	1	대사	【アル】おっ、ここにあるのは携帯用のペンか。だがこんなのはいらない。	
09432	D1:4211:0199A	1	대사	【アル】おっ、ここにあるのは最新式のデジタル目覚まし時計‥‥	
09433	D1:4211:019D8	1	대사	【アル】何と５００フォンの音が鳴り響き、寝てる人の鼓膜を破るそうだ。	
09434	D1:4211:01A1E	1	대사	【アル】鼓膜は大事だから、いらないな、これは。他に何か良さそうなものはと‥‥。	
09435	D1:4211:01A70	1	대사	【アル】うーん、何だかこう色々とある部屋をみると、何か持っていきたくなる。	
09436	D1:4211:01ACE	1	대사	【アル】この紙切れを‥‥{s00}ん？　これは‥‥。	
09437	D1:4211:01B04	1	대사	【アル】これは‥‥俺宛の手紙じゃないか。なんでこんな所に丸めて置いてあるんだ？	
09438	D1:4211:01B5C	1	대사	【アル】まだ足りないようだな。よし、もう少しエントロピーを増大させてやろう。	
09439	D1:4211:01BAC	1	대사	【アル】この携帯フォンは、よしここだな‥‥この額縁を外してここに置いてと‥‥。	
09440	D1:4211:01BFE	1	대사	【アル】よし、少し引き出しからモノを解放していやろう。	
09441	D1:4211:01C38	1	대사	【アル】おぉ、こ、このスケスケの下着は‥‥	
09442	D1:4211:01C66	1	대사	【アル】かー、あいつこんなものを‥‥	
09443	D1:4211:01CA6	1	대사	【アル】お、この水着は俺が買ってやったもんだ。	
09444	D1:4211:01CD8	1	대사	【アル】だけど、露出部分が多いとかいって、一度も着やしない‥‥	
09445	D1:4211:01D32	1	대사	【アル】んー、何だかうまくいかないな。	
09446	D1:4211:01D5C	1	대사	【アル】どんどん引き出しの中が片付いていくような気がする。	
09447	D1:4211:01D98	1	대사	【アル】よし、このアルバート様が、熱力学の第２法則を実践してやろう。	
09448	D1:4211:01DF0	1	대사	【アル】エントロピーよ、{n00}増大せよ！	
09449	D1:4211:01E18	1	대사	【アル】このクッションはあっちだ、この紙切れはここだ、この消しゴムは‥‥	
09450	D1:4211:01E64	1	대사	【アル】よっと、向こうに投げてと。	
09451	D1:4211:01E88	1	대사	【アル】はぁ、はぁ‥‥だいぶ散らかってきたな。よしよし。	
09452	D1:4211:01EC4	1	대사	【アル】だが俺は、無為やたらに散らかしているわけではない。	
09453	D1:4211:01F02	1	대사	【アル】物質やエネルギーは秩序化されたものから、	
09454	D1:4211:01F36	1	대사	【アル】無秩序化されたものへと変化するっていう自然法則が、	
09455	D1:4211:01F72	1	대사	【アル】ちゃんとあるんだぜ。	
09456	D1:4211:01F90	1	대사	【アル】うん、つまりこの無秩序化が自然の摂理なんだな。	
09457	D1:4211:01FCA	1	대사	【アル】俺の仕事場も私室も、みんな自然の摂理に沿ったものなのだ。	
09458	D1:4211:0200C	1	대사	【アル】マコトのやつめ、自然の摂理にさからって、	
09459	D1:4211:02040	1	대사	【アル】こんな整理整頓された部屋を形成しおってからに‥‥。	
09460	D1:4211:0207C	1	대사	【アル】これは大問題だな、帰ってきたらお仕置きだ。	
09461	D1:4211:020B2	1	대사	【アル】どうやら繊細に散らかすと、整理整頓してしまいそうだ。	
09462	D1:4211:020F2	1	대사	【アル】じゃあ、繊細に散らかしてみるか。	
09463	D1:4211:0211E	1	대사	【アル】この紙切れは、トントンと、ここにこうして置いて‥‥	
09464	D1:4211:0215C	1	대사	【アル】このクッションは邪魔だな、端っこに置いてと。	
09465	D1:4211:02192	1	대사	【アル】ベッドのシーツが乱れてるな‥‥ピンピンっと。よし、直ったぞ。	
09466	D1:4211:021DA	1	대사	【アル】うーん、なんだか整理整頓している気がする。	
09467	D1:4238:018DE	1	대사	【アル】ここはメディカルセンターの前だ。	
09468	D1:4238:0190A	2	대사	【アル】特に用事はないんだが‥‥。	
09469	D1:4238:0193A	4	대사	【アル】ここはメディカルセンター前だ。	
09470	D1:4238:01964	1	대사	【アル】相変わらず、あたりはシンと静まり返っている‥‥。	
09471	D1:4238:019A0	1	대사	【アル】いったい《デザイア》の人たちは、どこへ行ってしまったんだろうか‥‥。	
09472	D1:4238:019FA	1	대사	【アル】ここはメディカルセンター前だな。	
09473	D1:4238:01A26	1	대사	【アル】誰もいないようだが‥‥‥‥。	
09474	D1:4238:01A4E	1	대사	【声】キャーーーーっ！！	
09475	D1:4238:01A72	1	대사	【アル】な、なんだ！？　今の叫び声は。	
09476	D1:4238:01A9C	1	대사	【アル】女の声だったような気がしたが‥‥‥‥。	
09477	D1:4238:01ACE	1	대사	【声】アルぅーーーっ‥‥‥‥‥‥‥‥。	
09478	D1:4238:01B00	1	대사	【アル】てぃ、ティーナ！？　どっかにいるのか、ティーナ！！	
09479	D1:4238:01B3E	1	대사	【アル】おい、ティーナ！？	
09480	D1:4238:01B70	1	대사	【アル】ちくしょう、どこにいるんだ‥‥‥‥どこだよ！	
09481	D1:4238:01BDC	3	대사	【アル】誰もいないようだな‥‥。	
09482	D1:4238:01CBA	1	대사	【アル】メディカルセンターね‥‥んんと、ここの角を右かな。	
09483	D1:4238:01CF8	1	대사	【アル】ここを左に曲がって、真っ直ぐ進んだ後に‥‥。	
09484	D1:4238:01D30	1	대사	【アル】一度林の中に入って、すわり込み‥‥。	
09485	D1:4238:01D60	1	대사	【アル】出てきて、３回まわってワンとなくと‥‥。	
09486	D1:4238:01D94	1	대사	【アル】おぉ、ここがメディカルセンターか。	
09487	D1:4238:01DC2	1	대사	【アル】しかし、カズミさんもなかなかやってくれるよ。やる俺も俺だが。	
09488	D1:4238:01E14	1	대사	【アル】ここはメディカルセンターの中だ‥‥。	
09489	D1:4238:01E44	1	대사	【アル】あたりは薄汚れていて、あまり長居のしたくない場所だな。	
09490	D1:4238:01EB6	3	선택지	　カーテン	
09491	D1:4238:01EC2	3	선택지	　水槽	
09492	D1:4238:01ECA	1	대사	【アル】オバケ屋敷さながらの様相だ‥‥。	
09493	D1:4238:01EF6	1	대사	【アル】相変わらず、人のいない診療室ってのは、なぜかゾクゾクしてくる。	
09494	D1:4238:01F40	1	대사	【アル】薄汚れていて、掃除なんかここ数年していない。	
09495	D1:4238:01F78	1	대사	【アル】しかもあたりが、やけに薄暗いせいもある‥‥。	
09496	D1:4238:01FB0	1	대사	【アル】オバケ屋敷か何かを想像してしまうな。	
09497	D1:4238:01FE0	1	대사	【アル】医療関係の雑誌や、専門書が置いてある。俺には興味のないものばかりだ。	
09498	D1:4238:02030	1	대사	【アル】グスタフの机だったところだ‥‥。	
09499	D1:4238:0205C	1	대사	【アル】いったいあいつ、あれからどうしたんだろうな‥‥。	
09500	D1:4238:02098	1	대사	【アル】あまり見たくないな‥‥いやなことを思い出しそうだ。	
09501	D1:4238:020D6	2	대사	【アル】ごく普通のカーテンだ。	
09502	D1:4238:020F8	1	대사	【アル】いつだったか、向こう側にレイコさんの死体‥‥。	
09503	D1:4238:02132	1	대사	【アル】いや、生きたレイコさんを死体袋に入れて寝かされていた‥‥。	
09504	D1:4238:02178	1	대사	【アル】ふぅ、思い出しただけでもゾクゾクしてくるな。	
09505	D1:4238:021B0	1	대사	【アル】しかし、この中に入っている水も、抜いたほうがいいんじゃないかな‥‥。	
09506	D1:4238:02200	1	대사	【アル】中には数種類の熱帯魚が泳いでいたんだが‥‥数年前に死んでしまった。	
09507	D1:4238:0224E	1	대사	【アル】今は、単に水が入っているだけだ。	
09508	D1:4238:02286	1	대사	【アル】そうだな、ここにいてもしょうがない。	
09509	D1:4238:02314	1	대사	【アル】ここは辺境地区‥‥と俺達は呼んでいる。	
09510	D1:4238:02346	1	대사	【アル】ここは島上において、飛行場や浜辺とは反対方向に位置している。	
09511	D1:4238:0238E	1	대사	【アル】ほとんど足を運ばないこの場所を、俺達は辺境地区と呼んでいる。	
09512	D1:4238:023D6	1	대사	【アル】‥‥だって、何もないんだもんな。	
09513	D1:4238:02402	1	대사	【アル】とんがり屋根の先が、少し欠けてきたような‥‥。	
09514	D1:4238:0243C	1	대사	【アル】気のせいかな。	
09515	D1:4238:02456	1	대사	【アル】センター内にあった必要な医療器具や薬品は、	
09516	D1:4238:0248C	1	대사	【アル】既にのきなみ持ち出してしまったからなぁ‥‥。	
09517	D1:4238:024C4	1	대사	【アル】中にはほとんど何も残っていないはずだ。	
09518	D1:4238:0253C	1	대사	【アル】ドアにはカギが掛かって入れなかったんだが‥‥。	
09519	D1:4238:02576	1	대사	【アル】医療器具が必要ということもあって、窓ガラスを割って中に侵入したんだよな。	
09520	D1:4238:0265A	2	대사	【アル】よし、研究所に行ってみよう。	
09521	D1:4238:0268A	2	대사	【アル】宿舎に行ってみよう。	
09522	D1:4238:026B0	1	대사	【アル】飛行場か‥‥行ってみるか。	
09523	D1:4238:0271C	1	대사	【アル】それにしても、静かすぎるのが不気味だ‥‥。	
09524	D1:4238:02752	1	대사	【アル】ここにも人がいないみたいだな‥‥。	
09525	D1:4238:02780	1	대사	【アル】《デザイア》の人たちは、もうみんな脱出してしまったんだろうか‥‥。	
09526	D1:4238:027CE	1	대사	【アル】誰もいないみたいだな‥‥やっぱり。	
09527	D1:4238:027FC	1	대사	【アル】メディカルセンターだ。相変わらず特徴的な屋根を披露しているな。	
09528	D1:4238:02846	1	대사	【アル】もともと病院関連の建物というのは、	
09529	D1:4238:02874	1	대사	【アル】冷たい印象を与えるが、今は格別にそれが強い‥‥。	
09530	D1:4238:028D8	1	대사	【アル】中には入れないみたいだ‥‥。	
09531	D1:4238:0291E	1	대사	ガチャッ、ガチャガチャ。	
09532	D1:4238:02944	1	대사	【アル】ドアにはカギがかかっているぞ‥‥。	
09533	D1:4238:02972	1	대사	ドンドン、ドンドンドン！	
09534	D1:4238:02992	1	대사	【アル】誰かいますか！？　返事をして下さい！	
09535	D1:4238:029FA	1	대사	【アル】研究所か‥‥そうだな、行ってみるか。	
09536	D1:4238:02A32	1	대사	【アル】宿舎に誰かいるだろうか‥‥。	
09537	D1:4238:02A60	1	대사	【アル】飛行場に行くのか‥‥そうだな、誰かいるかもしれない。	
09538	D1:4238:02AC6	1	대사	【アル】レイコさん‥‥‥‥。	
09539	D1:4238:02AE6	1	대사	【アル】俺を見て名前を呼んで‥‥俺のことを突き倒した後、叫びながら走り去った‥‥。	
09540	D1:4238:02B3C	1	대사	【アル】どう考えても、あれは死後硬直なんてもんじゃないぞ。	
09541	D1:4238:02B7A	1	대사	【アル】死体があんなことをするものか。	
09542	D1:4238:02BA4	1	대사	【アル】レイコさん、一体どこへ行ったんだ。	
09543	D1:4238:02C12	1	대사	【アル】恐らくレイコさんの行き先は研究所だ。	
09544	D1:4238:02C42	1	대사	【アル】あれ？　これは‥‥。	
09545	D1:4238:02C62	1	대사	【アル】これはレイコさんのベルトだぞ！	
09546	D1:4238:02C8C	1	대사	【アル】確かジャラジャラと腰にまいていたような気が‥‥。	
09547	D1:4238:02CC8	1	대사	【アル】この方向だと‥‥‥‥研究所の方か！？	
09548	D1:4238:02CF8	1	대사	【アル】おかしい、確かに外へ出ていったはずなんだが‥‥。	
09549	D1:4238:02D34	1	대사	【アル】おかしいな‥‥レイコさんの姿は見えない。	
09550	D1:4238:02D68	1	대사	【アル】もう走り去ってしまったんだろうか。でもいったいどこに？	
09551	D1:4238:02DC4	1	대사	【アル】わからない‥‥わからないが、レイコさんは生きていて、どこかに行ったんだ。	
09552	D1:4238:02E18	1	대사	【アル】メディカルセンターにレイコさんがいた‥‥今でも信じられない。	
09553	D1:4238:02E60	1	대사	【アル】いったいどこへ{n00}行ったんだ？	
09554	D1:4238:02E88	1	대사	【アル】あの中にレイコさんがいた‥‥しかも生きて！？	
09555	D1:4238:02EC0	1	대사	【アル】どういう訳かはわからないが、彼女はまだ生きている。	
09556	D1:4238:02EFE	1	대사	【アル】何とかして彼女をつかまえないと。	
09557	D1:4238:02F2A	1	선택지	　後を追う	
09558	D1:4238:02F36	1	대사	【アル】そうだ、レイコさんは研究所の方へ行ったみたいだ。	
09559	D1:4238:02F9A	1	대사	【アル】後を追うって言っても‥‥どこに行ったんだ、レイコさんは。	
09560	D1:4238:02FF6	1	대사	【アル】そうだ、レイコさんは叫びながら外に走り出ていったぞ。	
09561	D1:4238:03036	1	대사	【アル】早く追いかけよう！	
09562	D1:4238:0305E	1	대사	【アル】な、何だか寝袋みたいな感じもする。あるいは死体を運ぶための‥‥‥‥。	
09563	D1:4238:030C8	1	대사	【アル】ま、まぁここはメディカルセンターだ。	
09564	D1:4238:030F8	1	대사	【アル】例えだ、例え万が一死体だとしても、別に不思議って訳じゃないぜ。	
09565	D1:4238:03142	1	대사	【アル】そうだよ、一般の医療機関には死体安置室というのがあってだ、	
09566	D1:4238:03188	1	대사	【アル】そこには何十体も死体が置いてあるんだぞ。	
09567	D1:4238:031BC	1	대사	【アル】そうなんだよ、別に不思議はない。不思議はないが‥‥。	
09568	D1:4238:03216	1	대사	【アル】いったい誰なんだろう？　この中は‥‥。	
09569	D1:4238:03248	1	대사	【アル】そうだな、中を見てみよう。す、少し緊張するがな‥‥。	
09570	D1:4238:03288	2	대사	ジーーーーっ。	
09571	D1:4238:032B2	1	대사	【アル】！！！！！！	
09572	D1:4238:032CA	1	대사	【アル】れ、レイコ‥‥さん‥‥。	
09573	D1:4238:032EE	1	대사	【アル】なんてこった、確かにマコトから聞いてはいたが‥‥。	
09574	D1:4238:03346	1	대사	【アル】可哀想にレイコさん‥‥‥‥額の横に傷がある、撃たれたんだな。	
09575	D1:4238:0338E	1	대사	【アル】くそ、女性の顔を撃つとは‥‥いくらなんでも‥‥。	
09576	D1:4238:033E4	1	대사	【アル】でもレイコさん‥‥。	
09577	D1:4238:03404	1	대사	【アル】いくら教授のためとはいえ、カズミさんを殺すことはなかったよ。	
09578	D1:4238:0344C	1	대사	【アル】彼女が何を考えていたのか、いまとなってはわからないがな。	
09579	D1:4238:034AA	1	대사	【アル】でも、綺麗だな、やっぱり。	
09580	D1:4238:034D0	1	대사	【アル】死んでも綺麗って言われるのは、女性冥利につきるんじゃないか。	
09581	D1:4238:03518	1	대사	【アル】いや、それは失礼かな‥‥レイコさん、でも綺麗だぜ。	
09582	D1:4238:0355E	1	대사	【アル】う、うわぁぁっ！！！	
09583	D1:4238:0357E	1	대사	【アル】れ、れ、れ、れ、れ‥‥‥‥‥。	
09584	D1:4238:035A8	1	대사	【アル】お、落ちつけ、落ちつくんだ。	
09585	D1:4238:035D0	1	대사	【アル】し、死後硬直というやつだ、恐らく。	
09586	D1:4238:035FE	1	대사	【アル】弛緩した筋肉が、一定時間後かたく短縮するっていうあれだ。	
09587	D1:4238:03642	1	대사	【アル】まぶたの部分の筋肉が、一時的に収縮したんだろう、きっと。	
09588	D1:4238:03686	1	대사	【アル】き、綺麗って言ったから、ちょっと茶目っ気を出したんだな。	
09589	D1:4238:036CA	1	대사	【アル】死んでからもジョークのわかる人だ。	
09590	D1:4238:036F8	1	대사	【アル】へへっ、レイコさん、最高に素敵だぜ。	
09591	D1:4238:03730	1	대사	【アル】どわわぁっっ！！！	
09592	D1:4238:0374E	1	대사	【アル】れ、レイコさんの目が‥‥う、動いた！？	
09593	D1:4238:03780	1	대사	【アル】し、死後硬直という奴だ、きっと。うん、そうにきまってる。	
09594	D1:4238:037C4	2	대사	【レイコ】あ‥‥‥‥アル‥‥‥‥。	
09595	D1:4238:037F2	1	대사	【アル】れ、れ、れ、れ、れ、	
09596	D1:4238:03812	1	대사	【アル】れーーっ！！！	
09597	D1:4238:0385A	1	대사	【アル】レイコ‥‥さん？　い、生きてるの？　う、ウソ‥‥‥。	
09598	D1:4238:0389A	1	대사	【レイコ】きゃーーーっ！！！！	
09599	D1:4238:038D0	1	대사	ドカァァッ！！！‥‥‥‥{s00}ガンッ！！	
09600	D1:4238:03904	1	대사	【アル】ぐっ‥‥れ、レイコさん‥‥。	
09601	D1:4238:0392C	1	대사	【アル】あ、頭が‥‥も、もろぶつけてしまった‥‥。	
09602	D1:4238:0399E	1	대사	【アル】くっ、ブルブルブル。	
09603	D1:4238:039C8	1	대사	【アル】れ、レイコさん‥‥いないぞ‥‥レイコさん！！	
09604	D1:4238:03A00	1	대사	バタンッ！！	
09605	D1:4238:03A18	1	대사	【アル】そ、外か！？　こ、こりゃ大変だぞ！！	
09606	D1:4238:03A52	1	대사	【アル】ここはメディカルセンターの中だ。	
09607	D1:4238:03A7E	1	대사	【アル】相変わらず電気はついているし、エアコンも稼働している。	
09608	D1:4238:03AC0	1	대사	【アル】が、しかし、人の気配はない。	
09609	D1:4238:03AE8	1	대사	【アル】診療室のような雰囲気だな‥‥‥‥いや、雰囲気じゃなくて、多分診療室だろう。	
09610	D1:4238:03B82	1	대사	【アル】あたりはシンと静まり返っている。不気味だ‥‥。	
09611	D1:4238:03BBC	1	대사	【アル】しかし人のいない診療室ってのは、なぜかゾクゾクしてくるな。	
09612	D1:4238:03C02	1	대사	【アル】尻の穴がキュッとすぼまるような、そんな感覚だ。	
09613	D1:4238:03C3C	1	대사	【アル】しかも医療器具や資料ってのは、またグロいのが多いんだ。	
09614	D1:4238:03C7E	1	대사	【アル】このあいだは、誰かいたようだがな‥‥‥‥今回は人の気配がない。	
09615	D1:4238:03CC8	1	대사	【アル】診療室の机だ。医療関係の雑誌や、専門書が置いてある。	
09616	D1:4238:03D08	1	대사	【アル】色々な資料がのっているな。普通の診療室にありふれたモノみたいだ。	
09617	D1:4238:03D54	1	대사	【アル】だが‥‥ここにティーナのペンダントがあったんだ。	
09618	D1:4238:03D90	1	대사	【アル】普通の診療室である訳がない‥‥‥‥。	
09619	D1:4238:03DC0	1	대사	【アル】だから、普通のカーテンだよ。	
09620	D1:4238:03DE8	1	대사	【アル】この向こう側には、ベッドやら診療台やらが‥‥‥‥‥‥{s00}ん？	
09621	D1:4238:03E2E	1	대사	【アル】な、なんだこれ？	
09622	D1:4238:03E4A	1	대사	【アル】な、なんだろう‥‥黒いラバーのような感じだな。鈍い光を放ってる。	
09623	D1:4238:03E96	1	대사	【アル】ゴツゴツしているな。大きさは、ちょうど人の背丈くらいか‥‥‥‥‥‥{s00}人！？	
09624	D1:4238:03EEC	1	대사	【アル】は、ははは‥‥ひ、人の背丈くらいのものなんて、いくらでもあるしな。	
09625	D1:4238:03F3A	1	대사	【アル】で、でも‥‥‥‥‥‥ゴクッ。	
09626	D1:4238:03F62	1	대사	【アル】で、でも‥‥ま、まさかな‥‥‥‥。	
09627	D1:4238:03F90	1	대사	【アル】だから、普通のカーテンだってば。カーテンを見て楽しいか？	
09628	D1:4238:03FF6	1	대사	【アル】向こう側はベッドやら診療台やらになっていて、その仕切のためにあるんだろう。	
09629	D1:4238:0404C	1	대사	【アル】水槽を見ると恐ろしい考えになってしまう。	
09630	D1:4238:04080	1	대사	【アル】俺は見ないぞ。	
09631	D1:4238:0409A	1	대사	【アル】水槽だな、中には数種類の熱帯魚が泳いでいるようだ。	
09632	D1:4238:04102	1	대사	【アル】いるわけがないな。もしいたら、いまごろ溺死している。	
09633	D1:4238:0415C	1	대사	【アル】想像しちゃったじゃないか！　まったく、恐ろしいことを考えさせるなよ。	
09634	D1:4238:041B8	1	대사	【アル】もうちょっと調べてみようぜ。	
09635	D1:4238:041E0	1	대사	【アル】せっかく入れたんだ。もう少し、調べてみた方がいいだろう。	
09636	D1:4238:04264	1	대사	【アル】ティーナ、どこにいるんだよ‥‥。	
09637	D1:4238:04290	1	대사	【アル】もしかしたら、声が風に乗ってきたのかもしれないが‥‥。	
09638	D1:4238:042D2	1	대사	【アル】ティーナの姿はどこにもみえない。	
09639	D1:4238:042FE	1	대사	【アル】ティーナは‥‥‥‥ティーナはどこだ？	
09640	D1:4238:0432E	1	대사	【アル】聞き間違えるはずがない。あれは確かに、ティーナの声だ。	
09641	D1:4238:04370	1	대사	【アル】どこから聞こえてきたのか‥‥‥‥。	
09642	D1:4238:043B8	1	대사	【アル】ダメだ、もう聞こえてこない‥‥いったいどこから‥‥？？	
09643	D1:4238:043FA	1	대사	【アル】メディカルセンターは俺の前に、静かにたたずんでいる。	
09644	D1:4238:0443A	1	대사	【アル】ティーナはいったいどこにいるのか‥‥。	
09645	D1:4238:0446C	1	대사	【アル】メディカルセンターの中から‥‥？	
09646	D1:4238:04498	1	대사	【アル】いや、かなりクリアの声だった。室内からの声ではあり得ない。	
09647	D1:4238:044DE	1	대사	【アル】とするとやはり外か‥‥？	
09648	D1:4238:0452A	1	대사	【アル】中か‥‥入ろうとしてもどうせ‥‥。	
09649	D1:4238:04558	1	대사	ガチャッ‥‥‥‥。	
09650	D1:4238:04576	1	대사	【アル】あれ？　開いているぞ。	
09651	D1:4238:045B2	1	대사	【アル】何だか、俺を誘っているような気がするが‥‥。	
09652	D1:4238:045EA	1	대사	【アル】だが俺を誘ってどうする？　別に何も出ないし、何もできないぜ。	
09653	D1:4238:0464C	1	대사	【アル】ま、中に用事がない訳じゃない。	
09654	D1:4238:04676	1	대사	【アル】このあいだはティーナのペンダントが見つかったことだし‥‥。	
09655	D1:4238:046E0	1	대사	【アル】どうせカギがかかっていて、中には入れない。	
09656	D1:4238:04716	1	대사	【アル】研究所は関係ないぞ。	
09657	D1:4238:04736	1	대사	【アル】いや、そっちの方からは聞こえなかった。	
09658	D1:4238:04768	1	대사	【アル】ティーナはこの辺りのどこかにいるはずだ！	
09659	D1:4238:0479C	1	대사	【アル】宿舎の方からは聞こえてこなかったが‥‥。	
09660	D1:4238:047D0	1	대사	【アル】宿舎の方からティーナの声が‥‥‥‥。	
09661	D1:4238:04800	1	대사	【アル】いや、あっちからは聞こえなかったような気がする。	
09662	D1:4238:0483C	1	대사	【アル】だから、飛行場は関係ないんだってば。	
09663	D1:4238:0486C	1	대사	【アル】飛行場の方からは何も聞こえてこなかった。	
09664	D1:4238:048A0	1	대사	【アル】つまり飛行場は関係ないということだ。	
09665	D1:4238:04910	1	대사	【アル】人の姿はないようだな‥‥。	
09666	D1:4238:04936	1	대사	【アル】そういえば夕べ、ここでレイコさんと最後に会ったんだよな‥‥。	
09667	D1:4238:0497E	1	대사	【アル】彼女、何かちょっと慌てていたというか、困惑していたというか。	
09668	D1:4238:049C6	1	대사	【アル】つまりちょっと普通じゃなかった。	
09669	D1:4238:049F2	1	대사	【アル】ドクターがどうこう言っていたけど、彼がいったいどうしたっていうんだろう。	
09670	D1:4238:04A60	1	대사	【アル】もう、その答えを知ることはできないんだろうか‥‥。	
09671	D1:4238:04A9E	1	대사	【アル】特徴的な建物だな。	
09672	D1:4238:04ABC	1	대사	【アル】ティーナにあげたペンダントが、ここにあったんだ‥‥。	
09673	D1:4238:04AFC	1	대사	【アル】メディカルセンター内に、ティーナにあげたペンダントが置いてあったんだ。	
09674	D1:4238:04B4E	1	대사	【アル】ということは、ここに{n00}ティーナがいたということか？	
09675	D1:4238:04BA6	1	대사	【アル】そういえばカズミさんも、	
09676	D1:4238:04BCA	1	대사	【アル】ティーナに関しては注意を払った方がいいと言っていたな‥‥。	
09677	D1:4238:04C10	1	대사	【アル】だが俺には全くわからない‥‥。	
09678	D1:4238:04C3A	1	대사	【アル】第一、ティーナがどこに行ったのかもしらないんだ‥‥。	
09679	D1:4238:04CA2	1	대사	【アル】中には入れない。カギがかかっている。	
09680	D1:4238:04CD2	1	대사	【アル】そうだな、もう一度中に入ってみようぜ。	
09681	D1:4238:04D24	1	대사	【アル】んっ‥‥か、カギがかかっているな。じゃあ‥‥。	
09682	D1:4238:04D5E	1	대사	ピンポーン。	
09683	D1:4238:04D8C	1	대사	ピンポーン‥‥‥‥。	
09684	D1:4238:04DA8	1	대사	【アル】誰もいないのか‥‥ドアにはカギがかかっているしなぁ。	
09685	D1:4238:04DE8	1	대사	【アル】ん？　まてよ、ということはドクターなりエレナなりが、	
09686	D1:4238:04E28	1	대사	【アル】まだ《デザイア》に残っているということか？	
09687	D1:4238:04E78	1	대사	【アル】どっちにしろ、これではラチがあかないな。	
09688	D1:4238:04EAC	1	대사	【アル】研究所か‥‥行ってみるか。	
09689	D1:4238:04ED8	1	대사	【アル】宿舎だな、よし行ってみよう。	
09690	D1:4238:04F6A	1	대사	【アル】俺とレイコさん以外はいないようだな‥‥。	
09691	D1:4238:04F9E	1	대사	【アル】俺達以外、メディカルセンターのまわりに人はいないようだ。	
09692	D1:4238:04FE2	1	대사	【アル】もっとも、さっきの奴がいる可能性はあるが‥‥。	
09693	D1:4238:0501C	1	대사	【レイコ】どうしたの？　キョロキョロあたりを見回したりして。	
09694	D1:4238:05064	1	대사	【アル】ちょっと、いつもより冷たいような気が‥‥。	
09695	D1:4238:0509A	1	대사	【アル】（うーん、タイミングが問題だな‥‥。）	
09696	D1:4238:050CC	1	대사	【アル】（俺がメディカルセンターを出てきた直後に現れた{n00}し。）	
09697	D1:4238:0510E	1	대사	【アル】（でも、なぜレイコさんが、俺から逃げる必要があるんだ？）	
09698	D1:4238:05152	1	대사	【レイコ】なによ、そんなにジロジロ見ないでちょうだい。	
09699	D1:4238:05194	1	대사	【アル】な、なんかつっけんどんだなぁ‥‥。	
09700	D1:4238:051EA	1	대사	【アル】メディカルセンターに用はないな。今出てきたばかりだ。	
09701	D1:4238:0522A	1	대사	【レイコ】メディカルセンターに用があるの？	
09702	D1:4238:05260	1	대사	【アル】いや、実はない。	
09703	D1:4238:0527C	1	대사	【レイコ】じゃあ何で中に入ろうとするの？	
09704	D1:4238:052B0	1	대사	【アル】そうだ、何で入ろうとするんだろう。	
09705	D1:4238:052DE	1	대사	【レイコ】あなたって時々おかしくならない？	
09706	D1:4238:05314	1	대사	【アル】研究所は立ち入り禁止だそうな。	
09707	D1:4238:0533E	1	대사	【レイコ】立ち入り禁止とはいっても、研究室へは入れないということよ。	
09708	D1:4238:0538E	1	대사	【アル】それって、じゃあ今までと全く同じ？	
09709	D1:4238:053DE	1	대사	【アル】研究所には確か教授がいたな‥‥。	
09710	D1:4238:0540A	1	대사	【レイコ】いま研究所は立ち入り禁止よ。	
09711	D1:4238:0544E	1	대사	【レイコ】座りながらどこへ行くの？　アル。	
09712	D1:4238:05484	1	대사	【アル】恐い顔をしないでくれ。ささやかな古典的ギャグじゃないか。	
09713	D1:4238:054C8	1	대사	【アル】宿舎に戻るのはもう少し待とうぜ。	
09714	D1:4238:054F4	1	대사	【アル】宿舎に戻って寝るかな‥‥。	
09715	D1:4238:0551A	1	대사	【レイコ】手を引っ張ってどこへ行くの？　アル。	
09716	D1:4238:05554	1	대사	【アル】だから、宿舎に戻って寝るかなって。	
09717	D1:4238:0559A	1	대사	【アル】そんなに恐い顔をしないでくれよ。	
09718	D1:4238:055C6	1	대사	【アル】飛行機に乗って帰るのは、少し早すぎるぜ。	
09719	D1:4238:05604	1	대사	【レイコ】アルこそ、ここで何をやっているの？	
09720	D1:4238:0563C	1	대사	【アル】俺？　俺はエレナって女性に会いに‥‥。	
09721	D1:4238:0566E	1	대사	【レイコ】もう、女性のお尻ばかり追っている！	
09722	D1:4238:056A6	1	대사	【アル】違うよ。エレナがティーナを‥‥。	
09723	D1:4238:056D2	1	대사	【レイコ】ティーナ？　エレナと、何かあったの？	
09724	D1:4238:0570C	1	대사	【アル】い、いや、何もないんだけど‥‥。	
09725	D1:4238:05738	1	대사	【レイコ】‥‥アル、１つ聞いていいかしら？	
09726	D1:4238:0576E	1	대사	【アル】いいぜ、好きな体位だろ？　俺はやっぱり正常位かなぁ。	
09727	D1:4238:057AE	1	대사	【レイコ】アル、真面目なの。	
09728	D1:4238:057D6	1	대사	【アル】わかった、聞こう。	
09729	D1:4238:057F4	1	대사	【レイコ】ドクターのことなの。	
09730	D1:4238:0581E	1	대사	【アル】ドクター？　というと、例の渋い？	
09731	D1:4238:0584A	1	대사	【レイコ】そう‥‥彼、もしかしたら‥‥。	
09732	D1:4238:0587E	1	대사	【アル】もしかしたら？	
09733	D1:4238:05898	1	대사	【レイコ】いえ‥‥やっぱりいいわ。	
09734	D1:4238:058C8	1	대사	【レイコ】アル、あなたも早くここを出る用意をした方がいいわよ。	
09735	D1:4238:0591E	1	대사	【アル】ねっ、ちょっ、{n00}レイコさん！	
09736	D1:4238:05946	1	대사	【アル】いったいどうしたっていうんだ。	
09737	D1:4238:0598E	1	대사	【アル】でも、いったいここで、何をしていたんだろうか、レイコさん。	
09738	D1:4238:059DE	1	대사	【アル】室内は意外に明るいな。電気の消し忘れは電力会社に怒られるぜ。	
09739	D1:4238:05A26	1	대사	【アル】それにしても‥‥誰もいないようだが、いったいどうしたんだろう。	
09740	D1:4238:05AB4	1	대사	【アル】診療室内には、誰もいないようだが‥‥。	
09741	D1:4238:05AE6	1	대사	【アル】外にも増していっそう静寂感が漂ってきたな。	
09742	D1:4238:05B1C	1	대사	【アル】誰もいない診療室か‥‥。	
09743	D1:4238:05B40	1	대사	【アル】何だか、こうお尻の穴がキュゥッとすぼまる感じがするな。	
09744	D1:4238:05B82	1	대사	【アル】あれ？　これは‥‥これは俺のペンダントだぞ。	
09745	D1:4238:05BCA	1	대사	【アル】確か、ティーナにあげたはずの‥‥何故ここにあるんだろうか。	
09746	D1:4238:05C10	1	대사	【アル】いやでも、ティーナは最初ここで治療を受けていたから、不思議じゃないな。	
09747	D1:4238:05C7C	1	대사	【アル】ん、待てよ‥‥。	
09748	D1:4238:05C98	1	대사	【アル】でも確か、俺がこれをあげたのは、	
09749	D1:4238:05CC4	1	대사	【アル】ティーナがメディカルセンターを抜け出してからだぞ。	
09750	D1:4238:05D02	1	대사	【アル】じゃあなんでここに、{n00}ティーナの物があるんだろう。	
09751	D1:4238:05D66	1	대사	【アル】もしかして、ここにいたとか‥‥？	
09752	D1:4238:05D92	1	대사	【アル】するとやはり、カズミさんの言った通り、	
09753	D1:4238:05DC4	1	대사	【アル】エレナという女性が何か関係してるのか‥‥？	
09754	D1:4238:05DFA	1	대사	【アル】こ、混乱してきたな。整理してみよう‥‥。	
09755	D1:4238:05E2E	1	대사	【アル】つまり、どうやらここにティーナがいたらしく、	
09756	D1:4238:05E66	1	대사	【アル】エレナという女性が、それに関与しているらしいと。	
09757	D1:4238:05EA2	1	대사	【アル】うん、つまり何もわかっていないということだな。はっはっは‥‥。	
09758	D1:4238:05EEC	1	대사	コトッ‥‥。	
09759	D1:4238:05F04	1	대사	【アル】ん？　今なにか音が‥‥。	
09760	D1:4238:05F28	1	대사	ガチャッ‥‥バタン。	
09761	D1:4238:05F48	1	대사	【アル】だ、誰だ！？{n00}{s00}‥‥‥‥外！？	
09762	D1:4238:05F72	1	대사	【アル】おい、ちょっと待て！！	
09763	D1:4238:05F9E	1	대사	【アル】い、いないか‥‥。	
09764	D1:4238:05FBC	1	대사	ガチャッ‥‥ビー。	
09765	D1:4238:05FDA	1	대사	【アル】あっ、しまった。ど、ドアがロックされちゃったじゃないか。	
09766	D1:4238:06030	1	대사	【アル】この‥‥ガチャガチャ‥‥ダメか‥‥。	
09767	D1:4238:06060	1	대사	【アル】まぁいい。それにしても逃げ足の早いやつだな、いったい誰だったんだろう。	
09768	D1:4238:060B2	1	대사	【アル】エレナか？　だったら何で居留守を使って逃げなきゃいけないんだ？	
09769	D1:4238:0611A	1	대사	【アル】いずれにせよ、ティーナの手がかりは掴んだような気がするが‥‥。	
09770	D1:4238:06164	1	대사	【レイコ】アル、何をやっているの？	
09771	D1:4238:0619C	1	대사	【アル】あれ、レイコさん。レイコさんこそ、こんなヘンピな所で何を？	
09772	D1:4238:061E2	1	대사	【レイコ】私は‥‥職員が居残っていないかの最終チェックよ。	
09773	D1:4238:06228	1	대사	【アル】へぇ‥‥（本当かな。）	
09774	D1:4238:0624A	1	대사	【アル】普通の机だな‥‥だけど俺の仕事場の机よりも、ずっと広い。ちくしょう。	
09775	D1:4238:0629A	1	대사	【アル】ほじほじ、ペトっと。へへっ、どうだ。	
09776	D1:4238:062CA	1	대사	【アル】奥にあるのは‥‥診療用の机か。	
09777	D1:4238:062F4	1	대사	【アル】色々な物が置いてあるな。端末にライト、意味不明なディスプレイ‥‥。	
09778	D1:4238:06342	1	대사	【アル】特にこれといって目に付く物はないようだが‥‥。	
09779	D1:4238:0637C	1	대사	【アル】しかしそれにしても専門書の山。	
09780	D1:4238:063A6	1	대사	【アル】医者とか学者とか、なんで本ばかり読むんだろうな。	
09781	D1:4238:063E2	1	대사	【アル】なになに‥‥『私はこうしてＭに目覚めた』？？	
09782	D1:4238:0641A	1	대사	【アル】何て本があったら面白いんだが。ここにあるのは、超真面目な本ばかりだ。	
09783	D1:4238:0646A	1	대사	【アル】生物関係の本が多いな。進化論、生態系科学‥‥んー、訳がわからないな。	
09784	D1:4238:064BA	1	대사	【アル】おっ、『環境と人類の{n00}融合』が置いてある。さすがベストセラーだな。	
09785	D1:4238:06508	1	대사	【アル】俺もいつか本を出版して、業界関係者御用達の本を書いてみたいもんだ。	
09786	D1:4238:06556	1	대사	【アル】カーテンの向こう側はベッドになっている。	
09787	D1:4238:0658A	1	대사	【アル】無論、美女が寝ているという訳ではない。	
09788	D1:4238:065BC	1	대사	【アル】カーテンの向こう側は‥‥ベッドか。	
09789	D1:4238:065EA	1	대사	【アル】結構フカフカだな。俺の部屋のやつよりも出来がいいぞ。	
09790	D1:4238:0662A	1	대사	【アル】よーし‥‥んー！！　くのぉー！！！	
09791	D1:4238:06658	1	대사	【アル】はぁはぁ、じ、自室まで持っていくのは無理のようだな。	
09792	D1:4238:06698	1	대사	【アル】普通の水槽だな。観賞用の熱帯魚が何匹か泳いでいる。	
09793	D1:4238:066D6	1	대사	【アル】ごく普通の水槽だな。	
09794	D1:4238:066F6	1	대사	【アル】ガキの頃は、このコポコポ泡ぶくを出してる装置の意味がわからなかったんだ。	
09795	D1:4238:0674A	1	대사	【アル】水槽の中をかきまわしてるのかと思ったが‥‥さて問題だ。	
09796	D1:4238:0678C	1	대사	【アル】この役割はいったいなんだろうか。	
09797	D1:4238:067B8	1	대사	【アル】って、俺はいったい誰に言ってるんだ。	
09798	D1:4238:067F4	1	대사	【アル】せっかく入れたんだ、もう少し色々と調べてみようぜ。	
09799	D1:4238:06872	1	선택지	　屋根	
09800	D1:4238:0687A	1	대사	【アル】飛行場に人が集まっているせいもあるんだろう、あたりに人はいないようだ。	
09801	D1:4238:068CC	1	대사	【アル】まわりには誰も人がいないな‥‥。	
09802	D1:4238:068F8	1	대사	【アル】もっとも、ここは飛行場とは正反対に位置しているからな。	
09803	D1:4238:0693A	1	대사	【アル】そのせいだろうけど、人口分布に偏りがあるなぁ。	
09804	D1:4238:06974	1	대사	【アル】まるでゴーストタウンという趣だ。誰もいない夜の病院って、結構恐いんだよ。	
09805	D1:4238:069C8	1	대사	【アル】門は開いているようだ。入れという暗黙の促しか？	
09806	D1:4238:06A02	1	대사	【アル】ここがメディカルセンターか‥‥門はあいているようだが。	
09807	D1:4238:06A44	1	대사	【アル】何だかんだで、結局ここに来られなかったけど‥‥。	
09808	D1:4238:06A80	1	대사	【アル】まぁこうして今ここに俺はいるわけだ。	
09809	D1:4238:06AB0	1	대사	【アル】エレナって言ったっけ‥‥彼女、いるかのな。	
09810	D1:4238:06AE6	1	대사	【アル】とにかく中に入ってみよう。	
09811	D1:4238:06B0C	1	대사	【アル】なかなか面白い形をしているな。わははは、と笑ってしまおう。	
09812	D1:4238:06B52	1	대사	【アル】なかなか特徴的な屋根だな。	
09813	D1:4238:06B78	1	대사	【アル】デザイン的には面白いが、機能的とは言い難いような‥‥。	
09814	D1:4238:06BBA	1	대사	【アル】もしかしたら、雪国の建物よろしく、	
09815	D1:4238:06BE8	1	대사	【アル】雪の重みに対処するためのトンガリ屋根‥‥。	
09816	D1:4238:06C1E	1	대사	【アル】のはずはないか。ここは南国だぜ。	
09817	D1:4238:06C72	1	대사	【アル】ロックされてしまって入れないぜ。	
09818	D1:4238:06C9E	1	대사	【アル】人はいるかな‥‥。	
09819	D1:4238:06CD8	1	대사	【アル】誰かいませんか？	
09820	D1:4238:06CF4	1	대사	‥‥‥‥。	
09821	D1:4238:06D00	1	대사	【アル】うーん、誰もいないのかな‥‥？	
09822	D1:4238:06D2A	1	대사	【アル】おっ、ベルがあるぞ。押してみようか。	
09823	D1:4238:06D5A	2	대사	ピンポーン‥‥。	
09824	D1:4238:06D8A	1	대사	ピーポピーポ{n00}ピポピポ{n00}ピーンポーン。	
09825	D1:4238:06DBC	1	대사	【アル】何だかピンボールみたいな音だな‥‥ダメだ、誰も出ない。	
09826	D1:4238:06DFE	1	대사	ガチャン‥‥。	
09827	D1:4238:06E18	1	대사	【アル】あれ？　開いているぞ‥‥。	
09828	D1:4238:06E3E	1	대사	【アル】なんだ、今までベルを鳴らしていたのがバカみたいではないか。	
09829	D1:4238:06E84	1	대사	【アル】どうしようかな、まぁバレたら謝ってしまえばいいさ。	
09830	D1:4238:06EE0	1	대사	【アル】よし、研究所に行くか。	
09831	D1:4238:06F28	1	대사	【アル】飛行場にいくのか？	
09832	D1:4305:01BD0	1	대사	【アル】ここは飛行場の前だ‥‥。	
09833	D1:4305:01BF4	1	대사	【アル】太陽が出ていれば、逃げ水という現象が見られたんだが‥‥。	
09834	D1:4305:01C38	1	대사	【アル】今はもちろん、そんなモノは見えない。	
09835	D1:4305:01C90	1	대사	【アル】人の姿は相変わらず見えないな‥‥。	
09836	D1:4305:01CE6	1	대사	【アル】あれ？　格納庫の方に見えてるのは‥‥飛行機があるじゃないか。	
09837	D1:4305:01D2E	1	대사	【アル】じゃあまだ《デザイア》の残りの職員は、ここを出ていないってことか？	
09838	D1:4305:01D86	1	대사	【アル】ここは飛行場だ‥‥。	
09839	D1:4305:01DA6	1	대사	【アル】ここからでは良く見えないが、昨日の件で第一格納庫は半壊している。	
09840	D1:4305:01DFC	1	대사	【シルビア】あ、アルぅ、もうちょっと優しく扱ってくれよぉ‥‥。	
09841	D1:4305:01E46	1	대사	【アル】わがまま言うな！　こ、ここまで来れば大丈夫だろう。	
09842	D1:4305:01E84	1	대사	【アル】よし！　か、カズミさんを‥‥。	
09843	D1:4305:01EBC	1	대사	【アル】え‥‥‥‥‥‥。	
09844	D1:4305:01EFA	1	대사	【アル】じょ、冗談だろう？　か、カズミさん‥‥‥‥おい、冗談だろう！？	
09845	D1:4305:01F44	1	대사	【シルビア】あ、アル‥‥？	
09846	D1:4305:01F6A	1	대사	【アル】ふ、ふざけるなよ。俺はまだ、カズミさんを助けちゃいないぞ！	
09847	D1:4305:01FB0	2	대사	【シルビア】アル‥‥‥‥。	
09848	D1:4305:01FD6	1	대사	【アル】か、勝手に途中退場しやがって！！	
09849	D1:4305:02024	1	대사	【アル】（な、何がきっと戻ってくるだ‥‥この格好だけの大バカが！）	
09850	D1:4305:0206A	1	대사	【アル】（カズミさん‥‥‥‥くそぉっ！！）	
09851	D1:4305:02098	1	대사	【シルビア】アル‥‥イチッ！！	
09852	D1:4305:020C2	1	대사	【アル】し、シルビア。そうだ、大丈夫なのか？　お前。	
09853	D1:4305:02100	1	대사	【シルビア】お、オレは‥‥大丈夫だよ。ちょっと頭がクラクラするけど‥‥。	
09854	D1:4305:02154	1	대사	【アル】いったい何があったんだ？	
09855	D1:4305:02178	1	대사	【シルビア】それがよくわからなくて‥‥暗がりでガンと１発、それっきり。	
09856	D1:4305:021CA	1	대사	【アル】そうか‥‥あっ、ち、血が出てる‥‥頭から、大丈夫か？	
09857	D1:4305:0220A	1	대사	【シルビア】うん、まだズキズキするけど、我慢できないほどじゃないよ。	
09858	D1:4305:0225A	1	대사	【アル】それは良かった‥‥。	
09859	D1:4305:0227A	1	대사	【アル】（シルビアだけでも助けられて）	
09860	D1:4305:022A4	1	대사	【アル】（良かったと思わなくちゃいけないんだろうな‥。）	
09861	D1:4305:022E0	1	대사	【シルビア】あの女性は？	
09862	D1:4305:02304	1	대사	【アル】カズミさんは、助けられなかった。	
09863	D1:4305:02330	1	대사	【シルビア】ゴメン‥‥オレのために。	
09864	D1:4305:02360	1	대사	【アル】バカ言うなよ。俺はシルビアも大事だし、カズミさんも助けたかった。	
09865	D1:4305:023AC	3	대사	【シルビア】うん‥‥。	
09866	D1:4305:023CE	1	대사	【アル】ま、結果論だがな、２兎を追う者は‥‥。	
09867	D1:4305:02400	1	대사	【アル】ってことにならなくて、本当によかったと思ってる。	
09868	D1:4305:0245E	1	대사	【アル】格納庫、燃えてしまったな‥‥。	
09869	D1:4305:02488	1	대사	【シルビア】大丈夫さ、自動消化システムがすぐに働く。	
09870	D1:4305:024CA	1	대사	【シルビア】そこがあの格納庫の凄いところで‥‥。	
09871	D1:4305:02508	1	대사	【アル】フッ、わかったわかった。	
09872	D1:4305:0252C	1	대사	【シルビア】あぁ、何だかバカにした口振り‥‥。	
09873	D1:4305:02566	1	대사	【アル】そ、そんなことないって。	
09874	D1:4305:0258A	2	대사	【マコト】あ、アル！　こ、これはいったい、どういうこと！？	
09875	D1:4305:025DA	2	대사	【アル】ま、マコト‥‥これは、その‥‥。	
09876	D1:4305:02606	2	대사	【マコト】アル、あなた今日の便で帰ったのではなかったの？	
09877	D1:4305:0264A	2	대사	【アル】俺はまだやることが残っている。ここに残る許可は、たぶん取ってあるはずだぜ。	
09878	D1:4305:026A0	1	대사	【アル】（カズミさんが上手くやってくれてたら、だが。）	
09879	D1:4305:026DA	2	대사	【マコト】なんで‥‥なんで飛行場が爆発するの？	
09880	D1:4305:02714	1	대사	【アル】それは、爆弾のせいで。	
09881	D1:4305:02736	1	대사	【カイル】爆弾！？	
09882	D1:4305:0275E	2	대사	【アル】か、カイル‥‥なんでお前まで。	
09883	D1:4305:02788	2	대사	【カイル】どうも前々からクサいとオレは思っていた。案の定だ、こいつがやはり一連の‥‥。	
09884	D1:4305:027EA	2	대사	【アル】なに！　俺が飛行場を爆破したってのか！？	
09885	D1:4305:0281E	2	대사	【カイル】フッ、もう墓穴を掘ったな。自分で言ってくるとは。	
09886	D1:4305:02864	2	대사	【アル】俺じゃない！	
09887	D1:4305:0287C	4	대사	【カイル】やった奴は、みんなそう言うな。	
09888	D1:4305:028B0	2	대사	【アル】くっ！	
09889	D1:4305:028C2	2	대사	【カイル】ちょっと考えればわかることだ。	
09890	D1:4305:028F8	1	대사	【カイル】だいたい、お前が来てからおかしな事が起こりすぎるんだよ。	
09891	D1:4305:02948	2	대사	【アル】んなことは偶然に決まってる！	
09892	D1:4305:02A00	2	대사	【マルチナ】アル、あなたの弁明は聞くけど、	
09893	D1:4305:02A38	2	대사	【マルチナ】ここまで状況的な証拠が出そろってしまうと、私としても弁護のしようがないわ。	
09894	D1:4305:02A9C	1	대사	【アル】そんな！　俺は‥‥。	
09895	D1:4305:02ABC	1	대사	【シルビア】そうだよ！　アルはオレを助けてくれたんだ！	
09896	D1:4305:02AFE	1	대사	【マルチナ】シルビア、あなたは黙っていなさい。	
09897	D1:4305:02B38	1	대사	【シルビア】だ、だって‥‥‥‥。	
09898	D1:4305:02B64	1	대사	【アル】マルチナさん、俺の言い分も聞いてくれ。俺は飛行場で‥‥。	
09899	D1:4305:02BA8	2	대사	【マルチナ】アルバート・マクドガル、	
09900	D1:4305:02BDA	2	대사	【マルチナ】《デザイア》総監督の権限として、あなたの身柄を拘束します。	
09901	D1:4305:02C2E	2	대사	【アル】そんなバカな！？　マコト、何とか言ってくれ！	
09902	D1:4305:02C66	2	대사	【マコト】わ、私は‥‥もう、わからないわ‥‥何も‥‥。	
09903	D1:4305:02CCE	2	대사	【カイル】オレは最初から、このお調子者がクサいって睨んでいたがな。	
09904	D1:4305:02D1C	2	대사	【アル】なんだと‥‥おい、マコトの腰から手を放せよ！	
09905	D1:4305:02D54	2	대사	【カイル】フッ、そんなにイヤか？　マコト。	
09906	D1:4305:02D8A	2	대사	【マコト】わ、私は‥‥別に構わないわ‥‥。	
09907	D1:4305:02DDA	2	대사	【カイル】そういう訳なんだよ、ま、犯罪者は犯罪者らしく、神妙にした方がいいだろうぜ。	
09908	D1:4305:02E3A	2	대사	【アル】野郎！	
09909	D1:4305:02E4C	2	대사	【マコト】や、やめてっ！！	
09910	D1:4305:02E72	2	대사	【カイル】もう遅い！	
09911	D1:4305:02E96	2	대사	【カイル】フッ、正面からでもダメだったな、お調子者。	
09912	D1:4305:02ED6	1	대사	【アル】（く、クソ‥‥い、意識が‥‥‥‥‥‥。）	
09913	D1:4305:02F1C	1	대사	【アル】ここは飛行場前だ‥‥。	
09914	D1:4305:02F3E	1	대사	【アル】もう大型の旅客機はいなくなってしまった。	
09915	D1:4305:02F72	1	대사	【アル】ほとんどの職員を乗せて、ここ《デザイア》を飛び立ったんだ。	
09916	D1:4305:02FD2	1	대사	【アル】そのせいかどうかはわからないが‥‥。	
09917	D1:4305:03002	1	대사	【アル】格納庫の方からは、何も音が聞こえてこない。	
09918	D1:4305:03038	1	대사	【アル】活動していない格納庫というのも、何だか不気味なモノだな。	
09919	D1:4305:03086	1	대사	【アル】飛行場前だ。	
09920	D1:4305:0309E	1	대사	【アル】格納庫の方は明るく騒がしい。人の姿も何人か確認できる。	
09921	D1:4305:03108	1	대사	【アル】ティーナ、どこに行ったんだろうな。	
09922	D1:4305:03140	4	대사	【アル】ここは飛行場だ。	
09923	D1:4305:0315C	1	대사	【アル】まだ飛行機は止まっていないようだが‥‥。	
09924	D1:4305:0319A	1	대사	【アル】ここは飛行場だ。中には格納庫がある。	
09925	D1:4305:031CA	2	대사	【アル】シルビア、いるかな。	
09926	D1:4305:031F4	1	대사	【アル】ここは飛行場だ。中には格納庫があるが‥‥。	
09927	D1:4305:0322A	1	대사	【アル】ティーナの姿は見えないな‥‥。	
09928	D1:4305:0327A	1	대사	【アル】中には、シルビアが常駐している格納庫がある。	
09929	D1:4305:032D8	1	대사	【アル】アスファルトが、月明かりに照らされて光っている‥‥。	
09930	D1:4305:0333E	1	대사	【アル】滑走路がオレンジ色に輝き始めているな‥‥綺麗だ。	
09931	D1:4305:033A2	1	대사	【アル】中に入ると、格納庫がある。	
09932	D1:4305:033D2	1	대사	【アル】あれ、カズミさん。	
09933	D1:4305:03408	1	대사	【アル】こんな所で何を？	
09934	D1:4305:0343C	1	대사	【アル】（押し黙って俺を睨んでいる。別に睨まれるようなことはしていないけど‥。）	
09935	D1:4305:034C4	1	대사	【アル】空は、相変わらずどんよりと曇っている‥‥。	
09936	D1:4305:034FA	1	대사	【アル】飛行日よりなんて空は、ここ数年みたことがないな。	
09937	D1:4305:03536	1	대사	【アル】昔だったら格納庫の方から慌ただしい騒音が聞こえてきたんだが‥‥。	
09938	D1:4305:03582	1	대사	【アル】今は何も聞こえてこないな‥‥もう慣れてしまったが。	
09939	D1:4305:035C0	1	대사	【アル】さすがにこの滑走路を、定期的に修繕するって訳にはいかないな。	
09940	D1:4305:03608	1	대사	【アル】滑走路のアスファルトは、ところどころが破損している。	
09941	D1:4305:03648	1	대사	【アル】もう、飛行機がスイスイと離着陸できるような感じではないな‥‥。	
09942	D1:4305:036CC	2	대사	【アル】格納庫か‥‥第１格納庫は半壊しているからな、第２格納庫に行ってみよう。	
09943	D1:4305:037F2	2	대사	【アル】メディカルセンターに何か用があるのか？	
09944	D1:4305:03824	2	대사	【アル】‥‥‥‥しょうがない、行ってみるか。	
09945	D1:4305:0385A	1	대사	【アル】浜辺か‥‥今や漁のためにかかせない場所だな。	
09946	D1:4305:03892	1	대사	【アル】俺が一番訪れている場所かもしれない‥‥。	
09947	D1:4305:03920	1	대사	【アル】空は、相変わらずどんよりと曇っている‥‥いったいどうしたっていうんだろう。	
09948	D1:4305:03976	1	대사	【アル】いつもは格納庫の方から慌ただしい騒音が聞こえてくるんだが‥‥。	
09949	D1:4305:039C0	1	대사	【アル】今は何も聞こえてこないな‥‥なんとも寂しい限りだ。	
09950	D1:4305:039FE	1	대사	【アル】飛行場にも人はいないみたいだな‥‥。	
09951	D1:4305:03A2E	1	대사	【アル】飛行場には誰１人としていない‥‥整備士の連中、どこにいったんだろうな。	
09952	D1:4305:03A80	1	대사	【アル】もしかして、ここ《デザイア》にいるのは、俺１人なんじゃないか‥‥？	
09953	D1:4305:03AE8	1	대사	【アル】やめよう、気分が悪くなっていくだけだ。	
09954	D1:4305:03B1A	1	대사	【アル】とにかく、いろいろと歩き回ってみようぜ。	
09955	D1:4305:03BDA	1	대사	【アル】シルビア、いるだろうか‥‥。	
09956	D1:4305:03C0A	1	대사	【アル】研究所に行ってみるかな‥‥。	
09957	D1:4305:03CD2	1	대사	【アル】浜辺か‥‥あそこは、いつも誰もいないんだが‥‥。	
09958	D1:4305:03D0E	1	대사	【アル】もしかして、今度に限って誰かいるかもしれない。	
09959	D1:4305:03DC4	1	대사	【アル】格納庫の方に人影をちらほら見かけることができるが‥‥。	
09960	D1:4305:03E06	2	대사	【アル】ここへ来るまでに１人も出会わなかったな。	
09961	D1:4305:03E3A	1	대사	【アル】昨日の夕方は、慌ただしく行き来する人であふれていたんだが‥‥。	
09962	D1:4305:03E84	2	대사	【アル】格納庫の方から音は聞こえてこない‥‥。	
09963	D1:4305:03EB6	2	대사	【アル】荒涼感とは、まさにこんな感じなんだろうな。	
09964	D1:4305:03EEC	2	대사	【アル】今は誰もいないようだ。さっきまでは、滑走路に人が何人かいたんだけど‥‥。	
09965	D1:4305:03F7A	1	대사	【アル】格納庫か‥‥よし、行ってみるか。	
09966	D1:4305:03FCE	1	대사	【アル】研究所に行くのか‥‥そうだな、行ってみるか。	
09967	D1:4305:04032	1	대사	【アル】メディカルセンターか‥‥誰かいるんだろうか。	
09968	D1:4305:0406A	1	대사	【アル】よし、行ってみるかな。	
09969	D1:4305:04092	1	대사	【アル】浜辺に？　別に用事はないんだが‥‥。	
09970	D1:4305:040C2	1	대사	【アル】まぁいいさ、行って見よう。	
09971	D1:4305:041AA	1	대사	【アル】ほんの数時間前までは、慌ただしく行き来する人であふれていたんだが‥‥。	
09972	D1:4305:04264	1	대사	【アル】格納庫はシンと静まり返っている。	
09973	D1:4305:04290	1	대사	【アル】恐らく大型飛行機を送り出した後だからかもしれないが‥‥静かすぎるな‥‥。	
09974	D1:4305:042E4	1	대사	【アル】そういえば、いつもの明かりもない。シルビア、どうしたんだろう。	
09975	D1:4305:04368	1	대사	【アル】そうだ、格納庫でカズミさんが待っているはずだ。	
09976	D1:4305:043A2	1	대사	【アル】よし、格納庫に入るぞ。	
09977	D1:4305:043CA	1	대사	【アル】だから行くべき場所は格納庫だって。	
09978	D1:4305:043F8	1	대사	【アル】研究所？　俺が行くべき場所は格納庫だぜ。	
09979	D1:4305:0442C	1	대사	【アル】何度も言うが、行くべき場所は格納庫だ。	
09980	D1:4305:0445E	1	대사	【アル】いま宿舎から来たばかりだぜ。早く格納庫に行こう。	
09981	D1:4305:0449A	1	대사	【アル】もう一度だけ言うが、行くべき場所は格納庫だ。	
09982	D1:4305:044D2	1	대사	【アル】医者に用はない。カズミさんに用があるんだ。	
09983	D1:4305:04508	1	대사	【アル】頼むから格納庫に行こうよ。	
09984	D1:4305:0452E	1	대사	【アル】浜辺に行って何をするん{n00}だ？　はやいとこ格納庫に入ろう。	
09985	D1:4305:0458C	6	선택지	　走る	
09986	D1:4305:04594	1	선택지	　研究所まで	
09987	D1:4305:045A2	3	대사	【アル】最近、運動不足気味だからな‥‥少し走ってみるかな。	
09988	D1:4305:045E0	3	대사	【アル】だが意味もなく走るのは嫌だし‥‥。	
09989	D1:4305:0460E	1	대사	【アル】よし、研究所まで走ってみよう。	
09990	D1:4305:0465C	3	대사	【アル】格納庫の方からかすかに音が聞こえてくる程度だ‥‥。	
09991	D1:4305:0469A	3	대사	【アル】あたりは比較的静まり返っている。	
09992	D1:4305:046C6	3	대사	【アル】飛行場というと飛行機のエンジン音や、	
09993	D1:4305:046F6	3	대사	【アル】離着陸のときの騒音という印象が大きいが‥‥。	
09994	D1:4305:0472E	3	대사	【アル】ここの飛行場はやけに静かだな。	
09995	D1:4305:04758	2	대사	【アル】もっとも、飛行機が１機もないせいもあるだろうが。	
09996	D1:4305:04794	1	대사	【アル】滑走路に飛行機は着陸していない。	
09997	D1:4305:047C0	1	대사	【アル】シルビアの話では、今日か明日中に飛行機がやってくるらしい。	
09998	D1:4305:04806	1	대사	【アル】だけどまだ来ていないようだな‥‥。	
09999	D1:4305:04858	7	대사	【アル】格納庫に行ってみよう。シルビア、いるかな‥‥？	
10000	D1:4305:048F0	7	대사	【アル】浜辺か‥‥ちょっと行ってみるかな。	
10001	D1:4305:04946	2	선택지	　浜辺まで	
10002	D1:4305:049BE	2	대사	【アル】よし、浜辺まで走ってみよう。	
10003	D1:4305:04A02	2	선택지	　金網	
10004	D1:4305:04A0A	1	대사	【アル】格納庫の方はかなり騒がしくなっている。	
10005	D1:4305:04A3C	1	대사	【アル】シルエットでうっすらと機体を確認できるが‥‥。	
10006	D1:4305:04A76	1	대사	【アル】もうどれくらいの人が乗り込んだんだろうか。	
10007	D1:4305:04BA8	1	대사	【アル】もっとも、今は夜だし、飛行機が１機もないせいもあるだろうが。	
10008	D1:4305:04BF0	1	대사	【アル】金網だな‥‥金網を見ていてもしょうがないぞ。	
10009	D1:4305:04C28	2	대사	【アル】金網を見ると、高圧電流の説明になるからやめておこう。	
10010	D1:4305:04C68	2	대사	【アル】小説や映画では、大抵このテの金網に高圧電流と称する仕掛けがあって、	
10011	D1:4305:04CB6	2	대사	【アル】不法侵入者を始末してくれる。	
10012	D1:4305:04CDE	2	대사	【アル】しかし高圧電流というのも意味がないな。	
10013	D1:4305:04D10	2	대사	【アル】電圧が高くてもアンペアが高くなければ、	
10014	D1:4305:04D42	2	대사	【アル】人間を感電させることなんてできない。	
10015	D1:4305:04D72	2	대사	【アル】どうでもいいが、高圧的な女には我慢ならないな。	
10016	D1:4305:04DAC	2	대사	【アル】男より女の方が許せないと思うのは、きっと俺が男だからに違いない。	
10017	D1:4305:04DF8	2	대사	【アル】あまりにもどうでもいいことだ。	
10018	D1:4305:04E5C	1	대사	【アル】そうだな‥‥メディカルセンターへ行ってみよう。	
10019	D1:4305:05490	1	선택지	　格納庫まで	
10020	D1:4305:0549E	1	대사	【アル】やはり月夜の滑走路とくれば、走るしかない。	
10021	D1:4305:054D4	1	대사	【アル】だが意味もなく走るのは嫌だな‥‥。	
10022	D1:4305:05502	1	대사	【アル】よし、格納庫まで走るぞ。	
10023	D1:4305:0554C	1	대사	【アル】格納庫の方は、まだあかりがついているな。	
10024	D1:4305:05580	1	대사	【アル】月夜の飛行場というのも、なかなか情操を刺激してやまないな‥‥。	
10025	D1:4305:055CA	1	대사	【アル】大都市の空港であれば２４時間体制なんだが‥‥ここはシンと静まり返っている。	
10026	D1:4305:05620	1	대사	【アル】月光に照らされていて、なかなか綺麗だな‥‥。	
10027	D1:4305:05658	1	대사	【アル】アスファルトに月光が反射して輝いている。	
10028	D1:4305:0568C	1	대사	【アル】長い滑走路だからな、光の帯が連なっている感じだ。	
10029	D1:4305:057DA	1	선택지	　だらだらと	
10030	D1:4305:057E8	1	선택지	　きびきびと	
10031	D1:4305:057F6	1	대사	【アル】どういうやり方でも、走るとやっぱり疲れるぞ。	
10032	D1:4305:0582E	1	대사	【アル】よし、きびきびと走るぞ。	
10033	D1:4305:05878	1	대사	【アル】ふぅ‥‥きびきびと走っても、やっぱり疲れる。	
10034	D1:4305:058B0	1	대사	【アル】だらだら走ると、余計疲れるからやめよう。	
10035	D1:4305:058E4	1	대사	【アル】ダラダラ、だらだら。	
10036	D1:4305:05904	1	대사	【アル】だらだらだらだら。	
10037	D1:4305:05938	1	대사	【アル】しかしダラダラと走っていると、余計に疲れる気がする。	
10038	D1:4305:05992	1	대사	【アル】こう広々としていると、やはり気持ちがいい。	
10039	D1:4305:059C8	1	대사	【アル】そろそろ過ごしやすい時間帯になってきたな。	
10040	D1:4305:059FE	1	대사	【アル】昼間は昼間で、青々とした空が広がっていて壮快感があるが、	
10041	D1:4305:05A42	1	대사	【アル】今は今でまた違った感覚を抱かせるな。	
10042	D1:4305:05A70	1	대사	【アル】地面の温度も下がってきたので、逃げ水はもう見えないな。	
10043	D1:4305:05AB2	1	대사	【アル】気温も下がってきたことだし、あの広々とした滑走路に、	
10044	D1:4305:05AF2	1	대사	【アル】大の字に寝たら気持ちいいんだろうなぁ‥‥。	
10045	D1:4305:05B26	1	대사	【アル】一晩中だって、寝ていられそうだ。	
10046	D1:4305:05C64	1	선택지	　全力疾走	
10047	D1:4305:05C70	1	대사	【アル】酸欠で死にたくはないな。	
10048	D1:4305:05C94	1	대사	【アル】こういう長く続く白線を見ていると、無性に走りたくなるな。	
10049	D1:4305:05CD8	1	대사	【アル】昔は１００メートルを１１秒台で走ったものだ。ちょっと走ってみるかな‥‥。	
10050	D1:4305:05D2C	1	대사	【アル】ヨーイ‥‥‥‥。	
10051	D1:4305:05D48	1	대사	【アル】‥‥やっぱりやめよう。よく見てみると、この滑走路は長すぎる。	
10052	D1:4305:05D90	1	대사	【アル】向こうに着く頃には、酸欠で死んでいるかもしれない。	
10053	D1:4305:05DCE	1	대사	【アル】最近体力が衰えぎみだからな‥‥	
10054	D1:4305:05DF8	1	대사	【アル】取材は体力が基本だ、こんなことじゃいけないんだが。	
10055	D1:4305:06144	1	대사	【アル】飛行場をボーっと眺めていてもしょうがない。どこか他のところに移動しよう。	
10056	D1:4305:06198	1	대사	【アル】しかしカズミさん、飛行場に何の用だったんだろうな。	
10057	D1:4305:061D6	1	대사	【アル】聞いてもどうせノーコメントなんだろうし‥‥。	
10058	D1:4305:0620E	1	대사	【アル】ま、そういうことを調べるのも記者魂ってものだ。	
10059	D1:4305:06248	1	대사	【アル】カズミさんはもういない‥‥。	
10060	D1:4305:06292	1	대사	【アル】しかしあそこまでキツく言う必要、ないと思うんだがな。	
10061	D1:4305:062D2	1	대사	【アル】そりゃ確かに、俺もやましいことが無いって堂々と言いきれないけど‥‥。	
10062	D1:4305:06460	1	대사	【アル】ちょっと顔が恐いな‥‥。	
10063	D1:4305:06484	1	대사	【カズミ】何か言ったかしら？	
10064	D1:4305:064AC	1	대사	【アル】い、いや何も‥‥。	
10065	D1:4305:064CA	1	대사	【アル】（ずいぶんと厳しい顔をしているな‥‥笑った方が断然可愛らしいのに。）	
10066	D1:4305:0651A	1	대사	【アル】（などと言えるような感じじゃないな。）	
10067	D1:4305:0654C	1	대사	【アル】飛行機はもう離陸していないらしいな。	
10068	D1:4305:0657C	1	대사	【アル】俺が乗ってきた飛行機は、もういないようだ‥‥。	
10069	D1:4305:065B6	1	대사	【カズミ】飛行場に何か用なのかし{n00}ら？	
10070	D1:4305:065E8	1	대사	【アル】いや、用というほどではないんだけど‥‥。	
10071	D1:4305:06634	1	대사	【アル】カズミさんが目の前にいる。彼女は何をしていたんだろう。	
10072	D1:4305:06676	1	대사	【アル】あたりに人はほとんど見えない。カズミさんが俺の目の前にたっているだけだ。	
10073	D1:4305:066CA	1	대사	【カズミ】何を見ているの？	
10074	D1:4305:06714	1	대사	【アル】もうちょっとカズミさんと話そうぜ。	
10075	D1:4305:06742	1	대사	【アル】シルビアよりは、カズミさんと話していたいな。	
10076	D1:4305:0677A	1	대사	【カズミ】私はあなたと別に話していたくないわ。	
10077	D1:4305:067B4	1	대사	【アル】とかなんとか言っちゃって。	
10078	D1:4305:067F2	1	대사	【アル】ハハハ‥‥そのちょっと怒った顔もまた素敵ですね。	
10079	D1:4305:0682E	1	대사	【アル】カズミさんともう少し話そうぜ。	
10080	D1:4305:06858	1	대사	【アル】研究所か‥‥いやしかし、カズミさんともう少し話した方がいい気もするし‥‥。	
10081	D1:4305:068AE	1	대사	【カズミ】うろうろと、せわしい人ね。	
10082	D1:4305:068DE	1	대사	【アル】宿舎よりも、カズミさんと話した方がいいだろう。	
10083	D1:4305:06918	1	대사	【アル】いや、宿舎よりもカズミさんと話した方がいいだろう。	
10084	D1:4305:06956	1	대사	【カズミ】別に私はあなたと話す気はないのだけど。	
10085	D1:4305:06992	1	대사	【アル】そんなつれないこと、いいっこなしですぜ、旦那。	
10086	D1:4305:069CC	1	대사	【カズミ】‥‥変な人ね。	
10087	D1:4305:069F0	1	대사	【アル】今はカズミさんと、もう少し話そうぜ。	
10088	D1:4305:06A20	1	대사	【アル】浜辺には後で行けばいい。今はカズミさんともう少し話そう。	
10089	D1:4305:06A64	1	대사	【カズミ】何をそわそわしているの？　変な人ね。	
10090	D1:4305:06A9E	1	대사	【アル】いや、何というか、もよおしちゃって。	
10091	D1:4305:06AE6	1	대사	【アル】（そんな汚いモノを見るような目で、{n00}見ないでくれよ。）	
10092	D1:4305:06B28	1	선택지	　カズミの事	
10093	D1:4305:06B36	1	대사	【カズミ】取材なら財団の広報課を通して頂戴。それ以外はノーコメント。	
10094	D1:4305:06B86	1	대사	【アル】取材じゃないさ。それに聞きたかったんだけど、機内での忠告。	
10095	D1:4305:06BCC	1	대사	【カズミ】忠告？	
10096	D1:4305:06BE8	1	대사	【アル】ああ、ここ《デザイア》は物騒だとか、なんとか。	
10097	D1:4305:06C22	1	대사	【カズミ】ああ、あれはごく普通の忠告よ。最近は物騒だわ、強盗・恐喝・強姦‥‥、	
10098	D1:4305:06C7E	1	대사	【カズミ】悲しいことに、日常茶飯事で行われている。	
10099	D1:4305:06CBE	1	대사	【アル】ここ《デザイア》でも？	
10100	D1:4305:06CE0	1	대사	【カズミ】さあ、どうかしらね。私は一般的な忠告として言っただけ。	
10101	D1:4305:06D2C	1	대사	【アル】そうかな‥‥そうは思えないな。	
10102	D1:4305:06D56	1	대사	【カズミ】あなたがどう思おうとそれは自由よ。ただそれを真実と勘違いしないことね、	
10103	D1:4305:06DB4	1	대사	【カズミ】ＳＮＴに代表する二流紙の悪い癖だわ。	
10104	D1:4305:06DF0	1	대사	【アル】（‥‥ちぇっ、二流二流って言わなくてもいいじゃないか。）	
10105	D1:4305:06E34	1	대사	【カズミ】いい？　もう一度言っておくわ、	
10106	D1:4305:06E6A	1	대사	【カズミ】自分勝手に出歩かないこと。聞けない場合は取材を中止させるわ。	
10107	D1:4305:06EBE	1	대사	【アル】わ、わかったよ。	
10108	D1:4305:06EDA	1	대사	【カズミ】ものわかりがいい人、私は好きよ。じゃ‥‥。	
10109	D1:4305:06F24	1	대사	【アル】‥‥ふぅ。	
10110	D1:4305:06F3A	1	대사	【アル】まいったな。色々と出歩こうと思っていた矢先だったからな‥‥	
10111	D1:4305:06F80	1	대사	【アル】出鼻を挫かれること甚だしい。	
10112	D1:4305:06FA6	1	대사	【アル】だがこんなことでメゲるようじゃ、記者なんてやってられないぜ。	
10113	D1:4305:06FEE	1	대사	【アル】じゃあ聞くけどさ、カズミさんは何で出歩いてるんだい？	
10114	D1:4305:0702E	1	대사	【カズミ】私は‥‥部外者じゃないからよ。	
10115	D1:4305:07062	1	대사	【アル】（かかったな。）へぇ、じゃあどういう関わりがあるんだい？	
10116	D1:4305:070BE	1	대사	【アル】そういえばカズミさん、聞くところによると、財団の人なんだって？	
10117	D1:4305:07108	1	대사	【カズミ】‥‥誰から聞いたの？	
10118	D1:4305:07132	1	대사	【アル】いや、巷の風聞さ。	
10119	D1:4305:07150	1	대사	【カズミ】フフ、二流紙とはいえ、さすがに記者ね。めざといこと‥‥。	
10120	D1:4305:071BE	1	대사	【カズミ】部外者は勝手に出歩いてはいけないの。	
10121	D1:4305:071F8	1	대사	【アル】カズミさん、どうしたんだい？	
10122	D1:4305:07246	1	대사	【カズミ】アルバート、あなたここで何をやっているの？	
10123	D1:4305:07286	1	대사	【アル】何って‥‥散歩さ。	
10124	D1:4305:072A4	1	대사	【カズミ】部外者は勝手に出歩かないって、あなた聞いていないの？	
10125	D1:4305:072EE	1	대사	【アル】‥‥そ、そりゃそうだけど、	
10126	D1:4305:07314	1	대사	【アル】でもあの部屋にじっとしていろというのは、酷じゃないか？	
10127	D1:4305:07354	1	대사	【カズミ】いやなら取材を中止して帰ることね。誰も止めやしないわ。	
10128	D1:4305:073A0	1	대사	【アル】‥‥	
10129	D1:4305:073B0	1	대사	【アル】（なんだよ、{n00}そんなに冷たく言うことないじゃないか。）	
10130	D1:4305:073F0	1	대사	【アル】（そりゃ確かに探索しようとしていたけど‥‥。）	
10131	D1:4396:03152	4	대사	【アル】ここは浜辺だ‥‥。	
10132	D1:4396:03170	1	대사	【アル】今日は仕事の日じゃないんだけど‥‥‥‥純粋に釣りでも楽しんでみるかな。	
10133	D1:4396:031EA	1	대사	【アル】ここで魚をとるのが、俺の仕事なんだな。カルシウムは身体にいいんだぜ。	
10134	D1:4396:03244	2	대사	【アル】ここは浜辺だ。	
10135	D1:4396:0327C	1	대사	【アル】これだけ方々を歩き回って、誰とも会えないということは‥‥。	
10136	D1:4396:032C2	1	대사	【アル】ここ《デザイア》には、もう人がいなくなってしまったのかもしれない。	
10137	D1:4396:03310	1	대사	【アル】俺１人を残して‥‥‥‥。	
10138	D1:4396:0334E	1	대사	【アル】フフン、デフォーの小説を思い出すな。	
10139	D1:4396:0337E	1	대사	【アル】外部との連絡を途絶され、まわりに人は誰もいなく、	
10140	D1:4396:033BA	1	대사	【アル】自給自足を余儀なくされる‥‥。	
10141	D1:4396:033E4	1	대사	【アル】さしずめ、孤島に孤立したロビンソンといったところか。	
10142	D1:4396:03424	1	대사	【アル】はぁ、際限なく悪い方へと、思考のベクトルが向いてしまうな‥‥。	
10143	D1:4396:0346E	1	대사	【アル】ま、これはあくまで最悪のことさ。	
10144	D1:4396:0349A	1	대사	【アル】《デザイア》みたいな、大規模な研究施設から何の音沙汰もなければ、	
10145	D1:4396:034E6	1	대사	【アル】誰かが不審に思うはずだ。	
10146	D1:4396:0350A	1	대사	【アル】誰かが‥‥‥‥誰かって、誰だろうな。	
10147	D1:4396:03554	1	대사	【アル】でも、本当に綺麗な浜辺だよな‥‥寂しい感動ってあるだろう？	
10148	D1:4396:0359A	1	대사	【アル】なんて言ったらいいんだろう、	
10149	D1:4396:035C2	1	대사	【アル】思春期の若者が、落ち葉を見て涙を流すような感覚だな。	
10150	D1:4396:0361C	1	대사	【アル】そういえば、ここでティーナと会ってからだな‥‥色々あった。	
10151	D1:4396:03662	1	대사	【アル】そう、ちょうどあのあたりにティーナが‥‥‥‥。	
10152	D1:4396:036AE	1	대사	【アル】な、何かティーナが駆け寄ってくるような‥‥目の錯覚か！？	
10153	D1:4396:036F2	1	대사	【ティーナ】アルぅーーっ！！	
10154	D1:4396:0371A	1	대사	【アル】ティーナ！？	
10155	D1:4396:03732	1	대사	【ティーナ】アルぅーーーーっ！！！	
10156	D1:4396:03760	2	대사	【アル】ティーナ！！	
10157	D1:4396:03784	1	대사	【ティーナ】アルぅ‥‥‥‥会いたかったの！　ティーナ、会いたかったの！！	
10158	D1:4396:037D8	1	대사	【アル】俺もさ‥‥‥‥どこへ行っていたんだ？	
10159	D1:4396:03808	1	대사	【ティーナ】わかんないの、ティーナ、海のとこに倒れてたの。	
10160	D1:4396:0384E	1	대사	【アル】そうか、{n00}歩き回ったのかい？	
10161	D1:4396:03876	1	대사	【ティーナ】ちょっぴりアルのこと、捜しちゃった！	
10162	D1:4396:038B2	1	대사	【アル】やっぱり１人よりは２人だよな。	
10163	D1:4396:038DC	1	대사	【ティーナ】うん、ティーナ、２人の方がいい！	
10164	D1:4396:03914	1	대사	【アル】大丈夫だ、もう寂しくないだろう？	
10165	D1:4396:03940	1	대사	【ティーナ】うん！　ティーナ、寂しくない！！	
10166	D1:4396:03978	1	대사	【アル】よーしよし。	
10167	D1:4396:03990	1	대사	【ティーナ】アルぅー、スリスリ。	
10168	D1:4396:039BC	1	대사	【アル】へへっ‥‥‥‥{s00}さてと。	
10169	D1:4396:039E0	1	대사	【ティーナ】さてと？	
10170	D1:4396:03A00	1	대사	【アル】あぁ、これからしばらく、ここにいることになりそうだぜ。いいかい？　王女様。	
10171	D1:4396:03A56	1	대사	【ティーナ】ティーナ、アルと一緒だったら、ぜんっぜんかまわない！	
10172	D1:4396:03AA2	1	대사	【アル】嬉しいこと言ってくれるね‥‥‥‥じゃぁ、まずはだ。	
10173	D1:4396:03AE0	1	대사	【ティーナ】まず？	
10174	D1:4396:03AFE	1	대사	【アル】まずは、食料の確保だな。	
10175	D1:4396:03B22	1	대사	【ティーナ】お食事？　ティーナお腹すいたぁ！！	
10176	D1:4396:03B5C	1	대사	【アル】へへっ、実を言うと俺もだ。	
10177	D1:4396:03B82	1	대사	【ティーナ】クスクスッ！	
10178	D1:4396:03BA6	1	대사	【アル】ま、無人島になっちまったとはいえ、２人きりだしな‥‥。	
10179	D1:4396:03BE8	1	대사	【アル】ここにある食料備蓄で、数か月は多分もつだろう。	
10180	D1:4396:03C22	1	대사	【ティーナ】ティーナ、{n00}お魚も食べたい！	
10181	D1:4396:03C56	1	대사	【アル】よーし、俺が釣り具を作って、ティーナにごちそうしてやるぞ。	
10182	D1:4396:03C9C	1	대사	【ティーナ】きゃは！　ありがとう、アルぅ‥‥‥‥チュッ！	
10183	D1:4396:03CE0	1	대사	【アル】へへっ、王女様のためだからな。	
10184	D1:4396:03D28	1	대사	【アル】ま、しばらくの辛抱さ。すぐに助けがくる‥‥‥‥すぐにな。	
10185	D1:4396:03D6C	1	대사	【ティーナ】すぐって、どれくらい？	
10186	D1:4396:03D9A	1	대사	【アル】そうだなぁ‥‥‥‥まぁつまり、遅くはならないってことだよ、うん。	
10187	D1:4396:03DE6	1	대사	【ティーナ】それまでは、アルと一緒にいられるのね！？	
10188	D1:4396:03E26	1	대사	【アル】あぁ、僭越ながら、王女様のお供をさせて戴きますぜ。	
10189	D1:4396:03E64	1	대사	【ティーナ】アルぅー、大好きよぉ！！　スリスリぃ！	
10190	D1:4396:03EA2	1	대사	【アル】へへっ‥‥‥‥。	
10191	D1:4396:03EBE	1	대사	【アル】（問題はどのくらいで、助けが来るのかだな‥‥。）	
10192	D1:4396:03EFA	1	대사	【アル】（当分ここに足止めらしい。とりあえず食糧備蓄は豊富だし）	
10193	D1:4396:03F3E	1	대사	【アル】（何とか暮らしていけるだろう‥‥。）	
10194	D1:4396:03F6E	1	대사	【アル】（ま、すぐに誰かやってくるさ。ここは《デザイア》だぜ‥‥‥‥。）	
10195	D1:4396:03FE2	1	대사	【アル】早いもんだな‥‥また、あの鳥がここにやってきたよ。	
10196	D1:4396:04020	1	대사	【アル】いつもいつも、収穫の小魚を狙っていやがる。	
10197	D1:4396:04056	1	대사	【アル】ま、あいつも生きるために、必死なんだろうがな‥‥‥‥‥ほら、やるぜ。	
10198	D1:4396:040A6	1	대사	ポイッ。	
10199	D1:4396:040B6	1	대사	【アル】おっ、{n00}ナーイスキャーッチ！	
10200	D1:4396:040DE	1	대사	【アル】へへっ、ああいう無邪気なところを見ると、またあげたくなってくる。	
10201	D1:4396:0412A	1	대사	【アル】っとっと、今日の夕食がなくなるところだった。	
10202	D1:4396:04180	1	대사	【アル】あれから６年の歳月が過ぎた‥‥‥‥。	
10203	D1:4396:041B0	1	대사	【アル】６年といっても、きっちりと数えた訳じゃあない。	
10204	D1:4396:041EA	1	대사	【アル】単に日の昇る回数を数えただけさ。	
10205	D1:4396:04216	1	대사	【アル】数え忘れた日もあるし、あるいは何日か端折った時もあったから正確じゃないぜ。	
10206	D1:4396:0426C	1	대사	【アル】だからもしかしたら、１、２年かもしれないし、	
10207	D1:4396:042A4	1	대사	【アル】あるいは１０年くらいたっている可能性だってある。	
10208	D1:4396:042E0	1	대사	【アル】ま、とりあえず６年くらい、ってことだ。	
10209	D1:4396:04330	1	대사	【アル】結局ここ《デザイア》には、人がいなかった。	
10210	D1:4396:04366	1	대사	【アル】あれから《デザイア》の隅々まで、くまなく探索したんだが‥‥‥‥。	
10211	D1:4396:043B2	1	대사	【アル】人が他にいる気配は、全くといってなかった。	
10212	D1:4396:043E8	1	대사	【アル】すぐに来ると思っていた助けも、一向に現れる気配はない。	
10213	D1:4396:0442A	1	대사	【アル】おまけに通信機は、相変わらず耳障りなノイズを聞かせてくれるだけで、	
10214	D1:4396:04478	1	대사	【アル】改善の見込みは一向にない‥‥。	
10215	D1:4396:044A2	1	대사	【アル】木を切ってイカダでも作って脱出しようという計画もあったがな‥‥。	
10216	D1:4396:044EE	1	대사	【アル】地図をみて放り出しちまった。一番近い島まで、１００キロだとさ。	
10217	D1:4396:04538	1	대사	【アル】えっ、飛行機はどうしたかって？	
10218	D1:4396:04562	1	대사	【アル】俺に操縦できる訳がないだろう、自殺をしに飛ぶようなもんだ。	
10219	D1:4396:045A8	1	대사	【アル】どういう訳かわからないが、	
10220	D1:4396:045CE	1	대사	【アル】ここ《デザイア》は、完全に外部から孤立しているみたいだった。	
10221	D1:4396:04616	1	대사	【アル】空は相変わらずどんよりと曇っていて、	
10222	D1:4396:04646	1	대사	【アル】明るい陽射しなどここ数年、お目にかかったことがない。	
10223	D1:4396:04686	1	대사	【アル】食料の備蓄が絶えてからは、もっぱら自給自足だな。	
10224	D1:4396:046C2	1	대사	【アル】木ノ実を植え、魚をとり、青菜などを摘む訳だ。	
10225	D1:4396:046FA	1	대사	【アル】そう、俺たち２人が、つつましく暮らすには十分な量の食料を難なく調達できた。	
10226	D1:4396:0476A	1	대사	【アル】そう、ここには俺たち２人が暮らしている。２人だけで‥‥。	
10227	D1:4396:047AE	1	대사	【アル】もう１人はどこに行ったのかって？　それは‥‥‥‥。	
10228	D1:4396:047EC	1	대사	【ティーナ】アルーーーーっ！	
10229	D1:4396:04814	1	대사	【アル】来た来た、王女様のお出ましだ。	
10230	D1:4396:0483E	1	대사	【ティーナ】アル、ほら見て！	
10231	D1:4396:0486C	2	대사	【アル】どうしたんだい？	
10232	D1:4396:04888	1	대사	【ティーナ】ほら、これあそこで見つけたの。	
10233	D1:4396:048BE	1	대사	【アル】へぇ、カメラか。	
10234	D1:4396:048DA	1	대사	【ティーナ】もう、アルには情緒というものが無いの？	
10235	D1:4396:0491A	1	대사	【ティーナ】もう少し感激してくれても、いいんじゃないかしら。	
10236	D1:4396:04964	1	대사	【アル】へいへい。んじゃまぁ、おっほん‥‥‥‥‥‥。	
10237	D1:4396:0499C	1	대사	【アル】ぎょえーっ、こ、こ、これは！	
10238	D1:4396:049C4	1	대사	【アル】なんと形容してよいのかわからないが、凄過ぎる！！	
10239	D1:4396:04A00	1	대사	【ティーナ】クスクスッ！　もう、いつもそうなんだから。	
10240	D1:4396:04A42	1	대사	【アル】うん、でもちゃんと撮れるのかな。	
10241	D1:4396:04A6E	1	대사	【ティーナ】んー、わからない。	
10242	D1:4396:04A98	1	대사	【アル】貸してみろよ。俺はこう見えても、昔はカメラマンを兼任していたんだ。	
10243	D1:4396:04AE6	1	대사	【ティーナ】さっすが、頼りになるぅ。	
10244	D1:4396:04B16	1	대사	【アル】へへっ‥‥‥‥ふーん、インスタントに近いなぁ。	
10245	D1:4396:04B50	1	대사	【アル】でも、フィルムは入っているようだ。	
10246	D1:4396:04B7E	1	대사	【ティーナ】写せるの？	
10247	D1:4396:04BA0	1	대사	【アル】写せる‥‥おっ、タイマ内蔵タイプだ。ツーショットでいけるぜ。	
10248	D1:4396:04BE8	1	대사	【ティーナ】ホント！？　私、アルと一緒にとりたい！	
10249	D1:4396:04C26	1	대사	【アル】しょうがないな‥‥んじゃあ‥‥‥‥こうして、こう、かな？	
10250	D1:4396:04C7A	1	대사	【アル】ほら、早く来い！	
10251	D1:4396:04CA0	1	대사	【ティーナ】あぁ！　ちゃ、ちゃんと撮れたかな‥‥。	
10252	D1:4396:04CDE	1	대사	【アル】さぁ。	
10253	D1:4396:04CF0	1	대사	【ティーナ】もう１回！　もう１回撮ろう！	
10254	D1:4396:04D24	1	대사	【アル】残念でした、もうフィルム切れ。	
10255	D1:4396:04D4E	1	대사	【ティーナ】えーっ！	
10256	D1:4396:04D6E	1	대사	【アル】まぁいいじゃないか。	
10257	D1:4396:04D8E	1	대사	【アル】いつか現像して見せてやるよ‥‥フィルムを巻いて‥‥ポンっと。	
10258	D1:4396:04DD6	1	대사	【ティーナ】ねぇ、いつ見れるの？	
10259	D1:4396:04E02	1	대사	【アル】そうだな、現像液とかが無いと、難しいね。	
10260	D1:4396:04E36	1	대사	【ティーナ】それって、作れるの？	
10261	D1:4396:04E62	1	대사	【アル】不可能じゃないけどね。ま、当分は無理だな。	
10262	D1:4396:04EB6	1	대사	【アル】大丈夫だよ、ちゃんと可愛く撮れてるさ。	
10263	D1:4396:04EE8	1	대사	【ティーナ】クスクスッ、そうだといいな‥‥。	
10264	D1:4396:04F20	1	대사	【アル】ティーナ、{n00}今日もあそこに？	
10265	D1:4396:04F48	1	대사	【ティーナ】うん。あのお部屋にある本って、面白い本ばかりなんだもの。	
10266	D1:4396:04F98	1	대사	【アル】ふーん、あんな小難しい本と睨めっこしていて、楽しいか？	
10267	D1:4396:04FDA	1	대사	【ティーナ】楽しいと言うよりは、知的好奇心を満足させてくれるって感じかしら。	
10268	D1:4396:05032	1	대사	【アル】おっ、言うようになったな‥‥‥‥そんなもんなのかね。	
10269	D1:4396:05072	1	대사	【ティーナ】ウフフ、そんなもんなの！‥‥‥‥あら。	
10270	D1:4396:050C6	1	대사	【ティーナ】今日はいつもより沢山お魚さんが‥‥‥‥なんで？	
10271	D1:4396:0510C	1	대사	【アル】明後日、ティーナの誕生日だろう？　ま、盛大なご馳走を作ろうと思ってさ。	
10272	D1:4396:0515E	1	대사	【ティーナ】アル‥‥‥‥ありがとう！　とっても嬉しい！！	
10273	D1:4396:051A2	1	대사	【アル】へへっ、確かもう１８‥‥くらいだよな？	
10274	D1:4396:051D4	1	대사	【ティーナ】ティーナ、明後日でもう１８よ。そうよね？	
10275	D1:4396:05214	1	대사	【アル】（ティーナの年齢は不詳なんだが‥‥）	
10276	D1:4396:05244	1	대사	【アル】（俺が６年前、あいつの年齢を勝手に決めちまったせいだ。）	
10277	D1:4396:05288	1	대사	【ティーナ】じゃあ私、徹夜で用意するね。明後日は、いっぱいお祝いして！	
10278	D1:4396:052DA	1	대사	【アル】その日に備えて、今日は早く寝るの。	
10279	D1:4396:05308	1	대사	【ティーナ】えーーーっ！	
10280	D1:4396:0532C	1	대사	【アル】えー、じゃない。たっぷり寝ないと、おっきくなれないぞ。	
10281	D1:4396:0536E	1	대사	【ティーナ】ティーナ、もう大きくなったもん。	
10282	D1:4396:053A6	1	대사	【アル】大きくって‥‥どこがだよ。	
10283	D1:4396:053CC	1	대사	【ティーナ】色々なところが！	
10284	D1:4396:053F4	1	대사	【アル】あっ、そう。（な、何だかドキドキするぞ。）	
10285	D1:4396:05466	1	대사	【ティーナ】ティーナ、大きくなったよ。	
10286	D1:4396:05498	1	대사	【アル】あぁ、すくすく育ったな、いいことだ。	
10287	D1:4396:054C8	1	대사	【ティーナ】もう、違うわ。ほら‥‥‥‥。	
10288	D1:4396:05514	1	대사	【ティーナ】もういい！	
10289	D1:4396:05536	1	대사	【アル】あっ‥‥‥。	
10290	D1:4396:0554E	1	대사	【アル】なにプリプリしてるんだよ‥‥年頃の女の子はわからないよな。	
10291	D1:4396:05594	1	대사	【アル】ま、明後日は盛大に祝って、王女様のご機嫌を直してもらおうか‥‥。	
10292	D1:4396:055E6	1	대사	【アル】ま、こんな感じさ。毎日がだいたいこの調子‥‥‥‥。	
10293	D1:4396:05624	1	대사	【アル】俺とティーナは６年間、こういう生活を繰り返してきたんだ。	
10294	D1:4396:05668	1	대사	【アル】いつ来るかわからない救助を待ちながら‥‥‥‥。	
10295	D1:4396:056BC	1	대사	【アル】無論、毎日を無為に過ごしてきた訳じゃない。	
10296	D1:4396:056F2	1	대사	【アル】ティーナには、読み書きや、社会一般の常識などもきちんと教えてきたつもりだ。	
10297	D1:4396:05748	1	대사	【アル】最近は、どうも読書に励んでいるようだ。独学に勤しむ姿が著しい。	
10298	D1:4396:05792	1	대사	【アル】今じゃ、俺も知らないような、	
10299	D1:4396:057BA	1	대사	【アル】妙に小難しい事を俺の前でそらんじてみせることもある。	
10300	D1:4396:057FA	1	대사	【アル】どうも俺に、自慢をしたくてやっているみたいだ‥‥。	
10301	D1:4396:05838	1	대사	【アル】可愛いところもあるじゃないか。	
10302	D1:4396:05862	1	대사	【ティーナ】ん‥‥‥‥。	
10303	D1:4396:05886	1	대사	ムニュ。	
10304	D1:4396:058B4	1	대사	【アル】最近は発育がいいんだよな、こいつ。	
10305	D1:4396:058E2	1	대사	【アル】もう年頃なんだから、寝室を別々にしようって、言ったんだがなぁ。	
10306	D1:4396:0592C	1	대사	【アル】だって、涙を流して嫌がられたら、しようがないだろう？	
10307	D1:4396:0596C	1	대사	【アル】こいつにはもう少し、男ってものを知らさないといけないな。	
10308	D1:4396:059B0	1	대사	【アル】タンクトップにパンティー１枚で一緒に寝るか？　普通。	
10309	D1:4396:059F0	1	대사	【アル】‥‥‥‥だけど性教育なんて、女の子にできないしな、俺は。	
10310	D1:4396:05A34	1	대사	【アル】自慢じゃないが、俺だって健康な男子だぜ。	
10311	D1:4396:05A68	1	대사	【アル】発育の良い女の子が隣に寝ていたら、ムラムラっとくる時があるさ。	
10312	D1:4396:05AB2	1	대사	【アル】俺はなけなしの理性を、総動員しなくちゃいけないハメに陥っている訳さ。	
10313	D1:4396:05B02	1	대사	【アル】だけど‥‥‥‥。	
10314	D1:4396:05B1E	1	대사	【アル】だけど、ティーナに手を出したことなんてない。キスだってしていないんだぜ。	
10315	D1:4396:05B72	1	대사	【アル】ティーナは俺の、おっきな娘みたいなもんだ。	
10316	D1:4396:05BA8	1	대사	【アル】無論、娘なんて持ったことないけど、	
10317	D1:4396:05BD6	1	대사	【アル】もしいたとしたら、こんな感覚なんだろうか。	
10318	D1:4396:05C0C	1	대사	【アル】こいつにだけは、幸せになって欲しいっていうアレさ。	
10319	D1:4396:05C4A	1	대사	【アル】へへっ、俺もジジイになったかな‥‥。	
10320	D1:4396:05C7A	1	대사	【ティーナ】ん‥‥‥アル‥‥‥？	
10321	D1:4396:05CAC	1	대사	【アル】ごめんな、起こしてしまったか‥‥。	
10322	D1:4396:05CDA	1	대사	【ティーナ】ううん、構わない‥‥‥‥アル、寝られないの？	
10323	D1:4396:05D1E	1	대사	【アル】いや、ちょっと考え事をしていたのさ。	
10324	D1:4396:05D4E	1	대사	【ティーナ】どんなこと？	
10325	D1:4396:05D72	1	대사	【アル】そうだな、まぁ総じて言えばティーナのこと、かな？	
10326	D1:4396:05DAE	1	대사	【ティーナ】嬉しい‥‥‥‥アル、いつもティーナのことを考えてくれてるのね。	
10327	D1:4396:05E04	1	대사	【アル】あぁ、俺はいつも考えている。お前がどうすれば幸せになれるかなって。	
10328	D1:4396:05E52	1	대사	【ティーナ】ティーナ、今とっても幸せよ。	
10329	D1:4396:05E86	1	대사	【アル】おいおい、こんなことで幸せを感じるなよ。	
10330	D1:4396:05EBA	1	대사	【アル】世間にはもっといいことが溢れかえってるんだぜ。	
10331	D1:4396:05EF4	1	대사	【ティーナ】ううん、ティーナ、ここでの生活、ここでの毎日がとっても素敵に感じる。	
10332	D1:4396:05F52	1	대사	【ティーナ】もう他の幸せなんか、いらないわ。	
10333	D1:4396:05F8C	1	대사	【アル】なんとも無欲なことだな。	
10334	D1:4396:05FB0	1	대사	【ティーナ】ウフフ‥‥毎日がすっごく楽しいわ。充実しているの。	
10335	D1:4396:05FFA	1	대사	【アル】そうだな‥‥。	
10336	D1:4396:06014	1	대사	【アル】じゃあ明日も充実していることを祈りつつ、今日はもう寝るとしようか。	
10337	D1:4396:06062	1	대사	【ティーナ】お誕生日祝い、期待してる。	
10338	D1:4396:06094	1	대사	【アル】おぉ、豪勢に祝ってやるぜ。	
10339	D1:4396:060BA	1	대사	【ティーナ】うん‥‥‥‥おやすみ‥‥‥‥。	
10340	D1:4396:060F0	1	대사	【アル】あぁ、おやすみ‥‥‥‥。	
10341	D1:4396:06126	1	대사	【アル】ここは浜辺だ‥‥‥‥。	
10342	D1:4396:06148	1	대사	【アル】もともとここには、ほとんど人が来ないが‥‥寒々しい。	
10343	D1:4396:06188	1	대사	【アル】もっとも、空が多少くすんでいることを除けば、	
10344	D1:4396:061C0	1	대사	【アル】いつも通りと言うこともできるが‥‥。	
10345	D1:4396:061FA	1	대사	【アル】ここは浜辺だ‥‥あたりに人はいない。	
10346	D1:4396:06234	1	대사	【アル】ここは浜辺だ‥‥あたりに人は誰もいないようだな。	
10347	D1:4396:0627A	1	대사	【アル】あっ、マルチナさん‥‥。	
10348	D1:4396:0629E	1	대사	【マルチナ】どうしたの？　こんな人気のない浜辺に来て。	
10349	D1:4396:062E0	1	대사	【アル】い、いやその、何気なしにね。	
10350	D1:4396:06308	1	대사	【マルチナ】アルは飛行機でここを出ないのかしら。	
10351	D1:4396:06344	1	대사	【アル】ええ、まだちょっと用事が残っていまして‥‥。	
10352	D1:4396:0637C	1	대사	【アル】（ティーナのことを話してもいいのかどうか‥‥。）	
10353	D1:4396:063B8	3	대사	【マルチナ】そう‥‥。	
10354	D1:4396:063E4	1	대사	【アル】ここは浜辺だ‥‥‥‥もうこんな時間なのか。	
10355	D1:4396:0641A	1	대사	【アル】赤く染まった海が、結構綺麗だな。	
10356	D1:4396:06446	1	대사	【アル】カズミさん、まだいるのかな‥‥？	
10357	D1:4396:0648C	1	대사	【アル】あれ、あそこにいるのは‥‥‥‥。	
10358	D1:4396:064B8	1	대사	【アル】カズミさん、うずくまって何をしているんだ？	
10359	D1:4396:064F4	1	대사	【アル】ど、どうしたんだよ。	
10360	D1:4396:06514	1	대사	【カズミ】べ、別に何でもないわ‥‥痛っ。	
10361	D1:4396:06548	1	대사	【アル】何でもない訳ないだろう、血が出てるじゃないか。	
10362	D1:4396:06582	1	대사	【カズミ】このくらい‥‥うっ。	
10363	D1:4396:065AC	1	대사	【アル】そうか、石か何かを素足で踏んだんだな。	
10364	D1:4396:06602	1	대사	【アル】カズミさんらしからぬ、というところだな。	
10365	D1:4396:06636	1	대사	【アル】なんで、高級サンダルあたりを履かなかったんだよ。	
10366	D1:4396:06672	1	대사	【カズミ】砂の‥‥‥‥。	
10367	D1:4396:066A6	1	대사	【カズミ】砂の熱さを、直接肌で感じたかったのよ。	
10368	D1:4396:066E2	1	대사	【アル】へぇ、可愛らしいところもあるんだな。どれ、見せてみな。	
10369	D1:4396:06724	1	대사	【カズミ】い、痛っ‥‥ら、乱暴にしないで。	
10370	D1:4396:0675A	1	대사	【アル】そんなに酷くはないな。でも、ここって切ると痛いんだよ。	
10371	D1:4396:0679C	1	대사	【カズミ】ええ、確かに酷く痛むわ。	
10372	D1:4396:067CA	1	대사	【アル】ほらっ。	
10373	D1:4396:067DE	1	대사	【カズミ】な、なによ、背中なんか向けて。	
10374	D1:4396:06812	1	대사	【アル】遠慮なんかするなよ、ちゃんとオンブしてやるぜ。	
10375	D1:4396:0684C	1	대사	【カズミ】い、いやよ。	
10376	D1:4396:0686E	1	대사	【アル】ははぁ、俺がいい男なんでドキドキしてるな。	
10377	D1:4396:068A4	1	대사	【カズミ】ば、バカ言わないで。傷が深くないなら大丈夫よ、歩いて帰れるわ‥‥痛っ！	
10378	D1:4396:06900	1	대사	【アル】ほら、言わんこっちゃない。ガンコは可愛くないぜ‥‥よっと。	
10379	D1:4396:06950	1	대사	【カズミ】か、勝手に‥‥やめて！	
10380	D1:4396:0697C	1	대사	【アル】へぇ、カズミさんって意外に胸が大きいんだな、着痩せするタイプ？	
10381	D1:4396:069C6	1	대사	【カズミ】バカ。ひ、人に見られたらどうするのよ‥‥おろして頂戴。	
10382	D1:4396:06A12	1	대사	【アル】別にいいじゃないか、見られて減るもんじゃないし。	
10383	D1:4396:06A4E	1	대사	【カズミ】減るわ。	
10384	D1:4396:06A7E	1	대사	【カズミ】私の自尊心よ。	
10385	D1:4396:06AA2	1	대사	【アル】セコいこと言うなって。	
10386	D1:4396:06AC4	1	대사	【アル】俺におぶられたくらいで、カズミさんの鉄の自尊心が揺らぐかよ。	
10387	D1:4396:06B0C	1	대사	【カズミ】それ、褒めているつもりかしら。	
10388	D1:4396:06B40	1	대사	【アル】あぁ、最大限の賛辞だぜ。	
10389	D1:4396:06B64	1	대사	【カズミ】フフ、本当に変な人ね‥‥でも何も出ないわよ。	
10390	D1:4396:06BA6	1	대사	【アル】別に。俺が期待しているのは、カズミさんの身体だけだから。	
10391	D1:4396:06C0A	1	대사	【アル】へへ、何かに目覚めちゃったりしてね。	
10392	D1:4396:06C3A	1	대사	【カズミ】あなたって、本当に変よ‥‥笑えるくらい、変な人。	
10393	D1:4396:06C80	1	대사	【アル】おぅ、俺は変だぜ。	
10394	D1:4396:06C9E	1	대사	【カズミ】何が目的かは知らないけど‥‥。	
10395	D1:4396:06CD2	1	대사	【アル】ほら、それだよ。	
10396	D1:4396:06CEE	1	대사	【カズミ】な、なによ。	
10397	D1:4396:06D10	1	대사	【アル】カズミさんの悪いところは、	
10398	D1:4396:06D36	1	대사	【アル】他人の善意やジョークに、裏側を見ようとするところだね。	
10399	D1:4396:06D78	1	대사	【カズミ】実際、腹黒い輩はいくらでもいるわ。	
10400	D1:4396:06DB0	1	대사	【アル】ま、財団の内部にずっといれば、そうなっちゃうんだろうけどね。	
10401	D1:4396:06E14	1	대사	【アル】カズミさんの若くピュアな感性が、権力によってねじ曲げられ、	
10402	D1:4396:06E5A	1	대사	【アル】それを普遍と思い込まされる様は、涙無しでは見られないぜ、ククッ‥‥。	
10403	D1:4396:06EAA	1	대사	【カズミ】ウソ泣きでしょ。	
10404	D1:4396:06ED0	1	대사	【アル】へへっ、バレたか。	
10405	D1:4396:06EEE	1	대사	【カズミ】バレバレよ。	
10406	D1:4396:06F10	1	대사	【アル】ま、カズミさんが財団の権力や権威に、嫌気がさしているのは理解できるけどね。	
10407	D1:4396:06F66	1	대사	【カズミ】なぜ？	
10408	D1:4396:06F82	1	대사	【アル】まぁ、これは俺の勘でしかないんだけどさ。	
10409	D1:4396:06FB6	1	대사	【カズミ】そう思うに至った経緯はなに？	
10410	D1:4396:06FE8	1	대사	【アル】へへっ、聞きたい？	
10411	D1:4396:07006	1	대사	【カズミ】聞きたいわ。	
10412	D1:4396:07028	1	대사	【アル】じゃあ教えてやるよ。	
10413	D1:4396:07048	1	대사	【アル】カズミさん、グランチェスタ財団のことを、	
10414	D1:4396:0707C	1	대사	【アル】客観的に『財団』という言い方をしていたろ？	
10415	D1:4396:070B2	1	대사	【アル】俺と会った時から、ずっと。	
10416	D1:4396:070F4	1	대사	【アル】カズミさんは会長の孫で、権力の中枢にいるような人だ。	
10417	D1:4396:07134	1	대사	【アル】権威をかさにきて強弁するような奴だったら、	
10418	D1:4396:0716A	1	대사	【アル】財団のことを『我々』って言うはずさ。	
10419	D1:4396:0719A	1	대사	【カズミ】我々？	
10420	D1:4396:071B6	1	대사	【アル】たぶん、カズミさんはそういう言い方を、嫌うんじゃないかな。	
10421	D1:4396:071FC	1	대사	【カズミ】そうね‥‥。	
10422	D1:4396:0721E	1	대사	【アル】ま、そのことに気付いてから、カズミさんを見る目が変わってきたって感じかな。	
10423	D1:4396:07290	1	대사	【アル】もっとも、確信したのは、さっきのティーナの件でさ。	
10424	D1:4396:072CE	1	대사	【カズミ】ティーナの？	
10425	D1:4396:072F0	1	대사	【アル】あぁ、ティーナが良くなるように取り計らうって、言ってくれたろ？	
10426	D1:4396:0733A	1	대사	【カズミ】そこまで見ていたの‥‥アルバート。	
10427	D1:4396:07372	1	대사	【アル】へへっ、まぁね。俺の女性を見る目はちょっと非凡なんだ。	
10428	D1:4396:073B4	1	대사	【アル】なんなら、カズミさんのスリーサイズを当ててみようか？	
10429	D1:4396:073F4	1	대사	【カズミ】バカ‥‥でも、私が演技している可能性だってあるはずよ。	
10430	D1:4396:07440	1	대사	【アル】ナンセンスだよ。だってカズミさんが演技をして、	
10431	D1:4396:0747A	1	대사	【アル】財団側のメリットになるものは何かって考えていくと‥‥。	
10432	D1:4396:074BC	1	대사	【カズミ】何もない？	
10433	D1:4396:074DC	1	대사	【アル】うん、まぁ俺にとっては不本意だが、	
10434	D1:4396:0750A	1	대사	【アル】カズミさんが俺に対して媚びを売る必要性は、全くといって無い。	
10435	D1:4396:07552	1	대사	【カズミ】なかなか自分を客観的に見られるのね、あなた。	
10436	D1:4396:07594	1	대사	【アル】そればかりはしょうがない。	
10437	D1:4396:075BA	1	대사	【アル】財団にとって、アルバートという人間はゴミみたいな存在さ。	
10438	D1:4396:075FE	1	대사	【カズミ】‥‥でも、私はクリスティを殺したわ。そのことを批判したいのではなくて？	
10439	D1:4396:0765A	1	대사	【アル】そう、それが一番のネックだった‥‥。	
10440	D1:4396:076A6	1	대사	【アル】ただ客観的に考えてみると、確かに俺は命を救われたし、	
10441	D1:4396:076E6	1	대사	【アル】あの時のクリスも正常とは言えなかった。	
10442	D1:4396:07734	1	대사	【アル】つまり、こうして腹をわって話し合ってみる価値はあるかなって、	
10443	D1:4396:0777C	1	대사	【アル】まぁそう考えた訳さ。	
10444	D1:4396:0779C	1	대사	【カズミ】大したものね‥‥全て計算尽くだったのかしら。	
10445	D1:4396:077DE	1	대사	【アル】いや、正直言うと、単なる成りゆき。	
10446	D1:4396:0780C	1	대사	【カズミ】でも、バカではなかったようね、あなた。	
10447	D1:4396:07848	1	대사	【アル】バカじゃなくて大バカだ、っていうオチはなしにしようぜ。	
10448	D1:4396:0788A	1	대사	【カズミ】いいわ、私がここ《デザイア》に来た訳を話してあげる。	
10449	D1:4396:078D4	1	대사	【アル】いいのかい？　俺は別に聞かなくてもいいんだぜ。	
10450	D1:4396:0790E	1	대사	【カズミ】いいえ、あなたに聞いて欲しいの。新聞記者であるアルバートに。	
10451	D1:4396:07960	1	대사	【アル】‥‥そうか、わかった。	
10452	D1:4396:07982	1	대사	【カズミ】私の部屋へ行きましょう。宿舎の３階の‥‥‥‥。	
10453	D1:4396:079D4	1	대사	【アル】カズミさんが日光浴をしているな。	
10454	D1:4396:07A00	1	대사	【カズミ】ティーナは見かけないわよ。	
10455	D1:4396:07A58	1	대사	【アル】相変わらず人の姿は‥‥‥‥{s00}あれ？	
10456	D1:4396:07A86	1	대사	【アル】カズミさんか？　あれは。	
10457	D1:4396:07AAA	1	대사	【アル】しかしそれにしても‥‥‥‥すごいな、あれは。	
10458	D1:4396:07AEA	1	대사	【アル】やぁ、カズミさん。	
10459	D1:4396:07B24	1	대사	【アル】研究室では何だか大変でしたね。	
10460	D1:4396:07B6A	1	대사	【アル】マルチナさんと、何かあったんですか？	
10461	D1:4396:07B9A	1	대사	【カズミ】アル。	
10462	D1:4396:07BB6	1	대사	【アル】な、なんだい？	
10463	D1:4396:07BD0	1	대사	【カズミ】少し黙って戴けるかしら？　静かに日光浴をする権利だって、私にはあるはずよ。	
10464	D1:4396:07C30	1	대사	【アル】（もう頭にこなくなっちゃったな、{n00}またかって感じで。）	
10465	D1:4396:07C7C	1	대사	【アル】ここは浜辺だ。あたりに人の姿はない‥‥。	
10466	D1:4396:07CBA	3	대사	【アル】浜辺だ‥‥。	
10467	D1:4396:07CD2	1	대사	【アル】昼間の浜辺は何だかウキウキしてくるのに、	
10468	D1:4396:07D06	1	대사	【アル】夜の浜辺は、何故か寂しい感じがするな‥‥。	
10469	D1:4396:07D68	1	대사	【アル】浜辺だ。	
10470	D1:4396:07D7C	1	대사	【ティーナ】きゃーっ！　アルぅー、早くー！！	
10471	D1:4396:07DBE	1	대사	【シェリル】クスクスッ、子供は元気でいいですね。	
10472	D1:4396:07DFA	1	대사	【アル】あぁ‥‥あれ？　シェリル、水着は？	
10473	D1:4396:07E28	1	대사	【シェリル】ええ‥‥服の下に着ているんです。	
10474	D1:4396:07E60	1	대사	【アル】あぁ、なるほどね。（ちぇっ、着替えが見れると思ったのに。）	
10475	D1:4396:07EA6	1	대사	【シェリル】アルバートさんは、どうされるんですか？	
10476	D1:4396:07EE4	1	대사	【アル】俺？　俺はオーソドックスな短パンタイプだ。	
10477	D1:4396:07F1A	1	대사	【シェリル】ウフフ、よかった‥‥じゃ、ちょっと脱いできますね。	
10478	D1:4396:07F6E	1	대사	【アル】（うーん、何がよかったんだろうか‥‥。）	
10479	D1:4396:07FA2	1	대사	【ティーナ】ねぇー、アルぅー、アルアルー。	
10480	D1:4396:07FE2	1	대사	【アル】あまり『アルアル』言わないでくれよ。何かのクイズ番組を連想しちゃいそうだ。	
10481	D1:4396:08038	1	대사	【ティーナ】早くぅー！　もうティーナ、脱いで入っちゃう！	
10482	D1:4396:08086	1	대사	【アル】ふぅ‥‥子どもは無邪気でいいねぇ。	
10483	D1:4396:080B4	1	대사	【アル】あーぁ、あんなにはしゃいで‥‥おっ、でも意外に肉付きがいいぞ。	
10484	D1:4396:080FE	1	대사	【アル】５、６年後が楽しみだな。	
10485	D1:4396:0814E	1	대사	【アル】シェリル‥‥‥‥{s00}あっ！	
10486	D1:4396:08192	1	대사	【シェリル】あ、あまり見ないで下さいね‥‥。	
10487	D1:4396:08208	1	대사	【アル】いい‥‥‥‥。	
10488	D1:4396:08240	1	대사	【アル】い、いや‥‥うん、すごく似合ってる。	
10489	D1:4396:08270	1	대사	【シェリル】ありがとうございます‥‥	
10490	D1:4396:082A2	1	대사	【シェリル】でも男の人の前で水着姿になるなんて‥‥、恥ずかしい‥‥。	
10491	D1:4396:082F4	1	대사	【アル】それだ！	
10492	D1:4396:08326	1	대사	【アル】シェリルが自分のカラを破って飛翔するには、見られる快感に気付くべきだ。	
10493	D1:4396:08378	1	대사	【シェリル】み、見られる快感‥‥ですか。	
10494	D1:4396:083AC	1	대사	【アル】そう。もっと見て、この美しい私を見て頂戴という欲求が、	
10495	D1:4396:083EE	1	대사	【アル】女性をどんどん美しくしていくんだと、俺は思うな。	
10496	D1:4396:0842A	1	대사	【シェリル】そ、そうでしょうか‥‥。	
10497	D1:4396:0845A	1	대사	【アル】そうなの。女性はうんとナルシストであっていいんだ。	
10498	D1:4396:08498	1	대사	【シェリル】は、はい‥‥がんばります。	
10499	D1:4396:084CA	1	대사	【アル】（でも、シェリルはそんなことしなくても、十分綺麗なんだけどな。）	
10500	D1:4396:08516	1	대사	【ティーナ】ねぇ、早く海に行こうよ！	
10501	D1:4396:08546	1	대사	【アル】よし、行くか？	
10502	D1:4396:085C8	1	대사	【アル】海は、薄暗く月光を反射している。	
10503	D1:4396:08618	1	대사	【アル】海が少し赤みがかってきているな‥‥もうそんな時間か。	
10504	D1:4396:08662	1	대사	【アル】ここは浜辺だ。確かあの辺にティーナが倒れていたんだな。	
10505	D1:4396:086BA	1	대사	【アル】静かなところだ。	
10506	D1:4396:086F0	1	선택지	　釣る	
10507	D1:4396:086F8	1	선택지	　魚	
10508	D1:4396:086FE	1	선택지	　浜辺のギャル	
10509	D1:4396:0870E	1	대사	【アル】もう釣りはいいよ‥‥。	
10510	D1:4396:08730	1	대사	【アル】今日はどうも調子が悪い‥‥部屋に帰ってねよっかな。	
10511	D1:4396:0876E	1	대사	【アル】そうだな、今日はとびきりでっかいのを釣ってみよう。	
10512	D1:4396:087AC	1	대사	【アル】釣りというのは魚との知恵比べだ。体力も必要だが、それ以上に頭も使う。	
10513	D1:4396:087FC	1	대사	【アル】いかにして魚共を騙せるか、どうしたらこちらが出す餌に食いつくのか‥‥。	
10514	D1:4396:0884E	1	대사	【アル】それらを念入りに研究する。	
10515	D1:4396:08874	1	대사	【アル】やつらの生息深度も考え、行動時間、好みの餌、仕掛けの完成度、	
10516	D1:4396:088BC	1	대사	【アル】そして釣り糸やサオの耐久性‥‥。	
10517	D1:4396:088E8	1	대사	【アル】これら全てが満たされたときに始めて、おいしいご馳走にありつけるって図式だ。	
10518	D1:4396:0893E	1	대사	【アル】しかもここには、市販品の釣竿や糸なんて売ってないしな。全部自作だぜ。	
10519	D1:4396:089A8	1	대사	【アル】ウンチクはこのくらいでいいか。	
10520	D1:4396:089D2	1	대사	【アル】とにかくデッカイ魚を釣って、ティーナを喜ばしてやろう。	
10521	D1:4396:08A14	1	대사	【アル】餌はゴカイってやつだな。	
10522	D1:4396:08A38	1	대사	【アル】ミミズみたいな生き物だが、ティーナは見るのさえ嫌がる。	
10523	D1:4396:08A7A	1	대사	【アル】ま、だから俺の持ち場が、必然的にここになったわけだ。	
10524	D1:4396:08B08	1	대사	【アル】こないな‥‥今日はだめかな？	
10525	D1:4396:08B60	1	대사	ピクッ。	
10526	D1:4396:08B70	1	대사	【アル】来たか！？　いや、このアタリだと、まだ餌をつっついている程度だ。まだまだ。	
10527	D1:4396:08BF6	1	대사	ピクッ、ピクピクッ。	
10528	D1:4396:08C14	1	대사	【アル】いまだっ！　どりゃっ！！	
10529	D1:4396:08C38	1	대사	シュポーン‥‥‥‥‥‥ポトッ。	
10530	D1:4396:08C5E	1	대사	【アル】ふぅ、１０センチくらいの魚か‥‥これじゃあな。	
10531	D1:4396:08C98	1	대사	【アル】ま、お約束のクツとかナベなんかは、釣らないんだけど‥‥。	
10532	D1:4396:08CDC	1	대사	【アル】おっ、メスみたいだな‥‥これだったら逃がしてやるか。	
10533	D1:4396:08D1C	1	대사	【アル】また沢山タマゴを生んで、数をふやしてくれ‥‥ポイっと。	
10534	D1:4396:08D5E	1	대사	【アル】よし、じゃあ続き、いってみようか。	
10535	D1:4396:08D8C	1	대사	【ティーナ】アル。	
10536	D1:4396:08DC2	1	대사	【アル】よっ、お勉強はもう終わりかい？	
10537	D1:4396:08DEC	1	대사	【ティーナ】ううん、ちょっと気分転換。	
10538	D1:4396:08E1E	1	대사	【アル】（何だか、表情が硬いな‥‥やっぱり‥‥。）	
10539	D1:4396:08E54	1	대사	【ティーナ】釣れた？	
10540	D1:4396:08E74	1	대사	【アル】いや、今日は別に仕事の日じゃないんだけど、何となく、ね。	
10541	D1:4396:08EB8	1	대사	【ティーナ】ね、アル。	
10542	D1:4396:08EEA	1	대사	【ティーナ】覚えている？	
10543	D1:4396:08F0E	1	대사	【アル】なにをさ。	
10544	D1:4396:08F24	1	대사	【ティーナ】私とアルが、初めてここで会ったときのこと。	
10545	D1:4396:08F66	1	대사	【アル】あぁ、覚えているよ。	
10546	D1:4396:08F86	1	대사	【ティーナ】私ね、アルの名前が自然と頭に浮かんだの。この人はアルなんだよ、って。	
10547	D1:4396:08FE2	1	대사	【アル】ふーん、刺繍が目にはいったんじゃないの？	
10548	D1:4396:09016	1	대사	【アル】あれは俺のトレードマークだからな。	
10549	D1:4396:09044	1	대사	【ティーナ】うん、きっとそうね。	
10550	D1:4396:09070	1	대사	【アル】‥‥‥‥。（なんでそんな話をするんだろう。）	
10551	D1:4396:090A8	1	대사	【ティーナ】私、なぜかあの時から、アルのことが好きで好きでたまらなかった‥‥。	
10552	D1:4396:09104	1	대사	【ティーナ】なぜかなって、ずっと思っていたの。	
10553	D1:4396:09140	1	대사	【アル】へぇ、結論は出たのかい？	
10554	D1:4396:09164	1	대사	【ティーナ】でたわ。	
10555	D1:4396:09184	1	대사	【アル】どんな？	
10556	D1:4396:0919E	1	대사	【ティーナ】フフ、聞きたい？	
10557	D1:4396:091C6	1	대사	【アル】あぁ、やっぱり聞きたいね。	
10558	D1:4396:091EC	1	대사	【ティーナ】内緒！	
10559	D1:4396:0920A	1	대사	【アル】なんだよ、それは。	
10560	D1:4396:0925C	1	대사	【ティーナ】私がアルのこと、ずっと好きだったら迷惑？	
10561	D1:4396:0929C	1	대사	【アル】なんで迷惑なもんか、光栄至極だね。	
10562	D1:4396:092CA	1	대사	【ティーナ】よかった‥‥‥‥‥‥じゃ、私もう行く。	
10563	D1:4396:09318	1	대사	【ティーナ】まだやり残していることがあるの。	
10564	D1:4396:09350	1	대사	【アル】ふーん、まぁ無理をしない程度にがんばれよ。	
10565	D1:4396:09386	1	대사	【ティーナ】うん、ありがとう。じゃあ‥‥。	
10566	D1:4396:093E0	1	대사	【アル】少しは機嫌を直してくれたのかな‥‥。	
10567	D1:4396:09410	1	대사	【アル】ここに、釣れるほどのギャルがいればいいんだけどな。	
10568	D1:4396:0944E	1	대사	【アル】だが見回してみても、ギャルはいない‥‥寂しいことだ。	
10569	D1:4396:0948E	1	대사	【アル】フッ、お嬢さんたち、どうです？	
10570	D1:4396:094B8	1	대사	【アル】これからワタクシと楽しい一夜を過ごすというのは‥‥。	
10571	D1:4396:094F8	1	대사	【アル】なに？　誘い方が露骨過ぎる？　フッ、今はこれがトレンディーなんすよ。	
10572	D1:4396:09548	1	대사	【アル】なに？　前がちょっと膨らんでる？　フッ、雄々しいと言って欲しいですな。	
10573	D1:4396:0959A	1	대사	【アル】なに？　顔がちょっとニヤけていてイヤだ？　フッ、甘いマスクなんですよ。	
10574	D1:4396:095EC	1	대사	【アル】なに？　顔自体が気持ち悪い？	
10575	D1:4396:09614	1	대사	【アル】ざけんなよ、このアマぁ！	
10576	D1:4396:09638	1	대사	【アル】てめえにどれだけの値打ちがあるって言うんだよっ！消えやがれっ！	
10577	D1:4396:0969C	1	대사	【アル】というのは、実際にあった話だ。ちくしょう。	
10578	D1:4396:096E8	1	대사	【アル】今日は仕事をする日じゃないが‥‥。	
10579	D1:4396:09716	1	대사	【アル】もう見慣れた風景だな‥‥海があって、俺は２日おきにここで魚をとる。	
10580	D1:4396:09764	1	대사	【アル】そして１日の何時間か、ここに２人で座って、色々なことを語り合う。	
10581	D1:4396:097B0	1	대사	【アル】それからティーナが魚や野菜を調理して、２人で食べる‥‥。	
10582	D1:4396:097F4	1	대사	【アル】もう毎日の習慣になっているんだ。	
10583	D1:4396:09820	1	대사	【アル】空はくすんでいるが、海は綺麗だな‥‥。	
10584	D1:4396:09852	2	대사	【アル】海はかろうじて生きている‥‥。	
10585	D1:4396:0987C	1	대사	【アル】意外に魚の数は豊富だ。	
10586	D1:4396:0989E	1	대사	【アル】１日に数匹とる程度だったら、魚の数を心配する必要は全くないな。	
10587	D1:4396:098E8	1	대사	【アル】俺達２人が、つつましく暮らしていくには、十分過ぎるほどの食料の宝庫だ。	
10588	D1:4396:09944	3	대사	【アル】そうだな、飛行場に戻ろう。	
10589	D1:4396:09970	1	대사	【アル】少し釣りでもしたい気分だな‥‥。移動はもうちょっとまとうぜ。	
10590	D1:4396:09A14	1	대사	【アル】あたりに人の姿は見えない‥‥。	
10591	D1:4396:09A3E	1	대사	【アル】この寒々しさはどうしたんだろう‥‥。	
10592	D1:4396:09A6E	1	대사	【アル】シェリルやティーナと泳いだのが、まるでウソのようだ。	
10593	D1:4396:09AAE	1	대사	【アル】カズミさんと色々話し合ったのが、ウソのようだ‥‥。	
10594	D1:4396:09AEC	1	대사	【アル】空はくすんでいるが、海は綺麗だ‥‥。	
10595	D1:4396:09B46	1	대사	【アル】他は時間が止まったかのようだが、海だけは波を運び、時間を感じさせるな‥‥。	
10596	D1:4396:09B9C	1	대사	【アル】もっとも、	
10597	D1:4396:09BB2	1	대사	【アル】永遠にループを繰り返しているという錯覚も引き起こさせるんだが‥‥。	
10598	D1:4396:09C60	7	선택지	　砂浜	
10599	D1:4396:09C68	4	선택지	　林	
10600	D1:4396:09C6E	1	대사	【アル】誰もいない浜辺だ。あたりはシンと静まり返っている。	
10601	D1:4396:09CAC	1	대사	【アル】やけに寒々しい気がするな‥‥波の音がいっそう静寂感をあおり立てる。	
10602	D1:4396:09CFA	1	대사	【アル】まるで南海に浮かぶ無人島という感じだ。	
10603	D1:4396:09D2C	1	대사	【アル】普段通りの砂浜だな。別に誰かがいるわけじゃない。	
10604	D1:4396:09D68	1	대사	【アル】砂浜を踏む足の音が、やけに響きわたる。	
10605	D1:4396:09D9A	1	대사	【アル】この荒涼感は何かの予兆という感じがするな‥‥思い過ごしであればいいのだが。	
10606	D1:4396:09DF0	1	대사	【アル】林を見ていてもしょうがないぜ。	
10607	D1:4396:09E1A	1	대사	【アル】林は、海からふいてくる風をあびて、ざわめいている。	
10608	D1:4396:09E58	1	대사	【アル】やばいな、ここにいると、どんどんブルーな気持ちになってくるぜ。	
10609	D1:4396:09EAC	1	대사	【アル】そうだな、飛行場に戻るか。	
10610	D1:4396:09F16	1	대사	【アル】俺とマルチナさんの他は、誰もいないようだ。	
10611	D1:4396:09F4C	1	대사	【アル】人の姿は無いな‥‥。	
10612	D1:4396:09F6C	1	대사	【アル】今は格納庫まわりの人口密度が増大中だ。	
10613	D1:4396:09F9E	1	대사	【アル】こんなところに来る人は俺くらいなもんだろう。	
10614	D1:4396:09FD6	1	대사	【マルチナ】あと、私ね。	
10615	D1:4396:09FFA	1	대사	【アル】はは、そうですね‥‥。（でも、何をしていたんだろうな。）	
10616	D1:4396:0A03E	1	대사	【アル】（いつ見ても捉えどころの無い人だな‥‥。）	
10617	D1:4396:0A074	1	대사	【アル】（こんな人気のないところで、{n00}一体何をしていたんだ。）	
10618	D1:4396:0A0B6	1	대사	【マルチナ】なにかしら？　まじまじと見つめて。	
10619	D1:4396:0A0F0	1	대사	【アル】い、いや‥‥あなたの美しさに見とれてしまって。はっはっは。	
10620	D1:4396:0A136	1	대사	【マルチナ】フフ、相変わらずね‥‥。	
10621	D1:4396:0A170	1	대사	【アル】だから、もう少し話そうぜ。	
10622	D1:4396:0A196	1	대사	【アル】もう少しマルチナさんと話してからにしようぜ。	
10623	D1:4396:0A1CE	1	대사	【マルチナ】どんな話かしら？	
10624	D1:4396:0A1F6	1	대사	【アル】それは内緒です。	
10625	D1:4396:0A212	1	대사	【マルチナ】フフフ、面白い人ね。	
10626	D1:4396:0A24A	1	대사	【マルチナ】こうしていると昔を思い出すわ。とっても素敵だったあの頃を‥‥‥‥。	
10627	D1:4396:0A2A4	1	대사	【アル】昔ですか‥‥マルチナさんの昔って、どうだったのかなぁ。	
10628	D1:4396:0A2E6	1	대사	【マルチナ】自慢じゃないけど、とっても可愛かったわよ。	
10629	D1:4396:0A328	1	대사	【アル】可愛かったの？　じゃあその時に出会えたら、俺たち恋人同士になれたかも。	
10630	D1:4396:0A37A	1	대사	【マルチナ】フフ‥‥‥‥昔話をし出すなんてもう年寄ね、私ったら。	
10631	D1:4396:0A3C6	1	대사	【アル】いや、そんなことはない。マルチナさんは、十分若くて綺麗ですよ。	
10632	D1:4396:0A410	1	대사	【マルチナ】色々な女性に、{n00}同じようなことを言っているでしょう？	
10633	D1:4396:0A45C	1	대사	【アル】（ギクッ。）	
10634	D1:4396:0A474	1	대사	【マルチナ】さて、もう行こうかしら‥‥‥‥アル。	
10635	D1:4396:0A4B0	1	대사	【アル】なんです。	
10636	D1:4396:0A4C6	1	대사	【マルチナ】あなたも荷物の整理をしておいた方がいいわよ。	
10637	D1:4396:0A50A	1	대사	【アル】俺はほとんど手ぶらみたいなものだし。バッグ１つだけ、身軽なもんですよ。	
10638	D1:4396:0A57E	1	대사	【アル】ねぇ、マルチナさんに会うには、どこへ行けばいいのかな。	
10639	D1:4396:0A5C0	1	대사	【マルチナ】今後はしばらく会えないわね。	
10640	D1:4396:0A5F6	1	대사	【マルチナ】研究室にこもりっきりになると思うから‥‥それじゃ。	
10641	D1:4396:0A662	1	대사	【アル】相変わらず捉えどころの無い人だな‥‥。どうも何を考えているのかわからない。	
10642	D1:4396:0A6B8	1	대사	【アル】研究室で色々と話したと思えば、ここではやたらと{n00}ガードが固かったしな‥‥。	
10643	D1:4396:0A724	1	대사	【アル】まぁいいさ。俺には俺のやるべきことがある。	
10644	D1:4396:0A75A	1	대사	【マルチナ】あなたは何故、ここに？	
10645	D1:4396:0A788	1	대사	【アル】ティ‥‥あっ、いや。ええと、うん、マコトかな。	
10646	D1:4396:0A7C2	1	대사	【アル】彼女、やっぱり残るんでしょう？　最後まで。	
10647	D1:4396:0A7F8	1	대사	【マルチナ】そうね‥‥羨ましいわ、これだけ恋人に慕われて、イズミさん。	
10648	D1:4396:0A84A	1	대사	【アル】マルチナさんも、やはり最終便で《デザイア》を出るんですよね。	
10649	D1:4396:0A892	1	대사	【マルチナ】いいえ。	
10650	D1:4396:0A8B2	1	대사	【アル】じゃあ、ここに残るんですか？	
10651	D1:4396:0A8F8	1	대사	【アル】だって‥‥危険じゃないんですか？	
10652	D1:4396:0A924	1	대사	【マルチナ】なぜ危険なの？	
10653	D1:4396:0A94A	1	대사	【アル】それは‥‥ええと、何となく危険かなって感じるから。	
10654	D1:4396:0A9A2	1	대사	【アル】そういえばマルチナさん、１つ聞きたかったんですけど。	
10655	D1:4396:0AA06	1	대사	【アル】今日、研究室でいろいろと話してくれましたよね。	
10656	D1:4396:0AA40	1	대사	【アル】あれって、どういう意味ですか？	
10657	D1:4396:0AA6A	1	대사	【マルチナ】どういう意味って‥‥話したとおりの意味よ。	
10658	D1:4396:0AAAC	1	대사	【アル】じゃあ、Ｂ兵器の開発を本当に行っていた‥‥？	
10659	D1:4396:0AAE4	1	대사	【マルチナ】さあ、それに関してはノーコメントね。	
10660	D1:4396:0AB20	1	대사	【アル】俺、今日聞いたことを記事にするかもしれませんよ。	
10661	D1:4396:0AB5C	1	대사	【マルチナ】アルは確かな裏付けも無しに、	
10662	D1:4396:0AB92	1	대사	【マルチナ】無責任な記事を書くようなことはしないでしょう？	
10663	D1:4396:0ABDA	1	대사	【アル】裏付けがあったら？	
10664	D1:4396:0ABF8	1	대사	【マルチナ】どんな？	
10665	D1:4396:0AC2E	1	대사	【アル】（カズミさんの話をするべきか‥‥。）	
10666	D1:4396:0AC5E	1	대사	【アル】（時期尚早だろうか。ここで話すメリットは少ないかもしれない‥‥。）	
10667	D1:4396:0ACAC	1	대사	【アル】いや、あったらいいなぁって感じですか。	
10668	D1:4396:0AD00	1	대사	【アル】（何かいいたげな雰囲気だな‥‥。）	
10669	D1:4396:0AD2E	1	대사	【アル】そういえば、さっきの放送を聞きました。	
10670	D1:4396:0AD60	1	대사	【マルチナ】あぁ、あれね。	
10671	D1:4396:0AD86	1	대사	【アル】あれねって‥‥（意外と冷静だな。）	
10672	D1:4396:0ADB4	1	대사	【マルチナ】ま、諸種の事情という理由ね。永久放棄という訳ではないわ。	
10673	D1:4396:0AE04	1	대사	【アル】ここは、マルチナさんの、長年の研究の成果ですからね。	
10674	D1:4396:0AE44	1	대사	【マルチナ】そうね‥‥長かったわ。	
10675	D1:4396:0AE72	1	대사	【アル】ねぇ、マルチナさん。	
10676	D1:4396:0AEB6	1	대사	【アル】マルチナさんにとって、研究とは何ですか？　やっぱりライフワーク？	
10677	D1:4396:0AF02	1	대사	【マルチナ】違うわ。意外かもしれないけど、私には目的を達成するための手段に過ぎないの。	
10678	D1:4396:0AF64	1	대사	【アル】手段、ですか。	
10679	D1:4396:0AF7E	1	대사	【マルチナ】そう、手段。	
10680	D1:4396:0AFA2	1	대사	【アル】そこまでかける目的ってのは、いったい何なんだろうな。	
10681	D1:4396:0AFE2	1	대사	【マルチナ】ウフフ、知りたい？	
10682	D1:4396:0B00C	1	대사	【アル】うん、知りたい。	
10683	D1:4396:0B028	1	대사	【マルチナ】内緒よ。	
10684	D1:4396:0B048	1	대사	【アル】そんなぁ。	
10685	D1:4396:0B05E	1	대사	【マルチナ】フフ、でも、ここが放棄されて、私が本国へ戻ることになったら、教えてあげる。	
10686	D1:4396:0B0C0	1	대사	【アル】ほ、本当！？	
10687	D1:4396:0B0D8	1	대사	【マルチナ】特別サービスね。	
10688	D1:4396:0B100	1	대사	【アル】なんだかウソっぽいなぁ。で、具体的にいつ頃なんです？	
10689	D1:4396:0B140	1	대사	【マルチナ】そうね、遠い未来か、あるいは‥‥。	
10690	D1:4396:0B17A	1	대사	【アル】気の長い話ですねぇ。俺、そのとき生きてますか？	
10691	D1:4396:0B1B4	1	대사	【マルチナ】生きてるわ。絶対。	
10692	D1:4396:0B1DE	1	대사	【アル】ふーん。（何の話をしてるんだろうな‥‥。）	
10693	D1:4396:0B250	1	선택지	　水着	
10694	D1:4396:0B258	1	선택지	　グラス	
10695	D1:4396:0B262	1	대사	【アル】あたりは物静かだが、ここにはうるさいお嬢さんがいる。	
10696	D1:4396:0B2A2	1	대사	【カズミ】聞こえているわよ。	
10697	D1:4396:0B2CA	1	대사	【アル】聞かせたんだけど。	
10698	D1:4396:0B300	1	대사	【アル】誰もいない浜辺に、カラフルなパラソル、ハデハデなお嬢さんか‥‥。	
10699	D1:4396:0B34C	1	대사	【アル】やたらと目立つな。	
10700	D1:4396:0B36A	1	대사	【アル】それにしても、ここでの海水浴は禁止じゃなかったのか？	
10701	D1:4396:0B3AA	1	대사	【カズミ】これは日光浴だからいいのよ。	
10702	D1:4396:0B3DC	1	대사	【アル】なんか詭弁っぽいよなぁ、あの時は凄い剣幕だったのに。	
10703	D1:4396:0B41C	1	대사	【アル】相変わらず、そっぽを向いているな。そんなに俺の方を向くのが嫌かよ。	
10704	D1:4396:0B46A	1	대사	【カズミ】嫌よ。	
10705	D1:4396:0B4B4	1	대사	【アル】プロポーションは悔しいが抜群だ。別に俺が悔しがる必要は、全くないんだけど。	
10706	D1:4396:0B50A	1	대사	【カズミ】美に対して嫉妬心を抱くのは、至極ノーマルな反応だわ。	
10707	D1:4396:0B554	1	대사	【アル】えっ、美？　どこどこ。	
10708	D1:4396:0B592	1	대사	【アル】カズミさんが優雅に日光浴をしているな。	
10709	D1:4396:0B5C4	1	대사	【カズミ】なにかしら？　そんなところに突っ立って‥‥目障りだわ。	
10710	D1:4396:0B610	2	대사	【アル】（我慢、我慢と。）	
10711	D1:4396:0B62E	1	대사	【アル】よくもまぁ、こんな恥ずかしい水着を着るもんだ。	
10712	D1:4396:0B668	1	대사	【アル】ちょっぴり嬉しいけど‥‥。	
10713	D1:4396:0B68E	1	대사	【アル】もの凄い切れ込みの水着だな。しかも股間のハイレグカットといったら‥‥。	
10714	D1:4396:0B6E0	1	대사	【アル】羞恥心のカケラでもあったら着れるもんじゃない。	
10715	D1:4396:0B71A	1	대사	【カズミ】本人を目の前にして、よくそこまで言えるわね。	
10716	D1:4396:0B75C	1	대사	【アル】いやぁ、俺は根が正直だから。	
10717	D1:4396:0B784	1	대사	【カズミ】しかも露骨に身体を見て‥‥嫌われるわよ。	
10718	D1:4396:0B7C2	1	대사	【アル】どうせ嫌われてるよ‥‥嫌われついでに聞いていいかい？	
10719	D1:4396:0B81E	1	대사	【アル】やっぱりこんな凄いハイレグを着るときは、毛のお手入れってするの？	
10720	D1:4396:0B86A	1	대사	【アル】カズミさんって薄そうだし。	
10721	D1:4396:0B890	1	대사	【カズミ】蹴るわよ。	
10722	D1:4396:0B8B0	1	대사	【アル】まだすこしグラス内には液体が残っている。	
10723	D1:4396:0B8E4	1	대사	【カズミ】もう全部あげるわ。	
10724	D1:4396:0B90C	1	대사	【アル】透明感のある液体が満たされているな。	
10725	D1:4396:0B93C	1	대사	【アル】グラスの表面には水滴が浮いていて、喉の乾きを促進させる。	
10726	D1:4396:0B980	1	대사	【カズミ】カクテルよ。あなたには縁のないような、高級のね。	
10727	D1:4396:0B9C6	1	대사	【アル】縁くらいあるさ、よっ、	
10728	D1:4396:0B9E8	1	대사	【アル】グビグビッ、ぷはぁぁぁっ！	
10729	D1:4396:0BA14	1	대사	【カズミ】ときどき、信じられないことをするわね。	
10730	D1:4396:0BA50	1	대사	【アル】間接キスだからって恥ずかしがるなよ。	
10731	D1:4396:0BA80	1	대사	【カズミ】幸いにも、まだ一口も飲んではいないわ。	
10732	D1:4396:0BABC	2	대사	【アル】ちっ。	
10733	D1:4396:0BAD8	1	대사	【アル】じゃあもう行くよ。	
10734	D1:4396:0BAF6	1	대사	【カズミ】さようなら。	
10735	D1:4396:0BB18	1	대사	【アル】（ちぇっ、なんだか冷たいよなぁ。）	
10736	D1:4396:0BB46	2	대사	【アル】よし、飛行場に戻ろう。	
10737	D1:4396:0BB6E	1	대사	【アル】まだカズミさんと話し足りないような気がするな。	
10738	D1:4396:0BBA8	1	대사	【カズミ】私の方に話すことはなくてよ。	
10739	D1:4396:0BBFC	1	대사	【カズミ】さっさと私の前から消えて頂戴。	
10740	D1:4396:0BC30	1	대사	【アル】それはちょっとツれないんじゃない？　やっぱりやめた。	
10741	D1:4396:0BC70	1	대사	【カズミ】残念ね。	
10742	D1:4396:0BCB2	1	대사	【カズミ】まだ何かあるの？	
10743	D1:4396:0BCD8	1	대사	【カズミ】何かしら？　ティーナは見かけていないって、言っているでしょう？	
10744	D1:4396:0BD2C	1	대사	【アル】そ、そうでした‥‥お邪魔さま。	
10745	D1:4396:0BD56	1	대사	【カズミ】本当にお邪魔ね。	
10746	D1:4396:0BD9A	1	대사	【カズミ】もう話すことはないわ。	
10747	D1:4396:0BDDE	1	대사	【アル】俺も逆に１つ聞いていいかな。	
10748	D1:4396:0BE06	1	대사	【カズミ】私の答えられることであればね。	
10749	D1:4396:0BE3A	1	대사	【アル】研究所でのやりとりさ。	
10750	D1:4396:0BE5C	1	대사	【カズミ】あれね‥‥醜態を見せてしまったかしら。	
10751	D1:4396:0BE98	1	대사	【アル】醜態というかさ、びっくりしちゃったよ。	
10752	D1:4396:0BECA	1	대사	【カズミ】そうね、私もびっくりしたわ。教授が突然話し出すものだから‥‥。	
10753	D1:4396:0BF1E	1	대사	【アル】（ということは、教授とカズミさんは、）	
10754	D1:4396:0BF50	1	대사	【アル】（必ずしも一致した考えを持っていないということ{n00}か？）	
10755	D1:4396:0BF92	1	대사	【カズミ】言っている内容に関して、無責任な記事は書いて欲しくないわね。	
10756	D1:4396:0BFE4	1	대사	【アル】裏付けもないことを書きはしないさ。でも、正直言って興味はある。	
10757	D1:4396:0C02E	1	대사	【カズミ】ではもしよ、もしここでＢ兵器の開発が行われていたら、あなたどうする？	
10758	D1:4396:0C088	1	대사	【アル】糾弾するね。紙面上で。	
10759	D1:4396:0C0AA	1	대사	【カズミ】できるかしら？　財団の力を甘く見ない事ね、	
10760	D1:4396:0C0EC	1	대사	【カズミ】ＳＮＴ社に圧力をかけることくらい、訳はないのよ。	
10761	D1:4396:0C134	1	대사	【アル】そうかもしれない。だが、俺はやるさ。	
10762	D1:4396:0C164	1	대사	【カズミ】会社を解雇されるかもしれなくてよ。	
10763	D1:4396:0C19C	1	대사	【アル】やる。	
10764	D1:4396:0C1AE	1	대사	【カズミ】口では、どうとでも言えるわね。	
10765	D1:4396:0C1E2	1	대사	【アル】クビなんて恐くはないさ。	
10766	D1:4396:0C206	1	대사	【カズミ】本当に？	
10767	D1:4396:0C224	1	대사	【アル】俺はＳＮＴに従属する奴隷じゃないんだ。	
10768	D1:4396:0C256	1	대사	【アル】俺のジャーナリズム魂を買ってくれるところは、まだ他にあるはずさ。	
10769	D1:4396:0C2BE	1	대사	【アル】財団だって、全知でもなければ全能でもない。	
10770	D1:4396:0C2F4	1	대사	【カズミ】そうね‥‥‥‥。	
10771	D1:4396:0C31A	1	대사	【アル】カズミさんの前で言うのもなんだけど、力の及ばない場所だって、	
10772	D1:4396:0C362	1	대사	【アル】この地球上にはいくらでもあるはずさ。	
10773	D1:4396:0C3AE	1	대사	【アル】何か言いたいみたいだね。	
10774	D1:4396:0C3D2	1	대사	【カズミ】‥‥アルバート、あなたはまだ、甘くみているわ。	
10775	D1:4396:0C430	1	대사	【カズミ】ま、お話はこれくらいにしておきましょう。	
10776	D1:4396:0C470	1	대사	【カズミ】ティーナを見かけたら、あなたに連絡するわ。	
10777	D1:4396:0C4B2	1	대사	【カズミ】ね、１つ聞いていいかしら。	
10778	D1:4396:0C4E2	1	대사	【アル】お嬢様の頼みは断れないね。	
10779	D1:4396:0C508	1	대사	【カズミ】あの子‥‥ティーナをどうするの？	
10780	D1:4396:0C53E	1	대사	【アル】どうするって、彼女はモノじゃないぜ。	
10781	D1:4396:0C56E	1	대사	【カズミ】そうね‥‥聞き方がまずかったかしら、彼女は今後どうしたらいいと思う？	
10782	D1:4396:0C5C8	1	대사	【アル】とりあえず、俺と一緒に来るという線が濃厚だな。	
10783	D1:4396:0C602	1	대사	【カズミ】そう‥‥‥‥。	
10784	D1:4396:0C626	1	대사	【アル】ま、ティーナの両親が出てきたら、もちろん親元に返すわけだが、	
10785	D1:4396:0C66E	1	대사	【アル】そうじゃない場合は俺と一緒。	
10786	D1:4396:0C6B2	1	대사	【アル】どうせこのままだったら、施設に入れられてしまう訳だしな。	
10787	D1:4396:0C6F6	1	대사	【アル】それじゃあ、余りに可哀想じゃないか。	
10788	D1:4396:0C726	1	대사	【カズミ】ふーん。	
10789	D1:4396:0C75E	1	대사	【カズミ】いえ、あなたって子供好きには見えなかったから。	
10790	D1:4396:0C7A4	1	대사	【カズミ】もしかして、妙な趣味があるんじゃないでしょうね？	
10791	D1:4396:0C7EC	1	대사	【アル】ば、バカ言うなよ。	
10792	D1:4396:0C80A	1	대사	【カズミ】どうかしら。	
10793	D1:4396:0C82C	1	대사	【アル】俺は成人女性にしかときめかないぜ。	
10794	D1:4396:0C85A	1	대사	【アル】例えば凄いハイレグの水着を着て、サングラスをかけてるような女性に‥‥。	
10795	D1:4396:0C8AC	1	대사	【アル】へっへっへ。	
10796	D1:4396:0C8C4	1	대사	【カズミ】バカなことは言わないの。	
10797	D1:4396:0C8F2	1	대사	【アル】冗談じゃないぜ、俺はいつだってマジだ。	
10798	D1:4396:0C924	1	대사	【カズミ】よけいバカね。	
10799	D1:4396:0C95E	1	대사	【カズミ】でもわかったわ、	
10800	D1:4396:0C986	1	대사	【カズミ】あなたと一緒にティーナが行けるように、出来る限り取り計らってあげる。	
10801	D1:4396:0C9F2	1	대사	【カズミ】なに、意外そうな顔をして。	
10802	D1:4396:0CA22	1	대사	【アル】い、いや‥‥。（どういうつもりだよ、このお嬢さんは。）	
10803	D1:4396:0CA64	1	대사	【カズミ】不服があるのかしら？	
10804	D1:4396:0CA8E	1	대사	【アル】不服はない。が、疑問はある。	
10805	D1:4396:0CAB6	1	대사	【カズミ】なぜ、この嫌みったらしい行かず後家が、オレの為に何かしてくれんだよ、	
10806	D1:4396:0CB12	1	대사	【カズミ】というところかしら。	
10807	D1:4396:0CB3E	1	대사	【アル】ははは、いやそこまでは言わないけどね。でもそれに近いな。	
10808	D1:4396:0CB82	1	대사	【カズミ】あなたの、ティーナを思う気持ちにうたれた、というところでどう？	
10809	D1:4396:0CBD6	1	대사	【アル】どうって、冗談はよそうぜ。	
10810	D1:4396:0CBFC	1	대사	【カズミ】冗談かしらね‥‥フフ。	
10811	D1:4396:0CC42	1	대사	【アル】それはそうと、本題だ。	
10812	D1:4396:0CC64	1	대사	【アル】（さてと、カズミさんにはどこまで話していいやら‥‥。）	
10813	D1:4396:0CCA6	1	대사	【カズミ】なにかしら？	
10814	D1:4396:0CCC8	1	대사	【アル】ティーナを見なかった？	
10815	D1:4396:0CCEA	1	대사	【カズミ】まさか、いなくなったとか。	
10816	D1:4396:0CD1A	1	대사	【アル】その「まさか」さ。でも、予想していたような口振りだね。	
10817	D1:4396:0CD5C	1	대사	【カズミ】そんなことはないわ。	
10818	D1:4396:0CD86	1	대사	【アル】まぁいいさ。で、１つお願いがあるんだ。	
10819	D1:4396:0CDD8	1	대사	【アル】ティーナを見かけたら、保護しておいて欲しいんだよ。	
10820	D1:4396:0CE16	1	대사	【カズミ】保護？　まるで誰かから守るような言い分ね。	
10821	D1:4396:0CE56	1	대사	【アル】（どうも釈然としないな、このお嬢様は‥‥。）	
10822	D1:4396:0CE8E	1	대사	【アル】とにかく、見かけたらお願いするよ。	
10823	D1:4396:0CEBC	1	대사	【カズミ】‥‥わかったわ。	
10824	D1:4396:0CEE2	1	대사	【アル】やぁ、カズミさん。気持ちよさそうだね。	
10825	D1:4396:0CF14	1	대사	【カズミ】ええ、あなたが来るまでは。	
10826	D1:4396:0CF44	1	대사	【アル】言うことがキツいな、相変わらず。	
10827	D1:4396:0CF70	1	대사	【アル】じゃあお詫びにもっと気持ちよくしてあげよう。	
10828	D1:4396:0CFA8	1	대사	【カズミ】その気持ち悪い手つきをやめて頂戴。	
10829	D1:4396:0D02C	1	대사	【アル】誰も泳いではいない。	
10830	D1:4396:0D04C	1	대사	【アル】相変わらずだれも泳いでいないな‥‥といってもここは水泳禁止だそうだ。	
10831	D1:4396:0D09C	1	대사	【アル】なんでそういうことをするかね。	
10832	D1:4396:0D0C6	1	대사	【アル】職員の楽しみの１つを奪うようなことをして‥‥。	
10833	D1:4396:0D100	1	대사	【アル】何か訳ありなんだろうか。	
10834	D1:4396:0D124	1	대사	【アル】でも、日焼けをしている人もいない。	
10835	D1:4396:0D152	1	대사	【アル】まさか本当に日焼けまで禁止なんじゃないだろうな‥‥。	
10836	D1:4396:0D192	1	대사	【アル】相変わらず昼は熱砂だな。靴底から高い熱が伝わってくる。	
10837	D1:4396:0D1D4	1	대사	【アル】ここで日焼けするのは、規則に抵触しないのかな‥‥。	
10838	D1:4396:0D212	1	대사	【アル】海の中でやらないで、単に日焼けだけにしておけばよかった。	
10839	D1:4396:0D256	1	대사	【アル】澄んだ海水なんだけどな‥‥。	
10840	D1:4396:0D27E	1	대사	【アル】ここで泳いではいけないそうだ。理由はわからないがな‥‥。	
10841	D1:4396:0D2C2	1	대사	【アル】こんなに綺麗で澄んだ海なのにな‥‥。	
10842	D1:4396:0D2F2	1	대사	【アル】もしかして、実はあのお嬢様が密かに独り占めしているんじゃないか？	
10843	D1:4396:0D33E	1	대사	【アル】ここは私専用の海岸よ、下々の者たちはここを使ってはいけません、	
10844	D1:4396:0D388	1	대사	【アル】とかなんとか。	
10845	D1:4396:0D3B8	1	대사	【アル】うーむ、考えれば考えるほど怪しいな。	
10846	D1:4396:0D3F2	1	대사	【アル】よし、飛行場に戻るか。	
10847	D1:4396:0D452	1	대사	【アル】普通の林だな。とりたてて見る必要のないものだ。	
10848	D1:4396:0D48C	1	대사	【アル】昼間の楽しいときは、何でもない林でさえ綺麗に見えたのにな‥‥。	
10849	D1:4396:0D4D6	1	대사	【アル】今は寂しく感じてしまうのはなぜだろうか。	
10850	D1:4396:0D50A	1	대사	【アル】誰もいない浜辺だ。少し寂しい気分になってくる。	
10851	D1:4396:0D544	1	대사	【アル】誰もいない浜辺か‥‥昼間、ここでの楽しいときが、嘘のようだ。	
10852	D1:4396:0D5A2	1	대사	【アル】ここでの水泳は禁止されているとカズミさんは言っていたけど、なぜだろうか。	
10853	D1:4396:0D5F6	1	대사	【アル】考えても答えはでないようだが‥‥。	
10854	D1:4396:0D624	1	대사	【アル】普通の砂浜だ。	
10855	D1:4396:0D63E	1	대사	【アル】太陽の熱に焼かれた砂の温度が、靴越しに伝わってくる。かなり、熱い。	
10856	D1:4396:0D68C	1	대사	【アル】昼間はこの熱砂の上に寝ころんだんだっけな。それでも気持ちよかった気がする。	
10857	D1:4396:0D6EC	3	대사	【アル】そうだな‥‥ここにいても、アベックの恋愛活動を覗ける訳じゃない。	
10858	D1:4396:0D738	1	대사	【アル】飛行場に戻るか。	
10859	D1:4396:0D764	1	대사	【アル】やぁ、カズミさん‥‥{n00}カズミさんも泳ぎに来たのかい？	
10860	D1:4396:0D7A4	1	대사	【カズミ】あなたたち、ここで泳いだの？	
10861	D1:4396:0D7D6	1	대사	【アル】泳いでいたのって‥‥見ての通りさ。とっても気持ちよかったぜ。	
10862	D1:4396:0D81E	1	대사	【ティーナ】ねー。	
10863	D1:4396:0D83C	1	대사	【カズミ】バカなことを‥‥すぐにシャワーで海水を洗い落としなさい！	
10864	D1:4396:0D8C4	1	대사	【アル】（なんだってんだ。）	
10865	D1:4396:0D914	1	대사	【アル】目の前には、恐いこわーいお嬢様が立っている。	
10866	D1:4396:0D96E	1	대사	【アル】いや別に。（こわーいって、言っただけだよ！）	
10867	D1:4396:0D9A6	1	대사	【アル】シェリルにティーナは当惑した顔つきだ。	
10868	D1:4396:0D9D8	1	대사	【アル】そりゃそうだ、身に覚えのないことで非難されているんだからな‥‥。	
10869	D1:4396:0DA24	1	대사	【カズミ】あなたに無くても、こちらには非難する正当な理由があるのよ。	
10870	D1:4396:0DA74	1	대사	【アル】なんであんなに怒ってるんだろうか‥‥。	
10871	D1:4396:0DAA6	1	대사	【アル】どうしたんだろう、いきなりやってきてバカだもんな。	
10872	D1:4396:0DAE4	1	대사	【アル】このお嬢様は気が触れたのか？	
10873	D1:4396:0DB0C	1	대사	【カズミ】本人を目の前にして、それだけ悪し様に言えれば大したものよ。	
10874	D1:4396:0DB5C	1	대사	【アル】悪し様じゃなくて、本当のことだろう？	
10875	D1:4396:0DBAE	1	대사	【カズミ】わかったわ、とにかく３人とも早く部屋に帰りなさい。	
10876	D1:4396:0DBF6	1	대사	【シェリル】ありがとう‥‥ございました。	
10877	D1:4396:0DC62	1	대사	【シェリル】帰りましょうか。	
10878	D1:4396:0DC8A	1	대사	【アル】すまない‥‥シェリル、俺の為に。	
10879	D1:4396:0DCB6	1	대사	【シェリル】ううん、今日は本当に楽しかった‥‥本当です。	
10880	D1:4396:0DCFA	1	대사	【アル】あぁ‥‥ティーナ、おい、ティーナ？	
10881	D1:4396:0DD28	1	대사	【ティーナ】ぷはぁぁ‥‥ティーナ、耳塞いでたから、なーんにも聞こえなかったの。	
10882	D1:4396:0DD82	1	대사	【アル】は、ハハハ‥‥うん、あのお嬢様に対しては、一番効果的な反撃かもしれないな。	
10883	D1:4396:0DDD8	1	대사	【シェリル】クスクス‥‥。	
10884	D1:4396:0DDFE	1	대사	【アル】じゃあ帰ろうか。	
10885	D1:4396:0DE38	1	대사	【ティーナ】アル、一緒にお風呂に入ろう！	
10886	D1:4396:0DE6C	1	대사	【アル】ふぅ‥‥元気だな、お前‥‥。	
10887	D1:4396:0DE9C	1	대사	【カズミ】アルバート。	
10888	D1:4396:0DED8	1	대사	【カズミ】あなたにも呆れたわ。職員をたき付けて、規則を破らせるとは‥‥。	
10889	D1:4396:0DF2C	1	대사	【アル】昔は規則破りのアルと呼ばれたものさ。規則なんてものは破るためにある。	
10890	D1:4396:0DF7C	1	대사	【カズミ】あまり目に付くようだと、取材も中止せざるをえないわね。	
10891	D1:4396:0DFCA	1	대사	【カズミ】アル、あなたの行動は目に余るのよ。	
10892	D1:4396:0E004	1	대사	【アル】（な、なんだよ‥‥俺ってそんなに非常識か？）	
10893	D1:4396:0E03C	1	대사	【カズミ】とにかく、自室に戻って、すぐにシャワーを浴びること、	
10894	D1:4396:0E088	1	대사	【カズミ】シェリルさん、そしてアルバート。	
10895	D1:4396:0E0D6	1	대사	【カズミ】２人は今日１日、部屋で謹慎していなさい。	
10896	D1:4396:0E114	1	대사	【アル】ちょっと、シェリルは関係ないだろう？	
10897	D1:4396:0E144	1	대사	【カズミ】関係ない？	
10898	D1:4396:0E166	1	대사	【カズミ】彼女は今ここにこうして、自らの意志で規則を破ったにも関わらず？	
10899	D1:4396:0E1BC	1	대사	【アル】俺が無理言ってお願いしたんだよ。	
10900	D1:4396:0E1E8	1	대사	【カズミ】では、アルバート。あなたの謹慎期間は２日とします。	
10901	D1:4396:0E230	1	대사	【アル】おい、{n00}そりゃないだろう！？明日は写真撮影があるんだぜ。	
10902	D1:4396:0E274	1	대사	【カズミ】それが嫌だったら、いますぐ帰国することね。	
10903	D1:4396:0E2C6	1	대사	【シェリル】ご、ごめんなさい‥‥私が悪いんです。	
10904	D1:4396:0E302	1	대사	【アル】お、おい、シェリル。	
10905	D1:4396:0E322	1	대사	【シェリル】ちゃんとお部屋へ帰ってシャワーを浴びて、今日１日は静かに過ごしますから‥	
10906	D1:4396:0E384	1	대사	【シェリル】許して下さい。	
10907	D1:4396:0E3AC	1	대사	【アル】おいなにも、そんなに‥‥（なんでそんなに低姿勢なんだよ。）	
10908	D1:4396:0E40A	1	대사	【カズミ】そこのあなた、あなたは《デザイア》の研究職員ね。名前と部署を言いなさい。	
10909	D1:4396:0E468	1	대사	【シェリル】し、シェリル・シャトレート‥‥現在、反応装置の制御を仰せつかっています。	
10910	D1:4396:0E4C8	1	대사	【アル】（反応‥‥なんだって？）	
10911	D1:4396:0E4EC	1	대사	【カズミ】海での海水浴は禁止されているはず。	
10912	D1:4396:0E526	1	대사	【カズミ】職員のあなたが、聞いていないはずないでしょう。	
10913	D1:4396:0E56C	1	대사	【シェリル】は、はい‥‥でも、ちょっと泳ぐくらいなら問題がないと‥‥。	
10914	D1:4396:0E5BE	1	대사	【カズミ】時間はこのさい関係ないわ。規則を破ったか否かが問題なのよ。	
10915	D1:4396:0E60E	1	대사	【アル】ちょ、ちょっと待ってくれよ、シェリルを無理矢理誘ったのは俺だ。	
10916	D1:4396:0E658	1	대사	【アル】彼女に問題は無い。	
10917	D1:4396:0E676	1	대사	【シェリル】アル‥‥。	
10918	D1:4396:0E6BA	2	대사	【アル】そらっ！	
10919	D1:4396:0E6CE	4	대사	ザバーン。	
10920	D1:4396:0E708	1	대사	【ティーナ】あー、ティーナにもかけてよぉ！	
10921	D1:4396:0E750	1	대사	【アル】よーし‥‥ざっぱーん！	
10922	D1:4396:0E772	1	대사	【ティーナ】ブルブル‥‥じゃあ、{n00}ティーナもおかえしよ！	
10923	D1:4396:0E7C8	1	대사	【シェリル】きゃっ、なんで私にかけるのよ！	
10924	D1:4396:0E7FE	1	대사	【ティーナ】えへへ、キシューってやつね。	
10925	D1:4396:0E832	1	대사	【シェリル】もう、イタズラっこね。	
10926	D1:4396:0E876	1	선택지	　かける	
10927	D1:4396:0E894	1	대사	【アル】そうだな、ちょっと疲れたし、そろそろ戻ろう。	
10928	D1:4396:0E8CC	1	대사	【シェリル】疲れましたね。	
10929	D1:4396:0E8F2	1	대사	【ティーナ】えー、{n00}ティーナつまんないー。	
10930	D1:4396:0E928	1	대사	【アル】元気なのは子供だけだな‥‥ふぅ。	
10931	D1:4396:0E990	1	대사	【ティーナ】あそこに変な人が立ってる‥‥。	
10932	D1:4396:0E9C6	1	대사	【アル】変な人‥‥？	
10933	D1:4396:0E9DE	1	대사	【ティーナ】ほらぁ、腕組みをして恐い顔してる女の人！	
10934	D1:4396:0EA1E	1	대사	【アル】（あれ？あそこにいるのは、カズミさんじゃないか。）	
10935	D1:4396:0EA5C	1	대사	【アル】（何をやっているんだろう‥‥。）	
10936	D1:4396:0EA88	2	선택지	　海水	
10937	D1:4396:0EAA8	1	대사	【アル】澄んだ海水だ。このまま飲めそうな気もするな。	
10938	D1:4396:0EAE0	1	대사	【アル】澄んだ海水だな‥‥濁っていない。	
10939	D1:4396:0EB0C	1	대사	【シェリル】本当に綺麗ですね。	
10940	D1:4396:0EB36	1	대사	【ティーナ】わーい。	
10941	D1:4396:0EB56	1	대사	バシャバシャ。	
10942	D1:4396:0EB6C	1	대사	【アル】足下に気を付けろよ、穴があいている場合があるからな。	
10943	D1:4396:0EBBE	1	대사	【ティーナ】きゃっ！！	
10944	D1:4396:0EBE0	1	대사	【アル】おいティーナ！大丈夫か？	
10945	D1:4396:0EC04	1	대사	【ティーナ】うん‥‥テヘヘ、ちょっところんじゃった。	
10946	D1:4396:0EC44	1	대사	【アル】まったく、世話かけさせるなよな。	
10947	D1:4396:0EC70	1	대사	【アル】（可愛らしい顔立ちに、アダルツな水着、）	
10948	D1:4396:0ECA4	1	대사	【アル】（このアンバランスさが何とも言えない感慨を抱かせるのだ。）	
10949	D1:4396:0ECEA	1	대사	【アル】っとっと、ジロジロ見てると、怪しまれるからな。	
10950	D1:4396:0ED24	1	대사	【アル】（結構似合っているなぁ、あの水着。）	
10951	D1:4396:0ED54	1	대사	【アル】（マコトなんかにあげとくの、もったいなかった{n00}ぜ。）	
10952	D1:4396:0ED94	1	대사	【アル】（酷いことに、１度も着たことないっていうし。）	
10953	D1:4396:0EDCE	1	대사	【アル】（ま、だいぶこの水着にも、シェリルは慣れてきたようだ。）	
10954	D1:4396:0EE12	1	대사	【アル】（そうなんだよ、まわりがジロジロみたりするから恥ずかしがるんであって、）	
10955	D1:4396:0EE66	1	대사	【アル】（いつもと同じように接していれば、そのうち慣れてしまうものさ。）	
10956	D1:4396:0EEB2	1	대사	【シェリル】アルバートさん、ジロジロみないで下さいね。	
10957	D1:4396:0EEF4	1	대사	【アル】し、しまった。	
10958	D1:4396:0EF0E	1	대사	【ティーナ】ティーナにだって、シューチシンっていうものはあるのよ！	
10959	D1:4396:0EF5E	1	대사	【ティーナ】まったく、レデーに失礼なんだから。	
10960	D1:4396:0EF9A	1	대사	【アル】ははは‥‥とりあえず笑うしかないな。	
10961	D1:4396:0EFCA	1	대사	【アル】ずいぶんと楽しそうだ。うん、連れてきてよかった。	
10962	D1:4396:0F006	1	대사	【ティーナ】うん、楽しいよっ！	
10963	D1:4396:0F030	1	대사	【アル】まったく、いい気なもんだ。	
10964	D1:4396:0F06E	1	대사	【シェリル】フフフ、でも来てよかったです‥‥本当に！	
10965	D1:4396:0F0AE	1	대사	【アル】そう言ってもらえると、誘った甲斐があるってもんだ。	
10966	D1:4396:0F0EC	1	대사	【アル】ふぅ‥‥さすがに、この老体の身にはきくぜ。	
10967	D1:4396:0F122	1	대사	【シェリル】何を言ってるんですか、まだまだ若いくせに。	
10968	D1:4396:0F164	1	대사	【アル】（だいぶ、柔らかくなってきたな、シェリルも。）	
10969	D1:4396:0F19E	1	대사	【シェリル】でも、ホントに気持ちいい‥‥。	
10970	D1:4396:0F1D4	1	대사	【アル】クロスワードより、ずっといいだろう？	
10971	D1:4396:0F204	1	대사	【シェリル】はい。ありがとう、{n00}アルバートさん。	
10972	D1:4396:0F240	1	대사	【アル】さらに、この水浴びよりも気持ちいいことがあるって、知ってた？	
10973	D1:4396:0F288	1	대사	【シェリル】えっ、何ですか？	
10974	D1:4396:0F2B0	1	대사	【アル】フフフ、大人の遊戯さ。わかるかい？	
10975	D1:4396:0F2DE	1	대사	【シェリル】えっ、は、はい‥‥もう、いつもそんなことばかり言って。	
10976	D1:4396:0F32C	1	대사	【アル】なぁ、シェリル。	
10977	D1:4396:0F36A	1	대사	【アル】シェリルって彼氏いるの？	
10978	D1:4396:0F38E	1	대사	【シェリル】えっ？　そ、その‥‥。	
10979	D1:4396:0F3BC	1	대사	【アル】（むっ‥怪しいな‥。）	
10980	D1:4396:0F3DE	1	대사	【シェリル】いません‥‥私になんか‥‥。	
10981	D1:4396:0F412	1	대사	【アル】（ありゃりゃ、若干表情がかげったような‥‥。）	
10982	D1:4396:0F44C	1	대사	【アル】俺は死ねる！	
10983	D1:4396:0F464	1	대사	【シェリル】は、はぁ？	
10984	D1:4396:0F486	1	대사	【アル】つまりだ、シェリルのような可愛らしい子を放っておく男共の中になど、	
10985	D1:4396:0F4D4	1	대사	【アル】女の為に死ねるやつなどいないだろうってことさ。	
10986	D1:4396:0F530	1	대사	【アル】だが俺は違う。惚れた女のためになら、死ねる！	
10987	D1:4396:0F568	1	대사	【シェリル】クスクスッ、イズミさんが聞いたら喜びますよ。	
10988	D1:4396:0F5AC	1	대사	【アル】あっそう‥‥（ちぇっ、うまくはぐらかされたな。）	
10989	D1:4396:0F5E8	1	대사	【シェリル】こうしていると、楽しいですね‥‥。水遊びがこんなに楽しかったなんて。	
10990	D1:4396:0F644	1	대사	【アル】ちっちっ、この程度で楽しいなんて言っているようじゃまだまだだな。	
10991	D1:4396:0F690	1	대사	【アル】大人にはもぉーっと楽しいことがあるのさ。	
10992	D1:4396:0F6E8	1	대사	【ティーナ】なになに、ティーナにも教えて！	
10993	D1:4396:0F71E	1	대사	【アル】子供はダメ！	
10994	D1:4396:0F736	1	대사	【ティーナ】ティーナ、大人だモン！	
10995	D1:4396:0F764	1	대사	【アル】泳げる泳げないなんて、関係ないだろ。	
10996	D1:4396:0F794	1	대사	【アル】こうして水で戯れるだけで、なんだか楽しいものさ。	
10997	D1:4396:0F7D0	1	대사	【シェリル】本当、楽しいです。来てよかった！	
10998	D1:4396:0F808	1	대사	【アル】フフ、{n00}この後に軽くディナーを食べ、	
10999	D1:4396:0F838	1	대사	【アル】スクリュードライバで腰にきたところを、一気にホテルへとなだれ込む！	
11000	D1:4396:0F886	1	대사	【シェリル】やだ、もうアルバートさんって本当に面白い人！	
11001	D1:4396:0F8CA	1	대사	【アル】あっそ‥‥（軽くかわされたか。）	
11002	D1:4396:0F8F6	1	대사	【ティーナ】その貝殻、大事にしてね。	
11003	D1:4396:0F926	1	대사	【アル】おう、マクドガル家の家宝にするぞ。	
11004	D1:4396:0F954	1	대사	【ティーナ】ねぇ、アル！	
11005	D1:4396:0F978	2	대사	【アル】なんだい。	
11006	D1:4396:0F98E	1	대사	【ティーナ】ほら、黄色の貝殻。ティーナの髪の色と同じだよ。	
11007	D1:4396:0F9D4	1	대사	【アル】綺麗だな。	
11008	D1:4396:0F9EA	1	대사	【ティーナ】うん、ほら、{n00}アルにあげる！	
11009	D1:4396:0FA1E	1	대사	【アル】えっ、せっかく綺麗なのを拾ったのにかい？	
11010	D1:4396:0FA52	1	대사	【ティーナ】うん、ティーナだと思って、大事にすること！	
11011	D1:4396:0FA94	1	대사	【アル】へいへい、わかったよ、王女様。	
11012	D1:4396:0FACE	1	대사	【アル】もうかけるのはやめにしよう。	
11013	D1:4396:0FAF6	1	대사	【ティーナ】えー、もうやめちゃうのぉ。	
11014	D1:4396:0FB28	1	대사	【アル】じゃあ、ティーナにはもっと別のモノをかけてあげよう。	
11015	D1:4396:0FB86	1	대사	【アル】へっへっへ、顔にかけちゃうんだぞう！！	
11016	D1:4396:0FBB8	1	대사	【ティーナ】早くぅ、早くかけて！	
11017	D1:4396:0FBE4	1	대사	【アル】ちぇっ、リアクションがつまらんな‥‥	
11018	D1:4396:0FC14	1	대사	【アル】おら、津波だ！	
11019	D1:4396:0FC2C	1	대사	バッシャーン！！	
11020	D1:4396:0FC44	1	대사	【ティーナ】キャッ！　冷たーい、てへへ、でも気持ちいい！	
11021	D1:4396:0FC88	1	대사	【アル】ふぅ‥‥疲れるな‥‥。	
11022	D1:4396:0FCBE	1	대사	バシャッ！	
11023	D1:4396:0FCD0	1	대사	【シェリル】きゃっ。じゃあ、私も！	
11024	D1:4396:0FCFE	1	대사	ビシャッ！	
11025	D1:4396:0FD10	1	대사	【アル】むむ、じゃあこれでどうだ。	
11026	D1:4396:0FD36	1	대사	ジャバーッ！	
11027	D1:4396:0FD4A	1	대사	【シェリル】あん、顔にかかったわ‥‥冷たい！	
11028	D1:4396:0FD82	1	대사	【アル】へへっ、昔は水かけのアル様と言われたものさ。	
11029	D1:4396:0FDBA	1	대사	【ティーナ】あーん、アルぅ、ティーナにもかけて、お顔にかけてよぉ！	
11030	D1:4396:0FE08	1	대사	【アル】悩ましげな声で、誤解されそうなことを言うなって。	
11031	D1:4396:0FE44	1	대사	【ティーナ】ゴカイって、なになに？	
11032	D1:4396:0FE72	1	대사	【アル】うーむ‥‥。	
11033	D1:4396:0FE8A	1	대사	【アル】あまり間抜けなことをさせないでくれ。	
11034	D1:4396:0FECC	1	대사	【アル】ドクン、ドクン。	
11035	D1:4396:0FEFE	1	대사	【シェリル】どうしたんですか？　急に独り言を言い出して。	
11036	D1:4396:0FF42	1	대사	【アル】いやなにね‥‥ははは。	
11037	D1:4396:0FF9C	1	대사	【アル】昨日の夜に来たときは、幽霊でも出そうな雰囲気だったが‥‥。	
11038	D1:4396:0FFE2	1	대사	【アル】今は青々とした緑が広がっている。なかなか綺麗だな。	
11039	D1:4396:10020	1	대사	【アル】人里離れた林と言えば、やはりアオカンだろうか‥‥。	
11040	D1:4396:1005E	1	대사	【アル】アオカンというと、青空の下で姦通せしめる、という意味なんだろうな。	
11041	D1:4396:100AC	1	대사	【アル】うん、どうでもいいことだ。	
11042	D1:4396:100D2	1	대사	【アル】早く泳ぎたいな‥‥。	
11043	D1:4396:100F2	1	대사	【アル】こんなに気持ちの良い浜辺なのに、	
11044	D1:4396:1011E	1	대사	【アル】なんで誰も泳ごうとしないんだろうな、もったいない。	
11045	D1:4396:1015C	1	대사	【アル】後でシェリルたちと泳ぎに来るんだ‥‥{s00}あっ！	
11046	D1:4396:10194	1	대사	【アル】そういえば、俺は海パンを用意していないぞ、うーむ。	
11047	D1:4396:101D2	1	대사	【アル】‥‥サポーターに短パンで構わないか。	
11048	D1:4396:10202	1	대사	【アル】少しくらい透けたって、まぁ大人の魅力でごまかせるさ。	
11049	D1:4396:10242	1	대사	【アル】裸足で歩くと気持ちよさそうな砂浜だ。	
11050	D1:4396:10272	1	대사	【アル】マナーの悪い観光客はいないからな‥‥空き缶やビンなどはちらばっていない。	
11051	D1:4396:102C6	1	대사	【アル】裸足で歩くと、気持ちよさそうだな。	
11052	D1:4396:1034A	2	대사	【アル】飛行場に戻るか、くそぉ。	
11053	D1:4396:103AC	1	대사	【アル】林はひっそりとたたずんでいる。	
11054	D1:4396:103D6	1	대사	【アル】林の音が、静かだが聞こえてくる。	
11055	D1:4396:10402	1	대사	【アル】ここでこうしていると、だんだん眠くなってくるな。	
11056	D1:4396:1043E	1	대사	【アル】波の音と相まって、寂しい海辺がよりいっそう寂しく感じる。	
11057	D1:4396:10482	1	대사	【アル】ここが凡庸な海水浴場であれば、	
11058	D1:4396:104AC	1	대사	【アル】そこら中でアベックが恋愛活動に従事しているところだが‥‥。	
11059	D1:4396:104F0	1	대사	【アル】残念なことに、そうした状況は全くなさそうだ。	
11060	D1:4396:10528	1	대사	【アル】月夜に照らされる砂浜か‥‥。	
11061	D1:4396:10550	1	대사	【アル】昔読んだ、アラビアンナイトという話を思い出すな。	
11062	D1:4396:1058C	1	대사	【アル】月夜とくれば、砂漠という印象しか残っていないが。	
11063	D1:4396:105C6	1	대사	【アル】綺麗な砂だな。サラサラしている。	
11064	D1:4396:105F2	1	대사	【アル】海岸によって、砂の質というのが違うんだぜ。	
11065	D1:4396:10628	1	대사	【アル】サラサラしているのもあれば、ベトベトしてるのもある。	
11066	D1:4396:10666	1	대사	【アル】イガイガしてるのは、さすがに無いようだが。	
11067	D1:4396:1074E	1	선택지	　奥の林	
11068	D1:4396:10758	1	대사	【アル】綺麗な緑だな‥‥。	
11069	D1:4396:10776	1	대사	【アル】左手には緑がちらほら見えるな。	
11070	D1:4396:107A0	1	대사	【アル】大草原とまでは言えないが、いくらかの草木が生い茂っているようだ。	
11071	D1:4396:107EC	1	대사	【アル】疲れた時なんかに、ごろんとひと休みしたいものだな‥‥。	
11072	D1:4396:1082E	1	대사	【アル】誰もいない海というのも、センチメンタルな気分になるな。	
11073	D1:4396:10870	2	대사	【アル】いつ見ても綺麗な海だな‥‥ちぇっ、本当に水着でも持って来るんだった。	
11074	D1:4396:108C0	2	대사	【アル】しかし相変わらず誰も泳いでないな。	
11075	D1:4396:10932	2	대사	【アル】もうティーナは倒れていない。	
11076	D1:4396:1095A	2	대사	【アル】あそこにティーナが倒れていたんだな‥‥。	
11077	D1:4396:109A4	2	대사	【アル】遭難か‥‥？　いずれにせよ、身元が判明するのを祈るだけだな。	
11078	D1:4396:109F6	2	대사	【アル】そうだな‥‥飛行場に戻るか。	
11079	D1:4396:10A56	1	대사	【アル】誰もいない海というのも、センチメンタルな気分になるな‥‥。	
11080	D1:4780:03454	1	대사	【アル】ここは格納庫だが‥‥妙に薄暗いな、いったいどうしたんだろう。	
11081	D1:4780:0349C	1	대사	【アル】整備士の連中はもう宿舎に帰ったとして、シルビアはどうしたんだ。	
11082	D1:4780:03500	1	대사	【アル】なんだか胸騒ぎがする‥‥‥‥。	
11083	D1:4780:03534	10	대사	【アル】ここは格納庫だ。	
11084	D1:4780:03550	2	대사	【アル】相変わらず騒がしいところではあるが‥‥	
11085	D1:4780:03582	1	대사	【アル】別に用事はない。	
11086	D1:4780:035AE	1	대사	【アル】よっ。	
11087	D1:4780:035C0	1	대사	【シルビア】やぁ、アル‥‥ごめん、今すごく忙しいんだ。	
11088	D1:4780:03604	1	대사	【シルビア】ったく、いきなり来ていきなり飛び立つってんだから‥‥。	
11089	D1:4780:03654	1	대사	【アル】シルビアは乗っていかないの？	
11090	D1:4780:0367C	1	대사	【シルビア】オレが乗ったら誰が飛行機の整備をするのさ。アルはどうなんだい？	
11091	D1:4780:036D2	1	대사	【アル】俺か？　俺はもう少しここにいる。	
11092	D1:4780:036FE	1	대사	【シルビア】そうか‥‥一緒にここを出られるといいね。	
11093	D1:4780:0373E	1	대사	【アル】しかし飛行機のタイヤはまたでっかいな。	
11094	D1:4780:03770	1	대사	【アル】タイヤ研究部の友人に見せてやりたいぜ。	
11095	D1:4780:037A2	1	대사	【シルビア】なんだい、そのタイヤ研究部って。	
11096	D1:4780:037DA	1	대사	【アル】うむ、俺も実は良くわかっていないんだが、	
11097	D1:4780:0380E	1	대사	【アル】何でもタイヤに毎日ほおずりするのが仕事らしい。	
11098	D1:4780:03848	1	대사	【シルビア】なんだよ、それは。まったく、オレもう仕事に行くよ。	
11099	D1:4780:03892	1	대사	【アル】あぁ‥‥邪魔したね、それじゃ。	
11100	D1:4780:038BC	1	대사	【シルビア】うん。	
11101	D1:4780:038EA	1	대사	【シルビア】やぁ、アル。ティーナは見つかったのかい？	
11102	D1:4780:0392A	1	대사	【アル】いや‥‥ここにも来ていないみたいだな。	
11103	D1:4780:0395C	1	대사	【シルビア】あぁ、見つけたら、ティーナはここに置いておくから。	
11104	D1:4780:039A6	1	대사	【アル】うん、頼むよ。それじゃ‥‥。	
11105	D1:4780:039DE	1	대사	【シルビア】やぁ、アル。どうしたんだい。	
11106	D1:4780:03A12	1	대사	【アル】シルビア、ティーナを見なかったかい？	
11107	D1:4780:03A42	1	대사	【シルビア】ティーナ？　あのクリクリの女の子が、{n00}どうかしたの？	
11108	D1:4780:03A8E	1	대사	【アル】いなくなってしまったんだ‥‥。	
11109	D1:4780:03AB8	1	대사	【シルビア】あの子のことだから、どうせその辺で遊んでいるんじゃ‥‥。	
11110	D1:4780:03B08	1	대사	【アル】違うんだ、シルビア。	
11111	D1:4780:03B28	1	대사	【シルビア】違うって‥‥{n00}何かあったの？	
11112	D1:4780:03B5C	1	대사	【アル】あぁ、ここだけの話だけど、誰かにさらわれた。	
11113	D1:4780:03B94	1	대사	【シルビア】さらわれたって‥‥じゃあ誘拐！？	
11114	D1:4780:03BCC	1	대사	【アル】そういうことになる。	
11115	D1:4780:03BEC	1	대사	【シルビア】いったい誰が！？	
11116	D1:4780:03C14	1	대사	【アル】それがわかれば、苦労はしないよ。	
11117	D1:4780:03C40	1	대사	【シルビア】そ、それもそうだね‥‥。	
11118	D1:4780:03C70	1	대사	【アル】どうも、加速度的に暗雲が立ちこめてきたって感じでさ。	
11119	D1:4780:03CB0	1	대사	【シルビア】わかったよ‥‥じゃあ、あの子を見かけたら、とりあえずここで保護しておく。	
11120	D1:4780:03D10	1	대사	【アル】そうして貰えると助かる。だけど、無茶だけはしてくれるな。	
11121	D1:4780:03D54	1	대사	【シルビア】うん‥‥しかし誘拐か。何だか、物騒になってきたよな、ここも‥‥。	
11122	D1:4780:03DC6	1	대사	【シルビア】‥‥さてと、仕事をしなくちゃ。	
11123	D1:4780:03DFC	1	대사	【アル】いま忙しいんだ。	
11124	D1:4780:03E18	1	대사	【シルビア】うん、今日の夕方に、大型の旅客機が到着する予定でさ。もう大変。	
11125	D1:4780:03E6E	1	대사	【アル】そうか、仕事中に悪かったな。じゃあティーナを見つけたら‥‥。	
11126	D1:4780:03EB6	1	대사	【シルビア】あぁ、ここで保護しておくよ。	
11127	D1:4780:03EEA	1	대사	【アル】頼むよ。	
11128	D1:4780:03F2A	1	대사	【アル】なんだか、いつにも増して忙しそうな感じだな‥‥。	
11129	D1:4780:03F8C	1	대사	【アル】《デザイア》で唯一騒がしいと言える場所だな。	
11130	D1:4780:03FEA	1	대사	【アル】隠れやすいといえば、ここだろうな‥‥、	
11131	D1:4780:0401C	1	대사	【アル】でもこんなところにティーナ、来てるだろうか。	
11132	D1:4780:0407A	1	대사	【アル】シルビアの姿は見えないようだが‥‥。	
11133	D1:4780:040AA	1	대사	【アル】まっ、どこかで黙々と仕事をしているに違いない。	
11134	D1:4780:0410A	1	대사	【アル】シルビアはいないようだな‥‥おまけに整備士の連中もいないぞ。	
11135	D1:4780:04152	1	대사	【アル】怠慢なやつらだな。	
11136	D1:4780:04196	1	대사	【アル】シルビアはいないようだな‥‥たぶん、仕事中だろう。	
11137	D1:4780:041DE	1	대사	【シルビア】よ、よぉ‥‥アル。	
11138	D1:4780:04208	1	대사	【アル】どうしたんだよ、元気がないな。	
11139	D1:4780:04232	1	대사	【シルビア】そ、そんなことは‥‥ないんだけど‥‥。	
11140	D1:4780:0427E	3	대사	【シルビア】なぁ、アル。	
11141	D1:4780:042B8	1	대사	【シルビア】お、俺もさぁ、レイコさんみたくなれるのかなぁ‥‥。	
11142	D1:4780:04302	1	대사	【アル】へ？　あ、あぁ‥‥少なくとも素質はあると思う。	
11143	D1:4780:0433C	1	대사	【シルビア】そ、そうかぁ‥‥よし！	
11144	D1:4780:0437A	1	대사	【シルビア】じゃあな！　オレ、仕事しなくちゃ。	
11145	D1:4780:043BE	1	대사	【アル】お、おいシルビア‥‥{s00}風のように去っていく。	
11146	D1:4780:043F6	1	대사	【アル】どうしたんだろうな、あいつ。そういえば、	
11147	D1:4780:0442A	1	대사	【アル】レイコさんも同じような事を言っていたけど‥‥。	
11148	D1:4780:04464	1	대사	【アル】うーん、アノ日か？	
11149	D1:4780:04482	1	대사	【シルビア】‥‥バーカ言ってるんじゃねぇよ！	
11150	D1:4780:044BA	1	대사	【アル】地獄耳だな‥‥。	
11151	D1:4780:044FC	1	대사	【アル】シルビアはいないようだな‥‥仕事中かな。	
11152	D1:4780:045D4	1	대사	【アル】整備士の人たちは、もうあがったのかな？	
11153	D1:4780:0460E	1	대사	【アル】ここは格納庫だ。昼夜を問わず、動き続ける場所だな。	
11154	D1:4780:0464C	1	대사	【アル】外は真っ暗なのに、ここはかなり明るい。	
11155	D1:4780:0467E	1	대사	【アル】もっとも明るくなきゃ仕事はできないか。	
11156	D1:4780:046AE	1	대사	【アル】シルビアはいないようだけど‥‥。	
11157	D1:4780:046E4	1	대사	【アル】ここは格納庫だ。相変わらずメカメカしい所だな‥‥。	
11158	D1:4780:04722	1	대사	【アル】シルビアはいるだろうか。	
11159	D1:4780:0474E	1	대사	【アル】どこまで、続いて行くんだろう。	
11160	D1:4780:04778	1	대사	【アル】もしもこれが本当に‥‥{n00}本当に人間の血だったら‥‥！？	
11161	D1:4780:047BA	1	대사	【アル】血は点々とわずかだが、このままだと確実に致死量に達してしまう。	
11162	D1:4780:0481E	1	대사	【アル】本当に、どこまで続いているんだろうか。	
11163	D1:4780:04850	1	대사	【アル】あっ、開けてきたぞ。	
11164	D1:4780:04882	1	대사	【アル】！！！！！！！	
11165	D1:4780:0489C	1	대사	【アル】なっ‥‥ど、どうしたんだ、これはいったい！？	
11166	D1:4780:048D4	1	대사	【アル】手前にはカズミさんが‥‥む、向こうにはシルビアが‥‥。	
11167	D1:4780:04916	1	대사	【アル】た、大変だぞ、これは！！	
11168	D1:4780:04954	1	선택지	　助ける	
11169	D1:4780:04984	1	대사	【アル】悠長にあたりを見ている暇はないぞ。もうすぐ爆発してしまう！	
11170	D1:4780:049CA	1	대사	【アル】とにかく、２人の様子を見てみよう。	
11171	D1:4780:049F8	1	대사	【アル】あたりは薄暗い。天窓から差し込む綺麗な月光が、２人を照らしている。	
11172	D1:4780:04A46	1	대사	【アル】これはいったいどうしたんだ‥‥何だか悪夢を見ているような気分だ‥‥。	
11173	D1:4780:04A96	1	대사	【アル】カズミさんは‥‥と、とにかく早くシルビアを連れださなきゃ。	
11174	D1:4780:04ADC	1	대사	【アル】カズミさんはぐったりとしていて、起きようとしない。	
11175	D1:4780:04B1A	1	대사	【アル】これはかなりマズい状況だぞ。	
11176	D1:4780:04B42	1	대사	【アル】か、カズミさんは‥‥な、なんだ、腹のあたりから、血がちがちがちが‥‥	
11177	D1:4780:04B92	1	대사	【アル】お、落ちつけアルバート！	
11178	D1:4780:04BB6	1	대사	【アル】俺は何度も修羅場をくぐってきた。	
11179	D1:4780:04BE2	1	대사	【アル】マフィアの抗争現場をかいくぐった時だってあったろう。	
11180	D1:4780:04C22	1	대사	【アル】お、落ちつけ‥‥‥‥‥‥ふぅ、何とか落ちついたぞ。	
11181	D1:4780:04C60	1	대사	【アル】カズミさんは腹のあたりから血を流しているようだ。	
11182	D1:4780:04C9C	1	대사	【アル】き、傷は深いんだろうか‥‥。	
11183	D1:4780:04CC4	1	대사	【アル】いやそれどころか、生きているんだろうか？	
11184	D1:4780:04CF8	1	대사	【アル】少しだけ身動きをしている。命に別状はないらしいが‥‥。	
11185	D1:4780:04D3A	1	대사	【アル】カズミさんのように血は流していないが‥‥かなりぐったりとしているようだ。	
11186	D1:4780:04D8E	1	대사	【アル】いったいどうしたっていうんだ。あっ、でも少し動いたぞ。	
11187	D1:4780:04DD0	1	대사	【アル】ということは命には別状がないということか‥‥。	
11188	D1:4780:04E0A	1	대사	【アル】しかし危険な状況には変わりがないぞ。	
11189	D1:4780:04E46	1	대사	【アル】カズミさん！	
11190	D1:4780:04E5E	1	대사	【カズミ】あ、アル‥‥‥‥。	
11191	D1:4780:04E86	1	대사	【アル】と、とにかくシルビアを外に連れ出したら、またきっと戻ってくる！	
11192	D1:4780:04ED0	1	대사	【アル】それまで待っているんだぞ、死ぬな！！	
11193	D1:4780:04F00	1	대사	【カズミ】うん‥‥待ってる‥‥。	
11194	D1:4780:04F2C	1	대사	【アル】あ、あと３０！？　い、急がなくちゃ！	
11195	D1:4780:04F5C	1	대사	【カズミ】‥‥‥‥‥‥‥‥。	
11196	D1:4780:04F7C	1	대사	【カズミ】ウフフ‥‥どうやら思っていたよりも早く、途中下車することになりそうね‥‥。	
11197	D1:4780:04FDC	1	대사	【カズミ】さようなら‥‥アルバート‥‥。	
11198	D1:4780:05016	1	대사	【アル】バカ言うなよ、シルビアを助けてからだぜ。	
11199	D1:4780:0504A	1	대사	【アル】いい加減にしないと、怒るぞ。	
11200	D1:4780:05072	1	대사	【アル】現状でそんなことができるか。早く２人を何とかしなくちゃ。	
11201	D1:4780:050CC	1	대사	【カズミ】は、早く‥‥あの子を‥‥。	
11202	D1:4780:050FC	1	대사	【アル】わかった！	
11203	D1:4780:05112	1	대사	【アル】そうだ、こんな見ている場合じゃないぞ！　か、カズミさんを‥‥。	
11204	D1:4780:0515C	1	대사	【アル】カズミさん！　おい、しっかりしてくれよ。	
11205	D1:4780:05190	1	대사	【カズミ】ん‥‥‥。	
11206	D1:4780:051B0	1	대사	【アル】良かった、まだ息がある。カズミさん！	
11207	D1:4780:051E6	1	대사	【カズミ】あ‥‥‥‥アル‥‥‥‥。	
11208	D1:4780:05214	1	대사	【アル】カズミさん！　一体誰がこんなことを！？	
11209	D1:4780:05246	1	대사	【カズミ】わ‥‥からない‥‥‥‥でも‥‥‥‥。	
11210	D1:4780:05280	1	대사	【アル】とにかくもう大丈夫だ。俺がメディカルセンターに‥‥‥‥‥	
11211	D1:4780:052C4	1	대사	【アル】あっ！でもドクターは！？	
11212	D1:4780:052E8	1	대사	【カズミ】あ‥‥アル‥‥‥‥‥‥聞いて‥‥‥‥。	
11213	D1:4780:05324	1	대사	【アル】今はしゃべらない方がいい。	
11214	D1:4780:0534A	1	대사	【カズミ】お‥‥願い‥‥聞いて欲しいの。私はどうせもう‥‥。	
11215	D1:4780:05392	1	대사	【アル】か、カズミさん、そんな悲観的な‥‥‥‥‥‥はっ！	
11216	D1:4780:053CE	1	대사	【アル】（こ、この腹の傷は‥‥ち、腸がはみ出てる。これじゃあもう‥‥。）	
11217	D1:4780:0541A	1	대사	【カズミ】ここはもうじき爆破‥‥される‥‥	
11218	D1:4780:05452	1	대사	【カズミ】だから、あの整備士の子を‥‥は、早く‥‥‥‥。	
11219	D1:4780:05498	1	대사	【アル】ば、爆破だって！？	
11220	D1:4780:054B6	1	대사	【カズミ】あ、あれが‥‥‥‥お願い‥‥‥‥‥早く‥‥‥‥。	
11221	D1:4780:054FC	1	대사	【アル】あれって‥‥あれか？も、もしかしてあのデジタル時計の数字が、	
11222	D1:4780:05544	1	대사	【アル】ど、どんどん減っているみたいだけど‥‥あと{n00}１００！？	
11223	D1:4780:05586	1	대사	【カズミ】あれは‥‥かなり強力な‥‥‥‥‥‥早く！	
11224	D1:4780:055C4	1	대사	【アル】わ、わかった！　で、でも。	
11225	D1:4780:055EA	1	대사	【カズミ】ごめん‥‥なさい‥‥あなたに、特ダネをあげられそうも‥‥‥‥‥。	
11226	D1:4780:05640	1	대사	【アル】ば、バカ言うな！　んなことは、どうだっていいんだ。	
11227	D1:4780:0567E	1	대사	【アル】わっ、も、もうあと{n00}７０！？	
11228	D1:4780:056A6	1	대사	【カズミ】アルバート‥‥最後に聞いて欲しいの‥‥	
11229	D1:4780:056E4	1	대사	【カズミ】私はとんでもない勘違いを‥‥‥‥。	
11230	D1:4780:05730	1	대사	【カズミ】‥‥‥‥きょ、教授に‥‥教授に気を付けて‥‥‥‥。	
11231	D1:4780:05778	1	대사	【アル】えっ、教授？	
11232	D1:4780:05790	1	대사	【カズミ】うぅっ‥‥‥‥。	
11233	D1:4780:057B6	1	대사	【アル】か、カズミさん‥‥‥‥あ、あと６０！？　い、急がなくちゃ！	
11234	D1:4780:05802	1	대사	【アル】早いとこシルビアを連れ出そうぜ！	
11235	D1:4780:05838	1	대사	【アル】シルビア、大丈夫か？　シルビア！	
11236	D1:4780:05864	1	대사	【シルビア】ん‥‥イテテ‥‥。	
11237	D1:4780:0588E	1	대사	【アル】よし、これなら大丈夫そうだ。	
11238	D1:4780:058B6	1	대사	【シルビア】あ、アル‥‥なんだよ、こんな抱き上げちゃって。て、照れるよ‥‥。	
11239	D1:4780:0590E	1	대사	【アル】なに寝ぼけてるんだよ、とにかく外にでるぞ。	
11240	D1:4780:05944	2	대사	【シルビア】う、うん。	
11241	D1:4780:0596C	1	대사	【アル】まずカズミさんの方だ。	
11242	D1:4780:0598E	1	대사	【アル】とりあえず、血を流しているカズミさんだ。	
11243	D1:4780:059C2	1	대사	【アル】あれはかなり酷いようだが‥‥。	
11244	D1:4780:05A06	1	선택지	　取る	
11245	D1:4780:05A0E	1	선택지	　ブレスレット	
11246	D1:4780:05A1E	1	대사	【アル】ブレスレットはもう俺の手の中にある。	
11247	D1:4780:05A4E	1	대사	【アル】どうやらカズミさんのだな‥‥いったいどういう訳だろう。	
11248	D1:4780:05A90	1	대사	【アル】シルビアのかな。あいつ、なんだか急に色気づいてきたし‥‥。	
11249	D1:4780:05AD6	1	대사	【アル】まったく、こんなのどこから調達してきたんだろうな。	
11250	D1:4780:05B14	1	대사	【アル】レイコさんか？それにしては、お上品過ぎるな。	
11251	D1:4780:05B4C	1	대사	【アル】シルビアにはちょっと‥‥{s00}あっ！	
11252	D1:4780:05B78	1	대사	【アル】ま、待てよ‥‥これはもしかすると‥‥。	
11253	D1:4780:05BB2	1	대사	【アル】あーっ！！	
11254	D1:4780:05BC8	1	대사	『お爺さまから戴いたの。私の宝物の１つよ‥‥‥‥‥‥』	
11255	D1:4780:05C0A	1	대사	【アル】こ、これはカズミさんのだぞ！　しかし何でここに‥‥。	
11256	D1:4780:05C54	1	대사	【アル】つ、つまり、カズミさんのブレスレットがここに落ちているということは‥‥。	
11257	D1:4780:05CA8	1	대사	【アル】一度はここに足を運んで来た、ということか。一体いつなんだ？　それは。	
11258	D1:4780:05D12	1	대사	【アル】カズミさん‥‥何だか胸騒ぎがする。	
11259	D1:4780:05D50	13	선택지	　パイプ	
11260	D1:4780:05D5A	2	선택지	　床	
11261	D1:4780:05D60	1	선택지	　赤黒い液体	
11262	D1:4780:05D6E	1	대사	【アル】俺の記憶に誤りがあることを祈るぜ、本当に。	
11263	D1:4780:05DA4	1	대사	【アル】なんだ、これは‥‥ベトベトして、赤黒い‥‥。	
11264	D1:4780:05DDC	1	대사	【アル】俺の記憶では、こんな色でこんな手触りな液体は１つしかない。	
11265	D1:4780:05E22	1	대사	【アル】しかし‥‥一体どうしたっていうんだ。	
11266	D1:4780:05E52	1	대사	【アル】何だか、急に寒気がしてきたような‥‥いったいどうしたってんだ。	
11267	D1:4780:05E9C	1	대사	【アル】本当にいったいどうしたんだろう。	
11268	D1:4780:05EC8	1	대사	【アル】カズミさんはともかく、シルビアまでいないってのは、どういう訳だろうか。	
11269	D1:4780:05F1A	1	대사	【アル】トイレ‥‥の訳ないよな。	
11270	D1:4780:05F3E	1	대사	【アル】あたりに人はいないようだ。整備士の連中は宿舎に帰ったんだろうが‥‥。	
11271	D1:4780:05F8E	1	대사	【アル】カズミさんはまだ‥‥来ていないようだな。	
11272	D1:4780:05FC2	1	대사	【アル】それにしても遅いな。彼女、結構几帳面という感じがしたんだけど。	
11273	D1:4780:0600C	1	대사	【アル】時刻は‥‥もう１０時をまわっている。	
11274	D1:4780:0603C	1	대사	【アル】オイルにしては赤すぎる液体が、パイプにはベットリと付いている。	
11275	D1:4780:06086	1	대사	【アル】何かいやな予感がするんだが‥‥。	
11276	D1:4780:060B2	1	대사	【アル】しかし本当に汚いパイプだな、オイルで汚れている。	
11277	D1:4780:060EE	1	대사	【アル】整備士の連中は一体何を‥‥あれ？	
11278	D1:4780:0611A	1	대사	【アル】ヌルヌルしないな、ベトベトする。少し乾いてかたい感じもするな。	
11279	D1:4780:06164	1	대사	【アル】な、何かオイルにしては赤黒いような‥‥。	
11280	D1:4780:06198	1	대사	【アル】に、臭いもやや鉄分を含んだような臭いだ。	
11281	D1:4780:061CC	1	대사	【アル】ま、まさか‥‥ちょ、ちょっと暗がりだからな。	
11282	D1:4780:0621E	1	대사	【アル】でも、まさか本当に‥‥‥‥‥‥‥‥血！？	
11283	D1:4780:06252	1	대사	【アル】しかも、点々と続いている。右側の奥の通路へと‥‥。	
11284	D1:4780:06290	1	대사	【アル】ど、どうしよう。何だか嫌な予感がしてきたが‥‥。	
11285	D1:4780:062CC	1	대사	【アル】燃料用のパイプだ。オイルであちこちが薄汚れている。	
11286	D1:4780:0630A	1	대사	【アル】燃料用のパイプだな。	
11287	D1:4780:0632A	1	대사	【アル】今日はハードに酷使されたんだろう、あちこちが燃料用オイルで汚れている。	
11288	D1:4780:0637C	1	대사	【アル】掃除くらい、していかなかったのかな。	
11289	D1:4780:063AC	1	대사	【アル】ま、疲れてぶっ倒れてしまったのかもしれないが。	
11290	D1:4780:063E6	1	대사	【アル】床には血のようなオイルが、点々と付いている。	
11291	D1:4780:0641E	1	대사	【アル】血のようなオイルならまだいい。これが逆だったら‥‥。	
11292	D1:4780:0645E	1	대사	【アル】床にはカズミさんのブレスレットが落ちていたが‥‥いったいこれは‥‥？	
11293	D1:4780:064AE	1	대사	【アル】床にはブレスレットが落ちている。いったい誰のだろう。	
11294	D1:4780:064EE	1	대사	【アル】ん？　何か光ったような。なんだろう。	
11295	D1:4780:0651E	1	대사	【アル】よいしょっと‥‥あれ、これは‥‥これはブレスレット？	
11296	D1:4780:06568	1	대사	【アル】いったい何でこんなところに‥‥。	
11297	D1:4780:06594	1	대사	【アル】ちょっと汚いって感じだな。もう少し掃除くらいはして欲しいもんだ。	
11298	D1:4780:065E0	1	대사	【アル】床は、燃料用のオイルをこぼしたような感じだ。	
11299	D1:4780:06618	1	대사	【アル】といっても、それほど大量にではないけど‥‥めいっぱい汚くは見えるな。	
11300	D1:4780:06668	1	대사	【アル】もうちょっと綺麗にしておけよ。	
11301	D1:4780:06692	1	대사	【アル】もっとも、格納庫なんてのは、元来こんなモンなのかもしれないが‥‥。	
11302	D1:4780:066EC	8	선택지	　プライベートルーム	
11303	D1:4780:06702	1	선택지	　右手の通路	
11304	D1:4780:06748	1	대사	【アル】よし、この血のようなオイルの原因を探ってやるぞ。右手の通路に行ってみよう。	
11305	D1:4780:0679E	1	대사	【アル】向こうに人がいる気配はないな‥‥。	
11306	D1:4780:067CC	1	대사	【アル】シルビアの勉強部屋か。でも向こう側はまっくらだ。	
11307	D1:4780:06808	1	대사	【アル】いくらなんでも、暗がりで勉強はできない。	
11308	D1:4780:0683C	1	대사	【アル】だから、まだカズミさんが来ていないってば。	
11309	D1:4780:06872	1	대사	【アル】まだカズミさんが来ていないようだぜ。	
11310	D1:4780:068A2	1	대사	【アル】しかしそれにしても、遅いような気が‥‥。	
11311	D1:4780:06912	4	대사	【アル】シルビアはいないようだな‥‥	
11312	D1:4780:0693A	4	대사	【アル】恐らく奥の方でもくもくと仕事をしているんだろう。	
11313	D1:4780:06976	4	대사	【アル】相変わらず騒々しい場所だな‥‥１日中この調子か。	
11314	D1:4780:069B2	4	대사	【アル】まぁ、唯一《デザイア》で騒がしい場所として、存在価値はあるだろう。	
11315	D1:4780:06A00	1	대사	【アル】パイプは普通だ。ニョキニョキ伸びてはいない。	
11316	D1:4780:06A4A	1	대사	【アル】長らく見ているが、ちっともかわりばえしないな、このパイプは。	
11317	D1:4780:06A92	1	대사	【アル】もっとこう、毎日見るたびにニョキニョキ伸びる方向が違うとか、	
11318	D1:4780:06ADA	1	대사	【アル】そうすると見る者の目を楽しませ、心を和やかにするのにな。	
11319	D1:4780:06B34	1	대사	【アル】うーむ、単に不気味だという感じもする。	
11320	D1:4780:06B72	1	대사	【男】何か言付けがあれば、承っておきますが。	
11321	D1:4780:06BA2	1	대사	【アル】いや、いいよ。まっ、しっかり仕事をしてくれ。	
11322	D1:4780:06BDA	1	대사	【男】あっ、どーも。	
11323	D1:4780:06BF2	3	대사	【アル】シルビアは？	
11324	D1:4780:06C0A	1	대사	【男】整備士長は奥で給油装置のチェックを行っていますが、お呼びしますか？	
11325	D1:4780:06C56	1	대사	【アル】いいよ、忙しそうだから‥‥。	
11326	D1:4780:06C7E	1	대사	【アル】そういえばさ、何か比較的大きな飛行機がやって来るんだって？	
11327	D1:4780:06CC4	1	대사	【男】ええ、何でも民族大移動が行われるんじゃないかって、もっぱらの噂ですね。	
11328	D1:4780:06D26	1	대사	【男】でも、我々は結構肯定的に受けとめてるんですけどね。やっと祖国に帰れるって。	
11329	D1:4780:06D7A	1	대사	【アル】そんなに帰りたいのかい？	
11330	D1:4780:06D9E	1	대사	【男】別にホームシックという訳じゃないんですけどね、	
11331	D1:4780:06DD6	1	대사	【男】ただ長らく１つのところに留まっていると、	
11332	D1:4780:06E08	1	대사	【男】やっぱりどうしても外界が恋しくなりますよ。	
11333	D1:4780:06E7A	6	대사	【アル】そうだな、外にでるか。	
11334	D1:4780:06EA2	3	대사	【アル】今シルビアの勉強部屋に行く必要はないだろう。	
11335	D1:4780:06F1E	1	대사	【アル】いちおう、個室っぽくはなっているな。	
11336	D1:4780:06F4E	1	대사	【アル】部屋といっても、パーティションか何かで区切ってあるだけの場所だ。	
11337	D1:4780:06F9A	1	대사	【アル】上を見上げると、格納庫の天井が見えたりする。	
11338	D1:4780:06FD2	1	대사	【シルビア】それでもオレにとっては個室なんだぜ。色々プライ{n00}ベートな事ができるし。	
11339	D1:4780:07030	1	대사	【アル】ナニとかね。	
11340	D1:4780:07048	1	대사	【シルビア】ば、バカ‥‥。	
11341	D1:4780:0706E	1	대사	【アル】（んー、以前ならパンチが飛んできたんだけどね。）	
11342	D1:4780:070AA	1	대사	【アル】（やりやすいやら、やりにくいやら‥‥。）	
11343	D1:4780:070DE	1	대사	【シルビア】もうちょっとオレのことも見てくれよ。	
11344	D1:4780:0711A	1	대사	【アル】わ、わかった。だからこうして見てるだろ？	
11345	D1:4780:0714E	1	대사	【シルビア】な、何かな‥‥そ、そんなに見て。	
11346	D1:4780:07186	1	대사	【アル】美しい‥‥。	
11347	D1:4780:0719E	1	대사	【シルビア】え？　え？	
11348	D1:4780:071C0	1	대사	【アル】なんて美しい姿なんだ、その端麗な容姿には、	
11349	D1:4780:071F6	1	대사	【アル】月の女神アルテミスですらも霞んでしまうだろう‥‥。	
11350	D1:4780:07234	1	대사	【シルビア】だ、ダメだよ。オレ、まだシャワーも浴びてないし‥‥その、準備が‥‥。	
11351	D1:4780:07290	1	대사	【アル】何を言ってるんだ。俺はドキドキ透明机の事を言っているんだぞ。	
11352	D1:4780:072D8	1	대사	【シルビア】ば、バカ！　ふざけんなよ、こいつ！	
11353	D1:4780:07312	1	대사	【アル】（へへっ、よーし、調子でてきたな。）	
11354	D1:4780:07342	1	대사	【シルビア】もうちょっと、オレのことだって見てくれよ‥‥。	
11355	D1:4780:0738A	1	대사	【シルビア】オレのこと、もう飽きちゃったのか？	
11356	D1:4780:073C6	1	대사	【アル】そ、そんな泣きそうな顔をするなって。うん、シルビアは十分魅力的だぞ。	
11357	D1:4780:07416	1	대사	【シルビア】ホント？	
11358	D1:4780:07436	1	대사	【アル】あぁ、本当だぞ。	
11359	D1:4780:07452	1	대사	【シルビア】そ、そうかぁ‥‥ニコニコ。	
11360	D1:4780:07484	1	대사	【アル】（ふぅ‥‥何だか、{n00}もう１人ティーナがいるみたいだ。）	
11361	D1:4780:074D0	1	대사	【アル】そうだな、格納庫に戻ろう。	
11362	D1:4780:074F6	1	대사	【シルビア】も、もう行くのか。また来てくれるかい？	
11363	D1:4780:07534	1	대사	【アル】あぁ、たぶんね。	
11364	D1:4780:07562	1	대사	【シルビア】オレは別に構わないから。気兼ねしないでいてくれよ。	
11365	D1:4780:075AC	1	대사	【アル】（うーん、気兼ねするしないの問題じゃないな、これは。）	
11366	D1:4780:075EE	1	대사	【シルビア】な、何か用？	
11367	D1:4780:07612	1	대사	【アル】いや、用というほどでもないんだけど。用がなくちゃマズかったかな。	
11368	D1:4780:0765E	1	대사	【シルビア】そ、そんなことないよ！{n00}アルだったらいつでも大歓迎さ。	
11369	D1:4780:076AC	1	대사	【アル】サンクス。	
11370	D1:4780:076FA	1	대사	【シルビア】な、何かな。	
11371	D1:4780:0771E	1	대사	【アル】うーん、用事がないのにじっとしてるのって、結構辛いもんがあるな。	
11372	D1:4780:0776A	1	대사	【シルビア】じゃ、じゃ抱っこする？	
11373	D1:4780:07798	1	대사	【アル】なんでそうなるんだよ。	
11374	D1:4780:077EE	1	대사	【アル】あたりは騒がしいだけで、人の姿はない。	
11375	D1:4780:07820	1	대사	【アル】あたりは相変わらず騒がしいが、人の姿は見えないな。	
11376	D1:4780:0785E	1	대사	【アル】整備士の連中は、もうあがったのかな‥‥？	
11377	D1:4780:07892	1	대사	【アル】パイプだな。誰が何と言おうと、パイプだ。	
11378	D1:4780:078C6	1	대사	【アル】人が中に、折り畳まれて入っているってことはないから安心して欲しい。	
11379	D1:4780:07914	1	대사	【アル】燃料用のパイプラインという話だったな‥‥。	
11380	D1:4780:0794A	1	대사	【アル】この穴に火を入れると、どうなるんだろうか。	
11381	D1:4780:07980	1	대사	【アル】探求心や好奇心は発展のもとって言ったっけ。よーし、やってみようか。	
11382	D1:4780:079E4	1	대사	【アル】そんなことをできる訳がない。好奇心、人を殺すだ。	
11383	D1:4780:07A6A	1	대사	【アル】そうだな‥‥シルビアに会いに行こう。	
11384	D1:4780:07AA4	1	대사	【シルビア】あ、アル。またどうしたんだい？	
11385	D1:4780:07ADA	1	대사	【アル】いや、何となくね‥‥。	
11386	D1:4780:07AFC	1	대사	【アル】そうだな‥‥シルビアに会っていこうか。	
11387	D1:4780:07B38	1	대사	【アル】よっ、しっかり勉強してるか？	
11388	D1:4780:07B60	1	대사	【シルビア】あ、アル‥‥う、うん、なんとかやってるよ。	
11389	D1:4780:07BA2	1	대사	【アル】へへっ、俺がまた手取り足取り腰取り指導してやろうか？	
11390	D1:4780:07BE2	2	대사	【シルビア】う、うん‥‥。	
11391	D1:4780:07C08	1	대사	【アル】‥‥‥‥（何だか、勝手が違うなぁ。）	
11392	D1:4780:07C74	1	대사	【アル】見るところ、ティーナはいないようだが‥‥。	
11393	D1:4780:07CAA	1	대사	【アル】しかしやたらと細々としているし、機械類が多すぎるな。	
11394	D1:4780:07CEA	1	대사	【アル】ここを本気で捜すとなると、かなり大変だぞ。	
11395	D1:4780:07D20	1	대사	【アル】だから、こんなパイプの中にティーナはいないぞ。	
11396	D1:4780:07D5A	1	대사	【アル】まさかこのパイプの中にティーナが‥‥。	
11397	D1:4780:07D8C	1	대사	【アル】ってのは、以前確かめたな、この中に人が入れる訳がない。	
11398	D1:4780:07DDA	1	대사	【男】女の子は見ていませんね。	
11399	D1:4780:07DFC	1	대사	【アル】ねぇ、ちょっと。	
11400	D1:4780:07E18	1	대사	【男】あっ、どうも。今度はどんなご用でしょうか？	
11401	D1:4780:07E4C	1	대사	【アル】うん、こういう髪をして、金髪の、クリクリの女の子を見なかったかな。	
11402	D1:4780:07E9A	1	대사	【男】クリクリの女の子、{n00}ですか？　ま、まさか整備士長のことでは‥‥。	
11403	D1:4780:07EE4	1	대사	【アル】シルビアのどこがクリクリなんだよ。	
11404	D1:4780:07F12	1	대사	【アル】金髪で、こおんなマンマルの目をした可愛らしい女の子だ。	
11405	D1:4780:07F54	1	대사	【男】さぁ、とりあえず僕は見ていませんが‥‥でも見たらお教えしますよ。	
11406	D1:4780:07F9E	1	대사	【アル】うん、そうしてくれるとありがたい。	
11407	D1:4780:08178	2	대사	【アル】汚いパイプを洗い流してやろう、という俺の心遣いは無に帰したようだ。	
11408	D1:4780:081C6	2	대사	【男】何が心遣いですか！	
11409	D1:4780:081E2	3	대사	【アル】相変わらず汚いパイプだな。よし、俺がいっちょう洗い流してやるか。	
11410	D1:4780:0823A	2	대사	【男】ちょ、ちょ、ちょっとあなた、なにズボンのチャックを下げてるんですか。	
11411	D1:4780:08288	2	대사	【アル】いやだから、洗い流そうかと。	
11412	D1:4780:082B0	2	대사	【男】や、やめて下さい！　僕が整備士長から怒られてしまいます。	
11413	D1:4780:082F2	2	대사	【アル】だめ？	
11414	D1:4780:08304	2	대사	【男】絶対だめです！	
11415	D1:4780:0833C	1	대사	【男】か、可愛らしい整備士長はまだ仕事中です。お、お呼びしますか？	
11416	D1:4780:08382	1	대사	【アル】よーし、教育の必要はないみたいだな。	
11417	D1:4780:083B2	1	대사	【男】トホホ‥‥。	
11418	D1:4780:083C8	2	대사	【アル】ねぇ、ちょっと。シルビアは？	
11419	D1:4780:083F0	3	대사	【男】えっ、は、はい。	
11420	D1:4780:0840A	3	대사	【アル】なに身構えてるんだよ、別に殴りはしないって。	
11421	D1:4780:08442	1	대사	【男】は、はぁ。整備士長はいま奥で計器類のチェックをしていますが‥‥	
11422	D1:4780:0848A	3	대사	【男】お呼びしますか？	
11423	D1:4780:084A4	3	대사	【アル】そうなんだ‥‥いや、別にいいよ、仕事中だし。	
11424	D1:4780:084DC	1	대사	【男】何かあったんですか？　整備士長。	
11425	D1:4780:0851A	1	대사	【男】いえ、かなり上機嫌だったみたいで‥‥何か可愛らしく鼻歌なんて唄って‥‥	
11426	D1:4780:0856A	1	대사	【男】あんな整備士長初めて見ました。	
11427	D1:4780:08592	1	대사	【アル】へぇ、イイ人でも、できたんじゃないの？	
11428	D1:4780:085C4	1	대사	【男】せ、整備士長に、ですか？　そんなバカな。	
11429	D1:4780:085F6	1	대사	バキッ！	
11430	D1:4780:08604	1	대사	【男】な、何をするんですか。	
11431	D1:4780:08624	1	대사	【アル】シルビアは可愛いぞ、わかったか。	
11432	D1:4780:08650	1	대사	【男】そ、それと、このパンチには、いったい何の関連性が‥‥。	
11433	D1:4780:08690	1	대사	【アル】シルビアの前でそんなことを言ったりしたら、今度は足が飛ぶからな。いいか？	
11434	D1:4780:086E4	1	대사	【男】わ、わかりましたよぉ‥‥。	
11435	D1:4780:08790	2	대사	【アル】シルビア‥‥‥。	
11436	D1:4780:087AC	1	대사	【シルビア】‥‥‥アル‥。	
11437	D1:4780:087D2	1	대사	【アル】可愛いよ、シルビア。	
11438	D1:4780:087F2	1	대사	【シルビア】もう‥‥頭の中が、白くスパークして‥‥‥。	
11439	D1:4780:08834	1	대사	【アル】フフ、抱き合っただけだぜ。	
11440	D1:4780:0885A	1	대사	【シルビア】素敵だった。‥‥‥‥なあ、アル、俺って少しは女っぽい？	
11441	D1:4780:088A8	1	대사	【アル】あぁ‥‥たぶん今のシルビアは、世界中でもっとも可愛い女だ。本当だぜ。	
11442	D1:4780:088F8	1	대사	【シルビア】本当？	
11443	D1:4780:08916	1	대사	【アル】ほんとだってば‥‥何だか、いつもと全然表情が違うんだモン。	
11444	D1:4780:0895C	1	대사	【シルビア】ハハハ‥‥オレも少しは自信もっていいのかな。	
11445	D1:4780:089A2	1	대사	【シルビア】煩悩の塊みたいなアルに、そう言われるんだから。	
11446	D1:4780:089EA	1	대사	【アル】おっ、調子出てきたな、よしよし。	
11447	D1:4780:08A16	1	대사	【シルビア】へへへ。	
11448	D1:4780:08A6A	1	대사	【アル】何だか途端にしおらしくなったような‥‥。	
11449	D1:4780:08A9E	1	대사	【シルビア】オレは変わってない‥‥つもりだぜ。	
11450	D1:4780:08AD8	1	대사	【アル】へへっ、ずっと女らしくなったな。	
11451	D1:4780:08B04	1	대사	【シルビア】そ、そうかな‥‥。	
11452	D1:4780:08B2E	1	대사	【アル】ほら、そういう仕草だよ。	
11453	D1:4780:08B52	1	대사	【アル】やっぱりしないと、そういうのって身に付かないのかねぇ‥‥謎だな。	
11454	D1:4780:08B9E	1	대사	【シルビア】本当にそうだね。	
11455	D1:4780:08BC6	1	대사	【アル】シルビア、また魅力的に見えてきたぜ。	
11456	D1:4780:08BF6	1	대사	【シルビア】また？じゃ、ついさっきまでは、魅力的じゃなかったって事？	
11457	D1:4780:08C46	1	대사	【アル】あげ足を取るんじゃないぞ。ずっと十分魅力的だよ。	
11458	D1:4780:08C82	1	대사	【シルビア】なんなんだよ、まったくもう。	
11459	D1:4780:08CB6	1	대사	【アル】相変わらず見事な胸だな。９２センチか。	
11460	D1:4780:08CE8	1	대사	【シルビア】アルの物だよ。	
11461	D1:4780:08D0E	1	대사	【アル】すごい誘惑的な台詞だな。でも、やめとこう。	
11462	D1:4780:08D44	1	대사	【アル】だって９２センチだろ。抱き合ってても存在感あるよ。	
11463	D1:4780:08D82	1	대사	【シルビア】また、そういう雰囲気ないことを言う！	
11464	D1:4780:08DBE	1	대사	【アル】あっ、はい‥‥。	
11465	D1:4780:08DDA	1	대사	【シルビア】でも‥‥アルの胸ってあったかい‥‥。	
11466	D1:4780:08E16	1	대사	【アル】そうか？	
11467	D1:4780:08E2A	1	대사	【シルビア】ねぇ、私のこと好き？	
11468	D1:4780:08E56	1	대사	【アル】当たり前じゃないか。	
11469	D1:4780:08E76	1	대사	【シルビア】じゃ、もっと‥すごいこと‥‥してみたい‥‥？	
11470	D1:4780:08EBA	1	대사	【アル】シルビア‥‥もちろんさ‥‥でも‥‥。	
11471	D1:4780:08EEA	1	대사	【シルビア】‥‥‥‥イズミさん？	
11472	D1:4780:08F16	1	대사	【アル】違うよ‥。あいつは関係ない。	
11473	D1:4780:08F3E	1	대사	【シルビア】だって‥‥あいつなんて呼べんだもんね‥‥。	
11474	D1:4780:08F80	1	대사	【アル】シルビアッ！	
11475	D1:4780:08F98	1	대사	【シルビア】‥‥‥ごめんなさい‥‥‥ちょっと言ってみたかっただけだよ。	
11476	D1:4780:09004	1	대사	【シルビア】ま、オレのビッグバストを、忘れられなくしてやるさ。	
11477	D1:4780:0904E	1	대사	【アル】はは、シルビア。お前のそういうとこ好きだぜ。	
11478	D1:4780:09086	1	대사	【シルビア】フハハ。	
11479	D1:4780:090B2	1	대사	【アル】さてと‥‥。	
11480	D1:4780:090CA	1	대사	【シルビア】えっ、もう行っちゃうの？	
11481	D1:4780:090FA	1	대사	【アル】そんな可愛らしく引き留めるなよ、心が揺れるぜ。	
11482	D1:4780:09134	1	대사	【シルビア】だって、泊まっていくって言わなかった？	
11483	D1:4780:09172	1	대사	【アル】言わない。	
11484	D1:4780:091A8	1	대사	【アル】ハハ‥‥また遊びにくるよ。仕事をしっかりやっとけって。	
11485	D1:4780:091EA	1	대사	【シルビア】うん、いつでも遊びにきてよ。オレ、待ってる‥‥。	
11486	D1:4780:09232	2	대사	【アル】あぁ‥‥‥‥。	
11487	D1:4780:0924C	1	대사	【アル】俺は顔を赤らめてるシルビアを横目に、格納庫を出ていった。	
11488	D1:4780:09296	1	대사	【シルビア】ずっといても、オレは構わないぜ。	
11489	D1:4780:092CE	1	대사	【アル】俺が構うの。	
11490	D1:4780:092E6	1	대사	【シルビア】えっ、も、もう行っちゃうのか？　もう少しここにいてくれよ。	
11491	D1:4780:09338	1	대사	【アル】そんなこと行っていると、ベッドの中まで一緒にいるぞ。	
11492	D1:4780:09378	1	대사	【シルビア】いいぜ。今日はオレのベッドで寝てくかい？	
11493	D1:4780:093B8	1	대사	【アル】あのなぁ‥‥。	
11494	D1:4780:093DE	1	대사	【シルビア】もうちょっと考えをまとめて、アルに話すよ。	
11495	D1:4780:09420	1	대사	【アル】あぁ、そうした方がいいだろう。	
11496	D1:4780:0944A	1	대사	【シルビア】アルって不思議な人だな。	
11497	D1:4780:0947A	1	대사	【アル】おぅ、俺は不思議の国のアル様さ。	
11498	D1:4780:094A6	1	대사	【シルビア】イズミさんには悪いんだけど、オレさ、やっぱりアルのことが‥‥。	
11499	D1:4780:094FC	1	대사	【アル】おっと。それはもうちょっと時間をおいてからにしたらどうだ？	
11500	D1:4780:09542	1	대사	【シルビア】時間‥‥？	
11501	D1:4780:09564	1	대사	【アル】あぁ、シルビアの大好きな飛行機を例えにするとだな。	
11502	D1:4780:095C4	1	대사	【アル】今は舞い上がってる最中でまわりが良く見えなくても、	
11503	D1:4780:09602	1	대사	【アル】機体が安定して飛行し始めると、よくまわりが見えるかもしれない。	
11504	D1:4780:0964C	1	대사	【シルビア】うん‥‥でもオレの気持ちはたぶん変わらない。	
11505	D1:4780:09690	1	대사	【アル】だったらそのとき、俺に話してくれ。	
11506	D1:4780:096BE	1	대사	【アル】そしたら、１人の大人の女として、話を聞いてやるよ。	
11507	D1:4780:096FC	1	대사	【シルビア】何だか、恐いな‥‥でも、オレはオレの気持ちに忠実でいたいんだ。	
11508	D1:4780:09752	1	대사	【アル】それは、いいことだと思うぜ‥‥俺はね。	
11509	D1:4780:097A6	1	대사	【アル】そういえば、他の整備士の連中はどこにいったんだ？	
11510	D1:4780:097E2	1	대사	【シルビア】へへっ、ちょっと数時間休みにしてるんだ。	
11511	D1:4780:09822	1	대사	【アル】鏡の前で睨めっこするためか。	
11512	D1:4780:0984A	1	대사	【シルビア】うん、やっぱり、照れくさいじゃん。	
11513	D1:4780:09884	1	대사	【アル】しっかし、変われば変わるものだな、え？おい。	
11514	D1:4780:098BC	1	대사	【シルビア】だ、だれが？	
11515	D1:4780:098E0	1	대사	【アル】俺の目の前にいる女の子さ。	
11516	D1:4780:09906	1	대사	【シルビア】女の子って、もしかしてオレのこと？	
11517	D1:4780:09940	1	대사	【アル】もしかするもしないも、俺とシルビアしかいないだろう、ここには。	
11518	D1:4780:099B0	1	대사	【アル】フフン、シルビアさ。	
11519	D1:4780:099D0	4	대사	【シルビア】な、なんだよ。	
11520	D1:4780:099F6	1	대사	【アル】お前さ、自分で考えているより、ずっと可愛いんだぜ。	
11521	D1:4780:09A34	2	대사	【シルビア】えっ‥‥。	
11522	D1:4780:09A56	1	대사	【アル】別に過激な服なんか着なくたって、十分男共を悩殺できるな、うん。	
11523	D1:4780:09AA0	1	대사	【シルビア】ば、ばか！	
11524	D1:4780:09AC2	1	대사	【アル】また抱きしめたくなっちゃった‥‥。	
11525	D1:4780:09AF0	1	대사	【シルビア】し、しらないよ！	
11526	D1:4780:09B18	1	대사	【アル】かーっ、しかし本当に変わるもんだな。	
11527	D1:4780:09B48	1	대사	【シルビア】なぁ、１つ聞いていいかな。	
11528	D1:4780:09B7A	1	대사	【アル】おぅ、俺の初体験は確か‥‥。	
11529	D1:4780:09BA2	1	대사	【シルビア】ばか！　あのさ、聞きたいのは、その‥‥。	
11530	D1:4780:09BE2	1	대사	【アル】なんだよ、もしかして長さか？	
11531	D1:4780:09C0A	1	대사	【アル】はかったことは実際にないんだが、概算でたぶん‥‥。	
11532	D1:4780:09C48	1	대사	【シルビア】違うよ！オレは女としてどうかって事だよ。	
11533	D1:4780:09C98	1	대사	【シルビア】その‥‥いい女悪い女って話よく聞くし‥‥。	
11534	D1:4780:09CDA	1	대사	【アル】ははは、ときどき面白いことを言うな、シルビア。	
11535	D1:4780:09D14	1	대사	【シルビア】お、オレは真剣だよ。	
11536	D1:4780:09D40	1	대사	【アル】そうだなぁ、悪くはない、って感じかな。	
11537	D1:4780:09D72	1	대사	【シルビア】そ、そうか‥‥普通、くらい？	
11538	D1:4780:09DA6	1	대사	【アル】ばーか。	
11539	D1:4780:09DE0	1	대사	【アル】最高だった‥‥うん。	
11540	D1:4780:09E00	1	대사	【シルビア】そんな取ってつけたように言うなよ。	
11541	D1:4780:09E3A	1	대사	【アル】いや、本当だ。最高に最高だった。	
11542	D1:4780:09E66	1	대사	【シルビア】最高に、最高？	
11543	D1:4780:09E8C	1	대사	【アル】うん。シルビア程の女はそんなにいないぜ。	
11544	D1:4780:09EC0	1	대사	【シルビア】ほんとか‥‥。	
11545	D1:4780:09EE6	1	대사	【アル】なに赤くなってるんだよ。	
11546	D1:4780:09F2E	1	대사	【アル】おっ、勉強道具が置いてあって微笑ましいな。なになに‥‥	
11547	D1:4780:09F70	1	대사	【アル】ヘアスタイルカタログ、淑女の為のファッション‥‥{s00}なぬ？	
11548	D1:4780:09FB4	1	대사	【アル】こ、航空力学の本とか、操縦者教則本などはどこにいったんだ。	
11549	D1:4780:09FFA	1	대사	フンフン、フフンフン‥‥。	
11550	D1:4780:0A020	1	대사	【アル】こ、この何とも言えない鼻歌は‥‥シルビアか？	
11551	D1:4780:0A058	1	대사	【アル】どうやら、向こうの方から聞こえてきたようだが‥‥。	
11552	D1:4780:0A09E	1	대사	【シルビア】んー、いまいち視線がきまらないわ‥‥。	
11553	D1:4780:0A0DC	1	대사	【アル】（な、何をやってるん{n00}だ？）	
11554	D1:4780:0A104	1	대사	【シルビア】こう、	
11555	D1:4780:0A12C	1	대사	【シルビア】こうしてー、	
11556	D1:4780:0A15A	1	대사	【シルビア】こういう感じかしらー？	
11557	D1:4780:0A18A	1	대사	【シルビア】んー、ポーズがー、きまらないわねー。	
11558	D1:4780:0A1C6	1	대사	【アル】（な‥‥どうしたんだ、あいつ気が触れたのか？）	
11559	D1:4780:0A200	1	대사	【アル】（‥‥‥‥。）	
11560	D1:4780:0A21A	1	대사	【シルビア】褒めてくれるかなぁ‥‥あっ、くれるかしら？	
11561	D1:4780:0A25C	1	대사	【アル】ど、どうしたんだよ、いったい。	
11562	D1:4780:0A294	1	대사	【シルビア】あ、あ‥‥アル！　い、一体いつからそこに‥‥。	
11563	D1:4780:0A2DA	1	대사	【アル】ん？　ちょっと前からだけど‥‥どうしたんだよ、そのいかれた格好は？	
11564	D1:4780:0A330	1	대사	【シルビア】バカァッ！！	
11565	D1:4780:0A354	1	대사	【アル】うわっ。	
11566	D1:4780:0A368	1	대사	【シルビア】出てけぇ！　さっさとここから、出てってくれ！！	
11567	D1:4780:0A3AE	1	대사	【アル】お、おい‥‥その、着替え中に黙って来たのは悪かったが‥‥。	
11568	D1:4780:0A3F4	1	대사	【シルビア】バカ野郎、そんなことじゃない！　さっさと出てかないと‥‥。	
11569	D1:4780:0A446	1	대사	【アル】お、おい‥‥いたっ、痛いよ、そんなモノを投げたら‥‥	
11570	D1:4780:0A486	1	대사	【アル】おい、ちょっ‥‥イテっ！	
11571	D1:4780:0A4AA	1	대사	【シルビア】俺の前から、{n00}消えて失せろ！！！	
11572	D1:4780:0A4E2	1	대사	【アル】わ、わかった、わかったから‥‥いたっ、わかったってば！	
11573	D1:4780:0A52E	1	대사	【アル】ふぅ‥‥イタタ、一体なんだってんだよ、まったく。	
11574	D1:4780:0A580	1	대사	【アル】そりゃ確かに着替え中に黙って入ったのは悪かったけど‥‥	
11575	D1:4780:0A5C2	1	대사	【アル】でも、そんなことじゃないとか、言っていたよな。	
11576	D1:4780:0A5FC	1	대사	【アル】うーん、よくわからない。わからないまま、非難されるのはやっぱり嫌だな。	
11577	D1:4780:0A64E	1	대사	【アル】よし、もう一回戻ってみよう。	
11578	D1:4780:0A680	1	대사	【アル】シルビア‥‥いないな。{n00}おーい、シルビア！	
11579	D1:4780:0A6B6	1	대사	【アル】その‥‥悪かった。よくわからないが、俺が悪かったよ。	
11580	D1:4780:0A710	1	대사	【アル】反応無し、か‥‥こりゃ重症だな。	
11581	D1:4780:0A776	1	대사	【アル】シルビア‥‥（凄いツナギだな‥‥。）	
11582	D1:4780:0A7A6	1	대사	【シルビア】その、さっきはゴメン。	
11583	D1:4780:0A7D4	1	대사	【アル】いや‥‥まぁその、突然ではあったけどね。	
11584	D1:4780:0A83E	1	선택지	　ツナギ	
11585	D1:4780:0A848	1	대사	【アル】シルビアは申し訳なさそうな顔をしている‥‥。	
11586	D1:4780:0A880	1	대사	【アル】さっきよりは幾分落ちついた感じだな‥‥。	
11587	D1:4780:0A8B4	1	대사	【シルビア】さっきは悪かったよ、ごめん‥‥。	
11588	D1:4780:0A8EC	1	대사	【アル】（単純に、似合っているからそう言っただけなんだけどな‥‥うーむ。）	
11589	D1:4780:0A93A	1	대사	【シルビア】そんなに見ないでくれよ‥‥。	
11590	D1:4780:0A96E	1	대사	【アル】赤いツナギだな‥‥レーシングチームみたいだ。	
11591	D1:4780:0A9A6	1	대사	【シルビア】これはオレのお気に入りの１つさ。	
11592	D1:4780:0A9DE	1	대사	【アル】似合ってるぜ。	
11593	D1:4780:0A9F8	1	대사	【シルビア】しょせん男っぽい服しか、似合わないんだよな、オレって。	
11594	D1:4780:0AA72	1	대사	【アル】いや、今は移動はできない‥‥。	
11595	D1:4780:0AA9C	1	대사	【アル】シルビアともう少し話した方がいいだろう。	
11596	D1:4780:0AAD0	1	대사	【アル】この状況をほっぽりだす訳にはいかないな‥‥。	
11597	D1:4780:0AB14	1	대사	【アル】‥‥好きだ‥‥‥‥。	
11598	D1:4780:0AB34	2	대사	【シルビア】‥‥アル‥‥‥‥。	
11599	D1:4780:0AB5E	1	대사	【アル】シルビア、今は大切にしたいんだ。	
11600	D1:4780:0AB8A	1	대사	【シルビア】ああ‥‥‥‥アル‥‥‥‥。	
11601	D1:4780:0ABBC	1	대사	【アル】‥‥好きだ‥‥好きだよシルビア‥‥。	
11602	D1:4780:0ABEC	5	대사	【シルビア】‥‥‥‥‥‥。	
11603	D1:4780:0AC52	1	대사	【アル】だまって。	
11604	D1:4780:0AC6E	1	대사	【アル】‥‥‥‥‥‥シルビア。	
11605	D1:4780:0AC90	1	대사	【シルビア】ぅはぅ‥‥‥‥。	
11606	D1:4780:0ACB8	1	대사	【アル】誰にも渡さないよ。	
11607	D1:4780:0ACD6	1	대사	【シルビア】あっ‥あぁぁ‥‥‥‥‥‥。	
11608	D1:4780:0AD08	1	대사	【アル】オレの‥‥シルビア	
11609	D1:4780:0AD26	1	대사	【シルビア】あぁぁ‥‥‥{n00}アル‥‥‥好き。	
11610	D1:4780:0AD5C	1	대사	【アル】‥‥好きだよ‥‥‥‥シルビア。	
11611	D1:4780:0AD86	1	대사	【シルビア】ぅ‥ぅう‥‥‥‥‥。	
11612	D1:4780:0ADB2	1	대사	【アル】ほら、涙を‥‥。	
11613	D1:4780:0ADF0	1	대사	【シルビア】アル、優しい‥‥オレのことを気遣ってくれてるんだね。	
11614	D1:4780:0AE3C	1	대사	【アル】シルビア、すごくきれいだよ。	
11615	D1:4780:0AE86	1	대사	【アル】シルビア‥‥好きだぜ。	
11616	D1:4780:0AEA8	1	대사	【シルビア】あ、アル‥‥オレも、オレも好きだよ！アルぅっ！！	
11617	D1:4780:0AEF0	1	대사	【アル】シルビアっ！	
11618	D1:4780:0AF26	1	대사	【アル】大人の恋愛だけが恋愛なんじゃない。	
11619	D1:4780:0AF54	1	대사	【シルビア】あ‥‥アル‥‥アルぅ‥こうしてるだけで溶けちゃいそう‥。	
11620	D1:4780:0AFB0	1	대사	【シルビア】オレはやっぱりアルに‥‥。	
11621	D1:4780:0B002	1	대사	【シルビア】アル、聞いて欲しいんだ。	
11622	D1:4780:0B042	1	대사	【シルビア】今の話を聞いて、少し自信が出てきた。	
11623	D1:4780:0B07E	1	대사	【アル】（ま、マズいかな‥‥。）	
11624	D1:4780:0B0A2	1	대사	【シルビア】オレ、アルのことが‥‥。	
11625	D1:4780:0B0E6	1	대사	【アル】その続きを言う意味をわかってるか？	
11626	D1:4780:0B114	2	대사	【シルビア】え？	
11627	D1:4780:0B130	1	대사	【アル】その続きを言っちまったら、ただじゃあ済まないぜ。	
11628	D1:4780:0B16C	1	대사	【アル】見たところ、シルビア、お前経験ないだろ。	
11629	D1:4780:0B1A0	1	대사	【シルビア】なっ‥‥な、なんでだよ。	
11630	D1:4780:0B1D0	1	대사	【アル】フフン、においでわかるんだよ。少女の匂いだよ。	
11631	D1:4780:0B20A	1	대사	【シルビア】そうかな‥‥クンクン。	
11632	D1:4780:0B238	1	대사	【アル】（ガクッ‥‥。）あのな、言っておくが、	
11633	D1:4780:0B26A	1	대사	【アル】オレはそんじょそこらの優男じゃないぜ。	
11634	D1:4780:0B29C	1	대사	【シルビア】か、覚悟はしてるよ。	
11635	D1:4780:0B2C8	1	대사	【アル】覚悟を決めてるって？　むちゃくちゃ怖いコトするんだぜ。	
11636	D1:4780:0B30A	1	대사	【アル】ま、早いトコいい男を見つけて、一緒になっちまえよ。その方が、いいと思うな。	
11637	D1:4780:0B39E	1	대사	【アル】（こ、恐い顔をして言うなよ。）	
11638	D1:4780:0B3C8	1	대사	【シルビア】オレ‥‥{n00}アルが好きなんだ！	
11639	D1:4780:0B3FC	1	대사	【アル】あーぁ、言ってしまいましたね。	
11640	D1:4780:0B426	1	대사	【シルビア】言ったさ‥‥。	
11641	D1:4780:0B44C	1	대사	【アル】もう高校生のお遊びじゃすまないんだぜ。	
11642	D1:4780:0B47E	1	대사	【シルビア】ば、バカにするなよ！オレだって大人の恋愛がどんなものかはわかってるさ‥‥、	
11643	D1:4780:0B4E2	1	대사	【シルビア】わかってるよ‥‥たぶん。	
11644	D1:4780:0B514	1	대사	【アル】そうか‥‥そこまで言うのなら、ほらっ、いいぜ。	
11645	D1:4780:0B54E	2	대사	【シルビア】な、なに？	
11646	D1:4780:0B570	1	대사	【アル】なにって、その大人の恋愛って奴をやってみろよ。俺はされるがままだ。	
11647	D1:4780:0B5BE	1	대사	【シルビア】するって‥‥ど、どうやって！？	
11648	D1:4780:0B5F4	1	대사	【アル】お前、大人の恋愛がどういうものかわかってるって、	
11649	D1:4780:0B630	1	대사	【アル】今さっき言ったばかりじゃないか。	
11650	D1:4780:0B65C	1	대사	【シルビア】わかんないよ、オレ‥‥オレ‥‥。	
11651	D1:4780:0B694	1	대사	【アル】ふぅ‥‥シルビア、ちょっと来い。	
11652	D1:4780:0B6E8	1	대사	【アル】なぁシルビア、おまえ勢いで言ってるだろ？	
11653	D1:4780:0B71C	1	대사	【シルビア】そんなこと‥‥{n00}ないよ。	
11654	D1:4780:0B74C	1	대사	【アル】バージンなんてものはウザったいけどな、あれはあれで女にとっては、	
11655	D1:4780:0B798	1	대사	【アル】陳腐な言いぐさだが、大切なモノみたいだぜ。	
11656	D1:4780:0B7CE	2	대사	【シルビア】どういうこと？	
11657	D1:4780:0B7F4	1	대사	【アル】お前の場合、これがトラウマになる可能性だってあるんだな。	
11658	D1:4780:0B838	1	대사	【シルビア】よく‥‥{n00}わからないよ。	
11659	D1:4780:0B868	1	대사	【アル】ここで勢いで喪失すんのもいいけどさ、	
11660	D1:4780:0B898	1	대사	【アル】イイ男捕まえて、もっと高く売りつけてやれよ、な？	
11661	D1:4780:0B8D4	1	대사	【シルビア】オレ、アルに結婚なんて迫ったりしないよ。	
11662	D1:4780:0B916	1	대사	【シルビア】責任を取れなんてこと、言ったりしないから‥‥。	
11663	D1:4780:0B95E	1	대사	【アル】ふぅ‥‥どうしてもか？	
11664	D1:4780:0B980	1	대사	【シルビア】あぁ‥‥どうしても。	
11665	D1:4780:0B9AC	1	대사	【アル】やっぱりお前は、わかっていない。	
11666	D1:4780:0B9D8	1	대사	【シルビア】えっ？	
11667	D1:4780:0B9F6	1	대사	【アル】わかってないからそんな風に言えるんだ。	
11668	D1:4780:0BA28	1	대사	【シルビア】わかってないって‥‥な‥なにがだよ‥。	
11669	D1:4780:0BA66	1	대사	【アル】俺の気持ちだよっ！	
11670	D1:4780:0BA84	1	대사	【シルビア】‥‥‥アル‥‥‥。	
11671	D1:4780:0BAAE	1	대사	【アル】女の子はある年齢になると、バージンってやつが重たくなってくる。	
11672	D1:4780:0BAF8	1	대사	【シルビア】‥‥‥‥‥‥‥‥。	
11673	D1:4780:0BB22	1	대사	【アル】そんなときは深く考えずに、近くの男を利用してしまうのさ。	
11674	D1:4780:0BB66	1	대사	【シルビア】‥‥そ‥‥そんなんじゃ‥‥。	
11675	D1:4780:0BB9A	1	대사	【アル】いいや、俺にはわかる。シルビアは今、たまたま俺なだけなんだよ。	
11676	D1:4780:0BC0A	1	대사	【アル】そこに俺という人間の気持ちは入っていない。	
11677	D1:4780:0BC40	1	대사	【シルビア】‥そ‥そうじゃ‥‥‥‥。	
11678	D1:4780:0BC70	1	대사	【アル】俺は心からお前のことが好きなんだぜ‥‥。	
11679	D1:4780:0BCCE	1	대사	【アル】大事にしたいと思っているのに、オスイヌみたいに扱われちゃ‥‥‥。	
11680	D1:4780:0BD1A	1	대사	【シルビア】ち‥‥ちがぁぁぁーうっ！	
11681	D1:4780:0BD4A	1	대사	【アル】（ぅあー、びっくりした）	
11682	D1:4780:0BD6E	1	대사	【シルビア】わ、わかったよ‥‥やっぱり、オレのことが嫌いなんだな。アル。	
11683	D1:4780:0BDC2	1	대사	【アル】‥‥シルビア‥‥‥‥‥‥。	
11684	D1:4780:0BDE8	1	대사	【シルビア】そうでなかったら、アルみたいな野放し野郎が、これほど拒むわけないもんな。	
11685	D1:4780:0BE5E	1	대사	【シルビア】もういいよ。‥‥変なこと言って‥‥わるかった‥‥‥‥。	
11686	D1:4780:0BEF0	1	대사	【アル】はっはっはっ。	
11687	D1:4780:0BF30	1	대사	【アル】いや、笑ってすまなかった。シルビアは誰かさんのために色々試みているらしいが、	
11688	D1:4780:0BF88	1	대사	【アル】悪いがその誰かはよっぽど偏狭なヤツだな。	
11689	D1:4780:0BFE2	1	대사	【アル】シルビアの魅力に気付いていないからだよ。	
11690	D1:4780:0C038	1	대사	【アル】シルビアはちょっとがさつで、ぶしつけだけど‥‥。	
11691	D1:4780:0C074	1	대사	【シルビア】わ、悪かったな。	
11692	D1:4780:0C09C	1	대사	【アル】いや、そういう所もひっくるめて、シルビアの魅力になっているんだと思うな。	
11693	D1:4780:0C112	1	대사	【アル】昨日も言ったろう？	
11694	D1:4780:0C130	1	대사	【アル】男言葉を使用したりしてる反抗的なとこが好きなんだけどな。	
11695	D1:4780:0C174	1	대사	【シルビア】ほんとう？	
11696	D1:4780:0C196	1	대사	【アル】本当さ。その、シルビアが見せたかった誰かさんは、	
11697	D1:4780:0C1D2	1	대사	【アル】何だかずいぶんと心の狭いやつだなって思うぜ、悪いけど。	
11698	D1:4780:0C236	1	대사	【シルビア】ごめん、アル‥‥。	
11699	D1:4780:0C274	1	대사	【シルビア】オレっていつもこうなんだ。ぶしつけで、がさつで‥‥、	
11700	D1:4780:0C2C2	1	대사	【シルビア】女らしいところなんて、１つもありゃしない。	
11701	D1:4780:0C31C	1	대사	【シルビア】だから、色々とチャレンジしてたんだ。	
11702	D1:4780:0C358	1	대사	【アル】チャレンジ？　もしかして、あの服とか言葉遣いとか‥‥？	
11703	D1:4780:0C39A	1	대사	【シルビア】あぁ‥‥でも、やっぱり付け焼き刃だ。ダメだよなぁ、オレ才能ないもん。	
11704	D1:4780:0C42E	1	선택지	　誰か	
11705	D1:4780:0C436	1	대사	【アル】話し相手は誰もいないようだ‥‥。	
11706	D1:4780:0C462	1	대사	【アル】実はちょっと寂しい。	
11707	D1:4780:0C482	1	대사	【アル】誰かって、誰だよ？　まわりには誰もいないぜ。	
11708	D1:4780:0C4BA	1	대사	【アル】そういえば何でいないんだろうな。ここの連中も休暇をもらったのかな？	
11709	D1:4780:0C610	1	대사	【アル】汚いパイプを洗い流してやろう、という俺の心遣いがあったんだが、	
11710	D1:4780:0C65A	1	대사	【アル】恥ずかしいからやめておこう。	
11711	D1:4780:0C6E8	1	대사	【アル】チャックまで下ろしたんだ、誰か止めてくれよ。	
11712	D1:4780:0C742	1	대사	【アル】うーん、外に出るより他に、何かやることがあるような‥‥。	
11713	D1:4780:0C786	1	대사	【アル】整備士の連中はいない訳だし‥‥ちょっとだけ行ってみるかな。	
11714	D1:4780:0CABA	1	대사	【男】整備士長はまだ仕事中です。お呼びしますか？	
11715	D1:4780:0CAEE	1	대사	【アル】いや、いいよ。仕事中に悪いからな。	
11716	D1:4780:0CB96	1	대사	【男】は、はぁ。整備士長はいま奥で圧縮ポンプ装置のチェックをしていますが‥‥	
11717	D1:4780:0CC82	1	대사	【アル】シルビアの勉強場所には行けないみたいだ。	
11718	D1:4780:0CCB6	1	대사	【アル】ルームというよりはまぁ、シルビアの勉強場所というところだな。	
11719	D1:4780:0CCFE	1	대사	【男】ちょ、ちょっとすみません、勝手に歩き回らないで下さい。	
11720	D1:4780:0CD3E	1	대사	【アル】いいじゃないか、俺とシルビアの仲だ。	
11721	D1:4780:0CD6E	1	대사	【男】何訳のわからないことを。規則は遵守して下さい。	
11722	D1:4780:0CDC4	1	대사	【シルビア】ま、また来てくれたんだ。	
11723	D1:4780:0CDF4	1	대사	【アル】そうだよ、なんでまた来たんだろう、俺は。	
11724	D1:4780:0CE28	1	대사	【シルビア】なんだよぉ、それは。	
11725	D1:4780:0CE9A	1	대사	【アル】シルビアだな、間違ってもバケツには見えない。	
11726	D1:4780:0CED2	1	대사	【シルビア】なんだよ、バケツって。	
11727	D1:4780:0CF00	1	대사	【アル】だから、シルビアはバケツに見えないって。	
11728	D1:4780:0CF34	1	대사	【シルビア】大丈夫か？　アル。	
11729	D1:4780:0CF5E	1	대사	【アル】下から覗くとドキドキする、ドキドキ透明机だ。	
11730	D1:4780:0CF96	1	대사	【シルビア】勝手に妙な名前を付けるなよ。	
11731	D1:4780:0CFCA	1	대사	【アル】航空関連の専門書、らしいな。	
11732	D1:4780:0CFF2	1	대사	【シルビア】俺の将来の夢さ‥‥。	
11733	D1:4780:0D01E	1	대사	【アル】９２センチ、とメモには書いてある。	
11734	D1:4780:0D04C	1	대사	【シルビア】ビリビリッ。	
11735	D1:4780:0D070	1	대사	【アル】あぁっ、な、何てことするんだよ。俺の命よりも大切な９２センチが‥‥。	
11736	D1:4780:0D0C0	1	대사	【シルビア】ジロッ。	
11737	D1:4780:0D0E0	1	대사	【アル】ちぇっ。まぁいいや、９２センチって記憶してるから。	
11738	D1:4780:0D11E	1	대사	【シルビア】怒るよ、アル。	
11739	D1:4780:0D144	1	대사	【アル】ははは、怒られてしまった。	
11740	D1:4780:0D16A	1	선택지	　格納庫に戻る	
11741	D1:4780:0D186	1	대사	【アル】格納庫に戻るのか？	
11742	D1:4780:0D1A4	2	대사	【シルビア】何しに来たんだよ、まったく。	
11743	D1:4780:0D244	1	대사	【シルビア】で、結局何をしにきたん{n00}だ？	
11744	D1:4780:0D278	1	대사	【アル】んー、今それを考えているところだ。	
11745	D1:4780:0D2A6	1	대사	【シルビア】ま、俺は別にアルがずっとここにいてもいいぜ。	
11746	D1:4780:0D300	1	대사	【シルビア】も、もちろん変な意味じゃないよ。	
11747	D1:4780:0D338	1	대사	【アル】変な意味ってなんだ？	
11748	D1:4780:0D37A	1	대사	【シルビア】何だい、また。	
11749	D1:4780:0D3A0	1	대사	【アル】つれないなぁ、用事がないと来ちゃ行けないのかい？	
11750	D1:4780:0D3DC	1	대사	【シルビア】い、いや‥‥そんなことはない。す、好きなだけいてよ。	
11751	D1:4780:0D428	1	대사	【アル】じゃあ帰るか。	
11752	D1:4780:0D442	1	대사	【シルビア】何なんだよ、アルは。	
11753	D1:4780:0D46E	1	대사	【アル】アマノジャクのアルと昔は呼ばれたものさ、フッ。	
11754	D1:4780:0D4DC	1	대사	【アル】あたりに人はいないようだ‥‥騒がしい音だけが聞こえてくる。	
11755	D1:4780:0D522	1	대사	【アル】シルビア、よくこんなところで寝られるなぁ。	
11756	D1:4780:0D558	1	대사	【アル】まぁ時間が時間だ‥‥整備士の連中はもうあがったみたいだな。	
11757	D1:4780:0D59E	1	대사	【アル】シルビアは、恐らく奥の部屋にいるんだろう。	
11758	D1:4780:0D5D4	2	대사	【アル】普通のパイプだ。	
11759	D1:4780:0D5F0	2	대사	【アル】パイプと言えば、タバコを連想してしまうが、	
11760	D1:4780:0D626	2	대사	【アル】あんな物はこの地球上から抹消すべきだ。	
11761	D1:4780:0D656	2	대사	【アル】わざわざ積極的に健康障害を誘発する理由がわからん。	
11762	D1:4780:0D694	2	대사	【アル】この太いパイプで吸ったら、俺なら即死だな。	
11763	D1:4780:0D714	1	대사	【アル】シルビアの所に行くのか？	
11764	D1:4780:0D780	1	대사	【アル】胸は、なかなか女らしいんだよな。	
11765	D1:4780:0D7AC	1	대사	【シルビア】本当に殴るぞ。	
11766	D1:4780:0D7D2	1	대사	【アル】なかなか豊満な胸をしているな。うん、ナイスバストだ。	
11767	D1:4780:0D812	1	대사	【シルビア】あんまりジロジロ見るなよ、いくらオレだって多少気にはするんだぜ。	
11768	D1:4780:0D86A	1	대사	【アル】気にするって、何を？	
11769	D1:4780:0D88A	1	대사	【シルビア】何をって‥‥その、男の視線をさ。	
11770	D1:4780:0D8C2	1	대사	【アル】美しいモノに目がいくのは、自然の摂理だ。	
11771	D1:4780:0D8F6	1	대사	【シルビア】‥‥へっ、どうせ色々な女達に、同じ事を言ってるんだろう、ったく。	
11772	D1:4780:0D94E	1	대사	【アル】いや、シルビアだけだ。	
11773	D1:4780:0D970	1	대사	【シルビア】えっ‥‥？	
11774	D1:4780:0D992	1	대사	【アル】あからさまに凝視できるのは、シルビアの胸くらいだもんな。	
11775	D1:4780:0D9D6	1	대사	【シルビア】殴るぞ、おい。	
11776	D1:4780:0D9FC	1	대사	【アル】（いくぶん、温厚な顔立ちになったのは、気のせいかな‥‥。）	
11777	D1:4780:0DA42	1	대사	【アル】ま、ワイルドなツナギにＴシャツ姿が、シルビアらしいと言えばそうだな。	
11778	D1:4780:0DA92	1	대사	【シルビア】へへっ、そんなこと言ってくれるの、アルだけだぜ。	
11779	D1:4780:0DADA	1	대사	【アル】足を組む女性は、異性に対して大胆になるという心理学の分析を、	
11780	D1:4780:0DB22	1	대사	【アル】モノの本で読んだことがあるな‥‥。	
11781	D1:4780:0DB4E	1	대사	【アル】シルビアは、アルバートが目の前に来ると、途端に下半身が熱くなるのを感じた。	
11782	D1:4780:0DBA4	1	대사	【アル】不自然に足を組み、場を取りつくろうとする。	
11783	D1:4780:0DBD8	1	대사	【シルビア】おい、誤解されるような解説しないでくれ。	
11784	D1:4780:0DC18	1	대사	【アル】下から覗くと、凄いものが見られそうな机だ。	
11785	D1:4780:0DC4E	1	대사	【シルビア】そういう妙な形容はやめてくれ。	
11786	D1:4780:0DC84	1	대사	【アル】面白い机だな‥‥下が透けてみえる。	
11787	D1:4780:0DCB2	1	대사	【アル】んー、もしかすると上で激しい運動をしている時、	
11788	D1:4780:0DCEC	1	대사	【アル】下から覗くと、もの凄いモノが見られるんじゃない{n00}か？	
11789	D1:4780:0DD2A	1	대사	【アル】うむ、何だか鼻血が出そうになってきた。	
11790	D1:4780:0DD5C	1	대사	【シルビア】この机でそこまで妄想できたの、アルが初めてだよ。	
11791	D1:4780:0DDA4	1	대사	【アル】はっはっは、あまり褒めないくれ。	
11792	D1:4780:0DDD0	1	대사	【シルビア】‥‥あきれてんだけど。	
11793	D1:4780:0DDFE	1	대사	【アル】航空関係の、ちょっと難しい本が色々とあるようだ。	
11794	D1:4780:0DE3A	1	대사	【シルビア】まっ、アルには無用の長物だろうがな。	
11795	D1:4780:0DE76	1	대사	【アル】何の本だろうな‥‥へぇ、航空力学に飛行工学か‥‥それに飛行機の教則本。	
11796	D1:4780:0DEC8	1	대사	【アル】飛行機に興味があるんだ、シルビア。	
11797	D1:4780:0DEF6	1	대사	【シルビア】まぁな‥‥。	
11798	D1:4780:0DF1A	1	대사	【アル】勉強家だな。よし、俺がベッドマナーを手取り足取り腰取り教えて‥‥。	
11799	D1:4780:0DF68	1	대사	【シルビア】それしかないのかよ、まったく。	
11800	D1:4780:0DFAA	1	대사	【シルビア】も、もう行くのか？	
11801	D1:4780:0DFD4	1	대사	【アル】うっ！　俺は速いんだよ。	
11802	D1:4780:0DFF8	1	대사	【シルビア】バカ言ってんじゃないよ‥‥{s00}なぁ、アル。	
11803	D1:4780:0E05A	1	대사	【シルビア】色々と話聞いてくれて、その、あ、ありがとう‥‥。	
11804	D1:4780:0E0A2	1	대사	【アル】無理して慣れない言葉を使うと、舌がツるぞ。	
11805	D1:4780:0E0F8	1	대사	【アル】それじゃあ、また明日。	
11806	D1:4780:0E11A	3	대사	【シルビア】あぁ‥‥。	
11807	D1:4780:0E142	1	대사	【アル】しょうがない、もうちょっとシルビアと話そうぜ。	
11808	D1:4780:0E17C	1	대사	【アル】どうせ暇なんだ、もうちょっとシルビアと話してやるか。	
11809	D1:4780:0E1BC	1	대사	【シルビア】オレが話してやってるんだぜ。	
11810	D1:4780:0E1F0	1	대사	【アル】いや俺が。	
11811	D1:4780:0E206	1	대사	【シルビア】いや、オレだ。	
11812	D1:4780:0E22C	1	대사	【アル】いやいや。	
11813	D1:4780:0E242	1	대사	【シルビア】いやいや。	
11814	D1:4780:0E264	1	대사	【アル】イヤよイヤよも、いいのうち。	
11815	D1:4780:0E28C	1	대사	【シルビア】自分で何言ってんのか、理解してるか？	
11816	D1:4780:0E2D4	1	대사	【シルビア】何だかたくさん話を聞いてもらったな‥‥。	
11817	D1:4780:0E314	1	대사	【アル】フフン、惚れ直したろう？	
11818	D1:4780:0E338	1	대사	【シルビア】ば、バカ言ってるんじゃないよ‥‥	
11819	D1:4780:0E372	1	대사	【シルビア】でも、ちょっぴり気分が楽になったような気がする。	
11820	D1:4780:0E3BC	1	대사	【アル】もっと良くしてやろうか？　俺のテクにかかれば‥‥。	
11821	D1:4780:0E3FA	1	대사	【シルビア】フフ、まったくしょうがないヤツだな。	
11822	D1:4780:0E436	2	대사	【アル】なぁ、シルビア。	
11823	D1:4780:0E452	1	대사	【シルビア】な、なんだい。	
11824	D1:4780:0E478	1	대사	【アル】レイコさんは確かにイイ女だ。	
11825	D1:4780:0E4A0	1	대사	【アル】一緒にいると、あのナイスな胸やお尻に、ムシャブリつきたくなる時がある。	
11826	D1:4780:0E4F0	1	대사	【シルビア】アル、鼻の下が３０センチくらいになってるぞ。	
11827	D1:4780:0E534	1	대사	【アル】黙って聞け！	
11828	D1:4780:0E54C	1	대사	【アル】あの人は確かにイイ女だ、それはオレが保証しよう。がしかし‥‥。	
11829	D1:4780:0E594	1	대사	【シルビア】しかし？	
11830	D1:4780:0E5B4	1	대사	【アル】シルビアも同じくらいイイ女だと俺は思うぞ。今だって‥‥。	
11831	D1:4780:0E5F8	1	대사	【シルビア】い、今だって‥‥？	
11832	D1:4780:0E622	1	대사	【アル】今だって俺はなぁ、	
11833	D1:4780:0E640	1	대사	【アル】お前に飛びかかりそうになるのをじっとこらえているんだぁぁぁ、ジャーンプ！	
11834	D1:4780:0E6A2	1	대사	【シルビア】ば、ばかぁ！	
11835	D1:4780:0E6C6	1	대사	バキィッ！！！！！	
11836	D1:4780:0E6DE	1	대사	【シルビア】あ、アル！{n00}だ、大丈夫か！？	
11837	D1:4780:0E712	1	대사	【アル】は、ハハハ‥‥はにゃが、いはい‥‥。	
11838	D1:4780:0E742	1	대사	【シルビア】だ、だって‥‥アルがいきなり‥‥ゴメン。	
11839	D1:4780:0E782	1	대사	【アル】大丈夫だよ‥‥でも、もうちょっと自信を持てよ。	
11840	D1:4780:0E7D8	1	대사	【アル】この強者のアルバート様が、飛びかかるくらいのイイ女なんだぜ、お前。	
11841	D1:4780:0E82C	1	대사	【シルビア】あ、アル‥‥うん、ゴメン。	
11842	D1:4780:0E85E	1	대사	【アル】（でも、女だったら平手打ちくらいにして欲しかったな。）	
11843	D1:4780:0E8A0	1	대사	【アル】シルビア、キャベツは好きか？	
11844	D1:4780:0E8C8	1	대사	【シルビア】な、なんだよ、やぶから棒に。	
11845	D1:4780:0E8FC	1	대사	【アル】好きかって聞いてるんだ。	
11846	D1:4780:0E920	1	대사	【シルビア】あ、あぁ‥‥嫌いじゃない方だな。	
11847	D1:4780:0E958	1	대사	【アル】そうか。キャベツってのは色々な食べ方がある。	
11848	D1:4780:0E990	1	대사	【アル】千切りにしてサラダにするもよし‥‥。	
11849	D1:4780:0E9E0	1	대사	【アル】チキンを巻いて食べるのも、なかなかオツなもんだ。	
11850	D1:4780:0EA1C	1	대사	【シルビア】それが、どうしたんだよ。	
11851	D1:4780:0EA4C	1	대사	【アル】まぁ聞けよ。肉を巻いて煮込むのも捨てがたいな。	
11852	D1:4780:0EAA8	1	대사	【アル】つまりだ、キャベツには色々な食べ方があって、千差万別な形を取る‥‥	
11853	D1:4780:0EAF6	1	대사	【アル】が、しかし。	
11854	D1:4780:0EB0C	1	대사	【シルビア】ゴクッ。	
11855	D1:4780:0EB2C	1	대사	【アル】どんな食べ方をしようと、どんな形になろうと、キャベツはキャベツだ。	
11856	D1:4780:0EB7A	1	대사	【アル】トマトには決してならない。	
11857	D1:4780:0EB9E	1	대사	【シルビア】そ、そうだな‥‥確かに。	
11858	D1:4780:0EBCE	1	대사	【アル】つまりだ、シルビアがどんなに男っぽく振る舞おうとだ、	
11859	D1:4780:0EC0E	1	대사	【アル】シルビアは一個の女性でしかないってことだ。	
11860	D1:4780:0EC64	1	대사	【アル】大衆の女性像に惑わされるなよ。	
11861	D1:4780:0EC8E	1	대사	【アル】女らしさなんてのは、女である限り絶対に出るものなのさ、	
11862	D1:4780:0ECCE	1	대사	【アル】シルビア自身がいくら否定してもな。	
11863	D1:4780:0ECFA	1	대사	【シルビア】俺が女らしさを捨てようとしても‥‥？	
11864	D1:4780:0ED36	1	대사	【アル】そうだ。だって、シルビアはどう見たって女だし、	
11865	D1:4780:0ED70	1	대사	【アル】俺はそういうシルビアが好きなんだし。	
11866	D1:4780:0ED9E	1	대사	【シルビア】す、好きって‥‥ど、どういうことさ。	
11867	D1:4780:0EDDA	1	대사	【アル】言葉通りの意味さ。	
11868	D1:4780:0EE1A	1	대사	【アル】フフン、ちょっと嬉しかっただろう？	
11869	D1:4780:0EE48	1	대사	【シルビア】ば、バカ。じゃあオレも、レイコさんみたくなれるのかな。	
11870	D1:4780:0EE96	1	대사	【アル】レイコさん？　レイコさんって、あの？	
11871	D1:4780:0EEC6	1	대사	【シルビア】あぁ、オレ、レイコさんみたくなるのが夢だったんだ。	
11872	D1:4780:0EF10	1	대사	【アル】なんとも夢が多くて羨ましいね。	
11873	D1:4780:0EF3A	1	대사	【シルビア】なれるか？	
11874	D1:4780:0EF5C	1	대사	【アル】なれる！　断言しよう、素質も結構ありそうだ。	
11875	D1:4780:0EF94	1	대사	【シルビア】本当か！　な、なんだか生きる喜びを見いだせそうだ。	
11876	D1:4780:0EFDE	1	대사	【アル】大げさなヤツだな。	
11877	D1:4780:0EFFC	1	대사	【シルビア】オレにとっては大事なことなんだ！	
11878	D1:4780:0F034	1	대사	【アル】なんで俺が、がっかりしたかわかるか？	
11879	D1:4780:0F064	1	대사	【シルビア】女のくせにパイロットなんか目指してるからだろう？	
11880	D1:4780:0F0AC	1	대사	【アル】ぜんっっぜん違う。	
11881	D1:4780:0F0EC	1	대사	【アル】なぁ、パイロットってのはシルビアの夢なんだろう？	
11882	D1:4780:0F128	1	대사	【シルビア】あぁ、そうだよ。	
11883	D1:4780:0F150	1	대사	【アル】パイロットのどういうことろに惹かれる？	
11884	D1:4780:0F1A6	1	대사	【アル】言ってみな、笑わないから。	
11885	D1:4780:0F1CC	1	대사	【シルビア】じゃあ言うよ。大空を飛ぶ壮快感‥‥	
11886	D1:4780:0F208	1	대사	【シルビア】オレの操縦によってどこにでも行けるという満足感、高揚感‥‥。	
11887	D1:4780:0F25E	1	대사	【アル】だろう？　だったら、なんで名前や性別なんかにこだわるんだよ。	
11888	D1:4780:0F2A6	1	대사	【シルビア】オレはこだわっちゃいない！	
11889	D1:4780:0F2DA	1	대사	【シルビア】オレはこだわってなんかいないけど、他のやつらが‥‥。	
11890	D1:4780:0F328	1	대사	【アル】いや、シルビア自身のこだわりだと、俺は思うな。	
11891	D1:4780:0F362	1	대사	【シルビア】ち、違う！	
11892	D1:4780:0F384	1	대사	【アル】シルビアがどんな言葉遣いだろうと、	
11893	D1:4780:0F3B2	1	대사	【アル】俺はシルビアのことを女性として見てきたぜ。	
11894	D1:4780:0F3E6	1	대사	【シルビア】嘘つけよ。言葉遣いが女っぽくないとか、色々言ってきたじゃないか！	
11895	D1:4780:0F43E	1	대사	【アル】あぁ、言ってきたな。	
11896	D1:4780:0F45E	1	대사	【シルビア】それが女っぽくないってんだろ？	
11897	D1:4780:0F494	1	대사	【アル】逆だよ、男に負けたくない一心で男言葉にしたり、	
11898	D1:4780:0F4CE	1	대사	【アル】わざと邪険な態度をとってみたり、十分可愛らしい女を演じてるじゃないか。	
11899	D1:4780:0F51E	1	대사	【シルビア】う、うそだ‥‥。	
11900	D1:4780:0F546	1	대사	【アル】あのなぁ、だいたいその豊満な胸を見ろよ、	
11901	D1:4780:0F57A	1	대사	【アル】男に付いているか？{n00}そんな大層なものが。	
11902	D1:4780:0F5CE	1	대사	【シルビア】ちょっと気を許すと、すぐにつけあがるからな。まったく、目が離せないぜ。	
11903	D1:4780:0F62C	1	대사	【シルビア】ありがとう、アル。何だか、気分が少し楽になったよ。	
11904	D1:4780:0F676	1	대사	【アル】もう少し楽にしてやろうか。俺のテクにかかれば、天国までまっしぐらだ。	
11905	D1:4780:0F6C6	1	대사	【シルビア】おい、調子にのんなよ‥‥ったく。	
11906	D1:4780:0F6FE	1	대사	【シルビア】《デザイア》に関することで、話を聞いて欲しいんだ。	
11907	D1:4780:0F748	1	대사	【シルビア】ま、おふざけはこのくらいにしてだな。	
11908	D1:4780:0F786	1	대사	【シルビア】俺も実を言うと、アルに話があったんだよ。	
11909	D1:4780:0F7C8	1	대사	【アル】はなしと言うと、歯が抜けた状態のことだな。	
11910	D1:4780:0F7FE	1	대사	【シルビア】ジョークじゃないんだぜ。ほら、昼間話そびれたろ{n00}う？	
11911	D1:4780:0F84A	1	대사	【アル】そうだっけ。	
11912	D1:4780:0F862	1	대사	【シルビア】もう、しょうがないな。ほら、ここ《デザイア》に関することで‥‥。	
11913	D1:4780:0F8BA	1	대사	【アル】あぁ、そういえばそんなことを聞いた覚えがあるな。	
11914	D1:4780:0F8F6	1	대사	【シルビア】お前、よく新聞記者なんてやってられるなぁ。	
11915	D1:4780:0F938	1	대사	【アル】おぅ、新聞記者をやってるぜ。	
11916	D1:4780:0F960	1	대사	【シルビア】でさ、その新聞記者のアルに話があるんだよ。	
11917	D1:4780:0F9A2	1	대사	【アル】なるほど‥‥俺が新聞記者だということを踏まえた話、なんだな。	
11918	D1:4780:0FA0C	1	대사	【シルビア】面白そうだから、愛のメッセージとやらは聞いてやんない。	
11919	D1:4780:0FA5C	1	대사	【シルビア】さ、早くゾンビになれよ。	
11920	D1:4780:0FA8E	1	대사	【アル】がおー、ゾンビだぞぉ。はい、おしまい。	
11921	D1:4780:0FAC0	1	대사	【シルビア】お前、オレのことをバカにしてるだろう。	
11922	D1:4780:0FAFE	1	대사	【アル】お互い様だ。んなバカなことを俺にさせるなよ。	
11923	D1:4780:0FB36	1	대사	【シルビア】それより何の用だい？　こんな夜更けに。	
11924	D1:4780:0FB74	1	대사	【アル】ま、{n00}シルビアにラブメッセージを伝える為かな。	
11925	D1:4780:0FBAE	1	대사	【シルビア】ふーん、暇そうだね。	
11926	D1:4780:0FBDA	1	대사	【アル】軽く受け流されたか‥‥	
11927	D1:4780:0FBFC	1	대사	【アル】だがしかし、愛のメッセージを伝えるまで、死んでも死にきれん。	
11928	D1:4780:0FC42	1	대사	【シルビア】死んだら死にきれるんじゃないか？	
11929	D1:4780:0FC7C	1	대사	【シルビア】死にきれないってのは死んでないってことだろう？	
11930	D1:4780:0FCC4	1	대사	【アル】いや、ゾンビ状態も包含しているんだ。	
11931	D1:4780:0FCF4	1	대사	【アル】解剖学的には死んでいるが、客観的には死んでいないと。	
11932	D1:4780:0FD32	1	대사	【シルビア】じゃあ、愛のメッセージとやらを伝えられなかった時、アルはゾンビになるのか。	
11933	D1:4780:0FD94	1	대사	【アル】うむ、自分でもよくわからないが、どうやらそういうことになるらしいな。	
11934	D1:4780:0FDE4	1	선택지	　《デザイア》の事	
11935	D1:4780:0FDF8	1	선택지	　バストサイズ	
11936	D1:4780:0FE08	1	선택지	　勉強内容	
11937	D1:4780:0FE14	1	대사	【アル】シルビアのバストは９２センチだそうだ。よし、さっそくメモしておこう。	
11938	D1:4780:0FE64	1	대사	【シルビア】いい加減、本気で殴るぞ。	
11939	D1:4780:0FEB0	1	대사	【シルビア】なんだい？	
11940	D1:4780:0FED2	1	대사	【アル】他にちょっと聞きたいことがあるんだが。	
11941	D1:4780:0FF04	1	대사	【シルビア】あぁ、何でも聞いてくれよ。	
11942	D1:4780:0FF4A	1	대사	【シルビア】（イヤな予感‥‥。）	
11943	D1:4780:0FF76	1	대사	【アル】聞きたいことってのは他でもない。	
11944	D1:4780:0FFC4	1	대사	【アル】バストのサイズ、	
11945	D1:4780:0FFE0	1	대사	【アル】何センチ？	
11946	D1:4780:0FFF4	1	대사	【シルビア】なっ‥‥お前ってそれしかないのかよ。	
11947	D1:4780:10030	1	대사	【アル】あぁ、それしかない。	
11948	D1:4780:1007A	1	대사	【アル】何でも聞いてくれって言ったのはシルビアだからな、約束を履行してもらおうか。	
11949	D1:4780:100D0	1	대사	【シルビア】わ、わかったよ‥‥。	
11950	D1:4780:100FC	1	대사	【アル】へへっ。で、何センチ？	
11951	D1:4780:1011E	1	대사	【シルビア】き、９２センチ‥‥。	
11952	D1:4780:1014A	1	대사	【アル】そんなにあんのか？　結構ボンバーだな。	
11953	D1:4780:1017C	1	대사	【シルビア】そう言われるからイヤだったんだよ！	
11954	D1:4780:101B8	1	대사	【シルビア】オレだって好きでデカくなった訳じゃない。	
11955	D1:4780:101FA	1	대사	【アル】なんだよそれは。俺はボンバーな女性が大好きだぜ。	
11956	D1:4780:10258	1	대사	【アル】なに嬉しそうな顔をしてるんだよ。	
11957	D1:4780:10284	1	대사	【シルビア】ば、バカ！　そんなことが慰めになるか！	
11958	D1:4780:102C2	1	대사	【アル】がっかりだな‥‥シルビア。	
11959	D1:4780:102E8	1	대사	【シルビア】なんでだよ！	
11960	D1:4780:1030C	1	대사	【アル】で、本当に聞きたいのはこっちだった。	
11961	D1:4780:1033C	1	대사	【シルビア】もう変な質問には答えないからな！	
11962	D1:4780:10374	1	대사	【アル】ここにある本のことだよ。	
11963	D1:4780:10398	1	대사	【シルビア】え‥‥ほ、本？	
11964	D1:4780:103BE	1	대사	【アル】あぁ、なんだか沢山ある航空関係の本。	
11965	D1:4780:103EE	1	대사	【シルビア】だから言ったろう？　勉強しているのさ。	
11966	D1:4780:1042C	1	대사	【アル】何のために？	
11967	D1:4780:10444	1	대사	【シルビア】何のためにって、将来のためさ。	
11968	D1:4780:1047A	1	대사	【アル】ふーん。（そういえばシルビアって、航空学校を卒業していたんだっけな‥。）	
11969	D1:4780:104F4	1	대사	【アル】ズバリ、パイロットになるため？	
11970	D1:4780:1051E	1	대사	【シルビア】へへ、オレの夢さ‥‥滑稽に思うだろうがな。	
11971	D1:4780:10560	1	대사	【アル】なぜ滑稽だなんて言うんだよ、いいじゃないか。	
11972	D1:4780:10598	1	대사	【シルビア】「シルビア」なんて、女みたいな名前に負けないために、	
11973	D1:4780:105E6	1	대사	【シルビア】パイロットを目指すのさ。	
11974	D1:4780:10618	1	대사	【アル】なーんだ、がっかりだな。	
11975	D1:4780:1063C	1	대사	【シルビア】な、なんでがっかりするんだよ！	
11976	D1:4780:10672	1	대사	【シルビア】もう《デザイア》の事に関しては、話したぜ。	
11977	D1:4780:106EE	1	대사	【シルビア】オレのこと、{n00}軽蔑したかい？	
11978	D1:4780:10722	1	대사	【アル】なぜさ、どうして軽蔑しなくちゃならない？	
11979	D1:4780:10756	1	대사	【シルビア】オレ１人がみんなを裏切るようでさ‥‥	
11980	D1:4780:10794	1	대사	【シルビア】みんな団結しているのに、オレだけはぐれて、アルにこういう話をする‥‥。	
11981	D1:4780:1082C	1	대사	【アル】‥‥なぁ、シルビア。	
11982	D1:4780:1084C	1	대사	【シルビア】ん？	
11983	D1:4780:10868	1	대사	【アル】うまくは言えないんだが、和や団結と道義を天秤にかけた場合、	
11984	D1:4780:108AE	1	대사	【アル】道義にプライオリティを置くのは、間違っていないと俺は思う。	
11985	D1:4780:10914	1	대사	【アル】道義のレベルがどの程度かはわからないがな‥‥	
11986	D1:4780:1094C	1	대사	【アル】人によって、それぞれの道義に関する定義もあるだろうさ。わかるか？	
11987	D1:4780:109B8	1	대사	【アル】だから人によっては、まさに道義に基づいて、	
11988	D1:4780:109EE	1	대사	【アル】和や団結にプライオリティを置くかもしれない可能性だってある。	
11989	D1:4780:10A34	1	대사	【シルビア】オレの場合、客観的にみてどうなのかな‥‥。	
11990	D1:4780:10A76	1	대사	【アル】そうだな、俺の主観で言わせて貰えば、	
11991	D1:4780:10AA6	1	대사	【アル】シルビアの判断は決して間違ってはいないと思う。	
11992	D1:4780:10ADE	1	대사	【シルビア】本当かい？	
11993	D1:4780:10B00	1	대사	【アル】本当だ、シルビアの胸にかけて。	
11994	D1:4780:10B2A	1	대사	【シルビア】へへ、オレの胸ってそんなにいいのかい？	
11995	D1:4780:10B68	1	대사	【アル】あぁ、最高だな。	
11996	D1:4780:10B84	1	대사	【シルビア】なんだか、くすぐったいな。	
11997	D1:4780:10BB6	1	대사	【アル】じゃあ、軍事兵器開発と推察する根拠を聞かせてもらおうか。	
11998	D1:4780:10BFA	1	대사	【シルビア】その話をしているところを、偶然立ち聞きしたんだよ。	
11999	D1:4780:10C44	1	대사	【アル】誰と誰の話だい？	
12000	D1:4780:10C60	1	대사	【シルビア】教授と、あとミス・グランチェスタらしいんだ。	
12001	D1:4780:10CA4	1	대사	【アル】ミス・グランチェスタというと、カズミさんのことか。	
12002	D1:4780:10CE2	1	대사	【シルビア】あぁ、視察に来たって女性だな。	
12003	D1:4780:10D18	1	대사	【アル】冗談にしては重すぎるな、ただでさえ無用な誤解が多いってのに。	
12004	D1:4780:10D60	1	대사	【シルビア】もちろん冗談じゃない。	
12005	D1:4780:10DA4	1	대사	【シルビア】信じられないのか？	
12006	D1:4780:10DCE	1	대사	【アル】いや‥‥そうだな、その話がもしも本当だとすると、	
12007	D1:4780:10E0A	1	대사	【アル】かなり信憑性が高い、とは言える。	
12008	D1:4780:10E34	1	대사	【シルビア】オレが嘘をついているってのか！？	
12009	D1:4780:10E6C	1	대사	【アル】シルビアの事は信じるさ。ただ、聞き違いということだってある。	
12010	D1:4780:10ED6	1	대사	【アル】いずれにせよ、推察の根拠としては薄いな。	
12011	D1:4780:10F0A	1	대사	【シルビア】じゃあ何もしないってことかい？	
12012	D1:4780:10F40	1	대사	【アル】いや、俺自身ここ《デザイア》には相当うさん臭いものを感じている。	
12013	D1:4780:10F8C	1	대사	【アル】それが軍事兵器開発かどうかは別としてな。	
12014	D1:4780:10FBE	1	대사	【シルビア】じゃあ、まるっきり無駄じゃなかったんだな。	
12015	D1:4780:11000	1	대사	【アル】無駄なものか。{n00}《デザイア》内でもその手の風聞が囁かれるとなると、	
12016	D1:4780:1104E	1	대사	【アル】これはいよいよ‥‥かもしれない。	
12017	D1:4780:11078	1	대사	【アル】で、《デザイア》の事って言ったな。{n00}どんなことだい？	
12018	D1:4780:110B8	1	대사	【シルビア】これって口外していいのか分からないんだけど、ここでの研究に関してさ。	
12019	D1:4780:11114	1	대사	【アル】エコロジーをベースとした環境工学、だろう？	
12020	D1:4780:1114A	1	대사	【シルビア】表向きはね。	
12021	D1:4780:1116E	1	대사	【アル】ほう、すると裏向きには何をしているのかな。	
12022	D1:4780:111A4	1	대사	【シルビア】‥‥あくまで風聞なんだが、	
12023	D1:4780:111D8	1	대사	【シルビア】どうやらここの研究所では、軍事兵器の開発を行っているらしい。	
12024	D1:4780:1122E	1	대사	【アル】軍事兵器ね‥‥１つ聞いていいかな。	
12025	D1:4780:1125C	1	대사	【シルビア】あぁ、いいぜ。	
12026	D1:4780:11282	1	대사	【アル】なぜ俺に言った？	
12027	D1:4780:1129E	1	대사	【シルビア】それは‥‥アルが新聞記者だからさ。	
12028	D1:4780:112D8	1	대사	【アル】紙面で暴けということか{n00}い？	
12029	D1:4780:11300	1	대사	【シルビア】‥‥なぁ、アル。	
12030	D1:4780:1132A	1	대사	【シルビア】オレはオレなりに物事の善悪を判断して行動しているつもりなんだ。	
12031	D1:4780:11398	1	대사	【シルビア】いくら秘密と言われても、その信条に反することはできない。	
12032	D1:4780:113EA	1	대사	【シルビア】例えここをクビになってもね。	
12033	D1:4780:11420	1	대사	【アル】なるほどな‥‥。	
12034	D1:4780:1146A	1	대사	【アル】この辺にはいないようだな‥‥。	
12035	D1:4780:11494	1	대사	【アル】だいたい、寝泊まりしているって、どこで寝泊まりしているんだろうな。	
12036	D1:4780:114E2	1	대사	【アル】も、もしかしてこのパイプの中に、細くなって入っていたりして‥‥。	
12037	D1:4780:1152E	1	대사	【アル】んなわけないか。	
12038	D1:4780:1154A	1	대사	【アル】いないな‥‥ふぅ、でも意外に広いんだよな、ここって。	
12039	D1:4780:1158A	1	대사	【アル】しかし、見つけたら見つけたで、	
12040	D1:4780:115B4	1	대사	【アル】妙な自家発電をしていたりしたら、どうしよう	
12041	D1:4780:115E8	1	대사	【アル】うーん、それはそれで‥‥うーん‥‥。	
12042	D1:4780:1162E	1	대사	【アル】い、いかん。鼻水とヨダレが服にたれてしまった。	
12043	D1:4780:11668	1	대사	【アル】シルビア、いないのかな‥‥。	
12044	D1:4780:11690	1	대사	ゴソゴソ‥‥。	
12045	D1:4780:116A8	1	대사	【アル】うーん、ダンボールの箱の中にはいないようだ。	
12046	D1:4780:116E0	1	대사	【アル】しかし、身体を屈折させながら入っていたら、それはそれで不気味だぞ。	
12047	D1:4780:11748	1	대사	【アル】あたりに人はいないようだが‥‥騒がしい音だけが聞こえてくる。	
12048	D1:4780:11790	1	대사	【アル】シルビア、相変わらずいないな‥‥整備士の連中はもうあがったみたいなのに。	
12049	D1:4780:117E4	1	대사	【アル】ここで寝泊まりしているってことだけど、まだ仕事の最中なのかな。	
12050	D1:4780:11932	1	선택지	　捜しに行く	
12051	D1:4780:11940	1	대사	【アル】そうだな、誰もいないみたいだし‥‥。	
12052	D1:4780:11970	1	대사	【アル】ちょっとその辺を歩きがてら、シルビアを捜してみるか。	
12053	D1:4780:119BE	1	대사	【アル】あいてっ！	
12054	D1:4780:119D4	1	대사	【シルビア】こいつ、俺の縄張りでうろつくとは、いい度胸してんじゃないか‥‥	
12055	D1:4780:11A2C	1	대사	【シルビア】あれ、アルか？	
12056	D1:4780:11A5E	1	대사	【アル】あれ、じゃないよ。イテテテ‥‥コブになっちゃったじゃないか。	
12057	D1:4780:11AA6	1	대사	【シルビア】ハッハッハ、そりゃ悪かった。ま、男の子だ、我慢しなって。	
12058	D1:4780:11AF6	1	대사	【アル】我慢ってったって‥‥イテテ‥‥。	
12059	D1:4780:11B22	1	대사	【シルビア】しょうがないな、ほら。	
12060	D1:4780:11B50	1	대사	【アル】あっ、そっと‥‥ら、乱暴にしないで‥‥。	
12061	D1:4780:11B84	1	대사	【シルビア】大丈夫だよ、痛くしないから‥‥ほら、じっとして。	
12062	D1:4780:11BCC	1	대사	【アル】こ、恐い‥‥。	
12063	D1:4780:11BE6	1	대사	【シルビア】恐い事なんてないって。オレに全て任せろ。	
12064	D1:4780:11C26	1	대사	【アル】痛っ！	
12065	D1:4780:11C38	1	대사	【シルビア】結構出血したな。汚れちまうぜ。	
12066	D1:4780:11C6E	1	대사	【アル】そんな、ひどいわ。	
12067	D1:4780:11C8C	1	대사	【シルビア】お前、なに気分だして言ってんだよ。	
12068	D1:4780:11CC6	1	대사	【アル】ハハ‥‥まぁいわゆる{n00}ジョークというやつだな。	
12069	D1:4780:11D00	1	대사	【シルビア】ったく、相変わらずぶっ飛んでんな。立ち話もなんだ、こっちに来なって。	
12070	D1:4780:11D5C	1	대사	【アル】ベッドか？　ま、まだ心の準備が‥‥。	
12071	D1:4780:11D8C	1	대사	【シルビア】ばーか。きなよ、こっちだ。	
12072	D1:4780:11DD8	1	대사	【シルビア】ちょっと着替えるから、その辺に座っていてくれ。	
12073	D1:4780:11E1E	1	대사	【アル】なに色気を出してるんだよ。	
12074	D1:4780:11E44	1	대사	【シルビア】ばーか。	
12075	D1:4780:11E6A	1	대사	【アル】へぇ、格納庫の一角にこんなスペースを作っていたんだ。	
12076	D1:4780:11EAA	1	대사	【シルビア】ま、オレのプライベート{n00}ルームってところだな。	
12077	D1:4780:11EF0	1	대사	【アル】勉強か。よし、じゃあオレが手取り足取り腰取り‥‥。	
12078	D1:4780:11F2E	1	대사	【シルビア】ハハ、相変わらず見てて飽きないヤツだな。	
12079	D1:4780:11F6E	1	대사	【アル】整備士の連中もいないようだし、ちょっと捜してみようぜ。	
12080	D1:4780:12014	2	대사	【アル】何人かの整備士がいるだけだ。シルビアはいない。	
12081	D1:4780:1204E	2	대사	【アル】あちこちで重低音が響きわたり、格納庫の様相を呈している。	
12082	D1:4780:12092	2	대사	【アル】シルビアは‥‥いないみたいだな、どうしたんだろう。	
12083	D1:4780:120D0	2	대사	【アル】ここでタバコでもふかしたらどうなるんだろうか。	
12084	D1:4780:1210A	2	대사	【アル】うーん、恐いモノ見たさでやってみたい気も‥‥。	
12085	D1:4780:12144	2	대사	【アル】恐らく給油のためのパイプラインだろう。	
12086	D1:4780:12176	2	대사	【アル】シルビアがいたら、機関銃のように説明しまくるだろうな。	
12087	D1:4780:121C4	1	대사	【男】整備士長はまだ仕事中ですよ。お呼びしますか？	
12088	D1:4780:121FA	1	대사	【アル】いや、いいよ。仕事中に悪いしな。	
12089	D1:4780:12226	1	대사	【アル】いつごろ仕事は終わるんだい？	
12090	D1:4780:1224E	1	대사	【男】我々はもう宿舎に戻りますが、	
12091	D1:4780:12274	1	대사	【男】整備士長はここで寝泊まりしているものですから‥‥。	
12092	D1:4780:122B0	1	대사	【アル】いつになるか、わからないと。	
12093	D1:4780:122D8	1	대사	【男】はぁ‥‥すみません。	
12094	D1:4780:12360	1	대사	【男】は、はぁ。整備士長はいま奥で給油装置のチェックをしていますが‥‥	
12095	D1:4780:12528	1	대사	【アル】どうやら給油のためのパイプらしい。	
12096	D1:4780:12662	1	대사	【男】いまちょっと出かけています。	
12097	D1:4780:12688	1	대사	【アル】最初からそういえばいいんだよ。	
12098	D1:4780:126B2	1	대사	【アル】（そうだ、{n00}次回の連絡便のことも聞いてみるかな‥‥。）	
12099	D1:4780:126F4	1	대사	【アル】すみません！	
12100	D1:4780:1270C	1	대사	【男】え、生みません？　あんた男だろう！？	
12101	D1:4780:1273A	1	대사	【アル】何言ってるんだよ。{n00}今度の連絡便はいつ来るんだい！？	
12102	D1:4780:1277A	1	대사	【男】連絡便はもう離陸したよ。	
12103	D1:4780:1279C	1	대사	【アル】違う！今度の連絡便さ！！	
12104	D1:4780:127C0	1	대사	【男】昆布の結膜炎！？	
12105	D1:4780:127E6	1	대사	【アル】ボカッ！	
12106	D1:4780:127FA	1	대사	【男】痛い！{n00}なにするんですか！？	
12107	D1:4780:12820	1	대사	【アル】今度の連絡便はいつ来るんだ！	
12108	D1:4780:12848	1	대사	【男】た、確か明後日だと思う‥‥。	
12109	D1:4780:1286E	1	대사	【アル】聞こえてるじゃないか。	
12110	D1:4780:12890	1	대사	【アル】やめておこう、どうやらシルビアはここにいないらしい。	
12111	D1:4780:128D0	1	대사	【アル】あの‥‥すみません。	
12112	D1:4780:128F0	1	대사	【男】え？	
12113	D1:4780:128FE	1	대사	【アル】シルビアはいますか？	
12114	D1:4780:1291E	1	대사	【男】聞こえない、もっとでっかい声で！	
12115	D1:4780:12948	1	대사	【アル】シ・ル・ビ・ア！	
12116	D1:4780:12964	1	대사	【男】シルビアはここの整備士長ですよ！	
12117	D1:4780:1298E	1	대사	【アル】違う！　彼女はどこにいったんだ！？	
12118	D1:4780:129BC	1	대사	【男】シルビアは女ですよ。	
12119	D1:4780:129DA	1	대사	【アル】違うったら。シルビアの居場所だよ！	
12120	D1:4780:12A08	1	대사	【男】あぁ、彼女はここで寝泊まりしています。	
12121	D1:4780:12A38	1	대사	【アル】聞こえないのかよ、このバカ！	
12122	D1:4780:12A60	1	대사	【男】誰がバカだって？	
12123	D1:5218:005BA	1	대사	【アル】ここは格納庫の中だ‥‥。	
12124	D1:5218:005E8	1	대사	【アル】ここは格納庫だが‥‥例の忙しい音は聞こえてこない。	
12125	D1:5218:00626	1	대사	【アル】整備士の連中、どこに行ったんだろうか。	
12126	D1:5218:00662	1	대사	【シルビア】なんだい、どうしたの？　ティーナは見ていないけど。	
12127	D1:5218:006AC	1	대사	【アル】いや別に‥‥特に用事はないんだ。何となく足が向いちゃって。	
12128	D1:5218:006F2	1	대사	【シルビア】アル‥‥‥‥凄く嬉しいよ、オレ。	
12129	D1:5218:0072A	1	대사	【アル】じゃね。	
12130	D1:5218:0073E	1	대사	【シルビア】な、なんだよ！　もう。	
12131	D1:5218:0077C	1	대사	【シルビア】やぁ、アル。	
12132	D1:5218:007A0	1	대사	【アル】よっ、仕事はどうだい。	
12133	D1:5218:007C2	1	대사	【シルビア】あぁ‥‥今、通信機のテストを行っていたんだ。	
12134	D1:5218:00806	1	대사	【アル】通信機？	
12135	D1:5218:0081A	1	대사	【シルビア】あぁ、昨日のあれで、ちょっといかれちまってね。	
12136	D1:5218:00862	1	대사	【シルビア】数時間中にあいつを直しておかないとならないんだ。	
12137	D1:5218:008AC	1	대사	【アル】そうか‥‥忙しかったんだ。	
12138	D1:5218:008D2	1	대사	【シルビア】ううん、アルが来てくれてうれしいよ。	
12139	D1:5218:00910	1	대사	【シルビア】あのシェリルって女性と一緒だったら、仕事に戻ったかもしんないけど。	
12140	D1:5218:0096C	1	대사	【アル】またそれかよ、あれはだね‥‥。	
12141	D1:5218:00996	1	대사	【シルビア】いいって。俺はアルのこと、信じてるから。	
12142	D1:5218:009D6	1	대사	【アル】あのなぁ‥‥シルビア。	
12143	D1:5218:009F8	1	대사	【シルビア】もう離着陸のめどはついてるし、たぶん今日の‥‥。	
12144	D1:5218:00A68	1	대사	【シルビア】多分オレが言おうとしたことを言ってくれるよ。	
12145	D1:5218:00AAC	2	대사	【放送の声】今日の１６時、最終便が離陸します。遅れないように留意して下さい。	
12146	D1:5218:00AFC	1	대사	【放送の声】繰り返します、今日の１６時‥‥‥‥。	
12147	D1:5218:00B30	1	대사	【アル】なるほど、今日の１６時というと、午後４時か‥‥。	
12148	D1:5218:00BA0	1	대사	【シルビア】ティーナは見つかったの？	
12149	D1:5218:00BD0	1	대사	【アル】いや‥‥。	
12150	D1:5218:00BE6	1	대사	【シルビア】そっかぁ。	
12151	D1:5218:00C0A	1	대사	【シルビア】じゃあもしもだよ、もしもティーナがこのまま見つからなかったら‥‥。	
12152	D1:5218:00C66	1	대사	【アル】見つける。	
12153	D1:5218:00C7C	1	대사	【シルビア】だから、もしもだってば。そのときアル、どうする{n00}の？	
12154	D1:5218:00CC8	1	대사	【アル】ここに残るな。	
12155	D1:5218:00CE2	1	대사	【シルビア】そっか‥‥うん、そう言うと思ったよ。	
12156	D1:5218:00D1E	1	대사	【アル】なんだよ、やけに嬉しそうじゃないか。	
12157	D1:5218:00D4E	1	대사	【シルビア】エヘヘ、じゃあオレ仕事に戻んなくっちゃ。	
12158	D1:5218:00D8E	1	대사	【アル】変なやつだな‥‥うん、じゃあまた来るよ。	
12159	D1:5218:00DC2	1	대사	【シルビア】それじゃ。	
12160	D1:5218:00E26	2	대사	【アル】静寂の格納庫というのも、結構不気味だな。	
12161	D1:5218:00E5A	2	대사	【アル】メカ類がかえって殺伐とした印象をあたえるんだ‥‥。	
12162	D1:5218:00E98	1	대사	【アル】本来なら、整備士の連中が慌ただしくかけずりまわっているんだろうが‥‥。	
12163	D1:5218:00EEA	1	대사	【アル】今は俺がいるだけだ‥‥。	
12164	D1:5218:00F0E	2	대사	【アル】燃料補給用のパイプだ。今は誰も使っていない。	
12165	D1:5218:00F46	2	대사	【アル】燃料補給用のパイプだ‥‥。	
12166	D1:5218:00F6C	2	대사	【アル】本来なら、着陸してある旅客機に注入するんだろうが‥‥今は使われていない。	
12167	D1:5218:00FC0	2	대사	【アル】使う奴がいないんだから、当たり前だよな。	
12168	D1:5218:01000	2	대사	【アル】そうだな、誰もいない格納庫に立っていてもしょうがない。	
12169	D1:5218:01066	2	선택지	　通信機	
12170	D1:5218:0107A	1	대사	【アル】どうせ使用しても、ノイズだけだぜ。	
12171	D1:5218:010BC	2	대사	【アル】バッテリーバックアップで電源を必要としない。	
12172	D1:5218:010F4	2	대사	【アル】ＦＡＸ機能も付いている優れモノだ。	
12173	D1:5218:01122	1	대사	【アル】だがもうバッテリーがなくなりつつある。	
12174	D1:5218:01154	1	대사	【アル】万が一にも外から連絡があったときの為に、使用は控えている。	
12175	D1:5218:01258	1	대사	【アル】誰もいないな‥‥どうしたんだろう‥‥‥‥{s00}イテッ。	
12176	D1:5218:01296	1	대사	【アル】これは‥‥‥‥何だ、通信機か。	
12177	D1:5218:012C0	1	대사	【アル】このあいだ、シルビアが直していたやつかな‥‥。	
12178	D1:5218:012FA	1	대사	【アル】いつもなら、整備士の連中が慌ただしくかけずりまわっていたんだが‥‥。	
12179	D1:5218:0134A	1	대사	【アル】みんなどこに行ってしまったんだろう。	
12180	D1:5218:01460	1	대사	【アル】今は何も落ちていない。かなり綺麗に掃除されているな。	
12181	D1:5218:014A0	1	대사	【アル】床には何も落ちていないし、変わったこともない。	
12182	D1:5218:014DA	1	대사	【アル】だが、以前夜に来たときは、	
12183	D1:5218:01500	1	대사	【アル】オイルのような赤黒い血が点々と落ちていたんだった‥‥。	
12184	D1:5218:015E2	1	대사	【アル】どうも機械の調子が悪いみたいだ‥‥外と連絡することはできないらしい。	
12185	D1:5218:016AC	1	대사	【アル】これで外部と連絡がとれないだろうか‥‥。	
12186	D1:5218:016E0	1	대사	ピッ‥‥ピッピッピッ‥‥。	
12187	D1:5218:01702	1	대사	ザーーーー‥‥‥‥‥‥。	
12188	D1:5218:01722	1	대사	【アル】なんだ、雑音ばかりじゃないか。	
12189	D1:5218:0174C	1	대사	【アル】おかしいな、一昨日は編集部と連絡が取れたのに‥‥。	
12190	D1:5254:012F0	3	대사	【アル】ここは例の球体ドームの中だ。	
12191	D1:5254:01318	1	대사	【アル】やはりあの音はこの装置からだったのか‥‥‥しかし‥‥‥。	
12192	D1:5254:0135C	1	대사	【アル】しかし、なぜここだけ稼働している！？	
12193	D1:5254:013A6	1	대사	【アル】それに、いつもより何か光っているようだ‥‥。	
12194	D1:5254:01406	1	대사	【アル】ティーナ‥‥どうしたんだよ、こんなところに来て‥‥。	
12195	D1:5254:01446	1	대사	【ティーナ】わからない‥‥でも、胸騒ぎがするの。	
12196	D1:5254:01482	1	대사	【アル】いったいここ、どうなっちまったんだ？	
12197	D1:5254:014B2	1	대사	【ティーナ】私が来たときには、もうこうなってた‥‥。	
12198	D1:5254:014F2	1	대사	【アル】と、とにかくここは危ないみたいだ。外にでよう！	
12199	D1:5254:0154A	2	대사	【アル】な、なに！？	
12200	D1:5254:01562	1	대사	【ティーナ】ひ、光が‥‥‥‥。	
12201	D1:5254:0158C	1	대사	【アル】ど、どうしたんだ‥‥い、いったい‥‥。	
12202	D1:5254:015BE	1	대사	【ティーナ】装置が光り始めている‥‥。	
12203	D1:5254:015F0	1	대사	【アル】は、早くここを出よう！　なんだかヤバそうだぞ。	
12204	D1:5254:0162A	1	대사	【ティーナ】う、うん。	
12205	D1:5254:0164C	1	대사	【アル】ほら、こっちだ！	
12206	D1:5254:01672	1	대사	【アル】どうしたんだよ、立ち止まったりして。	
12207	D1:5254:016A2	1	대사	【ティーナ】う、うん‥‥。	
12208	D1:5254:016C8	1	대사	【アル】この研究所自体、ヤバいみたいだぞ。	
12209	D1:5254:01714	1	대사	【アル】な、なんだ？	
12210	D1:5254:0172C	1	대사	【ティーナ】人が‥‥人が倒れてる！	
12211	D1:5254:0175A	1	대사	【アル】じょ、冗談だろう！？	
12212	D1:5254:0177A	1	대사	【ティーナ】ううん、ほら、あそこ‥‥‥‥柱のかげに‥‥‥‥。	
12213	D1:5254:017C2	1	대사	【アル】ほ、本当だ！　なっ、どうしたんだ？	
12214	D1:5254:017F0	1	대사	【ティーナ】何だか、あそこから出てきて倒れたみたいな‥‥。	
12215	D1:5254:01836	1	대사	【アル】だ、誰なんだ‥‥！？	
12216	D1:5254:0187C	1	대사	【アル】お、男のようだが‥‥かなり傷ついている。	
12217	D1:5254:018B0	1	대사	【ティーナ】アル‥‥行こうよ、私、なんだか恐い‥‥。	
12218	D1:5254:018F0	1	대사	【アル】そういう訳にいかないだろう？　俺達以外で始めてお目にかかる人間だぜ。	
12219	D1:5254:0196A	1	대사	【アル】おい、大丈夫か？　おい‥‥。	
12220	D1:5254:01992	1	대사	【ティーナ】アル‥‥行こうよ。	
12221	D1:5254:019BC	1	대사	【男】アル‥‥‥‥だと？	
12222	D1:5254:019E0	1	대사	【アル】き、気付いた！？	
12223	D1:5254:019FC	1	대사	【男】アル‥‥‥‥だと！？	
12224	D1:5254:01A22	1	대사	【アル】なっ‥‥俺を知って‥‥‥‥あぁっ！？	
12225	D1:5254:01A58	1	대사	【男】フッ、フッフッフ‥‥{n00}私‥‥もう‥‥忘れ‥‥のかね？	
12226	D1:5254:01A9E	1	대사	【アル】ぐ、グスタフ‥‥‥‥。	
12227	D1:5254:01AC0	1	대사	【ティーナ】誰‥‥誰なの！？　アル。	
12228	D1:5254:01AF0	1	대사	【アル】ろくでもない野郎さ！	
12229	D1:5254:01B10	1	대사	【グスタフ】わ、私‥‥にはもう‥‥ぐふっ。	
12230	D1:5254:01B46	1	대사	【アル】（か、顔が‥‥と、溶けてやがる‥‥。）	
12231	D1:5254:01B78	1	대사	【アル】ティーナ、見るな！	
12232	D1:5254:01B9E	1	대사	【ティーナ】いやっ！！	
12233	D1:5254:01BC8	1	대사	【グスタフ】ぐふっ‥‥ど、どうし‥‥ことだ‥‥か、身体‥‥おかしい‥‥。	
12234	D1:5254:01C1C	1	대사	【アル】グスタフ、悪行のツケがまわってきたようだな。	
12235	D1:5254:01C54	1	대사	【グスタフ】ば、バカな‥‥そんな‥‥‥‥そ、その娘は‥‥‥‥まさか。	
12236	D1:5254:01CA4	1	대사	【アル】ティーナだよ。	
12237	D1:5254:01CBE	1	대사	【グスタフ】そ、そうか‥‥ま、マルチナ‥‥私の夢を‥‥。	
12238	D1:5254:01D04	1	대사	【グスタフ】私の理想を踏みにじりおってぇぇぇっ！！	
12239	D1:5254:01D66	1	대사	【グスタフ】た、ただでは‥‥‥‥なん。	
12240	D1:5254:01DB0	1	대사	【グスタフ】ただでは死なんと言ったのだよ！！	
12241	D1:5254:01DF4	1	대사	【アル】うぐっ‥‥‥‥。	
12242	D1:5254:01E10	1	대사	【ティーナ】アル！！！	
12243	D1:5254:01E32	1	대사	【グスタフ】あと一発か‥‥フッ、まぁ十分だな。	
12244	D1:5254:01E6C	1	대사	【アル】（くっ‥‥あ、足に当たりやがった‥‥。）	
12245	D1:5254:01EA0	1	대사	【グスタフ】フッフッフ‥‥‥だでは殺さん‥‥あぐぁ。ぐふっ、ぐふっ。	
12246	D1:5254:01EF0	1	대사	【ティーナ】アル‥‥アル！？	
12247	D1:5254:01F18	1	대사	【アル】い、痛い‥‥‥‥ふ、太股を弾が貫通したようだ‥‥	
12248	D1:5254:01F54	1	대사	【アル】ティーナ、お前だけでも、早く逃げろ！	
12249	D1:5254:01F84	1	대사	【ティーナ】いや！　アルを置いてなんか、行けない‥‥。	
12250	D1:5254:01FC6	1	대사	【アル】バカ！　そんなこと言ってる場合かよ。	
12251	D1:5254:01FF6	1	대사	【グスタフ】ふっ、太股を撃ってやっだぼば。少し延命したば‥‥ぐぶっ！	
12252	D1:5254:02046	1	대사	【アル】そうかい？　その割には、手が震えているぜ。	
12253	D1:5254:0207C	1	대사	【グスタフ】ふっ、貴様があの娘か‥‥、	
12254	D1:5254:020B0	1	대사	【グスタフ】成長したものだな‥‥あのまま私のサンプルとして天寿を全うしていれば、	
12255	D1:5254:0210E	1	대사	【グスタフ】苦しまずびずんだのだばば！	
12256	D1:5254:02142	1	대사	【アル】（く、口元も通常じゃない‥‥も、もうこいつは保たないな‥‥。）	
12257	D1:5254:0218C	1	대사	【グスタフ】苦しませようと思ったが、気が変わった。まず貴様を盛大に殺してやぶ！	
12258	D1:5254:021E6	1	대사	【アル】くっ‥‥‥‥‥‥。	
12259	D1:5254:02204	1	대사	【グスタフ】ぐふふっ‥‥目をえぐってくれる‥‥。	
12260	D1:5254:02240	1	대사	【ティーナ】や、やめて！！	
12261	D1:5254:02266	1	대사	【アル】ティーナ、{n00}さっさと逃げろ！	
12262	D1:5254:0228E	1	대사	【ティーナ】な、何でも言うことを聞きます！　聞きますから、アルを助けて下さい！！	
12263	D1:5254:022EA	2	대사	【アル】てぃ、ティーナ‥‥。	
12264	D1:5254:0230A	1	대사	【グスタフ】何でも聞くだとぅ？　ぐぶぶ、よし、ではこっちへ来い。	
12265	D1:5254:0237C	1	대사	【グスタフ】どうじだ‥‥ごなくては、こいつを殺すだけだぞ。	
12266	D1:5254:023C2	1	대사	【ティーナ】わ、わかりました‥‥。	
12267	D1:5254:023F0	1	대사	【アル】ばか、{n00}行くやつがあるか！！	
12268	D1:5254:02418	1	대사	【ティーナ】行きます。	
12269	D1:5254:0243A	1	대사	【グスタフ】ぐぶぶ、きざまの体質を装置にかけて試しであぶ‥‥	
12270	D1:5254:02484	1	대사	【グスタフ】ぎざまは不可解なごとが多ずぎぶ‥‥。	
12271	D1:5254:024EA	1	대사	【グスタフ】ぐぉわぁぁぁぁっ！！！	
12272	D1:5254:02518	1	대사	【アル】ナイスキックだ！‥‥‥‥てぃ、ティーナ！？	
12273	D1:5254:0254E	1	대사	【ティーナ】あ、足が‥‥身体を貫通して‥‥‥‥。	
12274	D1:5254:0258A	1	대사	【アル】（な、なんてこった、グスタフは‥‥{n00}身体がもう‥‥。）	
12275	D1:5254:025CC	1	대사	【グスタフ】わ、わだじのがらだ‥‥がらだがぁぁぁっっ‥‥。	
12276	D1:5254:02612	1	대사	【ティーナ】アル、こっちよ！	
12277	D1:5254:0263A	1	대사	【アル】す、すまな‥‥イツっ！　あ、あまり早く歩けないんだ。	
12278	D1:5254:0267A	1	대사	【ティーナ】しっかりして‥‥あの装置の中に。あそこは丈夫そう。	
12279	D1:5254:026C4	1	대사	【アル】あ、あぁ‥‥。	
12280	D1:5254:026E6	1	대사	【ティーナ】き、来たぁ！　は、早く、アル！！	
12281	D1:5254:0271E	1	대사	【アル】わ、わかっ‥‥‥‥。	
12282	D1:5254:0273E	1	대사	ドンッ‥‥‥‥‥‥。	
12283	D1:5254:02762	1	대사	シュタッ。	
12284	D1:5254:02774	1	대사	【アル】お、おい‥‥何の真似だよ‥‥おい、ティーナ！	
12285	D1:5254:027D8	1	대사	【アル】ど、ドアが閉まっちまったぞ。早くここを開けろよ！	
12286	D1:5254:02814	1	대사	【ティーナ】ごめんなさい、アル。でも、こうする他あなたを助けられない！	
12287	D1:5254:02866	1	대사	【アル】ば、バカ言うなよ！　こ、ここを開けろ！　開けろったら開けろ！！	
12288	D1:5254:028B0	1	대사	【ティーナ】ごめんなさい、私、どうしていいかわからない‥‥‥。	
12289	D1:5254:028FA	1	대사	【アル】バカ！　お前がやることはただ１つだ、このドアを開けることだよ！	
12290	D1:5254:02944	1	대사	【グスタフ】ぐぶぶ‥‥それで隠れたずもりがぁぁ！？	
12291	D1:5254:02982	1	대사	【アル】お、おい‥‥{n00}グスタフが近づいてるんじゃないのか！？	
12292	D1:5254:029FE	1	대사	【ティーナ】私、なんとなくこうなる感じがしたの。	
12293	D1:5254:02A3A	1	대사	【アル】ば、バカ言ってるなよ！　そんなのは錯覚だ、錯覚！	
12294	D1:5254:02A76	1	대사	【ティーナ】でも、アルが助かってくれればいいって、思ってる。	
12295	D1:5254:02ABE	1	대사	【アル】（な、何を言っているんだ、ティーナは‥‥。）	
12296	D1:5254:02AF6	1	대사	【ティーナ】アル、昨日はありがとう‥‥私、嬉しかった。本当に、嬉しかった‥‥。	
12297	D1:5254:02B50	1	대사	【アル】お、おい‥‥‥‥。	
12298	D1:5254:02B6E	1	대사	カカカッ、{n00}ガガーンッ！！！	
12299	D1:5254:02B92	1	대사	【アル】な、何だこの音は‥‥‥‥そ、装置がまた、動き始めているのか！？	
12300	D1:5254:02BDC	1	대사	【ティーナ】アル！　私‥‥私、恐い！	
12301	D1:5254:02C0C	1	대사	【アル】こ、恐いもんかよ！　すぐにここを開けるんだ！	
12302	D1:5254:02C44	1	대사	【アル】俺が力一杯抱きしめてやるからな！！	
12303	D1:5254:02C72	1	대사	【ティーナ】でも私信じてる‥‥いつかまたきっと、会えるような気が‥‥。	
12304	D1:5254:02CC4	1	대사	【アル】いつかじゃない！今だよ！{n00}早くここを開けろ！！！	
12305	D1:5254:02D00	1	대사	ガガーンッ！！！	
12306	D1:5254:02D18	1	대사	【アル】うわぁぁっ！　い、今のは凄かったぞ‥‥‥‥。	
12307	D1:5254:02D50	1	대사	【アル】あっ‥‥‥‥そ、装置が！	
12308	D1:5254:02D7E	1	대사	【アル】ひ、光が‥‥‥‥これはいつかの‥‥‥‥。	
12309	D1:5254:02DB2	1	대사	【ティーナ】アル、私、恐いの！	
12310	D1:5254:02DDC	1	대사	【アル】てぃ、ティーナ！？	
12311	D1:5254:02DFA	1	대사	【グスタフ】ぐぶぶ‥‥逃がさんぞ‥‥アブバード‥‥ぐぶぶ‥‥。	
12312	D1:5254:02E44	1	대사	【ティーナ】アル！　私‥‥‥‥私、アルぅー！！	
12313	D1:5254:02E96	1	대사	ゴゴゴゴゴゴゴゴゴゴゴッ‥‥。	
12314	D1:5254:02EBC	1	대사	【アル】同じだ、何故なんだ‥‥白くなって‥‥‥‥‥ティーナ‥‥‥‥。	
12315	D1:5254:02F12	2	대사	ダーンッ！！	
12316	D1:5254:02F22	1	대사	【アル】ティーナ！！！	
12317	D1:5254:02F48	1	대사	【アル】ど、ドアが開いた音だ‥‥いったい誰が‥‥‥‥！？{w00}{k00}	
12318	D1:5254:02F88	2	대사	‥‥‥‥‥‥。{w00}{k00}	
12319	D1:5254:02F9C	1	대사	‥‥‥‥‥‥‥‥‥‥。{w00}{k00}	
12320	D1:5254:02FB8	1	대사	‥‥‥‥‥‥‥‥‥‥‥‥‥‥。{w00}{k00}	
12321	D1:5254:02FDC	1	대사	【アル】（俺は夢の中をさまよっていたのか‥‥‥‥。）{w00}{k00}	
12322	D1:5254:03036	1	대사	【アル】（それとも、夢が俺の頭の中をさまよっていたのか‥‥‥‥。）{w00}{k00}	
12323	D1:5254:0309E	1	대사	【アル】（わからない‥‥全てが幻のように‥‥‥‥。）{w00}{k00}	
12324	D1:5254:0311A	1	대사	アル‥‥‥‥。{w00}{k00}	
12325	D1:5254:0312E	1	대사	【アル】（俺を呼ぶのは‥‥‥‥ティーナ？）{w00}{k00}	
12326	D1:5254:03174	1	대사	アル‥‥‥‥‥‥。{w00}{k00}	
12327	D1:5254:0318C	1	대사	【アル】（ティーナなのか？　俺を呼ぶのは。）{w00}{k00}	
12328	D1:5254:031C0	1	대사	アル‥‥‥‥‥‥‥‥。{w00}{k00}	
12329	D1:5254:031E2	2	대사	【マコト】アル‥‥しっかりして、アル！	
12330	D1:5254:03234	2	대사	【マコト】よかった‥‥{n00}大丈夫なのね！？	
12331	D1:5254:03268	1	대사	【アル】こ、ここはどこだ？	
12332	D1:5254:03286	1	대사	【マコト】装置室‥‥反応装置の中よ。	
12333	D1:5254:032B6	2	대사	【アル】えらく久しぶりだなぁ‥‥もう何年ぶりになるか。	
12334	D1:5254:032F0	2	대사	【マコト】何年‥‥って、アル、あなた何を言っているの？	
12335	D1:5254:03332	1	대사	【アル】おっ、小じわが増えていないな、感心感心‥‥。	
12336	D1:5254:0336A	1	대사	【マコト】何を言っているのよ！さっき‥‥さっきあなたを助けたばかりじゃないの。	
12337	D1:5254:033C6	1	대사	【マコト】大丈夫なの、本当に‥‥？	
12338	D1:5254:033F6	2	대사	【アル】さっき‥‥？　さっきって、何年前？	
12339	D1:5254:03424	2	대사	【マコト】あぁ‥‥アル！　まさか、頭を打ったかなにかで‥‥。	
12340	D1:5254:0346C	2	대사	【アル】おい、えらい言われようだな‥‥それにしても、話がよく見えないんだが‥‥。	
12341	D1:5254:034C0	2	대사	【マコト】私があのゲーツを突き倒して、あなたを助けたのよ。	
12342	D1:5254:03508	2	대사	【マコト】あなたは装置に落ちていってしまって‥‥。	
12343	D1:5254:03548	2	대사	【アル】ほ、本当に？	
12344	D1:5254:03560	2	대사	【マコト】ウソなんかついていないわ。	
12345	D1:5254:03590	2	대사	【アル】そ、そうだったのか‥‥で、でも夢にしてはえらく‥‥。	
12346	D1:5254:035D0	2	대사	【マコト】夢？　何を言っているの？	
12347	D1:5254:035FE	2	대사	【アル】い、いや‥‥それよりも、ティーナは？	
12348	D1:5254:0364A	2	대사	【アル】どうしたんだよ、ティーナもいるはずだろう？	
12349	D1:5254:03680	2	대사	【マコト】ティーナは‥‥彼に‥‥。	
12350	D1:5254:036AE	1	대사	【アル】なっ‥‥{n00}彼って、グスタフ！？{n00}奴にどうかされたのか！？	
12351	D1:5254:0372C	2	대사	【マコト】冗談でこんなことが{n00}言えて！？	
12352	D1:5254:03760	2	대사	【アル】ティーナはさっきまで‥‥さっきまで俺といたんだ！	
12353	D1:5254:0379C	2	대사	【マコト】いたって‥‥どこに？	
12354	D1:5254:037C6	1	대사	【アル】その‥‥誰もいない《デザイア》で、俺と一緒に、６年も‥‥。	
12355	D1:5254:0380C	1	대사	【マコト】誰もいない《デザイア》？６年？{n00}アルと一緒に‥‥？	
12356	D1:5254:03854	2	대사	【アル】そ、そうだよ。	
12357	D1:5254:0386E	2	대사	【マコト】アル‥‥あなた、気が触れてしまったの？	
12358	D1:5254:038AA	2	대사	【アル】な、泣きながら酷いことを言うなよ！	
12359	D1:5254:038D8	2	대사	【マコト】だって‥‥現実を認めたくない気持ちはわかるわ。でも、そんなことって‥‥。	
12360	D1:5254:03936	2	대사	【アル】何が現実だよ！　ティーナは今まで俺と一緒にいたんだってば！！	
12361	D1:5254:0397E	2	대사	【マコト】どこにいるの？{n00}誰もいない《デザイア》ってなによ！？	
12362	D1:5254:03A0E	2	대사	【アル】い、いや‥‥いいんだ。本当に俺の気が触れちまったのかもしれないな‥‥。	
12363	D1:5254:03A60	2	대사	【マコト】アル‥‥もう１つ、謝らなくちゃならないの。	
12364	D1:5254:03AB0	2	대사	【マコト】もうすぐ私たち、死んでしまうわ。	
12365	D1:5254:03AFC	2	대사	【マコト】装置の制御に失敗してしまったの‥‥	
12366	D1:5254:03B36	1	대사	【マコト】教授のデータディスクを使用しても、装置を停止させるには至らなかった‥‥。	
12367	D1:5254:03B96	2	대사	【アル】な、なんだよ、それは‥‥。	
12368	D1:5254:03BBC	2	대사	【マコト】あと数分で、この島は消滅するかもしれない。	
12369	D1:5254:03BFC	2	대사	【アル】は、ははは‥‥一難去ってまた一難とは、まさにこのことだな。	
12370	D1:5254:03C42	2	대사	【マコト】ごめんなさい‥‥本当に‥‥。	
12371	D1:5254:03C74	2	대사	【アル】別に謝る必要はないぜ。	
12372	D1:5254:03C96	1	대사	【マコト】なぜそんなに悠然としていられるの？	
12373	D1:5254:03CCE	2	대사	【アル】なんでだろうなぁ。	
12374	D1:5254:03CEC	2	대사	【アル】たぶん、色々なことがありすぎて、単に麻痺しているだけなのかもしれないな。	
12375	D1:5254:03D5C	1	대사	【アル】でも、そう悲観するもんじゃないぜ。	
12376	D1:5254:03D8A	1	대사	【アル】まだなんとかなりそうな予感もするんだ。なんとなく、だがな。	
12377	D1:5254:03DD0	2	대사	【マコト】でも‥‥でも‥‥。	
12378	D1:5254:03DF8	2	대사	【シェリル】イズミさん！　装置が‥‥装置が収束の方向に向かっています。	
12379	D1:5254:03E4A	1	대사	【マコト】シェリルだわ。彼女はいま、向こうで制御を行っている　はず‥‥。	
12380	D1:5254:03E9E	2	대사	【シェリル】装置が‥‥装置が稼働を停止します！　私たちは‥‥私たちは助かります！	
12381	D1:5254:03EFA	2	대사	【マコト】し、信じられない‥‥。	
12382	D1:5254:03F32	2	대사	【シェリル】イズミさん、直接伝えたくてこっちに‥‥あっ‥‥。	
12383	D1:5254:03F7A	1	대사	【アル】よう、{n00}相変わらずポニーテールが可愛いね。	
12384	D1:5254:03FB0	2	대사	【シェリル】あ、アルバートさん‥‥い、生きてらしたんですか‥‥。	
12385	D1:5254:03FFC	2	대사	【アル】うん、そうらしい。	
12386	D1:5254:0401A	2	대사	【シェリル】あ、アルバートさん‥‥‥‥‥‥{n00}アルバートさーん！！	
12387	D1:5254:0406C	2	대사	【シェリル】アルバートさん‥‥死んだと聞いたとき、私、すごく悲しかった。	
12388	D1:5254:040C2	2	대사	【シェリル】だから私も死のうって思っていたんです‥‥。	
12389	D1:5254:04106	2	대사	【アル】おい、そんな簡単に死のうなんて、思うなよ。	
12390	D1:5254:0413C	2	대사	【シェリル】だって‥‥だって‥‥グスッ、グスッ。	
12391	D1:5254:04178	2	대사	【アル】あーぁ、こんなに涙で濡らしちゃって‥‥。	
12392	D1:5254:041AC	2	대사	【シルビア】イズミさん！	
12393	D1:5254:041D0	1	대사	【マコト】し、シルビア‥‥！？	
12394	D1:5254:041FA	1	대사	【シルビア】イズミさん、脱出の準備はもう‥‥‥あっ、アル！！	
12395	D1:5254:04242	2	대사	【アル】よう、シルビア。ツナギが似合ってるぜ。	
12396	D1:5254:04274	2	대사	【シルビア】アル、死んだんじゃ‥‥‥‥。	
12397	D1:5254:042A8	2	대사	【アル】この通り、運悪く生き残ったらしい。	
12398	D1:5254:042D6	2	대사	【シルビア】オレ、アルが死んだって聞いたとき‥‥‥‥オレ‥‥‥‥。	
12399	D1:5254:04324	1	대사	【アル】泣き出すなよ、こんなところで。	
12400	D1:5254:0434E	1	대사	【シルビア】な、泣きやしないよ！でも‥‥‥‥{n00}{s00}あ‥‥あぁっ！	
12401	D1:5254:043BE	2	대사	【シルビア】あっ、こんなにアルのことを抱いて‥‥ほらっ‥‥放せってば！	
12402	D1:5254:04418	2	대사	【シルビア】大丈夫だった？　変なことされなかった？	
12403	D1:5254:04456	2	대사	【シェリル】変なことって何ですか！	
12404	D1:5254:04484	1	대사	【シルビア】変なことだよ。ったく、目が離せないんだよな、こういうネーチャンってさ。	
12405	D1:5254:044E2	1	대사	【シェリル】私は何もしていません！　アルバートさんを抱きしめただけです。	
12406	D1:5254:04536	1	대사	【シルビア】ムカァー！　十分変なことしてたじゃないか。オレだってアルのことを‥‥。	
12407	D1:5254:04594	1	대사	ぎゅぅーっ。	
12408	D1:5254:045A8	2	대사	【アル】ぐえっ。	
12409	D1:5254:045BC	1	대사	【シルビア】っと抱きしめたいんだ！	
12410	D1:5254:045EA	1	대사	【シェリル】いま‥‥いま抱きしめたじゃないですか！	
12411	D1:5254:04628	1	대사	【シルビア】こんなことじゃ、オレの気持ちは伝えきれないんだよ。	
12412	D1:5254:04672	1	대사	【シェリル】わ、私だって‥‥。	
12413	D1:5254:0469C	1	대사	ぎゅぅーーーーっ！！	
12414	D1:5254:046CC	1	대사	【シェリル】っと抱きしめたいです！	
12415	D1:5254:046FA	1	대사	【シルビア】い、いま抱きしめたじゃないか！　オレよりもずっと長く！	
12416	D1:5254:04748	1	대사	【シェリル】同じくらいです。	
12417	D1:5254:04770	1	대사	【シルビア】んなことあるかよ！　アルはオレのためになぁ‥‥。	
12418	D1:5254:047B8	1	대사	【シェリル】アルバートさんは、私のために生き返ったんです！	
12419	D1:5254:047FE	1	대사	【シルビア】なっ‥‥オレの台詞を‥‥オレのために決まってるだろ！	
12420	D1:5254:0484A	1	대사	【シェリル】私です！	
12421	D1:5254:0488A	1	대사	【アル】な、なんだい？　マコト。	
12422	D1:5254:048AE	1	대사	【マコト】相変わらずもてるわね！	
12423	D1:5254:048DA	1	대사	【アル】な、なにプリプリしてるんだよ。	
12424	D1:5254:04904	1	대사	【マコト】別に！	
12425	D1:5254:04920	1	대사	【アル】（ふぅ、一難去ってまた一難去った後に、もう一難か‥‥）	
12426	D1:5254:04962	1	대사	【アル】（さすがにしんどいなぁ‥‥。）	
12427	D1:5254:0498C	1	대사	【シルビア】はなせ‥‥くのっ、おい！	
12428	D1:5254:049BC	1	대사	【シェリル】あなたこそ！	
12429	D1:5254:049E0	1	대사	【アル】イタタ‥‥痛いよ、両腕を引っ張らないでくれ！	
12430	D1:5254:04A18	1	대사	【シルビア】なっ、やめろよ、アルが可哀想だろ！	
12431	D1:5254:04A52	1	대사	【シェリル】あなたこそ手を放しなさい。アルバートさんが可哀想です。	
12432	D1:5254:04AA0	1	대사	【アル】ふ、２人とも、俺の言うことを良く聞くんだ！	
12433	D1:5254:04B1A	1	대사	【アル】いいか、東方に伝わる伝説でな、子供をめぐる争いがあったんだ。	
12434	D1:5254:04B62	1	대사	【アル】２人の女が、両方とも自分の子供だって主張してやまない。	
12435	D1:5254:04BA4	1	대사	【シルビア】そ、それで？	
12436	D1:5254:04BF2	1	대사	【アル】それでな、子供の引っ張りあいになったとき、はっと手を放した女がいた。	
12437	D1:5254:04C42	1	대사	【アル】子供が可愛そうって放したその女こそ、真の母親だと。	
12438	D1:5254:04C80	1	대사	【シルビア】ほら、いいこと言ってんじゃねぇか。早く放せよ！	
12439	D1:5254:04CC6	1	대사	【シェリル】あなたこそ、アルバートさんのことを思うなら放しなさいよ。	
12440	D1:5254:04D30	2	대사	【マコト】フフ、この一難は、当分続きそうね、アル。	
12441	D1:5254:04D6E	2	대사	【アル】おっ、冷静な意見だな。	
12442	D1:5254:04D90	2	대사	【マコト】もう、あなたに関しては達観することに決めたのよ。	
12443	D1:5254:04DD6	2	대사	【アル】へへっ、どこまで我慢できるかな？	
12444	D1:5254:04E02	2	대사	【マコト】みくびらないで！	
12445	D1:5254:04E28	1	대사	【シルビア】早く放せってば！	
12446	D1:5254:04E50	1	대사	【シェリル】あなたこそ、放しなさい！	
12447	D1:5254:04E80	1	대사	【アル】お前ら、{n00}いい加減にしろ！！	
12448	D1:5254:04ECE	1	대사	【アル】‥‥‥‥‥‥‥‥‥‥。{w00}{k00}	
12449	D1:5254:04EF4	1	대사	【アル】‥‥‥‥‥‥‥‥‥‥‥‥‥‥。{w00}{k00}	
12450	D1:5254:04F22	1	대사	【アル】あれから、どのくらいの月日が流れたんだろうか。{w00}{k00}	
12451	D1:5254:04F7E	1	대사	【アル】マコトとは、あれ以来疎遠になっている‥‥。{w00}{k00}	
12452	D1:5254:04FB8	1	대사	【アル】何度か手紙をやりとりしたが、{w00}{k00}	
12453	D1:5254:04FE4	1	대사	【アル】彼女がどこかの研究所の所長になったというのを聞いて以来、音沙汰がない‥。{w00}{k00}	
12454	D1:5254:0503C	1	대사	【アル】彼女はこの件に関しては、全く何も語ろうとはしなかった。{w00}{k00}	
12455	D1:5254:05082	1	대사	【アル】俺も無理には聞かなかった‥‥。{w00}{k00}	
12456	D1:5254:050B0	1	대사	【アル】必然という形容が当てはまるのだろうか‥‥。{w00}{k00}	
12457	D1:5254:050EA	1	대사	【アル】俺は彼女の想いを受けとめてやることが、できなかったらしい‥‥。{w00}{k00}	
12458	D1:5254:0515A	1	대사	【アル】俺は新聞社を退社して、フリーになった。{w00}{k00}	
12459	D1:5254:05190	1	대사	【アル】別に、例の編集長の小言が鬱陶しくなった訳じゃあない。{w00}{k00}	
12460	D1:5254:051D4	1	대사	【アル】無論、それも一因ではあるが‥‥。{w00}{k00}	
12461	D1:5254:05204	1	대사	【アル】俺は記事を書かなかった。いや、書けなかったんだ‥‥。{w00}{k00}	
12462	D1:5254:05248	1	대사	【アル】ゴシップとしてあおり立てることは十分可能だったろう。{w00}{k00}	
12463	D1:5254:0528C	1	대사	【アル】だが、俺はそんなことはしたくなかった‥‥してはいけなかった。{w00}{k00}	
12464	D1:5254:052D8	1	대사	【アル】《デザイア》が閉鎖されたことは、採算があわない為と他紙で報道された。{w00}{k00}	
12465	D1:5254:0532C	1	대사	【アル】だが俺は、その報道が違うことを知っている。{w00}{k00}	
12466	D1:5254:0536E	1	대사	【アル】財団会長から、カズミ嬢の一件で、たんまりと謝礼が出た。{w00}{k00}	
12467	D1:5254:053B4	1	대사	【アル】くれると言うんだからな、遠慮無く貰っておいたよ。{w00}{k00}	
12468	D1:5254:053F4	1	대사	【アル】それで個人ユースの飛行機まで購入しちまった‥‥。{w00}{k00}	
12469	D1:5254:05434	1	대사	【アル】でも、まだまだ資本は余っているぜ。さすがに謝礼の額が違う。{w00}{k00}	
12470	D1:5254:054A0	1	대사	【アル】腕のいいパイロットと、頭脳明晰で優秀な助手と一緒に、{w00}{k00}	
12471	D1:5254:054E4	1	대사	【アル】俺はいま、世界中を文字通り飛び回っているんだ。{w00}{k00}	
12472	D1:5254:05522	1	대사	【アル】フリーの記者として記事を書きながら‥‥。{w00}{k00}	
12473	D1:5254:0555A	1	대사	【アル】え？　腕のいいパイロットと、頭脳明晰な助手は誰だって？{w00}{k00}	
12474	D1:5254:055A0	1	대사	【アル】それは想像に任せるよ‥‥でも、その想像はたぶん間違っていないぜ。{w00}{k00}	
12475	D1:5254:055F0	1	대사	【アル】彼女らは、いつも喧嘩ばかりしてるとだけ、言っておこう。{w00}{k00}	
12476	D1:5254:05636	1	대사	【アル】そう、俺は世界中を飛び回って仕事をしている‥‥。{w00}{k00}	
12477	D1:5254:05676	1	대사	【アル】そして、世界中を捜し回っている。あの子のことを‥‥。{w00}{k00}	
12478	D1:5254:056BA	1	대사	【アル】俺にはやるべきことがあるんだ‥‥‥‥。{w00}{k00}	
12479	D1:5254:0571A	1	대사	【アル】俺はあの６年を忘れられない。マコトは夢だろうと言った‥‥。{w00}{k00}	
12480	D1:5254:05764	1	대사	【アル】ときどき俺も、あれが夢じゃないかって思うこともある。{w00}{k00}	
12481	D1:5254:057A8	1	대사	【アル】だが、あの子は確かにいて、俺と一緒に暮らしていたんだ。そして‥‥‥‥。{w00}{k00}	
12482	D1:5254:057FE	1	대사	【アル】そして、俺のことをどこかで待っている。俺は行ってやらなきゃならない。{w00}{k00}	
12483	D1:5254:05874	1	대사	【アル】あの子は言った。またきっと会えると‥‥‥‥。{w00}{k00}	
12484	D1:5254:058B0	1	대사	【アル】あの子はウソをつくような子じゃないんだ。{w00}{k00}	
12485	D1:5254:058E8	1	대사	【アル】きっと会えると言ったんだ、きっと会えるさ‥‥きっと。{w00}{k00}	
12486	D1:5254:05944	1	대사	【アル】そう、ときどき俺も、あれが夢じゃないかって思うこともある。だが‥‥。{w00}{k00}	
12487	D1:5254:05998	1	대사	【アル】だが、俺はこの写真を胸に捜し続ける。{w00}{k00}	
12488	D1:5254:059CC	1	대사	【アル】どこかで待っているかもしれない、あの子のことを‥‥。{w00}{k00}	
12489	D1:5254:05A52	1	대사	【アル】あまり愉快な気分にはならないな‥‥。	
12490	D1:5254:05AB4	1	대사	【アル】誰もいないようだが‥‥。	
12491	D1:5254:05B1C	1	대사	【アル】‥‥‥‥‥‥‥‥‥‥‥‥‥‥。	
12492	D1:5254:05B44	1	대사	【アル】か、身体が‥‥‥‥。	
12493	D1:5254:05B7E	1	대사	【アル】身体が‥‥いうことを聞かない‥‥。	
12494	D1:5254:05BAC	1	대사	【アル】頭が、くらくらする。	
12495	D1:5254:05BE6	1	대사	【アル】ここは‥‥‥‥ここは、どこなんだ‥‥‥‥。	
12496	D1:5254:05C26	1	대사	【アル】こ、ここは‥‥{n00}例の球体ドームの中‥‥？	
12497	D1:5254:05C74	1	대사	【アル】ぐ、グスタフの野郎はどこだ！？	
12498	D1:5254:05C9E	1	대사	【アル】マコトはどこにいったんだよ‥‥‥‥。	
12499	D1:5254:05CE8	1	대사	【アル】それに‥‥それに、ティーナは‥‥ティーナ！？	
12500	D1:5254:05D20	1	대사	【アル】またいなくなっちゃったのかよ、ティーナ‥‥。	
12501	D1:5254:05D72	1	대사	【アル】しかしそれにしても、何だかちょっと変だぞ。	
12502	D1:5254:05DA8	1	대사	【アル】目の前の装置は、あの怪しげな光をもう放っていない‥‥。	
12503	D1:5254:05DEA	1	대사	【アル】あの妙な音もしていない‥‥。	
12504	D1:5254:05E12	1	대사	【アル】どうしちゃったんだよ、これは‥‥？	
12505	D1:5254:05E76	1	대사	【アル】ここにいてもしょうがないぜ。	
12506	D1:5254:05E9E	1	대사	【アル】あたりはシンと静まり返っているな‥‥。	
12507	D1:5254:05ED0	1	대사	【アル】この壁は、防音効果もあるんだろう。	
12508	D1:5254:05EFE	1	대사	【アル】シンとしていると、逆に耳に雑音が聞こえてくるんだ。	
12509	D1:5254:05F3C	1	대사	【アル】目の前の装置からは音も光も出されていない。止まっているようだ‥‥。	
12510	D1:5254:05F8A	2	대사	【アル】理由はわからないが、装置は止まっているようだ‥‥。	
12511	D1:5254:05FC8	2	대사	【アル】あの不気味な光も放っていない。あの不気味な胎動を、全て停止してしまっている。	
12512	D1:5254:06030	1	대사	【アル】そうだな‥‥ここにいてもしょうがないぜ。	
12513	D1:5254:06064	1	대사	【アル】よし、とにかくここを出てよう。	
12514	D1:5254:060CA	1	대사	【アル】ここに人は誰もいないようだ‥‥。	
12515	D1:5254:060F6	1	대사	【アル】あたりは静かだ‥‥どうしたんだ、誰もいないのか？	
12516	D1:5254:06176	1	대사	【アル】目の前の装置からは音も光も出されていない。止まっているようだが‥‥。	
12517	D1:5254:0625C	1	대사	【アル】ま、まさか、底に誰かが落ちているとか‥‥‥‥いないようだな。少し、ホッ。	
12518	D1:5254:062B0	1	대사	【アル】それにしても、どこが光っていたんだろう、	
12519	D1:5254:062E4	1	대사	【アル】こう見ると普通の鉄底という感じだが‥‥。	
12520	D1:5254:06328	1	대사	【アル】そうだな‥‥誰もいない場所にとどまっていても、しょうがないぜ。	
12521	D1:5254:06372	1	대사	【アル】とにかくここを出てみよう。	
12522	D1:5438:00654	24	대사	■{w00}{k00}	
12523	D1:5438:0068C	1	대사	■　１９９×－０６－０１{w00}{k00}	
12524	D1:5438:006AA	1	대사	研究職員ジョアン・ロイド、事故のため死亡‥‥{w00}{k00}	
12525	D1:5438:006E8	1	대사	【マコト】この装置は危険すぎます！	
12526	D1:5438:0070E	1	대사	【マルチナ】どう危険なのかしら？	
12527	D1:5438:0073A	1	대사	【マコト】ジョアンの死に様を見なかったのですか？　教授。	
12528	D1:5438:00780	1	대사	【マルチナ】イズミさんらしからぬ意見ね。	
12529	D1:5438:007B4	2	대사	【マコト】どういうことですか？	
12530	D1:5438:007D6	1	대사	【マルチナ】火災の惨事を憂いて、火それ自体を否定するようなものよ、それは。	
12531	D1:5438:0082C	1	대사	【マコト】言わせてもらいますが教授、それは詭弁です。	
12532	D1:5438:00864	1	대사	【マルチナ】詭弁ではないわ。古来よりその論法によって、	
12533	D1:5438:008A8	1	대사	【マルチナ】いかに多くの進歩的研究が潰されてきたのか‥‥。	
12534	D1:5438:008F0	1	대사	【マコト】進歩性と危険性が、必ずしも一致する訳ではありません。	
12535	D1:5438:00932	1	대사	【マルチナ】えてして、一致するものよ。そして今回も一致したの。	
12536	D1:5438:0097C	3	대사	【マコト】教授‥‥‥‥。	
12537	D1:5438:00998	1	대사	【マルチナ】ロイドさんは確かに気の毒なことだわ。	
12538	D1:5438:009D6	1	대사	【マルチナ】だけど、ここで研究を中断してしまったら、彼は全くの無駄死によ。	
12539	D1:5438:00A2E	1	대사	【マコト】今後の被害を食い止めた、とも考えられます。	
12540	D1:5438:00A66	1	대사	【マルチナ】それは単なる見解の相違ね。	
12541	D1:5438:00AB4	1	대사	【マルチナ】そしてその見解の相違を是正するのは私の職務‥‥この研究は続行します。	
12542	D1:5438:00B2C	1	대사	【マルチナ】不服かしら？	
12543	D1:5438:00B50	1	대사	【マコト】いえ、教授の方針には従います。	
12544	D1:5438:00B7C	1	대사	【マルチナ】ありがとう。今日はもうあがって構わないわ。	
12545	D1:5438:00BBE	1	대사	【マコト】わかりました‥‥。	
12546	D1:5438:00BDE	1	대사	【マルチナ】そう‥‥‥‥それと、イズミさん。	
12547	D1:5438:00C16	1	대사	【マコト】はい、なんでしょうか？	
12548	D1:5438:00C3A	1	대사	【マルチナ】近々、ここをＳＮＴの方が取材に訪れます。	
12549	D1:5438:00C7A	1	대사	【マコト】ＳＮＴって‥‥新聞社の記者ですか？	
12550	D1:5438:00CAA	1	대사	【マルチナ】マクドガルさんという方が、取材に訪れるわ。	
12551	D1:5438:00CEC	1	대사	【マコト】えっ‥‥‥‥{n00}あ、アルが！？	
12552	D1:5438:00D16	1	대사	【マルチナ】確か、お知り合いだそうね。	
12553	D1:5438:00D48	8	대사	【マコト】は、はい‥‥。	
12554	D1:5438:00D64	1	대사	【マルチナ】恋人？	
12555	D1:5438:00D82	1	대사	【マコト】一応は‥‥‥‥。	
12556	D1:5438:00DBE	1	대사	【マコト】も、もちろん公私の混同にならぬよう十分留意するつもりですが‥‥。	
12557	D1:5438:00E0C	1	대사	【マルチナ】もしかしたら、イズミさんに色々と頼むことになるかも知れないわね。	
12558	D1:5438:00E64	1	대사	【マコト】わ、わかりました‥‥‥‥。	
12559	D1:5438:00E8C	1	대사	【マルチナ】それでは、もうあがって構わないわ。	
12560	D1:5438:00EC6	1	대사	【マコト】失礼します‥‥‥‥。	
12561	D1:5438:00EE8	1	대사	【マコト】アルがここに‥‥ここにやって来るの？	
12562	D1:5438:00F1A	1	대사	【マコト】私個人としてはすごく嬉しい‥‥けど‥‥。	
12563	D1:5438:00F56	1	대사	【マコト】はぁ‥‥‥‥‥‥。	
12564	D1:5438:00F76	1	대사	【マコト】私、あの人に聞かれたとき何て答えればいいの‥‥。	
12565	D1:5438:00FB4	1	대사	【マコト】あのいつもの調子で、根ほり葉ほり聞かれるに決まっているわ。	
12566	D1:5438:00FFC	1	대사	【マコト】どうしたらいいのかしら‥‥。	
12567	D1:5438:01024	1	대사	【マコト】ここで研究していることを、アルに言うの？	
12568	D1:5438:0105A	1	대사	【マコト】人が死ぬほどの危険な研究をしているって‥‥。	
12569	D1:5438:01092	1	대사	【マコト】彼、妙にヒューマニストなところがあるから。	
12570	D1:5438:010E6	1	대사	【マコト】『ですが、私ははっきりと言います。』	
12571	D1:5438:01118	1	대사	【マコト】『ここへあなたが来ることには反対なのです‥‥‥』	
12572	D1:5438:01154	4	대사	【マコト】ふぅ‥‥‥‥。	
12573	D1:5438:01170	1	대사	【マコト】筆記なんて久しぶりだわ。	
12574	D1:5438:01196	1	대사	【マコト】いつもワープロで文章を書いているから、手が疲れちゃった。	
12575	D1:5438:011DA	1	대사	【マコト】手紙くらいは手で書けって、彼にいつも言われているのよね‥‥。	
12576	D1:5438:01224	1	대사	【マコト】彼、変なところにこだわりがある人だから‥‥。	
12577	D1:5438:0125E	1	대사	【マコト】『ここ《デザイア》では』	
12578	D1:5438:01284	1	대사	【マコト】『ステラ教授がイニシアチブをとって研究開発が行われています‥‥‥‥』	
12579	D1:5438:012D4	1	대사	【マコト】ステラ教授は素晴らしい人です‥‥‥‥っと。	
12580	D1:5438:0130C	1	대사	【マコト】『しかしここでの研究は、環境工学をベースとした非常にリスクの高い‥‥‥』	
12581	D1:5438:01362	1	대사	【マコト】あぁ、ダメだわ、ダメダメ。	
12582	D1:5438:0138A	1	대사	【マコト】こんなこと書いたら、アルがよけい来たがるに決まっている。	
12583	D1:5438:013CE	1	대사	【マコト】でも、書かなくちゃダメだわ。アルに知らせておかないと‥‥。	
12584	D1:5438:01436	1	대사	【マコト】あら、誰かしら‥‥‥‥はい！	
12585	D1:5438:01460	1	대사	【レイコ】私よ、レイコ。	
12586	D1:5438:014A4	1	대사	【マコト】どうしたのよ、レイコ。こんな時間に‥‥‥‥。	
12587	D1:5438:01500	1	대사	【マコト】どこにも移動する必要はないわよ。	
12588	D1:5438:0152E	1	대사	【レイコ】ソワソワしてどうしたのよ‥‥あっ、さては‥‥。	
12589	D1:5438:01572	1	대사	【マコト】その先は言わなくて結構。	
12590	D1:5438:01598	1	대사	【マコト】レイコが目の前にいる。何をしに来たのかしら‥‥。	
12591	D1:5438:015D6	1	대사	【マコト】外見は派手で遊び上手というイメージだけど、意外に身持ちが固いのよ。	
12592	D1:5438:01626	1	대사	【レイコ】意外とはなによ、好きでこんな大きな胸や腰になった訳じゃないわ。	
12593	D1:5438:0167A	1	대사	【マコト】わ、わかってるわよ。{n00}（ちょっぴり憎たらしい{n00}わ‥‥。）	
12594	D1:5438:016C0	1	대사	【マコト】彼女はレイコ。教授の秘書を務めているわ。	
12595	D1:5438:016F6	1	대사	【マコト】私のハイスクール時代からの悪友ね。	
12596	D1:5438:01726	1	대사	【マコト】ルームメイトとして、しばらく一緒に暮らしていたこともあったわ‥‥。	
12597	D1:5438:01774	1	대사	【レイコ】あら、悪友とはご挨拶ね。	
12598	D1:5438:017A2	1	대사	【マコト】本当のことじゃない。	
12599	D1:5438:017C4	1	대사	【レイコ】ウフフ、それもそうね‥‥。	
12600	D1:5438:017F4	1	대사	【レイコ】あら、{n00}手紙を書いていたの？	
12601	D1:5438:01826	1	대사	【マコト】あっ、見てはダメよ！	
12602	D1:5438:01852	1	대사	【レイコ】ふーん‥‥‥‥マコト。	
12603	D1:5438:0187E	5	대사	【マコト】な、なに？	
12604	D1:5438:01896	1	대사	【レイコ】ダメじゃないの、こんなことを書いては。	
12605	D1:5438:018D2	1	대사	【マコト】わ、わかっているけど‥‥。	
12606	D1:5438:018FA	1	대사	【レイコ】もう、あなたの彼は記者でしょう？	
12607	D1:5438:01932	1	대사	【レイコ】こんなこと書いたら、ピラニアの水槽にお肉を入れるようなものよ。	
12608	D1:5438:01988	1	대사	【マコト】そうね‥‥確かに公私混同かもしれない。	
12609	D1:5438:019BC	1	대사	【レイコ】じゃ、いい？	
12610	D1:5438:019E8	7	대사	【マコト】え？	
12611	D1:5438:019FA	1	대사	クシャクシャ。	
12612	D1:5438:01A10	1	대사	【マコト】あっ‥‥ひっどーい。	
12613	D1:5438:01A3C	1	대사	【レイコ】こんなこと書いてはダメよ。マコト、あなた技術主任という責務を忘れないで。	
12614	D1:5438:01A9A	1	대사	【マコト】わ、わかっているわよ‥‥ごめんなさい。	
12615	D1:5438:01ACE	1	대사	【レイコ】ううん、わかってくれればいいの。じゃ、私はもう帰るわね。	
12616	D1:5438:01B1C	2	대사	【マコト】うん。	
12617	D1:5438:01B56	1	대사	【マコト】そうね、公私を混同してはいけない。	
12618	D1:5438:01B86	1	대사	【マコト】私は《デザイア》の技術主任としての責務を、	
12619	D1:5438:01BBE	1	대사	【マコト】全うしなくてはならないんだわ‥‥そして‥‥。	
12620	D1:5438:01C14	1	대사	【マコト】何か、予感がするの‥‥でもそれが何かはわからない。	
12621	D1:5438:01C54	1	대사	【マコト】でも予感はする‥‥一体何の‥‥‥‥‥‥？	
12622	D1:5438:01CC2	1	대사	■　１９９×－０７－２８{w00}{k00}	
12623	D1:5438:01CE0	1	대사	ＳＮＴ記者、アルバート・マクドガル来訪{w00}{k00}	
12624	D1:5438:01D14	1	대사	【レイコ】ウフフ、そういえば、来るんですってね。びっくりしたわ。	
12625	D1:5438:01D60	1	대사	【マコト】来るって‥‥何が？	
12626	D1:5438:01D80	1	대사	【レイコ】あなたの恋人さんよ。	
12627	D1:5438:01DAA	1	대사	【マコト】あぁ、アルのことね‥‥そう、私もびっくりしちゃって‥‥。	
12628	D1:5438:01DF0	1	대사	【レイコ】でも、来る時期が、恐らく研究の最終段階と重なってしまうわ。	
12629	D1:5438:01E40	1	대사	【マコト】ええ、そうなんだけど‥‥。	
12630	D1:5438:01E68	1	대사	【レイコ】時間を作って、上手いこと彼とやりなさい。	
12631	D1:5438:01EA6	1	대사	【マコト】いいえ、公私を混同したくはないわ。	
12632	D1:5438:01ED6	1	대사	【レイコ】またそんなこと言って。久しぶりなんでしょ？	
12633	D1:5438:01F16	1	대사	【マコト】そ、それはそうだけど‥‥。	
12634	D1:5438:01F3E	1	대사	【レイコ】いいわぁ、私も彼を作って楽しみたいなぁ。	
12635	D1:5438:01F7C	1	대사	【マコト】レイコが言うと、何かいやらしい。	
12636	D1:5438:01FAA	1	대사	【レイコ】まっ、酷いのね。総務のクリスさんじゃあるまいし。	
12637	D1:5438:01FF0	1	대사	【マコト】そんなこと言ったら、彼女に悪いわよ。	
12638	D1:5438:02022	1	대사	【レイコ】大丈夫よ。彼女、別に隠さないし‥‥‥。	
12639	D1:5438:0205E	1	대사	【マコト】そうなの？	
12640	D1:5438:02076	1	대사	【レイコ】ウフフ、つき合った男の数を勲章に考えるところなんて、	
12641	D1:5438:020C2	1	대사	【レイコ】私に言わせてみれば、まだまだね。	
12642	D1:5438:020FA	1	대사	【マコト】何よ、その「まだまだ」って。	
12643	D1:5438:02124	1	대사	【レイコ】フフフ、まだまだってことよ。	
12644	D1:5438:02156	1	대사	【レイコ】フフ、今日また教授とやりあったんですってね。	
12645	D1:5438:02198	1	대사	【マコト】あぁ‥‥あのこと。もう噂になっちゃったの。	
12646	D1:5438:021D0	1	대사	【レイコ】それはそうよ。	
12647	D1:5438:021F6	1	대사	【レイコ】技術主任のイズミさんと、研究責任者のステラ教授が、またやりあったって。	
12648	D1:5438:02254	1	대사	【マコト】もう、無責任な風聞にまで気を遣わなくてはいけないの？	
12649	D1:5438:02296	1	대사	【レイコ】ま、あなたは技術主任ですもの。	
12650	D1:5438:022CC	1	대사	【レイコ】まわりの人がよく耳をそばだてていると考えた方がいいんじゃない？	
12651	D1:5438:02322	1	대사	【マコト】そうね‥‥気苦労が耐えないわ。	
12652	D1:5506:01AE8	1	대사	【マコト】（野心じゃないわ‥‥これは知的探求心‥‥。）	
12653	D1:5506:01B22	3	대사	【マコト】（でも‥‥‥‥。）	
12654	D1:5506:01B42	1	대사	【マコト】（野心と言われても苦ではない‥‥‥‥。）	
12655	D1:5506:01B78	1	대사	【マコト】（これを野心というなら、それでも構わない。）	
12656	D1:5506:01BB2	1	대사	【マコト】（カイルに指摘されて、やっと悟ったわ。）	
12657	D1:5506:01BE8	1	대사	【マコト】（私自身、研究の行く末を見たかったのよ。）	
12658	D1:5506:01C20	1	대사	【マコト】（フフ、知的探求心というのは、究極のエゴイズムかもしれないわね‥‥。）	
12659	D1:5506:01C7E	1	대사	【カイル】どうしたんだ、マコト。	
12660	D1:5506:01CAA	2	대사	【マコト】ううん、何でもないの‥‥。	
12661	D1:5506:01CD2	1	대사	【カイル】変なやつだ。	
12662	D1:5506:01CF4	1	대사	【マコト】フフ、私って、実は凄いエゴイストなのかもしれないって、思っていたのよ。	
12663	D1:5506:01D48	1	대사	【カイル】フッ、凄いマゾヒストの間違いじゃないのか？	
12664	D1:5506:01D88	1	대사	【マコト】そうね、エゴイストのマゾヒストね。	
12665	D1:5506:01DB8	1	대사	【カイル】何を訳のわからんことを言ってやがる。	
12666	D1:5506:01DF2	1	대사	【マコト】さっ、研究室へ行きましょう。でも、もしも職員と会っても‥‥。	
12667	D1:5506:01E3C	1	대사	【カイル】大丈夫だ、殺しやしない。	
12668	D1:5506:01E6A	1	대사	【マコト】‥‥‥‥わかったわ、行きましょう。	
12669	D1:5506:01EAA	1	대사	【マコト】教授は何を言おうとしていたのかしら‥‥。	
12670	D1:5506:01EE0	1	대사	【マコト】私にはもう‥‥‥‥。	
12671	D1:5506:01F10	1	대사	【マコト】あぁ、もう日が昇り始めている‥‥。	
12672	D1:5506:01F40	1	대사	【マコト】明け方だから‥‥？　少し肌寒いわ‥‥。	
12673	D1:5506:01F74	1	대사	【マコト】アルに軟禁解除を伝えて‥‥それから少し寝て‥‥。	
12674	D1:5506:01FB2	1	대사	【マコト】あぁ、もう限界‥‥‥‥。	
12675	D1:5506:01FD8	1	대사	【エレナ】マコト‥‥。	
12676	D1:5506:02004	1	대사	【マコト】え、エレナ‥‥。	
12677	D1:5506:02022	1	대사	【エレナ】よくやってくれたわ。マコト‥‥。	
12678	D1:5506:02058	1	대사	【マコト】エレナ‥‥わ、私は何も‥‥何もしていないわ。	
12679	D1:5506:02092	1	대사	【エレナ】レイコは本当に危なかったわ‥‥	
12680	D1:5506:020C8	1	대사	【エレナ】このままだと、大いなる災厄になりかねなかった。	
12681	D1:5506:0210E	1	대사	【マコト】エレナ‥‥あなたいったい何者なの‥‥？	
12682	D1:5506:02142	1	대사	【エレナ】私？クスクスッ、私はドクターの助手よ。そんなこと、わかっているでしょう？	
12683	D1:5506:021A0	1	대사	【マコト】エレナ、あなた‥‥‥‥。	
12684	D1:5506:021C6	1	대사	【エレナ】それよりどう？　今からメディカルセンターに来る？	
12685	D1:5506:0220C	12	대사	【マコト】えっ？	
12686	D1:5506:02220	1	대사	【エレナ】フフ、約束通り、最高の快楽をあげる。一生忘れられないほどの‥‥。	
12687	D1:5506:02276	1	대사	【マコト】い、嫌よ‥‥イヤ！	
12688	D1:5506:02296	1	대사	【エレナ】本当かしら？	
12689	D1:5506:022B8	1	대사	【マコト】いやよっ！　絶対っ！	
12690	D1:5506:022DA	1	대사	【エレナ】フフ‥‥いろんな事を経験しなきゃ‥さ、来れば‥‥‥‥。	
12691	D1:5506:02326	1	대사	【マコト】‥‥‥‥‥‥！	
12692	D1:5506:02352	1	대사	【マコト】ここは研究所前‥‥あたりは寒々としている。	
12693	D1:5506:0238A	1	대사	【マコト】あら？　あそこにいるのは‥‥。	
12694	D1:5506:023B6	2	대사	【マコト】ドクター！	
12695	D1:5506:023D8	1	대사	【マコト】ドクター、何をなさっているんですか？	
12696	D1:5506:0240A	1	대사	【ゲーツ】うむ、クサナギ君をさがしていたのだが‥‥。	
12697	D1:5506:0244A	1	대사	【マコト】クサナギ‥レイコですか？{n00}私も、私も探していたんです。	
12698	D1:5506:0248E	1	대사	【ゲーツ】ほぉ‥‥これから彼女の部屋に？	
12699	D1:5506:024C2	1	대사	【マコト】はい。ドクターも‥‥。	
12700	D1:5506:024E6	1	대사	【ゲーツ】うむ、彼女には色々と不振な点が多いのでね。	
12701	D1:5506:02526	1	대사	【マコト】不信な点って‥‥どういうことです？	
12702	D1:5506:02556	1	대사	【ゲーツ】格納庫で、彼女がどこかに連絡をしていたらしい。	
12703	D1:5506:0259A	1	대사	【マコト】それが不振な点ですか？　別におかしくはないと思いますが。	
12704	D1:5506:025E0	1	대사	【ゲーツ】なぜ、格納庫でなければ、いけないのかね。	
12705	D1:5506:0261E	1	대사	【マコト】それは‥‥なんでかしら。	
12706	D1:5506:02644	1	대사	【ゲーツ】ふむ、君もそう思うか。	
12707	D1:5506:02672	1	대사	【ゲーツ】室内フォンを利用する場合と、格納庫の無線を使う場合では、何が違うかな？	
12708	D1:5506:026D0	1	대사	【マコト】それは‥‥室内フォンはいったん格納庫の交換機を通すので、記録が残ります。	
12709	D1:5506:02726	1	대사	【ゲーツ】そうだ。それでは最初に戻ろう、	
12710	D1:5506:0275C	1	대사	【ゲーツ】なぜ彼女は格納庫で外部と連絡を取らなくてはならなかったか？	
12711	D1:5506:027AE	1	대사	【マコト】記録を残さないため？	
12712	D1:5506:027D0	1	대사	【ゲーツ】そう考えるのが妥当ではないかな。	
12713	D1:5506:02806	1	대사	【マコト】そんな！　彼女に限ってそんなことはありません。	
12714	D1:5506:02842	1	대사	【ゲーツ】では何故、わざわざ格納庫に、出向く必要があるのかね？	
12715	D1:5506:0288C	1	대사	【マコト】それは‥‥きっと何か理由があるんです。	
12716	D1:5506:028C0	1	대사	【ゲーツ】理由ね‥‥{n00}理由とは何かね？	
12717	D1:5506:028F2	1	대사	【マコト】そ、それはわかりませんが、きっと何か理由があります。	
12718	D1:5506:02934	1	대사	【ゲーツ】だからその理由とやらを、聞きに行こうとしていたのだよ‥‥私はね。	
12719	D1:5506:029A6	1	대사	【ゲーツ】工作員潜入の可能性もあるということだ。確かめておいて、損はあるまい。	
12720	D1:5506:02A00	1	대사	【マコト】（でも、確かに言われてみると、おかしいわ‥‥。）	
12721	D1:5506:02A3E	1	대사	【マコト】（わざわざ格納庫にまで出向いて外部と連絡をとるなんて）	
12722	D1:5506:02A82	1	대사	【マコト】（誰にも聞かれたくないことがあるとアピールするだけじゃない。）	
12723	D1:5506:02ACE	1	대사	【マコト】（それにエレナの言葉もあるわ‥‥。）	
12724	D1:5506:02B00	1	대사	【マコト】（彼女は、レイコが何かの調査を行っていると言っていた‥‥。）	
12725	D1:5506:02B4A	1	대사	【マコト】（調査‥‥いったい何の調査なの？）	
12726	D1:5506:02B7A	1	대사	【ゲーツ】イズミ君‥‥。	
12727	D1:5506:02BBA	1	대사	【ゲーツ】イズミ君！	
12728	D1:5506:02BDA	1	대사	【マコト】は、はい！	
12729	D1:5506:02BF2	1	대사	【ゲーツ】どうする、一緒に行ってみるかね？	
12730	D1:5506:02C28	1	대사	【マコト】えぇ、別になんでもなかったことを、彼女の口から説明してもらいます。	
12731	D1:5506:02C78	1	대사	【ゲーツ】それはどうかな‥‥。	
12732	D1:5506:02CA2	1	대사	【マコト】どういう意味ですか？	
12733	D1:5506:02CC4	1	대사	【ゲーツ】期待とは常に裏切られるものだよ、皮肉なことにね。	
12734	D1:5506:02D0A	1	대사	【マコト】マーフィーの法則ですか。	
12735	D1:5506:02D30	1	대사	【マコト】でも、それだったら{n00}ドクターにも言えるのではありませんか？	
12736	D1:5506:02D78	1	대사	【ゲーツ】私が何を期待しているというのかね？	
12737	D1:5506:02DB0	3	대사	【マコト】そ、それは‥‥‥‥。	
12738	D1:5506:02DD2	1	대사	【ゲーツ】フッ、禅問答だな、これでは。	
12739	D1:5506:02E04	1	대사	【マコト】そうですね‥‥‥。	
12740	D1:5506:02E24	1	대사	【ゲーツ】ではクサナギ君のところへ、行ってみようじゃないか。	
12741	D1:5506:02E6E	1	대사	【ゲーツ】そうすれば、君の言う期待とやらに、応えてくれるかもしれん。	
12742	D1:5506:02EC0	1	대사	【マコト】‥‥‥‥わかりました。	
12743	D1:5506:02EE4	1	대사	【マコト】（そうよ、きっと何でもない理由に決まってる。）	
12744	D1:5506:02F20	1	대사	【マコト】（笑って話してくれるわよ、いつもの調子で‥‥。）	
12745	D1:5506:02F5E	1	대사	【マコト】（レイコ、私の期待を裏切らないで頂戴‥‥。）	
12746	D1:5506:02FA2	1	대사	【マコト】ここです、レイコの部屋は‥‥。	
12747	D1:5506:02FCE	1	대사	【ゲーツ】待ちたまえ。	
12748	D1:5506:02FF0	1	대사	【マコト】な、何を‥‥。	
12749	D1:5506:0300C	1	대사	【ゲーツ】シッ、聞いてみたまえ。	
12750	D1:5506:03038	1	대사	【マコト】（聞く？　聞くって‥‥何を？）	
12751	D1:5506:03064	1	대사	【レイコ】‥‥えますか？　こちら‥‥‥‥。	
12752	D1:5506:0309A	1	대사	【マコト】（れ、レイコの声だわ‥‥部屋の中から聞こえてくる‥‥。）	
12753	D1:5506:030E0	1	대사	【レイコ】‥‥‥‥は現在‥‥‥‥に向かいつつあり‥‥‥‥。	
12754	D1:5506:03126	1	대사	【マコト】（何を‥‥何を話しているの？）	
12755	D1:5506:03152	1	대사	【レイコ】‥‥繰り返します、反応装置は現在暴走に向かいつつあり‥‥‥‥。	
12756	D1:5506:031A6	1	대사	【レイコ】‥‥‥‥現在調査中の‥‥‥‥。	
12757	D1:5506:031F4	1	대사	【レイコ】はっ！	
12758	D1:5506:03210	1	대사	【ゲーツ】そこまでだ！	
12759	D1:5506:03250	1	대사	【レイコ】これはこれは、ゲーツ先生‥‥。	
12760	D1:5506:03284	1	대사	【ゲーツ】クサナギ君、尻尾を出したようだな。	
12761	D1:5506:032BC	1	대사	【レイコ】尻尾？　フフ、何の事かしら。	
12762	D1:5506:032EE	1	대사	【ゲーツ】後ろの機械は何かね？	
12763	D1:5506:03318	1	대사	【レイコ】無線機よ‥‥見ればわかるんじゃない？	
12764	D1:5506:03352	1	대사	【ゲーツ】開き直ったか‥‥小賢しい女め。	
12765	D1:5506:03386	1	대사	【レイコ】ドクター、いえ、あなたは‥‥。	
12766	D1:5506:033BA	1	대사	【マコト】レイコ、これは一体どういうことなの！？	
12767	D1:5506:033EE	1	대사	【レイコ】ま、マコト‥‥あなたも一緒だったの‥‥。	
12768	D1:5506:0342C	1	대사	【ゲーツ】イズミ君、きみの期待が見事に裏切られたという訳だな。	
12769	D1:5506:03476	1	대사	【マコト】違うわ！　レイコ、私に説明してちょうだい。できるわよね？	
12770	D1:5506:034BC	1	대사	【レイコ】説明？　説明が必要なのは、そこのドクターよ‥‥私は‥‥‥‥{s00}はっ！	
12771	D1:5506:03520	1	대사	【マコト】ど、どうしたの‥‥？	
12772	D1:5506:03542	1	대사	【レイコ】きょ、教授‥‥。	
12773	D1:5506:03568	1	대사	【マコト】（教授も来られたんだ‥）	
12774	D1:5506:0358E	1	대사	【マルチナ】レイコ、もういいのよ‥‥。	
12775	D1:5506:035C0	1	대사	【レイコ】ステラ教授！	
12776	D1:5506:035E2	1	대사	【マルチナ】あなたは精いっぱいやってくれた。でも、もういいの‥‥。	
12777	D1:5506:03630	1	대사	【マコト】（どういうことよ‥‥いったい、どういうこと！？）	
12778	D1:5506:0366E	1	대사	【レイコ】ウフフ、なんだかもうこれまでみたい‥‥。	
12779	D1:5506:036AC	1	대사	【マコト】ど、どういうことよ‥‥へ、変なことを言わないで！	
12780	D1:5506:036EA	1	대사	【レイコ】ごめんね、マコト‥‥私は彼のことを‥‥。	
12781	D1:5506:0373E	2	대사	【マコト】きゃぁぁっ！！	
12782	D1:5506:03760	1	대사	【マコト】な、なんてこと‥‥何て事をするの、ドクター！？	
12783	D1:5506:037BA	1	대사	【マコト】ひ、ひどい‥‥な、何でレイコを、何で撃つのよ！	
12784	D1:5506:037F6	1	대사	【ゲーツ】彼女の右の手を見てみたまえ。	
12785	D1:5506:03828	1	대사	【マコト】えっ‥‥‥‥。	
12786	D1:5506:03844	1	대사	【マコト】（はっ‥‥け、拳銃が‥‥‥‥。）	
12787	D1:5506:03872	1	대사	【マコト】（嘘、レイコ‥‥‥‥。）	
12788	D1:5506:03898	1	대사	【マコト】（嘘でしょう？　ね、ねぇ‥‥目を開けてよ‥‥。）	
12789	D1:5506:038D6	1	대사	【マコト】（早く、目を開けて‥‥‥‥。）	
12790	D1:5506:03902	1	대사	【マコト】（私をからかってもいいから、いじめてもいいから‥‥‥‥。）	
12791	D1:5506:0394A	1	대사	【マコト】（一緒に抱き合ってもいい‥‥だからお願い‥‥目を‥‥。）	
12792	D1:5506:03990	1	대사	【ゲーツ】即死だな、脳を直撃している。	
12793	D1:5506:039C2	1	대사	【マコト】いやぁぁぁぁぁぁぁぁぁぁぁっっっ！！！	
12794	D1:5506:039F6	1	대사	【マコト】ばかぁぁっ！　何で‥‥何で撃ったのよぉぉっ！！！	
12795	D1:5506:03A34	1	대사	【マコト】レイコは‥‥レイコは悪くない、悪くないわ！	
12796	D1:5506:03A6C	1	대사	【マコト】いやよ、{n00}いやぁぁぁぁぁっ！！	
12797	D1:5506:03A98	1	대사	ビシィィッ！！	
12798	D1:5506:03AAE	1	대사	【マコト】（痛っ‥‥頬を‥‥頬を殴られたの？）	
12799	D1:5506:03AE0	1	대사	【マコト】（目の前が暗くて、よく見えない‥‥涙でかすんでよく見えない‥‥。）	
12800	D1:5506:03B30	1	대사	【マルチナ】ごめんなさい、イズミさん。でも、こうしないと落ちつきそうもないから‥‥。	
12801	D1:5506:03B90	1	대사	【マコト】（教授が‥‥ステラ教授が私のことを？）	
12802	D1:5506:03BC4	1	대사	【マルチナ】こっちへいらっしゃい、イズミさん。	
12803	D1:5506:03C1A	1	대사	【マルチナ】ドクター、後の処理はおまかせします。	
12804	D1:5506:03C56	1	대사	【ゲーツ】うむ。	
12805	D1:5506:03C72	1	대사	【マコト】（レイコ‥‥‥‥。）	
12806	D1:5506:03C94	1	대사	【マコト】（あぁぁお願いよ、間違いであって‥‥この悪夢から醒めたい‥‥早く‥‥。）	
12807	D1:5506:03CEA	1	대사	【マコト】（明日になると、ベッドで寝ているんだわ、私‥。）	
12808	D1:5506:03D28	1	대사	【マコト】（レイコが横にいて、優しく起こしてくれて‥‥。）	
12809	D1:5506:03D66	1	대사	【マコト】（おはようマコトって、‥‥。）	
12810	D1:5506:03D92	1	대사	【マコト】（レイコ‥‥‥‥あぁぁぁ、レイコ‥‥‥‥。）	
12811	D1:5506:03DCC	1	대사	【マコト】（お願い、夢なら早く醒めて‥‥お願いよ‥‥‥。）	
12812	D1:5506:03E4C	9	대사	【マコト】‥‥‥‥‥‥‥‥‥‥。	
12813	D1:5506:03E70	1	대사	【マコト】（ここは、教授の部屋だわ‥‥。）	
12814	D1:5506:03E9E	1	대사	【マコト】（しばらく、泣いていたのね‥‥私、子どものように‥‥。）	
12815	D1:5506:03EE4	1	대사	【マコト】（教授の胸で‥‥‥‥。）	
12816	D1:5506:03F0A	1	대사	【マコト】（恥ずかしいわ、いい歳をした大人が、他人の胸で泣きじゃくるなんて‥‥。）	
12817	D1:5506:03F60	1	대사	【マコト】（教授が私を見ている‥‥優しい笑顔だわ‥‥。）	
12818	D1:5506:03F9C	1	대사	【マルチナ】イズミさん、こっちへいらっしゃい。	
12819	D1:5506:03FD6	6	대사	【マコト】はい‥‥。	
12820	D1:5506:03FFE	1	대사	【マルチナ】どう、落ちついた？	
12821	D1:5506:04028	1	대사	【マコト】はい‥‥醜態を見せてしまって、申し訳ありませんでした。	
12822	D1:5506:0406C	1	대사	【マルチナ】醜態？　なぜ泣くのが醜態だと思うの？	
12823	D1:5506:040A8	1	대사	【マコト】そ、それは‥‥いい歳をした大人が‥‥。	
12824	D1:5506:040DC	1	대사	【マルチナ】大人だって泣くときがあるわ。	
12825	D1:5506:04110	1	대사	【マコト】そ、それはそうですが‥‥感情に流されてしまった自分が、恥ずかしいんです。	
12826	D1:5506:04166	1	대사	【マルチナ】フフ、ねぇイズミさん‥‥。	
12827	D1:5506:04198	3	대사	【マコト】はい。	
12828	D1:5506:041AC	1	대사	【マルチナ】感情が表に出ることは、決して恥じるべき事じゃないわ。	
12829	D1:5506:041F8	3	대사	【マコト】で、でも‥‥。	
12830	D1:5506:04214	1	대사	【マルチナ】いいから聞きなさい。	
12831	D1:5506:04242	1	대사	【マルチナ】感情が表にでるのは、それだけイズミさんが情操豊かということよ。	
12832	D1:5506:042B6	1	대사	【マルチナ】でも泣き虫さんね。	
12833	D1:5506:042E2	1	대사	【マルチナ】フフ、今は女性だからといって、簡単には涙を見せないものよ。	
12834	D1:5506:04336	1	대사	【マコト】そうかもしれないですね‥‥。	
12835	D1:5506:04360	1	대사	【マルチナ】イズミさんは、{n00}親友のレイコの為に泣いたのでしょう？	
12836	D1:5506:043C8	1	대사	【マルチナ】他人の為に泣けるというのは、素晴らしい事だと思うわ。	
12837	D1:5506:04430	1	대사	【マルチナ】誰がどうなっても涙が出ない人は、逆に可哀想な人‥‥	
12838	D1:5506:0447C	1	대사	【マルチナ】そうした境遇にある自分を、それこそ恥じるべきね。	
12839	D1:5506:044E2	1	대사	【マルチナ】あらあら、涙もろいのね、イズミさん。	
12840	D1:5506:04542	1	대사	【マルチナ】フフ、いいのよ‥‥それよりも、現実的な話をしましょう。	
12841	D1:5506:045AC	1	대사	【マルチナ】アルはこれで無罪放免、ということになるわ。	
12842	D1:5506:04602	1	대사	【マルチナ】レイコが格納庫を爆破して、カズミさんを‥‥。	
12843	D1:5506:04646	1	대사	【マコト】カズミさんのことを？	
12844	D1:5506:04668	1	대사	【マルチナ】カイルから話を聞いたわ。	
12845	D1:5506:04698	1	대사	【マコト】で、でもレイコが‥‥。	
12846	D1:5506:046BC	1	대사	【マルチナ】そうね、レイコがやったとは思いたくないわ、私も‥‥。	
12847	D1:5506:04724	1	대사	【マルチナ】彼女には申し訳ないけど、スケープゴートになってもらう。	
12848	D1:5506:04772	1	대사	【マコト】なっ‥‥‥‥。	
12849	D1:5506:0478E	1	대사	【マルチナ】あなたも、アルが罪を犯したとは考えていないのでしょう？	
12850	D1:5506:047F8	1	대사	【マルチナ】ならば、この一件はレイコがやった、いいわね？	
12851	D1:5506:0483C	1	대사	【マコト】（そ、そんな‥‥理不尽過ぎる！）	
12852	D1:5506:0486A	1	대사	【マコト】（レイコが‥‥レイコがかわいそうよ！）	
12853	D1:5506:0489E	1	대사	【マルチナ】イズミさん、確かにレイコのことは道義に反するかもしれない。	
12854	D1:5506:048F0	1	대사	【マコト】（そうよ、酷すぎるわ！）	
12855	D1:5506:04916	1	대사	【マルチナ】でもね、そうしないと彼は‥‥アルは財団に抹殺されてしまうでしょうね。	
12856	D1:5506:04972	1	대사	【マコト】こ、ここが属する自治国家の法に基づいて‥‥？	
12857	D1:5506:049AC	1	대사	【マルチナ】そう‥‥それにね、イズミさん。私が言っていることは全くの理不尽ではないわ。	
12858	D1:5506:04A2A	1	대사	【マルチナ】レイコは、彼女はどこへ連絡を入れていたのかしら？	
12859	D1:5506:04A94	1	대사	【マルチナ】しかも秘密裏に‥‥。なぜ、拳銃を持って私たちを撃とうとしたの？	
12860	D1:5506:04B06	1	대사	【マルチナ】レイコを信用するにしても、彼女には批判の余地がありすぎるわ。	
12861	D1:5506:04B5A	1	대사	【マコト】（確かに‥‥‥‥言われてみればそうだけど‥‥。）	
12862	D1:5506:04B98	1	대사	【マルチナ】アルの軟禁を解きます。彼に伝えておいて。	
12863	D1:5506:04BF0	4	대사	【マルチナ】イズミさん。	
12864	D1:5506:04C14	1	대사	【マコト】な、なにか‥‥？	
12865	D1:5506:04C32	1	대사	【マルチナ】ここを引き上げる用意をしておきなさい。明日よ‥‥。	
12866	D1:5506:04C7C	1	대사	【マコト】（そ、そんな‥‥‥‥。）	
12867	D1:5506:04CA2	1	대사	【マコト】だ、ダメなんですか？　もう‥‥私に手伝えることは無いんですか！？	
12868	D1:5506:04CF0	1	대사	【マルチナ】残念ながら無いわ。	
12869	D1:5506:04D1A	4	대사	【マコト】そ、そんな‥‥‥‥。	
12870	D1:5506:04D3C	1	대사	【マルチナ】やるべきことは、全てやった。そして私は‥‥。	
12871	D1:5506:04D80	2	대사	【マコト】‥‥‥‥？	
12872	D1:5506:04D98	1	대사	【マルチナ】フフ、イズミさん、もう帰ってお休みなさい。	
12873	D1:5506:04DDA	1	대사	【マコト】教授は‥‥どうされるのですか？	
12874	D1:5506:04E06	1	대사	【マルチナ】私は自分に対して挑戦をし続けるわ‥‥そして運命に対しても同様なのよ。	
12875	D1:5506:04E7E	1	대사	【マルチナ】さっ、もうお休みなさい。明日は最終便に乗り遅れないようにしなさい。	
12876	D1:5506:04ED8	1	대사	【マコト】はい‥‥それでは失礼します‥‥。	
12877	D1:5506:04F10	1	대사	【マコト】ここは夜の研究所前。	
12878	D1:5506:04F32	1	대사	【マコト】もう研究職員は、ほとんど誰もいないわ‥‥。	
12879	D1:5506:04F74	1	대사	【マコト】ここは研究所前だわ。あたりはもう暗い‥‥。	
12880	D1:5506:04FAC	1	대사	【マコト】もう、この研究所も見納めになるのかしら‥‥。	
12881	D1:5506:04FF4	1	대사	【マコト】ここは研究所前‥‥。	
12882	D1:5506:05016	1	대사	【マコト】職員の姿はまばらね‥‥。	
12883	D1:5506:05046	1	대사	【マコト】いったいどうしたという{n00}の？	
12884	D1:5506:05070	1	대사	【マコト】どこから聞こえてきたのかしら‥‥。	
12885	D1:5506:050BC	1	대사	【マコト】ふぅ、夜だからかしら‥‥少し寒いわ‥‥。	
12886	D1:5506:050F2	1	대사	【マコト】さっきまでは、アルコールが身体に入って、火照っていたのだけど‥‥。	
12887	D1:5506:05142	3	대사	【レイコ】マコト！	
12888	D1:5506:0516A	1	대사	【マコト】レイコ‥‥どうなの、なんだったの？	
12889	D1:5506:0519A	1	대사	【レイコ】どうやら宿舎の方から聞こえてきたみたい。行ってみる？	
12890	D1:5506:051E4	1	대사	【マコト】当然。もしも銃声だとしたら‥‥。	
12891	D1:5506:05212	1	대사	【レイコ】ただならぬ出来事よね。	
12892	D1:5506:0523E	5	대사	【マコト】宿舎に行きましょう。	
12893	D1:5506:05270	1	대사	【マコト】ここは研究所前‥‥もう夜だから、人は誰もいないようだわ。	
12894	D1:5506:052C4	1	대사	【マコト】ここは研究所前‥‥人の姿はまばらね。	
12895	D1:5506:05304	1	대사	【マコト】ここは研究所前ね‥‥。	
12896	D1:5506:05328	1	대사	【マコト】あっ、そういえば昼過ぎにラウンジでエレナと‥‥。	
12897	D1:5506:05366	1	대사	【マコト】た、大変！　もうこんな時間だわ。仕事に没頭し過ぎて約束を忘れるなんて‥‥。	
12898	D1:5506:053BE	1	대사	【マコト】早く宿舎内のラウンジに行きましょう。	
12899	D1:5506:053FE	1	대사	【マコト】研究所前ね‥‥。	
12900	D1:5506:0541C	1	대사	【マコト】ここに、世界を震撼させるほどの装置が稼働している‥‥。	
12901	D1:5506:05474	1	대사	【マコト】あぁ、もうこんなに暗くなっているわ‥‥。	
12902	D1:5506:054AA	1	대사	【ティーナ】ちょっと、恐い。	
12903	D1:5506:054D2	1	대사	【マコト】大丈夫よ、別にオバケなんて出やしないから。	
12904	D1:5506:0550A	1	대사	【ティーナ】ティーナ、オバケなんて恐くないモン。	
12905	D1:5506:05546	1	대사	【マコト】フフ、いいわね。	
12906	D1:5506:05564	1	대사	【マコト】私があなたくらいの時は、もう暗いところなんて絶対に行けなかったわ。	
12907	D1:5506:055B4	1	대사	【ティーナ】子供ね！	
12908	D1:5506:055E8	1	대사	【ティーナ】ティーナ、暗いところなんて、ちっとも恐くないモン。	
12909	D1:5506:05632	1	대사	【マコト】さっきまで私の手につかまっていたのは誰よ。	
12910	D1:5506:0566A	1	대사	【ティーナ】つかまってないもーん。	
12911	D1:5506:05698	1	대사	【マコト】（子供の相手は疲れるわ、もう‥‥。）	
12912	D1:5506:056CA	1	대사	【男の声】イズミ君。	
12913	D1:5506:056F4	1	대사	【マコト】あっ、ドクター・ゲーツ‥‥。	
12914	D1:5506:0571E	1	대사	【マコト】（メディカルセンターの責任者だわ‥‥。）	
12915	D1:5506:05754	1	대사	【マコト】（あの渋さが、女性職員の間で密かな話題になっているらしいけど‥‥。）	
12916	D1:5506:057A6	1	대사	【マコト】（ティーナを捜しに来たのかしら‥‥？）	
12917	D1:5506:057DA	1	대사	【ゲーツ】イズミ君、きみがティーナを保護してくれていたのか。	
12918	D1:5506:05822	1	대사	【マコト】は、はい。研究室に紛れ込んでいたので‥‥。	
12919	D1:5506:0585A	1	대사	【ゲーツ】研究室に‥‥？	
12920	D1:5506:0587E	1	대사	【マコト】えぇ‥‥ティーナ、じゃあメディカルセンターに‥‥。	
12921	D1:5506:058BE	1	대사	【ティーナ】ティーナ、いやっ！	
12922	D1:5506:058E8	1	대사	【ゲーツ】ティーナ、君はまだ精密検査の必要があるんだよ。	
12923	D1:5506:0592E	1	대사	【ゲーツ】わがままを言わないで、おとなしく‥‥。	
12924	D1:5506:0596C	1	대사	【ティーナ】イヤと言ったら、イヤ！	
12925	D1:5506:0599A	1	대사	【マコト】ティーナ、ドクターは別に意地悪して言っている訳じゃないのよ。	
12926	D1:5506:059E4	1	대사	【マコト】あなたのためを思って‥‥。	
12927	D1:5506:05A0C	1	대사	【ティーナ】イヤよぉ、{n00}イヤなんだモン！	
12928	D1:5506:05A40	1	대사	【マコト】そんなわがままを‥‥。	
12929	D1:5506:05A64	1	대사	【男の声】ティーナ！	
12930	D1:5506:05AF6	1	대사	【ティーナ】アル、アルぅー！	
12931	D1:5506:05B1E	1	대사	【マコト】（アル‥‥‥‥本当に、アルなの？）	
12932	D1:5506:05B4E	1	대사	【マコト】（いつものジャケットに、Ｔシャツ‥‥。）	
12933	D1:5506:05B84	1	대사	【マコト】（もう、あの靴はいい加減買い換えてって言っているのに‥‥。）	
12934	D1:5506:05BCE	1	대사	【マコト】（それにトレードマークの刺繍‥‥相変わらずね。）	
12935	D1:5506:05C0C	1	대사	【マコト】（アル‥‥会いたかったわ‥‥アル‥‥。）	
12936	D1:5506:05CA8	1	대사	【マコト】バカ。（もう、本当に相変わらずなんだから。）	
12937	D1:5506:05CE2	1	대사	【マコト】あなたは元気だった？	
12938	D1:5506:05D72	1	대사	【マコト】（何だか、嬉しくなってきたわ、アル‥‥。）	
12939	D1:5506:05E5E	1	대사	【アル】俺は‥‥アルバートといいます‥‥。	
12940	D1:5506:05E94	1	대사	【マコト】（あぁ、不安だわ‥‥。）	
12941	D1:5506:05EBA	1	대사	【マコト】（またもめ事を起こさなければいいんだけど‥‥。）	
12942	D1:5506:05EF8	1	대사	【マコト】（お願いよ、アル‥‥自重してちょうだいね。）	
12943	D1:5506:05F32	1	대사	【アル】‥‥‥‥でも、それだったら精密検査なんて必要ないじゃないですか。	
12944	D1:5506:0614C	1	대사	【マコト】（あぁ、またいつもの調子がはじまっているわ‥‥）	
12945	D1:5506:0618A	1	대사	【マコト】（もう、私の顔に泥を塗る気なの！？）	
12946	D1:5506:06466	1	대사	【マコト】（な、何よこの子‥‥今日は私がアルと‥‥。）	
12947	D1:5506:064F0	1	대사	【マコト】だ、だって‥‥。（もう、この無神経！）	
12948	D1:5506:065E0	1	대사	【マコト】（あっ、ドクター‥‥。）	
12949	D1:5506:06640	1	대사	【マコト】当たり前よ！　もう‥‥。（何でアルったらこうなのかしら‥‥。）	
12950	D1:5506:0669A	2	대사	【マコト】ここは研究所前だわ‥‥。	
12951	D1:5506:066C0	1	대사	【マコト】さっ、早く研究室に行きましょう。	
12952	D1:5506:066F8	2	대사	【マコト】あっ、エレナ。	
12953	D1:5506:06714	1	대사	【エレナ】イズミさん‥‥。	
12954	D1:5506:0673A	1	대사	【マコト】女の子は見つかったの？	
12955	D1:5506:0675E	1	대사	【エレナ】いいえ、まだなんです‥‥。	
12956	D1:5506:0678E	1	대사	【マコト】そうねぇ、とりあえず《デザイア》から出ることはできないんだし、	
12957	D1:5506:067DA	1	대사	【マコト】人里求めて姿を現すんじゃないかしら。	
12958	D1:5506:0680C	1	대사	【エレナ】そんな、山のお猿さんじゃないんですから‥‥。	
12959	D1:5506:06850	1	대사	【エレナ】このままだと、私が{n00}ドクターに叱られてしまいます。	
12960	D1:5506:0689A	1	대사	【マコト】そうねぇ、私も見かけたらすぐに連絡するようにするけど‥‥。	
12961	D1:5506:068E2	1	대사	【エレナ】よろしくお願いします。それじゃ‥‥。	
12962	D1:5506:06946	1	대사	【マコト】あの子も気苦労が耐えないわね‥‥さて、研究室へ行きましょう。	
12963	D1:5506:0699E	1	대사	【マコト】ここは研究所前ね。	
12964	D1:5506:069BE	1	대사	【マコト】中と違って、静寂に包まれている‥‥。	
12965	D1:5506:06A00	1	대사	【マコト】あっ、レイコ。	
12966	D1:5506:06A1C	1	대사	【レイコ】あら、恋人さんには会わなかったの？	
12967	D1:5506:06A54	1	대사	【マコト】うん、今は‥‥。	
12968	D1:5506:06A72	1	대사	【レイコ】教授の部屋にいると思うわ。行ってみる？	
12969	D1:5506:06AAE	1	대사	【マコト】後でいいわ、どうせずっと会えない訳じゃないんだし。	
12970	D1:5506:06AEE	1	대사	【レイコ】ウフフ、無理しちゃって。	
12971	D1:5506:06B1C	1	대사	【マコト】む、無理じゃないわ。それに‥‥公私混同と思われたくないの。	
12972	D1:5506:06B64	1	대사	【マコト】レイコこそ何をやっているのよ。	
12973	D1:5506:06B90	1	대사	【レイコ】私？　彼を待っているのよ。案内役がいないと彼、困るでしょう？	
12974	D1:5506:06BE2	1	대사	【マコト】レイコ、{n00}ちょっかいはなしよ。	
12975	D1:5506:06C0E	1	대사	【レイコ】どうしようかしら。アル、ちょっと可愛いから‥‥。	
12976	D1:5506:06C54	1	대사	【マコト】怒るわよ。	
12977	D1:5506:06C6C	1	대사	【レイコ】まぁまぁ。	
12978	D1:5506:06C8C	1	대사	【マコト】まぁまぁじゃないわよ、もう。	
12979	D1:5506:06CB6	1	대사	【レイコ】とりあえず、宿舎の彼の部屋番号を教えておくわ。	
12980	D1:5506:06CFA	1	대사	【マコト】え、えぇ。	
12981	D1:5506:06D12	1	대사	【レイコ】おめかしして行きなさいよ。喜ぶわよぉ。	
12982	D1:5506:06D4E	1	대사	【マコト】もう、いいわよ、そんなこと。	
12983	D1:5506:06D78	1	대사	【レイコ】そういえば彼、可愛らしいお子さんを連れていたわね。	
12984	D1:5506:06DC0	1	대사	【マコト】えっ、{n00}な、なんですって！？	
12985	D1:5506:06DEA	1	대사	【レイコ】ウフフ、冗談よ。でも‥‥。	
12986	D1:5506:06E36	1	대사	【レイコ】何でも浜辺に倒れていたらしいわ。１１～２歳くらいの女の子ね。	
12987	D1:5506:06EA4	1	대사	【レイコ】それがわからないのよ。近くで船舶の遭難があった訳じゃないし‥‥。	
12988	D1:5506:06EFA	2	대사	【マコト】あっ、でも‥‥。	
12989	D1:5506:06F18	2	대사	【レイコ】なに？	
12990	D1:5506:06F34	1	대사	【マコト】ううん、なんでもないわ‥‥。	
12991	D1:5506:06F5E	1	대사	【マコト】（輸送機の行方不明と関係があるというのは、考えすぎかしら‥‥。）	
12992	D1:5506:06FAC	1	대사	【レイコ】メディカルセンターに運ばれたはずだから、見に行ってみたら？	
12993	D1:5506:06FFC	1	대사	【マコト】えぇ、そうね。時間があったら‥‥。	
12994	D1:5506:0702C	1	대사	【レイコ】じゃあ私はちょっと、中の様子を見てくるわ。	
12995	D1:5506:0706C	1	대사	【マコト】うん、アルのこと、お願いね。	
12996	D1:5506:07096	1	대사	【レイコ】ウフフ、どこまで面倒みようかしら。	
12997	D1:5506:070CE	2	대사	【マコト】レイコ！	
12998	D1:5506:070E4	1	대사	【レイコ】じゃね。	
12999	D1:5506:07110	1	대사	【マコト】もう、何だか不安だわ‥‥レイコったら。	
13000	D1:5506:07160	1	대사	【マコト】でも、女の子が浜辺で倒れていたって、どういう訳かしら。	
13001	D1:5506:071E6	1	대사	【マコト】ここは研究所前だわ。	
13002	D1:5506:07208	1	대사	【マコト】さっ、早く中に入りましょう。	
13003	D1:5506:0724C	2	대사	【マコト】メタリックシルバーの屋根が、月の光を静かに反射している‥‥。	
13004	D1:5506:07296	2	대사	【マコト】今日も綺麗な月が空に浮かんでいるわ。	
13005	D1:5506:072C8	2	대사	【マコト】昔から月は吉凶のしるしと言われてきた‥‥。	
13006	D1:5506:07300	2	대사	【マコト】《デザイア》のこれからは、一体どうなるのかしら‥‥。	
13007	D1:5506:07376	1	대사	【マコト】今は研究所に用はないわ‥‥。	
13008	D1:5506:073A0	1	대사	【マコト】中にはいるの‥‥？	
13009	D1:5506:073C0	1	대사	【マコト】でも、教授がおっしゃっていたわ。	
13010	D1:5506:073EE	1	대사	【マコト】おって連絡をするから、ここに来る必要はないって‥‥。	
13011	D1:5506:07430	1	대사	【マコト】私が必要になれば、放送なりで連絡が来るはずよ。	
13012	D1:5506:0746C	3	대사	【マコト】そうね、宿舎に行ってみましょう。	
13013	D1:5506:074A0	8	대사	【マコト】メディカルセンターに行くの？	
13014	D1:5506:074CA	5	대사	【マコト】特に用はないんだけど‥‥。	
13015	D1:5506:074F8	4	대사	【マコト】飛行場に行くのね。	
13016	D1:5506:07662	2	대사	【マコト】中にはいるのね？	
13017	D1:5506:07756	1	대사	【マコト】研究所前ね‥‥メタリックシルバーの反射する光が眩しいわ。	
13018	D1:5506:0779C	1	대사	【マコト】静かで平和という感じがするわ‥‥。	
13019	D1:5506:077CC	6	대사	【マコト】でも‥‥‥‥。	
13020	D1:5506:077E8	1	대사	【マコト】でも、水面下では何かが起こっている‥‥。	
13021	D1:5506:0781E	1	대사	【マコト】今はほとんどの研究所職員に休暇が出されている。	
13022	D1:5506:0785A	1	대사	【マコト】人の姿が見えないけど‥‥みんな何をやっているのかしら。	
13023	D1:5506:079C6	3	대사	【マコト】ひとけが無いのは寂しいけど、静寂は心が休まるわ‥‥。	
13024	D1:5506:07A08	3	대사	【マコト】研究所に勤務する人数は限られている‥‥。	
13025	D1:5506:07A3E	3	대사	【マコト】だからいつも、このあたりは閑散としているのよ。	
13026	D1:5506:07A7A	3	대사	【マコト】メタリックシルバーの屋根が、強い陽射しを反射してる‥‥。	
13027	D1:5506:07AC0	1	대사	【マコト】今日もいい天気よね‥‥この穏やかな日が、ずっと続いてくれればいいのに‥‥。	
13028	D1:5506:07B4C	1	대사	【マコト】メディカルセンターに用はないんだけど‥‥。	
13029	D1:5506:07B84	1	대사	【マコト】でもちょっとだけ、行ってみましょう。	
13030	D1:5506:07BBC	1	대사	【マコト】飛行場‥‥そうね、行ってみましょう。	
13031	D1:5506:07BF4	2	대사	【マコト】そうね、中に入りましょう。	
13032	D1:5506:07C22	1	대사	【マコト】宿舎‥‥そうね、行ってみましょう。	
13033	D1:5506:07C7A	1	대사	【マコト】（アルが目の前にいるわ‥‥あぁ、早く２人きりで話し合いたい！）	
13034	D1:5506:07CC6	1	대사	【マコト】（目の前にはアルがいる‥‥。）	
13035	D1:5506:07CF2	1	대사	【マコト】（１か月ぶり？{n00}いえ、２か月ぶりくらいかしら‥‥？）	
13036	D1:5506:07D34	21	대사	【マコト】（‥‥‥‥‥‥。）	
13037	D1:5506:07D54	1	대사	【マコト】（あの妙に人なつっこい笑みも、ラフな格好も、胸の刺繍も、）	
13038	D1:5506:07D9C	1	대사	【マコト】（どれもこれもアルのものだわ‥‥。）	
13039	D1:5506:07DCE	1	대사	【マコト】（今初めて気付いた‥‥私、アルに会いたかったの{n00}ね。）	
13040	D1:5506:07E12	1	대사	【アル】何をじっと見つめてるんだい？　さては俺に惚れたか。	
13041	D1:5506:07E58	2	대사	【マコト】もう‥‥。	
13042	D1:5506:07E9A	1	대사	【マコト】中に入る必要はないわね。	
13043	D1:5506:07EC0	1	대사	【マコト】いま中から出てきたばかりじゃない。	
13044	D1:5506:07EF0	1	대사	【マコト】それにもう、中には誰もいないみたいよ。	
13045	D1:5506:07F24	1	대사	【アル】なにチラチラ研究所の方をみてるんだい？	
13046	D1:5506:07F5E	1	대사	【マコト】ううん、何でもないわ。	
13047	D1:5506:07F82	1	대사	【マコト】じゃあ‥‥私、もう行くわ。早くね‥‥。	
13048	D1:5506:08022	1	대사	【マコト】（もう、今一つ不安だわ‥‥。）	
13049	D1:5506:08058	1	대사	【マコト】ほら、ちょこまか動きまわらないの！	
13050	D1:5506:08088	1	대사	【ティーナ】だってぇ‥‥アルと一緒に寝られるなんて、もう夢みたい！	
13051	D1:5506:080D6	1	대사	【マコト】（な、何よこの子‥‥もう、やんなっちゃうわ！）	
13052	D1:5506:08112	1	대사	【マコト】ほら、入り口はこっちよ。	
13053	D1:5506:08142	1	대사	【マコト】ほら、どこに行くの？　こっちだってば。	
13054	D1:5506:08176	1	대사	【ティーナ】ねぇ、アルの部屋はどこどこ！？	
13055	D1:5506:081AC	1	대사	【マコト】こっちよ、ほら、もう歩き回らないで。	
13056	D1:5506:081DE	1	대사	カチャ‥‥。	
13057	D1:5506:081F6	1	대사	【マコト】あら、カギが掛かっていないわ、もう不用心ね。	
13058	D1:5506:08230	2	대사	【ティーナ】ここがアルの部屋ね！？	
13059	D1:5506:0825E	1	대사	【マコト】あっ‥‥ちょっとティーナ。	
13060	D1:5506:0828C	1	대사	【マコト】もうちょっと待ちましょう。	
13061	D1:5506:082B4	1	대사	【マコト】もうちょっとアルと話したいわ。	
13062	D1:5506:082E0	1	대사	【アル】へへっ、何見つめてるんだい？　俺の魅力のとりこになったか。	
13063	D1:5506:0832E	1	대사	【マコト】もう、バカね。	
13064	D1:5506:0834A	1	대사	【マコト】メディカルセンターに行く必要はないみたいね‥‥。	
13065	D1:5506:08388	1	대사	【マコト】ドクターを怒らせてしまったわ‥‥	
13066	D1:5506:083B6	1	대사	【マコト】もうティーナをメディカルセンターに連れていっても‥‥。	
13067	D1:5506:083FA	1	대사	【ティーナ】ティーナ、あそこには行きたくないよ！	
13068	D1:5506:08436	1	대사	【アル】先に宿舎へ行っていてくれよ。	
13069	D1:5506:085B0	1	대사	【マコト】ティーナを‥‥。（あぁ、やっぱり恐れていた結果になっちゃいそうね‥‥。）	
13070	D1:5506:086BA	1	대사	【マコト】（もう、アル‥私と２人っきりでいたくはないの？）	
13071	D1:5506:086F8	1	대사	【アル】カードを受け取ったら、すぐに部屋に戻るからさ。俺の部屋の番号は‥‥。	
13072	D1:5506:08858	1	대사	【マコト】（誰がオバサンよ！）	
13073	D1:5506:089F6	1	대사	【マコト】（もう、そんなことをいちいち言わせないで！）	
13074	D1:5506:08A7A	1	대사	【マコト】（あぁ、また始まったわ。もう、ガンコなんだから）	
13075	D1:5506:08BF0	1	대사	【マコト】でも‥‥。（この子がいたら‥‥もう！　何で気付いてくれないのよ！）	
13076	D1:5506:08C40	1	대사	【アル】だいたい、検診だって本人の了承が必要だぜ。嫌だって言っているのに、	
13077	D1:5506:08E5C	2	대사	【マコト】アルだったら、絶対にイベント会場みたいだって言うに違いないわ。	
13078	D1:5506:08EA8	2	대사	【マコト】ここでその評価は禁句なのよ。	
13079	D1:5506:08F2A	1	대사	【マコト】中に入るの？　今出てきたばかりなんだけど‥‥。	
13080	D1:5506:08F66	1	대사	【マコト】わかったわ、中に入りましょう。	
13081	D1:5506:08F98	1	대사	【マコト】宿舎ね、行ってみましょう。	
13082	D1:5506:08FC6	1	대사	【マコト】そうね、宿舎に行ってみようかしら。	
13083	D1:5506:08FF6	2	대사	【カイル】よぉ、マコト。	
13084	D1:5506:09024	6	대사	【マコト】か、カイル‥‥。	
13085	D1:5506:09042	2	대사	【カイル】どうだい、俺の誘いを受ける決心はできたかい？	
13086	D1:5506:090A0	2	대사	【カイル】そんな顔をするなよ、決して嫌な思いはさせないつもりだぜ。	
13087	D1:5506:090EE	2	대사	【マコト】（もう十分イヤな思いをしているわよ。）	
13088	D1:5506:09122	2	대사	【カイル】フッ、まぁ気長に考えていてくれ、じゃな。	
13089	D1:5506:0918A	2	대사	【マコト】何か、気疲れしてしまうわ、彼と話していると‥‥。	
13090	D1:5506:091C8	1	대사	【マコト】まぁいいわ、さっ、宿舎に行ってみましょう。	
13091	D1:5506:09206	1	대사	【マコト】メディカルセンターね‥‥行ってみましょう。	
13092	D1:5506:09244	1	대사	【マコト】そうね、アルが浜辺で見つけた子供というのを見に行ってみようかしら。	
13093	D1:5506:09466	1	대사	【マコト】まぁいいわ、さっメディカルセンターに行ってみましょう。	
13094	D1:5506:0965C	1	대사	【マコト】そうだわ、研究室へ早く行かなくちゃ。	
13095	D1:5506:09694	1	대사	【マコト】研究室へ行くのが先じゃないかしら。	
13096	D1:5506:096C4	1	대사	【マコト】宿舎に行くよりも、研究室よ。	
13097	D1:5506:096EE	1	대사	【マコト】至急の呼び出しがかかったのだから。	
13098	D1:5506:0971E	1	대사	【マコト】飛行場に戻る必要はないわ。	
13099	D1:5506:09746	1	대사	【マコト】いま飛行場から来たばかりじゃない。	
13100	D1:5506:09776	1	대사	【マコト】また戻ってどうするの？	
13101	D1:5787:01472	1	대사	【マコト】ここは研究所内の受付‥‥人は誰もいないわ。	
13102	D1:5787:014AA	1	대사	【マコト】無論、クリスさんも‥‥‥‥。	
13103	D1:5787:014E2	2	대사	【マコト】ここは研究所内の受付。	
13104	D1:5787:01506	1	대사	【マコト】クリスさんはもういない‥‥。	
13105	D1:5787:0153E	2	대사	【マコト】ここは研究所内の受付‥‥。	
13106	D1:5787:01566	1	대사	【マコト】さっ、早く教授に報告をしましょう。	
13107	D1:5787:015A4	1	대사	【マコト】ここは研究所内の受付よ。	
13108	D1:5787:015CA	1	대사	【マコト】クリスさんはいないようね‥‥。	
13109	D1:5787:01604	2	대사	【マコト】ここは研究所内の受付ね。	
13110	D1:5787:0162A	1	대사	【マコト】職員のほとんどが休暇をもらっているせいかしら‥‥あたりはやけに静かだわ。	
13111	D1:5787:01690	2	대사	【マコト】クリスさん。	
13112	D1:5787:016AA	1	대사	【クリス】あぁ、いま呼びに行こうかと思っていたんですよ。	
13113	D1:5787:016EE	1	대사	【マコト】呼びに？	
13114	D1:5787:01704	1	대사	【クリス】教授がお呼びです。	
13115	D1:5787:0172C	1	대사	【マコト】え、えぇ、わかっています。	
13116	D1:5787:01754	1	대사	【クリス】それにしても変ねぇ‥‥。	
13117	D1:5787:01782	1	대사	【マコト】な、何がですか？	
13118	D1:5787:017A0	1	대사	【クリス】フフ、ごめんなさいね。その、今日は職員の方々をあまり見かけないから‥‥。	
13119	D1:5787:017FE	1	대사	【マコト】そ、そうですね。何でも、教授が休暇をお出しになったそうです。	
13120	D1:5787:01848	1	대사	【クリス】あら、いいわね。私にも休暇はないのかしら‥‥。	
13121	D1:5787:0188C	1	대사	【マコト】私が教授にお聞きしておきましょうか？	
13122	D1:5787:018BE	1	대사	【クリス】フフ、いいですよ、そんな。今のはちょっと言ってみただけです。	
13123	D1:5787:01910	3	대사	【マコト】は、はぁ‥‥。	
13124	D1:5787:0192C	1	대사	【クリス】でも、今日の午後は受付をあけると思います。	
13125	D1:5787:0196E	1	대사	【クリス】その辺のことは、教授にもうお伝えしてあるので。	
13126	D1:5787:019B4	1	대사	【マコト】はい、何か用事でも？	
13127	D1:5787:019D6	1	대사	【クリス】フフ、野暮用というやつね。	
13128	D1:5787:01A30	1	대사	【マコト】何だかよくわからないわ、彼女も‥‥。	
13129	D1:5787:01A62	1	대사	【マコト】教授も教授よ、急にほとんどの職員に休暇を出したら、	
13130	D1:5787:01AA2	1	대사	【マコト】どうしたんだって思われてしまうわ。	
13131	D1:5787:01AD2	1	대사	【マコト】とにかく、教授に話を伺いに行きましょう。	
13132	D1:5787:01B4C	1	대사	【クリス】あらイズミさん、おはようございます。	
13133	D1:5787:01B86	1	대사	【マコト】（く、クリスさん‥‥。）	
13134	D1:5787:01BAC	1	대사	【クリス】どうしたんですか？	
13135	D1:5787:01BD4	1	대사	【マコト】お、おはようございます‥‥。	
13136	D1:5787:01BFE	1	대사	【クリス】今日は、インタビューの日ですから、	
13137	D1:5787:01C38	1	대사	【クリス】教授が研究室へ行かれるのは、少し遅くなると思います。	
13138	D1:5787:01C84	2	대사	【マコト】はい、わかりました‥‥。	
13139	D1:5787:01CAA	1	대사	【クリス】どうしたんですか？　下を向いて、具合が悪そうですよ。	
13140	D1:5787:01CF4	1	대사	【マコト】い、いえ‥‥。	
13141	D1:5787:01D10	1	대사	【マコト】（クリスさんの顔がまともに見られないわ‥‥。）	
13142	D1:5787:01D52	1	대사	【マコト】（昨日の事を思い出すと‥‥‥‥。）	
13143	D1:5787:01D82	1	대사	【マコト】（あぁ‥‥せっかくの清々しい気分が台無し‥‥。）	
13144	D1:5787:01DC0	1	대사	【クリス】どうしたんですか？　イズミさん。	
13145	D1:5787:01E06	1	대사	【マコト】い、いえ‥‥何でもありません。じゃあ、私は研究室に行きますから‥‥。	
13146	D1:5787:01E58	1	대사	【クリス】はい、何かあったらいつも通り呼んで下さい。	
13147	D1:5787:01EC2	1	대사	【マコト】なんでこんなに疲れなくてはならないのかしら‥‥。	
13148	D1:5787:01F32	1	대사	【マコト】受付にはクリスさんがいるわ。	
13149	D1:5787:01F92	1	대사	【マコト】研究所に立ち入る場合のチェックなどを行っている場所よ。	
13150	D1:5787:01FD6	2	대사	【女性の声】イズミさん。	
13151	D1:5787:0200A	1	대사	【マコト】（受付に常駐している、総務のクリスさんだわ。）	
13152	D1:5787:02046	1	대사	【クリス】イズミさん、教授が研究室でお待ちです。	
13153	D1:5787:02082	1	대사	【マコト】ステラ教授が‥‥‥‥何の用かしら？	
13154	D1:5787:020D8	1	대사	【マコト】受付には誰もいないようね‥‥。	
13155	D1:5787:02104	1	대사	【マコト】いつもなら、二言三言、言葉をやりとりしてから研究室へ入っていったのに‥‥。	
13156	D1:5787:0215C	1	대사	【マコト】今はもう話し相手は誰もいない‥‥。	
13157	D1:5787:0218C	1	대사	【マコト】誰もいない受付‥‥なんて静かで寂しいのかしら‥‥。	
13158	D1:5787:021CC	1	대사	【マコト】クリスさんの存在感というものを、あらためて感じさせるわ‥‥。	
13159	D1:5787:0223A	1	대사	【マコト】外に出るの？	
13160	D1:5787:0225A	2	대사	【マコト】そうね、研究室に入りましょう。	
13161	D1:5787:0228C	1	대사	【マコト】研究室に入るためにはＩＤカードが必要よ。	
13162	D1:5787:022C2	1	대사	【マコト】教授の部屋に用はないわね‥‥。	
13163	D1:5787:022EE	1	대사	【マコト】教授の部屋に用はないわ‥‥。	
13164	D1:5787:02318	1	대사	【マコト】意味もなく訪れるのを、教授は非常に嫌う方よ。留意しないと。	
13165	D1:5787:02360	4	선택지	　ＩＤカード	
13166	D1:5787:0236E	1	대사	【マコト】もう研究室に入れるわよ。	
13167	D1:5787:02394	2	대사	【マコト】そうね、カードを使えばドアロックを解除できる。	
13168	D1:5787:023D0	2	대사	【マコト】カードを差し込んでと‥‥。	
13169	D1:5787:023F8	2	대사	ビー、ガチャ。	
13170	D1:5787:0240E	3	대사	【マコト】これで研究室に入れるわ。	
13171	D1:5787:02456	1	대사	【マコト】ま、怪しいのは今に始まったことじゃないから、許してあげる。	
13172	D1:5787:0249E	1	대사	【レイコ】何か引っかかる言い方よね。	
13173	D1:5787:024CE	1	대사	【マコト】なんでグラスが２つあるのよ。用意が周到過ぎない？	
13174	D1:5787:0250C	1	대사	【レイコ】そ、それは‥‥私が両手にグラスをもって飲むためよ。	
13175	D1:5787:02554	1	대사	【マコト】なによ、それ。	
13176	D1:5787:02570	1	대사	【レイコ】そうすると、何度もお酒をつぐ手間が省けるじゃない。２倍お得よね。	
13177	D1:5787:025C6	1	대사	【マコト】ふーん‥‥。（何か怪しいわよね。）	
13178	D1:5787:025F6	1	대사	【マコト】どうも怪しいわ‥‥。	
13179	D1:5787:02618	1	대사	【マコト】パックの後の無さといい、あそこに脱ぎ捨ててあるパジャマといい。	
13180	D1:5787:02664	1	대사	【レイコ】な、なにかしら。ホホホ‥‥。	
13181	D1:5787:02696	1	대사	【マコト】もう、絶対何か隠してる。	
13182	D1:5787:026CA	1	대사	【マコト】もうちょっとレイコと話していきましょう。	
13183	D1:5787:02700	1	대사	【マコト】そういえば、ドクターのこと、どうだったのよ。	
13184	D1:5787:0273A	1	대사	【レイコ】え？　えぇ‥‥。	
13185	D1:5787:02760	1	대사	【マコト】何だか、言い辛そう。	
13186	D1:5787:02782	1	대사	【レイコ】ううん、まだ調べている最中なの‥‥だから‥‥。	
13187	D1:5787:027C6	1	대사	【マコト】調べるって‥‥ドクターの何を調べるのよ。	
13188	D1:5787:027FC	1	대사	【レイコ】まだ確信していないのだけど‥‥。	
13189	D1:5787:02832	1	대사	【マコト】いいわよ、オフレコにしといてあげるから。	
13190	D1:5787:02868	1	대사	【レイコ】マコトならいいかな‥‥。	
13191	D1:5787:02896	1	대사	【マコト】そんなに秘密にしておきたいこと？	
13192	D1:5787:028C4	1	대사	【レイコ】えぇ‥‥私が調べているのは‥‥‥‥。	
13193	D1:5787:028FE	1	대사	‥‥ダーン！	
13194	D1:5787:02914	1	대사	【マコト】な、なに！？　今の音は。	
13195	D1:5787:0293A	1	대사	【レイコ】も、もしかして銃声！？　外からだわ。	
13196	D1:5787:02974	1	대사	【マコト】行ってみましょう！	
13197	D1:5787:02994	1	대사	【レイコ】えぇ。	
13198	D1:5787:029B6	1	대사	【マコト】ここでこうして、あれこれ論じあってみても、	
13199	D1:5787:029EE	1	대사	【マコト】結局は推測の域を出ないのよね‥‥。	
13200	D1:5787:02A1E	1	대사	【レイコ】でも論じることは無為ではないわ。	
13201	D1:5787:02A56	1	대사	【レイコ】推測でも、ロジカルに考えれば真実に近づくはずよ。	
13202	D1:5787:02A9E	1	대사	【マコト】フフ、シェリルみたいなことを言うのね。	
13203	D1:5787:02AD2	1	대사	【レイコ】ま、もういっぱい行きなさいよ、ほら。	
13204	D1:5787:02B0C	1	대사	【マコト】あーやだやだ、絡み酒はいやだわ。	
13205	D1:5787:02B3A	1	대사	【レイコ】何か言った！？	
13206	D1:5787:02B5E	1	대사	【マコト】なーんにも。	
13207	D1:5787:02B78	1	대사	【マコト】（ふぅ、夜風に当たりたいわ、少し‥‥。）	
13208	D1:5787:02BAE	1	대사	【レイコ】フッ、まぁいいわ。それよりも現実的な話をしましょうよ。	
13209	D1:5787:02BFA	1	대사	【マコト】現実的？	
13210	D1:5787:02C10	1	대사	【レイコ】装置の制御は、可能になったの？	
13211	D1:5787:02C60	1	대사	【レイコ】なるほどね‥‥言わなくても、その表情を見ればわかるわ。	
13212	D1:5787:02CAC	1	대사	【マコト】計測結果は後３５時間‥‥。	
13213	D1:5787:02CD4	1	대사	【レイコ】そんなに急迫しているの。	
13214	D1:5787:02D02	1	대사	【マコト】もっとよ。計算中の時間をさっ引いて３０時間。	
13215	D1:5787:02D3C	1	대사	【マコト】今からだと、およそ２０数時間というところね。	
13216	D1:5787:02D76	1	대사	【レイコ】そう、それはいよいよ深刻ね。教授には報告したの？	
13217	D1:5787:02DBC	1	대사	【マコト】えぇ、《デザイア》はいよいよ放棄の方向にかたまりつつあるわ。	
13218	D1:5787:02E06	1	대사	【レイコ】なんてこと‥‥教授の、教授の研究はどうなるの？	
13219	D1:5787:02E4A	1	대사	【マコト】わ、私に言われても‥‥‥‥でも‥‥‥‥。	
13220	D1:5787:02E80	1	대사	【レイコ】でも？	
13221	D1:5787:02E9C	1	대사	【マコト】教授は意外に冷静と受けとめていたわ。	
13222	D1:5787:02ECE	1	대사	【マコト】むしろ、私の方が落胆していたくらい‥‥。	
13223	D1:5787:02F04	1	대사	【レイコ】教授はああいう性格の人よ。人前で悔しがるなんてこと、するわけがないわ。	
13224	D1:5787:02F60	1	대사	【マコト】そ、それもそうね‥‥。	
13225	D1:5787:02F84	1	대사	【レイコ】何としても教授の研究を成就させてあげたい‥‥なんとしても。	
13226	D1:5787:02FD4	1	대사	【マコト】（すごいわ、教授のことになると‥‥。）	
13227	D1:5787:03008	1	대사	【レイコ】これというのも、例の工作員のせいね。	
13228	D1:5787:03042	1	대사	【マコト】えぇ、もう何をしても構わないから、例の制御ディスクだけは返して欲しい‥‥。	
13229	D1:5787:0309A	1	대사	【レイコ】装置の秘密を狙っているのかしら。	
13230	D1:5787:030D2	1	대사	【レイコ】でも、だとしたら、装置を破壊するような真似はしない‥‥。	
13231	D1:5787:03122	1	대사	【マコト】制御ディスクには、装置に関するほとんどのデータがインプットされている。	
13232	D1:5787:03176	1	대사	【レイコ】では、ディスクを盗む、イコール装置の秘密を盗むことにもなり得る訳ね。	
13233	D1:5787:031D0	1	대사	【マコト】だけど、制御ディスク単体では動かせないし、	
13234	D1:5787:03208	1	대사	【マコト】教授が算出した数値データが必要だわ。	
13235	D1:5787:0323A	1	대사	【レイコ】では単なる混乱のためかしら。	
13236	D1:5787:0326C	1	대사	【マコト】考えにくいわ‥‥そうすることのメリットは何よ。	
13237	D1:5787:032A8	1	대사	【レイコ】研究を遅らせる、というのはどう？	
13238	D1:5787:032DE	1	대사	【マコト】遅らせてどうなるのよ、教授がいる限り、また装置は作られるわ。	
13239	D1:5787:03328	1	대사	【レイコ】そうよね、根本的な解決にはならない‥‥。	
13240	D1:5787:03368	1	대사	【レイコ】どうも今回の工作活動の意図が見えないわ。	
13241	D1:5787:033A8	1	대사	【マコト】そうね‥‥中途半端な感じがするのよ。	
13242	D1:5787:033DA	1	대사	【レイコ】内部の者の犯行説なら、なおさらよね。	
13243	D1:5787:03416	1	대사	【レイコ】そんなことしたって何もならないことは、火を見るよりも明らかなのに。	
13244	D1:5787:03470	1	대사	【マコト】《デザイア》というか、《デザイア》の中枢部を一時的に混乱に陥れる‥‥。	
13245	D1:5787:034C4	1	대사	【レイコ】と、誰にメリットがあるのかしら。	
13246	D1:5787:034FA	1	대사	【マコト】わからないわ‥‥。（教授はこのことを、どう思われているのかしら。）	
13247	D1:5787:0354A	1	대사	【レイコ】ほら、こういう時は飲むに限るわ。ほら！	
13248	D1:5787:03586	1	대사	【マコト】もう、飲み屋のオヤジみたいなことをしないでよ。	
13249	D1:5787:035C2	1	대사	【レイコ】いいから飲むの。	
13250	D1:5787:035E8	1	대사	【マコト】（もう、絡み酒なんだわ、レイコって。）	
13251	D1:5787:0361C	1	대사	【レイコ】そういえば言っておいたわよ、アイツに。	
13252	D1:5787:03658	1	대사	【マコト】えっ、アイツって‥‥なんのこと？	
13253	D1:5787:03686	1	대사	【レイコ】カイルの野郎によ。忘れちゃったの？	
13254	D1:5787:036BE	1	대사	【マコト】‥‥か、カイルに何か言ったの！？	
13255	D1:5787:036EC	1	대사	【レイコ】女遊びもほどほどにしないと、火傷するぞって言ってやったわ。	
13256	D1:5787:0373E	1	대사	【レイコ】あー、せいせいした。	
13257	D1:5787:0376A	1	대사	【マコト】や、やめて！　そんなこと‥‥。	
13258	D1:5787:03796	1	대사	【レイコ】やめてって‥‥もう言っちゃったわ。どうしたのよ。	
13259	D1:5787:037DC	1	대사	【マコト】これは‥‥これは、私とカイルの間の問題なの。	
13260	D1:5787:03816	1	대사	【レイコ】そ、それはそうだけど‥‥どうしちゃったのよ、マコト。	
13261	D1:5787:03860	1	대사	【マコト】ごめん、レイコ。私もよくわからないの。	
13262	D1:5787:03894	1	대사	【レイコ】マコト‥‥まさかあなたカイルに‥‥。	
13263	D1:5787:038CE	1	대사	【マコト】わからないの‥‥これに関しては、お願い、もう私に任せて欲しいの‥‥。	
13264	D1:5787:03920	1	대사	【レイコ】‥‥‥‥わかったわ、そこまで言うのなら。	
13265	D1:5787:0397E	1	대사	【マコト】（私自身、自分の気持ちに自信がない‥‥。）	
13266	D1:5787:039D4	1	대사	【マコト】受付には誰もいないわ‥‥。	
13267	D1:5787:039FC	1	대사	【マコト】まわりを見回してみてもしょうがないわよ。早くレイコの部屋に行きましょう。	
13268	D1:5787:03A52	1	선택지	　レイコの部屋	
13269	D1:5787:03A62	1	대사	【マコト】そうね、レイコの部屋に行きましょう。	
13270	D1:5787:03ABE	1	대사	【マコト】レイコ、いる？　もう寝ちゃった？	
13271	D1:5787:03AFC	1	대사	【マコト】いないのかしら‥‥？　でも、この時間は大抵いるはずなんだけど。	
13272	D1:5787:03B48	1	대사	ガタッ‥‥‥‥ゴソゴソ‥‥‥‥。	
13273	D1:5787:03B74	1	대사	【マコト】な、何？　今の音は。	
13274	D1:5787:03B96	1	대사	【マコト】部屋の中から聞こえて来たみたいだけど‥‥。	
13275	D1:5787:03C24	1	대사	【レイコ】ちょ、ちょっと待って！　い、いまパックを落としている最中で‥‥。	
13276	D1:5787:03C7A	1	대사	【マコト】（なんだ、いるんじゃない‥‥もう、早く開けて欲しいわ。）	
13277	D1:5787:03CC0	1	대사	【マコト】そんなのいいわよ、見慣れているから‥‥それよりも早く開けて頂戴。	
13278	D1:5787:03D1E	1	대사	【マコト】もう、何をやってるのよ。	
13279	D1:5787:03D64	1	대사	【マコト】レイコ、{n00}何をやっているの？　早くあけてよ。	
13280	D1:5787:03D9E	1	대사	【マコト】何をやってるのかしら。イライラするわ‥‥。	
13281	D1:5787:03DD6	1	대사	【レイコ】い、今あけるわ‥‥ごめんなさい、ちょっと着替えてたもので‥‥。	
13282	D1:5787:03E4A	1	대사	【レイコ】ようこそ、私の城へ。	
13283	D1:5787:03E7C	1	대사	【レイコ】ふぅ‥‥まだちょっと酔いがさめていないわ‥‥。	
13284	D1:5787:03EC0	1	대사	【マコト】なに？　飲んでいたの？	
13285	D1:5787:03EE4	1	대사	【レイコ】え、えぇ‥‥そうよ、もちろん１人で飲んでいたの。	
13286	D1:5787:03F2A	1	대사	【マコト】なによ、変ねぇ‥‥。	
13287	D1:5787:03F4C	1	대사	【レイコ】なっ‥ま、マコトも飲む？ちょっと強いけど、ネンネのマコトじゃ無理かなぁ？	
13288	D1:5787:03FAA	1	대사	【マコト】ば、馬鹿にしないで。はい、頂戴！	
13289	D1:5787:03FD8	1	대사	【レイコ】フフ、じゃあついであげるわ。	
13290	D1:5787:0400A	1	대사	【マコト】（何をしてたのかしら‥‥パックなんてしてないじゃない。）	
13291	D1:5787:04050	1	대사	【マコト】（恥ずかしいことでも、してたのかな？）	
13292	D1:5787:04084	1	대사	【レイコ】あっ‥‥いま変なこと考えてたでしょう。もう、違うわよ。	
13293	D1:5787:040D0	2	대사	【マコト】（本当かしら‥‥？）	
13294	D1:5787:0411C	1	대사	【マコト】教授のあの落ち着き方は、いったいどうしたのかしら。	
13295	D1:5787:0415C	1	대사	【マコト】なぜあそこまで、冷静に現実を受けとめられるの？	
13296	D1:5787:04198	1	대사	【マコト】下で従事している私でさえ、悔しくて悲しくてしょうがないというのに‥‥。	
13297	D1:5787:0420E	1	대사	【マコト】もう受付には誰もいないわ‥‥。	
13298	D1:5787:0425E	1	대사	【マコト】そうね‥‥そろそろ宿舎に帰って‥‥{s00}あっ！	
13299	D1:5787:04296	1	대사	【マコト】そうだわ、今日の夜レイコの部屋に行く約束をしていて‥‥。	
13300	D1:5787:042DC	1	대사	【マコト】遅くって言っていたけど‥‥でもいいわよね。	
13301	D1:5787:04314	1	대사	【マコト】レイコの部屋はこの研究所内にあるわ。さっ、早く行きましょう。	
13302	D1:5787:0435E	1	대사	【マコト】研究室に用はないわよ。	
13303	D1:5787:04382	1	대사	【マコト】今日のお仕事はもうおしまい。	
13304	D1:5787:043AC	1	대사	【マコト】明日は研究所内の写真撮影‥‥‥‥大丈夫かしら？	
13305	D1:5787:043E8	1	대사	【マコト】教授の部屋に行く必要はないわ。	
13306	D1:5787:04414	1	대사	【マコト】いま教授の部屋から出てきたばかりじゃない。	
13307	D1:5787:0444C	1	대사	【マコト】教授もお忙しい身よ。自重しましょう。	
13308	D1:5787:0448C	1	대사	【マコト】研究室から出てきたばかりよ。	
13309	D1:5787:044B6	1	대사	【マコト】今日はもう研究室に戻る必要はないわ。	
13310	D1:5787:04508	1	대사	【マコト】教授、技術主任のイズミです。入ります。	
13311	D1:5787:04552	4	대사	【マコト】あっ‥‥。	
13312	D1:5787:04572	1	대사	【マコト】（き、教授！　ドクターと‥‥‥‥うそっ。）	
13313	D1:5787:045AA	1	대사	【マコト】（い、今確かに‥‥キスをしていたようだけど‥。）	
13314	D1:5787:045F0	1	대사	【マルチナ】お客様のようね‥‥。	
13315	D1:5787:0461C	1	대사	【ゲーツ】‥‥‥‥‥‥。	
13316	D1:5787:04638	1	대사	【マルチナ】ドクター、お話はまた次の機会に。	
13317	D1:5787:04670	1	대사	【ゲーツ】わかった‥‥。	
13318	D1:5787:0469E	1	대사	【ゲーツ】技術主任か‥‥遅くまでご苦労なことだ。	
13319	D1:5787:04700	1	대사	【マコト】（教授とドクターが‥‥２人はそんな関係だったの‥‥。）	
13320	D1:5787:04744	1	대사	【マコト】（見ちゃいけないものを、見てしまったのかしら‥{n00}‥。）	
13321	D1:5787:04788	1	대사	【マルチナ】イズミさん、そんなところに突っ立っていないで、こっちへいらっしゃい。	
13322	D1:5787:04810	1	대사	【マルチナ】フフ、妙な場面に出くわしてしまったわね。	
13323	D1:5787:04850	1	대사	【マコト】ご、ごめんなさい‥‥私、タイミングが悪くて‥‥本当にごめんなさい。	
13324	D1:5787:048A0	1	대사	【マルチナ】別にいいのよ、気にしないで。それよりも、私に話があったのではないかしら？	
13325	D1:5787:04900	1	대사	【マコト】えっ‥‥そ、そうでした。装置暴走までのタイムリミットが算出されました。	
13326	D1:5787:04954	1	대사	【マルチナ】結果は？	
13327	D1:5787:04974	1	대사	【マコト】はい‥‥その、後３０時間です‥‥。	
13328	D1:5787:049A4	1	대사	【マルチナ】そう、わかったわ。	
13329	D1:5787:049CE	1	대사	【マコト】（な、何で‥‥‥‥。）	
13330	D1:5787:049F2	1	대사	【マコト】（何で、そんなに落ちついていられるのかしら‥？）	
13331	D1:5787:04A30	1	대사	【マルチナ】これも運命なのかもね‥‥。	
13332	D1:5787:04A74	1	대사	【マルチナ】明日中に制御不能の場合、ここ《デザイア》を放棄します。	
13333	D1:5787:04AC2	1	대사	【マコト】で、ですが、その‥‥教授の長年の夢を放棄なさるんですか？	
13334	D1:5787:04B08	1	대사	【マルチナ】研究よりも職員の生命を優先する、これは監督として当然の決定よ。	
13335	D1:5787:04B5E	1	대사	【マコト】で、ですが、完成間近まできて‥‥。	
13336	D1:5787:04B8E	1	대사	【マルチナ】別にいいの。	
13337	D1:5787:04BCA	1	대사	【マルチナ】さっ、もう遅いわ‥‥イズミさんもお休みなさい。明日は写真撮影よ。	
13338	D1:5787:04C3E	1	대사	【マルチナ】フフ、目一杯メークアップしておかないとね。	
13339	D1:5787:04C82	1	대사	【マルチナ】あなたも、アルに綺麗に撮ってもらいなさい。	
13340	D1:5787:04CC6	1	대사	【マコト】（わからないわ‥‥‥。）	
13341	D1:5787:04CEC	1	대사	【マコト】（いったい何で、こうまで落ちついていられるのかしら‥‥？）	
13342	D1:5787:04D34	1	대사	【マルチナ】どうしたの？　まだ何かあるのかしら。	
13343	D1:5787:04D70	1	대사	【マコト】い、いえ‥‥何もありません。失礼します。	
13344	D1:5787:04DA6	1	대사	【マルチナ】では、また明日‥‥。	
13345	D1:5787:04E10	1	대사	【マコト】受付には、人が誰も居なくなってしまったわ。	
13346	D1:5787:04E48	1	대사	【マコト】唯一だったクリスさんも、いない‥‥。	
13347	D1:5787:04E7A	1	대사	【マコト】あら？　そういえば受付にいるクリスさんの姿も見えないけど‥‥。	
13348	D1:5787:04EC6	1	대사	【マコト】そういえば休暇が欲しいようなことを言っていたわよね‥‥。	
13349	D1:5787:04F0C	1	대사	【マコト】彼女も休暇をもらったのかしら。	
13350	D1:5787:04F38	2	대사	【マコト】人の姿は見えない‥‥。	
13351	D1:5787:04F5C	1	대사	【マコト】静かな場所は好きなんだけど、今は寒さを感じるわ‥‥。	
13352	D1:5787:04FAC	1	대사	【マコト】もうカードを差し込んだわ。早く研究室に入りましょう。	
13353	D1:5787:050B2	1	대사	【マコト】教授に報告しなくちゃ。外に出てる暇はないわ。	
13354	D1:5787:050EC	1	대사	【マコト】外に出てみようかしら。	
13355	D1:5787:05116	1	대사	【マコト】いま研究室から出てきたばかりよ。	
13356	D1:5787:05144	1	대사	【マコト】さっ、早く教授の部屋に行きましょう。	
13357	D1:5787:05176	1	대사	【マコト】そうね、研究室に行ってみましょう。	
13358	D1:5787:051A6	1	대사	【マコト】計算結果は出たかしら‥？	
13359	D1:5787:051D2	1	대사	【マコト】研究室に入る為には、ＩＤカードが必要よ。	
13360	D1:5787:05208	1	대사	【マコト】そうよ、早く教授にこのことを報告しなくちゃ。	
13361	D1:5787:05242	1	대사	【マコト】教授の部屋に行きましょう。	
13362	D1:5787:0526A	1	대사	【マコト】教授の部屋に行く必要はないわね。	
13363	D1:5787:05298	1	대사	【マコト】意味もなく教授の部屋には行けないわ。	
13364	D1:5787:052CA	1	대사	【マコト】教授はナーヴァスな方だから‥‥。	
13365	D1:5787:05302	1	대사	【マコト】（カズミさんだわ‥‥当然と言えば、当然よね‥。）	
13366	D1:5787:05340	1	대사	【マコト】技術主任イズミ・マコトです。	
13367	D1:5787:0536A	1	대사	【マルチナ】待っていたわ、イズミさん。	
13368	D1:5787:053BE	1	대사	【マコト】（教授はいついかなる状況でも冷静な方‥‥。）	
13369	D1:5787:053F8	1	대사	【マコト】（この人の喜怒哀楽を、見てみたい気がするわ‥。）	
13370	D1:5787:05436	1	대사	【マコト】（カズミさんと、ステラ教授がいるわ。）	
13371	D1:5787:0546A	1	대사	【マコト】（早くお話を聞きま{n00}しょう。）	
13372	D1:5787:05496	1	대사	【マコト】（カズミさんと何か話していたのね‥‥。）	
13373	D1:5787:054CC	1	대사	【マコト】（でも、教授は比較的穏やかな顔をしている‥‥なぜかしら。）	
13374	D1:5787:05514	1	대사	【マコト】（あの自信はどこから来るの‥‥才能の裏付け？）	
13375	D1:5787:05550	1	대사	【マコト】（それとも‥‥‥‥。）	
13376	D1:5787:0558C	1	대사	【マコト】それでは失礼します‥‥私は研究室の方にいますので。	
13377	D1:5787:055CC	1	대사	【マルチナ】わかったわ。	
13378	D1:5787:055F0	1	대사	【カズミ】イズミさん。	
13379	D1:5787:0561C	1	대사	【カズミ】イズミさん、あなたはこの事が外部に漏れないように留意して欲しいの。	
13380	D1:5787:05674	1	대사	【マコト】わかっています。	
13381	D1:5787:05692	1	대사	【カズミ】いいえ、わかっていないわ。	
13382	D1:5787:056C4	1	대사	【カズミ】私が言っているのは、例の記者に、十分注意を払って欲しいということ。	
13383	D1:5787:0571E	1	대사	【マコト】は、はい‥‥。（そ、そんなこと言われなくたって、わかっているわよ。）	
13384	D1:5787:05770	1	대사	【カズミ】不服そうな顔ね。公私の混同は‥‥。	
13385	D1:5787:057A8	1	대사	【マコト】厳禁です。無論わかっています‥‥失礼してよろしいでしょうか？	
13386	D1:5787:057F2	1	대사	【カズミ】えぇ、どうぞ。	
13387	D1:5787:05816	1	대사	【マコト】（もう、いちいち頭にくる女性だわ‥‥。）	
13388	D1:5787:0584C	1	대사	【マコト】（でも、本当にアルには気を付けないと‥‥。）	
13389	D1:5787:05886	1	대사	【マコト】（彼って、妙に鼻の利く人だから‥‥。）	
13390	D1:5787:058C0	1	대사	【マコト】まだ、話が済んでいないわよ。	
13391	D1:5787:058EA	1	대사	【マルチナ】よろしいかしら？　イズミさん。	
13392	D1:5787:05946	1	대사	【マコト】どうしますか、今後は。	
13393	D1:5787:0596A	1	대사	【マルチナ】そこのカズミさんとも話したのだけど、まずはこの件に関する箝口令をしきます。	
13394	D1:5787:059CC	1	대사	【マコト】他言は無用、ということですね。	
13395	D1:5787:059F8	1	대사	【マルチナ】私は今後の対処などを、カズミさんと話し合います。	
13396	D1:5787:05A40	1	대사	【マコト】はい‥‥私は？	
13397	D1:5787:05A5C	1	대사	【マルチナ】イズミさんは、暴走までの正確なタイムリミットを算出して下さい。	
13398	D1:5787:05AB2	1	대사	【マコト】わかりました。	
13399	D1:5787:05ACE	1	대사	【マルチナ】フフ、誰かは知らないけど、なかなかやってくれるわ。	
13400	D1:5787:05B18	1	대사	【マコト】教授、比較的落ちついていますね‥‥。	
13401	D1:5787:05B4A	1	대사	【マルチナ】慌てても、制御ディスクが出てくる訳でもない。	
13402	D1:5787:05B90	1	대사	【マルチナ】冷静に、かつ迅速に対処しましょう。	
13403	D1:5787:05BCC	2	대사	【マコト】そ、そうですね‥‥。	
13404	D1:5787:05BEE	1	대사	【マコト】（やっぱりこの人は凄いわ‥‥。）	
13405	D1:5787:05C1C	1	대사	【マルチナ】でも、装置が暴走状態に入り、制御できなくなった場合‥‥。	
13406	D1:5787:05C6E	1	대사	【マルチナ】職員の生命を優先するのはやむを得ない。	
13407	D1:5787:05CAE	1	대사	【マコト】す、すると‥‥？	
13408	D1:5787:05CCC	1	대사	【マルチナ】最悪の場合、ここ《デザイア》を放棄します。	
13409	D1:5787:05D0E	1	대사	【マコト】！？	
13410	D1:5787:05D20	1	대사	【マコト】（ここ‥‥《デザイア》を放棄！？）	
13411	D1:5787:05D50	1	대사	【マコト】（研究に全てを捧げていた教授の口から、）	
13412	D1:5787:05D86	1	대사	【マコト】（まさか放棄という言葉が出てくるなんて‥‥。）	
13413	D1:5787:05DE2	1	대사	【マコト】（そうね‥‥教授から話を伺いましょう。）	
13414	D1:5787:05E28	1	대사	【マコト】教授、レイコから‥‥いえ、ミス・クサナギから大体のことはうかがいました。	
13415	D1:5787:05E7E	1	대사	【マルチナ】そう、それなら話が早いわ。	
13416	D1:5787:05EB0	1	대사	【マコト】やはり、例の工作員の線でしょうか？	
13417	D1:5787:05EE0	1	대사	【マルチナ】誰が盗んだかは、あまり問題じゃないの‥‥。	
13418	D1:5787:05F24	1	대사	【マルチナ】問題は装置が制御できないということ。	
13419	D1:5787:05F7E	1	대사	【マルチナ】知っての通り、制御できない反応装置は、暴走した核融合炉より始末が悪い。	
13420	D1:5787:05FF8	1	대사	【マルチナ】正直言って、私さえもどうなるか想像がつかないわ‥‥。	
13421	D1:5787:06044	1	대사	【マコト】（きょ、教授すらも想像がつかないことって‥‥。）	
13422	D1:5787:06082	1	대사	【マコト】全ての機能を、停止させることはできませんか？	
13423	D1:5787:060BC	1	대사	【マルチナ】不可能ね。そのための制御よ。	
13424	D1:5787:060F0	1	대사	【マコト】そ、そうですよね‥‥。	
13425	D1:5787:06114	1	대사	【マルチナ】昨日の最後は、イズミさん、あなたでしたね。	
13426	D1:5787:06156	1	대사	【マコト】は、はい確か‥‥。	
13427	D1:5787:06176	1	대사	【マコト】作業用ディスクにバックアップをとった後に、研究室を出ましたが‥‥。	
13428	D1:5787:061C6	1	대사	【マルチナ】データ修正の終了が昨日で、バックアップの差分は今日のはずだった‥‥。	
13429	D1:5787:0623E	1	대사	【マルチナ】もはや、以前のバックアップデータが使えなくなってからの盗難は、	
13430	D1:5787:06296	1	대사	【マルチナ】見事に裏をかかれたとしか言いようがないわね。	
13431	D1:5787:062DC	1	대사	【マコト】や、やはり、内部の者の犯行なのでしょうか？	
13432	D1:5787:06314	1	대사	【マルチナ】誰がやったかというのは、財団の調査部にでも任せておけば良いのです。	
13433	D1:5787:06370	1	대사	【マルチナ】問題は‥‥。	
13434	D1:5787:06396	1	대사	【マコト】いかに装置の制御を行うか‥‥。	
13435	D1:5787:063C2	2	대사	【マルチナ】そうね‥‥‥‥。	
13436	D1:5787:063EA	1	대사	【マコト】（教授はあくまでも冷静だわ‥‥凄い人ね‥‥。）	
13437	D1:5787:06454	1	대사	【マコト】相変わらず静かな受付ね。	
13438	D1:5787:0647A	1	대사	【マコト】壁に取り付けられているカメラも、単に動作しているだけ‥‥。	
13439	D1:5787:064C2	1	대사	【マコト】そういう意味では、ここのセキュリティは意外にもろいのかもしれないわね。	
13440	D1:5787:06516	1	대사	【マコト】受付といっても、研究室内への立ち入りチェック以外には機能していない。	
13441	D1:5787:06568	1	대사	【マコト】クリスさんは、ここで総務を担当する傍ら、それを行うというわけね。	
13442	D1:5787:065DA	7	대사	【マコト】そうね、外に出ましょう。	
13443	D1:5787:06606	1	대사	【マコト】研究室へ行ってみましょう。	
13444	D1:5787:06634	1	대사	【マコト】研究室へ入るにはＩＤカードが必要よ。	
13445	D1:5787:06666	1	대사	【マコト】無理に入ろうとすると、警報が鳴り響くわ。	
13446	D1:5787:0669C	1	대사	【マコト】そうね、教授の部屋に行きましょう。	
13447	D1:5787:066EC	1	대사	【マコト】イズミです。ステラ教授、おられますか？	
13448	D1:5787:06720	1	대사	【マルチナ】入りなさい。	
13449	D1:5787:06744	1	대사	【マコト】特にクリスさんと話すことはないわね‥‥。	
13450	D1:5787:0677A	1	대사	【マコト】クリスさんとは話したくないわ‥‥。	
13451	D1:5787:067AA	1	대사	【マコト】早く研究室へ行きましょう。	
13452	D1:5787:067D2	1	대사	【マコト】（クリスさんと話す必要はないわ‥‥。）	
13453	D1:5787:06806	1	대사	【マコト】（ここでじっとしていても、しょうがないわよ。）	
13454	D1:5787:06842	1	대사	【クリス】なかなか魅力的な恋人さんね。	
13455	D1:5787:06874	1	대사	【マコト】あ、ありがとうございます‥‥。	
13456	D1:5787:068CA	1	대사	【クリス】何でしょうか、イズミさん。	
13457	D1:5787:068FA	1	대사	【マコト】今日は確か新聞記者の方が‥‥。	
13458	D1:5787:06926	1	대사	【クリス】えぇ、お見えになってます‥‥フフ、イズミさんの恋人ですってね。	
13459	D1:5787:0697A	1	대사	【マコト】え、えぇ‥‥何か失礼なことは‥‥。	
13460	D1:5787:069AA	1	대사	【クリス】いいえ、単に警報が鳴っただけです。	
13461	D1:5787:069F6	1	대사	【クリス】フフ、なかなか楽しい恋人さんですね。	
13462	D1:5787:06A30	1	대사	【マコト】（アルったら、また何か変なことをしていないでしょうね‥‥。）	
13463	D1:5787:06A88	1	대사	【マコト】もうカードは使ったから、研究室に入れるわよ。	
13464	D1:5787:06AC2	1	대사	【マコト】そうね、研究室に入るにはカードが必要よ。カードを差し込んでと‥‥。	
13465	D1:5787:06B12	1	대사	ビー‥‥‥ガチャ。	
13466	D1:5787:06B7A	1	대사	【マコト】受付にはクリスさんしかいないようね‥‥。	
13467	D1:5787:06BB0	1	대사	【マコト】（受付といっても、）	
13468	D1:5787:06BD2	1	대사	【マコト】（研究室内への立ち入りチェックとしてしか機能していない。）	
13469	D1:5787:06C1A	1	대사	【マコト】（クリスさんは、ここで総務を担当する傍ら、それを行うというわけね。）	
13470	D1:5787:06C6C	1	대사	【マコト】（総務を担当しているクリスさんだわ。）	
13471	D1:5787:06CA0	1	대사	【マコト】（いろいろと芳しくない噂を聞くけど、異性がらみがほとんどね。）	
13472	D1:5787:06CEC	1	대사	【マコト】（対外的な性格、人格的にはほとんど申し分無い女性だけど‥‥。）	
13473	D1:5787:06D4E	1	대사	【マコト】いま外から来たばかりよ。	
13474	D1:5787:06D74	1	대사	【マコト】外にでるの？　今来たばかりなのに‥‥。	
13475	D1:5787:06DA8	1	대사	【クリス】どうしたんですか、イズミさん。研究室で教授がお待ちですよ。	
13476	D1:5787:06DF8	1	대사	【マコト】は、はい。（ほら、言われちゃったじゃない‥‥。）	
13477	D1:5787:06E62	1	대사	【クリス】イズミさん、ＩＤカードを‥‥。	
13478	D1:5787:06E96	1	대사	【マコト】あっ、そうだったわ。	
13479	D1:5787:06EB8	1	대사	【マコト】（ＩＤカードを使わないと、ドアが開かない仕組みになっているのよ。）	
13480	D1:5787:06F08	1	대사	【マコト】（無理に開けようとすると、けたたましく警報が鳴り響くわ。）	
13481	D1:5787:06F50	1	대사	【マコト】カードを差し込んでと‥‥‥‥。	
13482	D1:5787:06F7C	2	대사	ビー‥‥ガチャ。	
13483	D1:5787:06F94	1	대사	【マコト】じゃあ研究室に入りましょう。	
13484	D1:5787:06FC4	1	대사	【クリス】教授は研究室でお待ちです。どうぞ。	
13485	D1:5787:06FFC	1	대사	【マコト】‥‥わかりました。	
13486	D1:5787:0701C	1	대사	【クリス】綺麗でしたけど、ちょっと冷たい感じもしましたね。	
13487	D1:5787:07062	1	대사	【マコト】（どんな女性なのかしら‥‥？）	
13488	D1:5787:0708E	1	대사	【クリス】なんでも、本部の方から派遣された方のようですよ。	
13489	D1:5787:070D4	1	대사	【マコト】本部？　すると財団から‥‥。	
13490	D1:5787:070FE	1	대사	【クリス】かもしれません。綺麗な方でしたね。	
13491	D1:5787:07136	1	대사	【マコト】綺麗な‥‥女性ですか？	
13492	D1:5787:0715A	1	대사	【クリス】えぇ。お嬢様という感じの女性ですね。	
13493	D1:5787:07194	1	대사	【マコト】（研究はすでに最終段階に入ったというのに‥‥今頃なぜ本部から‥‥？）	
13494	D1:5787:071E6	1	대사	【マコト】教授が何の用でしょうか？	
13495	D1:5787:0720C	1	대사	【クリス】さぁ‥‥至急来て欲しいようでしたが。	
13496	D1:5787:07246	1	대사	【マコト】そうですか‥‥。（この間のことかしら？）	
13497	D1:5787:0727C	1	대사	【クリス】でも、見知らぬ女性が１人、一緒でしたよ。	
13498	D1:5787:072BA	1	대사	【マコト】見知らぬ女性？	
13499	D1:5787:072D6	1	대사	【クリス】今日の連絡便で来られた人じゃないかしら。	
13500	D1:5787:07314	1	대사	【マコト】（今日の連絡便で‥‥‥‥アル以外に誰か来る予定があったの？）	
13501	D1:5989:02868	1	대사	【マコト】ここは研究室だわ。誰もいないようね‥‥。	
13502	D1:5989:028A8	1	대사	【カイル】フン、わからんぜ。どこかに潜んでいるかもしれない。	
13503	D1:5989:028F0	1	대사	【マコト】そんな、あなたみたいな器用な真似のできる人は、職員にはいないわ。	
13504	D1:5989:0293E	1	대사	【カイル】俺のように、潜り込んでいる可能性はあるぜ。	
13505	D1:5989:0297E	1	대사	【マコト】でも、職員の人たちがいなくて、本当によかったわ。	
13506	D1:5989:029BC	1	대사	【カイル】仕事がしやすいか？	
13507	D1:5989:029E4	1	대사	【マコト】違うわ、あなたに殴られる人がいないから、ホッとするの。	
13508	D1:5989:02A28	1	대사	【カイル】フフン、言うな。リラックスしていて、いいことだ。	
13509	D1:5989:02A6E	1	대사	【マコト】手伝って頂戴。私が今から言うコンパネのスイッチを入れていって。	
13510	D1:5989:02ABA	1	대사	【カイル】わかった‥‥。	
13511	D1:5989:02AE4	1	대사	【マコト】とりあえず、装置の状況を確認する。そして、装置の制御を行う。	
13512	D1:5989:02B2E	1	대사	はぁあ‥‥ぁぁぁ‥‥‥‥	
13513	D1:5989:02B52	1	대사	【マコト】な、何かいった？	
13514	D1:5989:02B70	1	대사	【カイル】あっ？	
13515	D1:5989:02B8C	1	대사	【マコト】う、ううん、ごめんなさい‥‥。	
13516	D1:5989:02BB8	1	대사	【マコト】（今、うめき声が聞こえたような‥‥‥‥空耳？）	
13517	D1:5989:02BF4	1	대사	【マコト】（子ども？‥‥‥‥ティーナ！？）	
13518	D1:5989:02C22	2	대사	【マコト】（フフ、まさかね‥‥。）	
13519	D1:5989:02C48	1	대사	【マコト】そういえばティーナ、どうしたのかしら‥‥	
13520	D1:5989:02C7E	1	대사	【マコト】ちゃんと第１便に乗って、引き上げたかしら‥‥。	
13521	D1:5989:02CBA	1	대사	【カイル】おい、何をやっている！	
13522	D1:5989:02CE6	1	대사	【マコト】ご、ごめんなさい‥‥まずは装置状況のチェック‥‥‥‥。	
13523	D1:5989:02D52	1	대사	【マコト】念のためよね。装置の状況を確認して‥‥‥‥。	
13524	D1:5989:02D8C	1	대사	【マコト】時間がもったいないわ、チェックしている最中に制御を行ってみましょう。	
13525	D1:5989:02DE4	1	대사	【マコト】カイル、いい！？	
13526	D1:5989:02E02	1	대사	【カイル】いつでもいいぜ。	
13527	D1:5989:02E28	1	대사	【マコト】左から３番目と、あと５番目の赤いスイッチを上へ。	
13528	D1:5989:02E66	1	대사	【カイル】上だな‥‥‥‥よし！	
13529	D1:5989:02E90	1	대사	【マコト】ディスプレイに表示され{n00}た？	
13530	D1:5989:02EBA	1	대사	【カイル】ＯＫだそうだ。	
13531	D1:5989:02EDE	1	대사	【マコト】わかったわ、上の棚の左から２列目の光ディスクを、	
13532	D1:5989:02F1C	1	대사	【マコト】コンパネ上のドライブへ差し込んでちょうだい。	
13533	D1:5989:02F56	1	대사	【カイル】ＯＫだ。	
13534	D1:5989:02F74	1	대사	【マコト】（もう間に合わないかもしれない‥‥‥‥。）	
13535	D1:5989:02FAC	1	대사	【マコト】（でも、やってみる価値はある‥‥。）	
13536	D1:5989:02FDE	1	대사	【マコト】（この制御ディスクの管理下に、装置が入ってくれるかしら‥‥？）	
13537	D1:5989:0302A	1	대사	【マコト】ファンクションの５と７を入力して。	
13538	D1:5989:0305A	1	대사	【カイル】入力した。	
13539	D1:5989:0307A	1	대사	【マコト】ダメだわ‥‥制御がディスクに移らない‥‥。	
13540	D1:5989:030B2	2	대사	【カイル】どうした。	
13541	D1:5989:030D2	1	대사	【マコト】今度は１と３を同時に入力して。	
13542	D1:5989:030FE	1	대사	【カイル】同時だな、わかった‥‥よし、いいぞ。	
13543	D1:5989:03138	1	대사	【マコト】こないわ、なんでよ！　なぜ来てくれないの‥‥？	
13544	D1:5989:03174	1	대사	【マコト】落ちつくのよ、マコト‥‥落ちついて考えるの。	
13545	D1:5989:031AE	1	대사	【マコト】制御ディスクを今まではここで管理していた。	
13546	D1:5989:031E6	1	대사	【マコト】当然、反応装置も‥‥‥‥。	
13547	D1:5989:0320E	1	대사	【マコト】あっ、でも最初と最後には教授の端末に制御を移していたわ。	
13548	D1:5989:03254	1	대사	【マコト】そうだわ、なんてこと‥‥。	
13549	D1:5989:0327C	1	대사	【マコト】制御して、教授の算出したデータを導くんじゃない‥‥。	
13550	D1:5989:032BE	1	대사	【マコト】制御のためにデータが必要なんだわ。これじゃあまるで‥‥。	
13551	D1:5989:03304	1	대사	【マコト】鍵の掛かった金庫の中に、その金庫の鍵があるようなものじゃない。	
13552	D1:5989:03350	1	대사	ピピピッ‥‥‥‥‥‥ピッ。	
13553	D1:5989:0337C	1	대사	【マコト】そ、装置の状態が出たわ‥‥‥‥{s00}う、嘘！？	
13554	D1:5989:033B4	1	대사	【マコト】に、２時間ですって‥！？	
13555	D1:5989:033DA	1	대사	【カイル】どうした、マコト。	
13556	D1:5989:0344A	1	대사	【マコト】あ、あと２時間で‥‥‥２時間で装置が臨界点を突破するわ‥‥‥。	
13557	D1:5989:03496	1	대사	【カイル】すると、どうなるんだ？	
13558	D1:5989:034C2	1	대사	【マコト】わ、わからないわ、でも‥‥	
13559	D1:5989:034EA	1	대사	【マコト】もうすでに反応装置は、暴走状態に入っていたのよ！	
13560	D1:5989:03528	1	대사	【カイル】時すでに遅しか‥‥。	
13561	D1:5989:03552	1	대사	【マコト】ご、５時間以上の誤差がある。いったいなぜ‥‥誰かが装置の暴走を速めた？	
13562	D1:5989:035A6	1	대사	【カイル】俺に聞かれても困るな。	
13563	D1:5989:035D2	1	대사	【マコト】ど、どうしよう、もう脱出はできない‥‥。	
13564	D1:5989:03608	1	대사	【カイル】いや、ギリギリだろう。ヘリが１時間半後にはやってくる。それに乗ればいい。	
13565	D1:5989:03666	1	대사	【マコト】他の人は‥‥他の人はどうするの？　《デザイア》に残った人たちは！？	
13566	D1:5989:036B6	1	대사	【カイル】やむを得んだろう。	
13567	D1:5989:036DE	1	대사	【マコト】そ、そんな‥‥！？	
13568	D1:5989:036FE	1	대사	【カイル】飛行機が到着するのが１時間後、	
13569	D1:5989:03734	1	대사	【カイル】給油に整備の時間をあわせても、１時間じゃあちょっと飛べないな。	
13570	D1:5989:0378A	1	대사	【マコト】どうするのよ！	
13571	D1:5989:037A6	1	대사	【カイル】だから言っているだろう、やむを得ないと。	
13572	D1:5989:037E4	1	대사	【マコト】そんな‥‥そんな、酷いわ‥‥。	
13573	D1:5989:03810	1	대사	【カイル】自分が生き延びることを考えろ、マコト。	
13574	D1:5989:0384C	1	대사	【マコト】だって‥‥‥‥。	
13575	D1:5989:0386A	1	대사	【カイル】何が１番大事なのかを見極めることだ。	
13576	D1:5989:038A6	1	대사	【カイル】何から何まで望むと、結局そのツケは自分にまわってくる。	
13577	D1:5989:038F4	1	대사	【マコト】カイル、もうダメだわ‥‥装置の制御ができない‥‥。	
13578	D1:5989:03934	1	대사	【カイル】‥‥‥‥どうやら、お客さんが来たらしい。	
13579	D1:5989:0398A	1	대사	【カイル】表示パネルを見てみろ‥‥。	
13580	D1:5989:039BA	1	대사	【マコト】赤く点滅しているわ。	
13581	D1:5989:039DC	1	대사	【カイル】研究室に、無理に入ろうとした奴がいるということだ。	
13582	D1:5989:03A24	1	대사	【マコト】だ、誰？	
13583	D1:5989:03A3A	1	대사	【カイル】さぁな。だが、ノーマルな奴じゃなさそうだ。	
13584	D1:5989:03A7A	1	대사	【マコト】ど、どうするの？	
13585	D1:5989:03A98	1	대사	【カイル】相手を確かめないことには、何もできないぜ。	
13586	D1:5989:03AD8	1	대사	【マコト】そうね、受付かしら。	
13587	D1:5989:03AFA	1	대사	【カイル】決まっている、受付から研究室へいたるドアだ。	
13588	D1:5989:03B3C	1	대사	【マコト】あっ、そういえば微かに‥‥。	
13589	D1:5989:03B66	1	대사	【カイル】警報が鳴っているな。こちらのスピーカーは切ってあるらしいが‥‥。	
13590	D1:5989:03BBC	1	대사	【マコト】い、行ってみるの？	
13591	D1:5989:03BDC	1	대사	【カイル】行くしかないだろう‥‥こいつを渡しておく。	
13592	D1:5989:03C1C	1	대사	【マコト】こ、こんなの、扱えないわ。	
13593	D1:5989:03C44	1	대사	【カイル】難しいことはない。このスイッチを入れれば、引き金を引くだけで弾が出る。	
13594	D1:5989:03CA0	2	대사	【マコト】そんな‥‥‥‥。	
13595	D1:5989:03CBE	1	대사	【カイル】できるだけ腹を狙え。頭を撃とうなどとするなよ‥‥いくぜ。	
13596	D1:5989:03D0C	1	대사	【マコト】（い、いったい誰が‥‥‥‥。）	
13597	D1:5989:03D42	1	대사	【マコト】だ、誰もいないようだけど‥‥。	
13598	D1:5989:03D6E	1	대사	【カイル】気を抜くな。	
13599	D1:5989:03D90	1	대사	【マコト】で、でも‥‥‥‥。	
13600	D1:5989:03DB0	1	대사	【声】ぐはっ‥‥あぅぅぅ‥‥‥‥。	
13601	D1:5989:03DDE	7	대사	【マコト】あっ‥‥‥‥。	
13602	D1:5989:03DFA	1	대사	【マコト】（声が‥‥‥‥。）	
13603	D1:5989:03E1A	1	대사	【マコト】あっ、あそこに人が‥‥う、嘘‥‥まさか‥‥。	
13604	D1:5989:03E54	1	대사	【カイル】おい馬鹿、うかつに近寄るんじゃない！	
13605	D1:5989:03EA0	1	대사	【カイル】ぐっ‥‥‥‥。	
13606	D1:5989:03EC4	1	대사	【マコト】カイル！？	
13607	D1:5989:03EDC	1	대사	ドサッ‥‥‥‥。	
13608	D1:5989:03EF4	1	대사	【マコト】カイル、カイル！！	
13609	D1:5989:03F14	16	대사	【カイル】‥‥‥‥‥‥。	
13610	D1:5989:03F30	1	대사	【マコト】頭を打ったのね‥‥意識がもうろうとしているようだわ‥‥。	
13611	D1:5989:03F76	1	대사	【声】ま、マコト‥‥‥‥あぅぅぅっ‥‥‥‥。	
13612	D1:5989:03FAE	1	대사	【マコト】う、うそ‥‥なんで‥‥なんでよ！	
13613	D1:5989:03FE2	1	대사	【マコト】レイコ‥‥どういうことなの！？	
13614	D1:5989:0400E	1	대사	【レイコ】マコト‥‥‥‥。	
13615	D1:5989:04034	1	대사	【マコト】レイコ、どうしたのよ、何で生きているの、ねぇ、なんで！？	
13616	D1:5989:0407A	1	대사	【レイコ】あ、あいつは‥‥あぅ‥‥あいつは悪魔よ！	
13617	D1:5989:040B8	1	대사	【マコト】レイコ、どうしたというの、ねぇ、何かちょっと‥‥変‥‥。	
13618	D1:5989:040FE	1	대사	【レイコ】お、お願い‥‥わ、私‥‥撃って‥‥‥‥。	
13619	D1:5989:0413C	1	대사	【マコト】う、撃って？　な、何を言っているのよ！	
13620	D1:5989:04170	1	대사	【レイコ】あぃぃぃぃうぅぅ‥‥あぐくぅぅ‥‥。	
13621	D1:5989:041AA	1	대사	【マコト】レイコ、どうしたの、レイコ！？	
13622	D1:5989:041D6	1	대사	【レイコ】わ、私に近寄らないで！！	
13623	D1:5989:04204	1	대사	【マコト】れ、レイコ‥‥‥‥。	
13624	D1:5989:04226	1	대사	【マコト】（どうしたというの‥‥様子がちょっと変‥‥なんなの‥‥。）	
13625	D1:5989:0426E	1	대사	【レイコ】私はあいつを‥‥‥‥ゲーツを調べていて‥‥‥‥あぐっ！	
13626	D1:5989:042BA	1	대사	【マコト】ゲーツ？　ドクターがどうかしたの？	
13627	D1:5989:042EA	1	대사	【レイコ】た、大変なことに‥‥か、彼はあの‥‥‥‥んあぁぁぁぁっ！！	
13628	D1:5989:0433A	1	대사	【マコト】れ、レイコ、大丈夫なの？　レイコ！？	
13629	D1:5989:0436C	1	대사	【レイコ】いいから聞くの！	
13630	D1:5989:04392	1	대사	【マコト】ビクッ。	
13631	D1:5989:043A8	1	대사	【レイコ】てぃ、ティーナが‥‥反応装置に‥‥きょ、教授‥‥‥‥。	
13632	D1:5989:043F4	1	대사	【マコト】教授？　教授がどうかしたの！？	
13633	D1:5989:04420	1	대사	【レイコ】生物兵器への応用は‥‥‥‥。	
13634	D1:5989:04452	1	대사	【マコト】な、何を言っているの‥‥レイコ？	
13635	D1:5989:04480	1	대사	【レイコ】も、もうダメ‥‥‥‥。	
13636	D1:5989:044AC	1	대사	【マコト】れ、レイコ‥‥‥‥{n00}レイコ？	
13637	D1:5989:044D6	1	대사	【レイコ】もうダメぇぇぇぇぇぇぇぇぇぇぇぇぇっっ！！！	
13638	D1:5989:0451E	1	대사	【マコト】れ、レイコ‥‥な、何なのそれ‥‥。	
13639	D1:5989:0454E	1	대사	【レイコ】ううううううう撃つのよ‥あぁぁぁぁぁぁぁっっ！！	
13640	D1:5989:04594	1	대사	【マコト】レイコ‥‥‥‥何なの、そ、その顔‥‥‥‥イヤ‥‥‥‥。	
13641	D1:5989:045D8	1	대사	【レイコ】ぁぁぁぁぁぁぁぁぁぁぁぃぃぃぃぃぃっっ！！	
13642	D1:5989:04618	1	대사	【マコト】レイコ！？　イヤよ、何なのそれは‥‥何なのよぉぉぉっ！！！	
13643	D1:5989:04660	1	대사	【レイコ】た、たずげ‥‥まごど‥‥‥‥。	
13644	D1:5989:04694	2	대사	【マコト】レイコ‥‥‥‥。	
13645	D1:5989:046B2	1	대사	【レイコ】まご‥‥‥‥だず‥‥‥‥‥‥。	
13646	D1:5989:046E6	1	대사	【マコト】イヤぁぁぁぁぁぁぁぁぁぁっっっ！！！	
13647	D1:5989:0473E	1	대사	【マコト】う、撃っちゃった‥‥れ、レイコを‥‥。	
13648	D1:5989:04772	1	대사	【マコト】う、撃っちゃったわ‥‥‥‥。	
13649	D1:5989:0479C	1	대사	【マコト】嘘‥‥私、レイコを殺しちゃったの？	
13650	D1:5989:047CC	1	대사	【マコト】嘘よ、嘘‥‥‥‥。	
13651	D1:5989:048C6	1	대사	【マコト】私、撃っちゃったの‥‥撃って‥‥撃っちゃったの‥‥。	
13652	D1:5989:04A7C	1	대사	【マコト】（ダメよ、見ないで‥‥見ないで！！）	
13653	D1:5989:04B74	1	대사	【マコト】あれは‥‥あれは‥‥‥‥あれが‥‥‥‥。	
13654	D1:5989:04BAA	1	대사	【マコト】（レイコ‥‥あれがレイコだなんて‥‥。）	
13655	D1:5989:04CCC	1	대사	【マコト】（さっきのは、空耳じゃなかったの？）	
13656	D1:5989:04D1C	1	대사	【マコト】本当に‥‥‥‥本当に知らないのよ！	
13657	D1:5989:04D4C	1	대사	【アル】くそっ‥‥‥お前の{n00}ＩＤカードを貸せ！	
13658	D1:5989:04EAA	1	대사	【マコト】アル、待って！！	
13659	D1:5989:04ED6	1	대사	【マコト】も、もう私‥‥レイコ‥‥。	
13660	D1:5989:04EFE	1	대사	【マコト】フフ、このまま気が触れたら、どれほど楽かしら‥‥。	
13661	D1:5989:04F3E	1	대사	【マコト】楽になってしまいたい‥‥‥‥。	
13662	D1:5989:04F6A	1	대사	【カイル】んくっ‥‥‥‥。	
13663	D1:5989:04F90	1	대사	【マコト】カイル！　そうだわ‥‥カイルがまだ‥‥。	
13664	D1:5989:04FC6	1	대사	【声】イズミ‥‥。	
13665	D1:5989:04FFE	1	대사	【マコト】ど、ドクター！？	
13666	D1:5989:0501C	1	대사	【ゲーツ】やつは、どこだ？	
13667	D1:5989:05042	1	대사	【マコト】や、やつ？	
13668	D1:5989:05064	1	대사	【マコト】あぅぅぅっ！	
13669	D1:5989:0507E	1	대사	【ゲーツ】イズミ君、聞きたいことがある！	
13670	D1:5989:050B2	1	대사	【マコト】ど、ドクター‥‥く、苦しい‥‥。	
13671	D1:5989:050E0	1	대사	【ゲーツ】マルチナは‥‥マルチナはどこだ！？	
13672	D1:5989:05118	1	대사	【マコト】し、知らない‥‥わからない‥‥。	
13673	D1:5989:05146	1	대사	【ゲーツ】いいや、君は知っているはずだ。素直に教えたまえ。	
13674	D1:5989:0518C	1	대사	【マコト】ほ、本当に‥‥‥‥し、知らない‥‥‥‥。	
13675	D1:5989:051C2	1	대사	【ゲーツ】では質問を変えよう。{n00}ティーナはどこだ！？	
13676	D1:5989:05202	1	대사	【マコト】てぃ、ティーナ‥‥‥‥知らない‥‥‥‥。	
13677	D1:5989:05238	1	대사	【ゲーツ】知らぬ存ぜぬの一点張りか‥‥マルチナめ、裏切りおってぇ！	
13678	D1:5989:05286	1	대사	【マコト】（なに、どういうこと‥‥‥‥？）	
13679	D1:5989:052B4	1	대사	【ゲーツ】フッ、イズミ君、君にどなっても詮無きことだ。許してくれたまえ。	
13680	D1:5989:05308	1	대사	【マコト】うくっ‥‥‥‥‥‥。	
13681	D1:5989:0532A	1	대사	【ゲーツ】ちぃぃっ！	
13682	D1:5989:0534E	2	대사	【マコト】（あっ‥‥‥‥。）	
13683	D1:5989:0536E	1	대사	【マコト】（あ、頭を強く打ったわ‥‥‥‥。）	
13684	D1:5989:0539E	1	대사	【マコト】（クラクラする‥‥‥。）	
13685	D1:5989:053C4	1	대사	【マコト】（意識が‥‥‥‥。）	
13686	D1:5989:053E6	1	대사	【マコト】（誰か‥‥‥‥。）	
13687	D1:5989:05426	1	대사	【マコト】（‥‥‥‥‥‥‥‥‥。）	
13688	D1:5989:0544C	1	대사	【声】‥‥さん‥‥。	
13689	D1:5989:0546C	1	대사	【マコト】（ステラ教授が裏切るって、何をどう裏切るの？）	
13690	D1:5989:054A8	1	대사	【マコト】（ティーナが‥‥いったいどういうこと？）	
13691	D1:5989:054DE	1	대사	【マコト】（いったい‥‥‥‥。）	
13692	D1:5989:05502	1	대사	【声】‥‥ズミさん‥‥‥‥。	
13693	D1:5989:0552A	1	대사	【マコト】（誰‥‥‥‥私を呼ぶのは誰‥‥‥‥？）	
13694	D1:5989:0555E	1	대사	【マコト】（ここは‥‥床の上だわ‥‥ひんやりとしていて気持ちいい‥‥。）	
13695	D1:5989:055AA	1	대사	【マコト】（誰が私を呼ぶの‥‥誰が‥‥。）	
13696	D1:5989:055D8	1	대사	【マコト】んっ‥‥あっ‥‥。	
13697	D1:5989:05606	1	대사	【マコト】ここは‥‥研究所内の受付‥‥。	
13698	D1:5989:05632	4	대사	【シェリル】イズミさん！	
13699	D1:5989:05660	1	대사	【マコト】シェリル‥‥いったいどうしたの！？	
13700	D1:5989:05690	1	대사	【シェリル】どうしたのって‥‥私が聞きたいです。	
13701	D1:5989:056CE	1	대사	【シェリル】銃声が聞こえたと思ったらカイルが倒れていて、	
13702	D1:5989:05714	1	대사	【シェリル】死んだはずのレイコさんがここで死んでいて‥‥。	
13703	D1:5989:05778	1	대사	【シェリル】いったい何が起きたんですか？	
13704	D1:5989:057AC	1	대사	【マコト】説明をしている暇はないわ。装置室へ行きましょう。	
13705	D1:5989:057EA	1	대사	【シェリル】装置室に、誰かいるんでしょうか。	
13706	D1:5989:05822	1	대사	【マコト】いるわ、絶対に‥‥。	
13707	D1:5989:05862	1	대사	【マコト】装置室に、絶対‥‥‥‥。	
13708	D1:5989:058A2	3	대사	【マコト】ここは研究室‥‥。	
13709	D1:5989:058C2	1	대사	【マコト】もう、誰もやってこない私の仕事場‥‥。	
13710	D1:5989:05920	1	대사	【マコト】人がいなくて寒々しいわ‥‥。	
13711	D1:5989:0595A	2	대사	【マコト】あっ、教授。	
13712	D1:5989:05974	1	대사	【マルチナ】シェリルが来ていたようね‥‥。	
13713	D1:5989:059AA	1	대사	【マコト】は、はい‥‥やっぱり彼女も薄々感づいていたようです。	
13714	D1:5989:059EC	1	대사	【マルチナ】そう‥‥‥‥。	
13715	D1:5989:05A2A	1	대사	【マルチナ】ずばっと言っても、構わないわ。	
13716	D1:5989:05A60	1	대사	【マコト】（‥そうよね、ここで遠慮してもしょうがないわ。）	
13717	D1:5989:05A9E	1	대사	【マコト】わかりました、それでは言いますが‥‥。	
13718	D1:5989:05AF2	1	대사	【マコト】もはや装置を制御することは不可能です。	
13719	D1:5989:05B44	1	대사	【マコト】言いにくい事ですが、ここ《デザイア》を放棄する必要があると思います。	
13720	D1:5989:05B96	1	대사	【マルチナ】そう、やはりあなたもそう考えるのね。	
13721	D1:5989:05BD2	1	대사	【マコト】あなたもって‥‥教授もそうお考えだったのですか？	
13722	D1:5989:05C10	1	대사	【マルチナ】えぇ、今日来る飛行機で、全職員を《デザイア》から引き上げさせる。	
13723	D1:5989:05C68	1	대사	【マコト】全職員って‥‥教授も？	
13724	D1:5989:05C8C	1	대사	【マルチナ】いいえ、私はここに残るわ。	
13725	D1:5989:05CBE	1	대사	【マコト】そ、そんな！	
13726	D1:5989:05CD8	1	대사	【マルチナ】フフ、大丈夫よ。最終便の手配は既に済んであるわ。	
13727	D1:5989:05D20	1	대사	【マコト】では、私もそれまで残ります。	
13728	D1:5989:05D4A	1	대사	【マルチナ】いいの？　恋人は帰るかもしれないわよ。	
13729	D1:5989:05D88	1	대사	【マコト】公私の混同をするつもりはありません。私も最終便まで残ります。	
13730	D1:5989:05DD2	1	대사	【マルチナ】わかったわ‥‥一応、志願者は残留の許可を出すけど、	
13731	D1:5989:05E1E	1	대사	【マルチナ】出来る限り今日の夕方の便で引き上げさせましょう。	
13732	D1:5989:05E80	2	대사	【マルチナ】どうしたの？　イズミさん。	
13733	D1:5989:05EB2	1	대사	【マコト】い、いえ‥‥その‥‥。	
13734	D1:5989:05ED6	1	대사	【マルチナ】フフ、何よ。	
13735	D1:5989:05EFA	1	대사	【マコト】その‥‥お気に触ったら陳謝しますが、１つ聞かせて下さい。	
13736	D1:5989:05F60	1	대사	【マコト】何故、そんなに冷静でいられるんですか？	
13737	D1:5989:05F94	1	대사	【マルチナ】冷静？	
13738	D1:5989:05FB2	1	대사	【マコト】はい。計測器が届かないときも、工作員の話の時も、	
13739	D1:5989:05FF0	1	대사	【マコト】そして昨日制御ディスクを盗まれたときも‥‥。	
13740	D1:5989:0602A	1	대사	【マルチナ】そうねぇ‥‥。	
13741	D1:5989:0606C	1	대사	【マルチナ】既に起きてしまったことを憂いてもしょうがない。	
13742	D1:5989:060B4	1	대사	【マルチナ】いかに対処を講じるか、が重要じゃないかしら。	
13743	D1:5989:06116	1	대사	【マルチナ】憂いたり、悔しがったり、残念がったりするのは、	
13744	D1:5989:0615E	1	대사	【マルチナ】やるべきことを全てやった人が行えること‥‥。	
13745	D1:5989:061A4	1	대사	【マコト】理屈ではそうですが‥‥。	
13746	D1:5989:061CA	1	대사	【マルチナ】感情に支配されるのは簡単なこと。動物にでもできるわ。	
13747	D1:5989:06216	1	대사	【マコト】そうですね‥‥。	
13748	D1:5989:06234	1	대사	【マルチナ】でもね、イズミさん、私たちは人間よ。	
13749	D1:5989:06284	1	대사	【マルチナ】論理的に考え、原因を究明し、相応の対処を講じる。	
13750	D1:5989:062CE	1	대사	【マルチナ】それができるのは、人間だけなの。	
13751	D1:5989:06324	1	대사	【マルチナ】ＧＵＥＳＳ（考えなさい）と、私はいつもみんなに言ってきたわ。	
13752	D1:5989:06378	1	대사	【マコト】私も、そう教授に言われてきました。	
13753	D1:5989:063A8	1	대사	【マルチナ】多くの人は、何か困難や苦難に出会うと、まず憂い、悔しがり、残念がる‥‥。	
13754	D1:5989:06424	1	대사	【マルチナ】反省は大切な事よ。だけど悔恨だけでは先には進まない。	
13755	D1:5989:06472	1	대사	【マルチナ】多くの人たちは、悔恨から先に進もうとはしない‥‥。	
13756	D1:5989:064BE	1	대사	【マコト】（まるで機械のよう‥‥冷徹で、感情が無く‥‥。）	
13757	D1:5989:064FC	1	대사	【マルチナ】ウフフ、でもね、私も人間よ‥‥。	
13758	D1:5989:06534	3	대사	【マコト】（ドキッ。）	
13759	D1:5989:0654E	1	대사	【マルチナ】私だって、今までに何度となく失敗し、憂い、悔しがり、苦しんだわ。	
13760	D1:5989:065A8	1	대사	【マルチナ】そう、何度となく‥‥。	
13761	D1:5989:065D8	1	대사	【マコト】きょ、{n00}教授のような人でも？	
13762	D1:5989:06602	1	대사	【マルチナ】もちろんよ。でもね、私はそこで諦めたりはしない。	
13763	D1:5989:0664C	1	대사	【マルチナ】もう１度挑戦するわ‥‥そして成功させてみせる。	
13764	D1:5989:06694	1	대사	【マコト】もう１度挑戦する‥‥。	
13765	D1:5989:066B8	1	대사	【マルチナ】いいえ、１度といわず、何度も、成就するまで、永遠に‥‥。	
13766	D1:5989:06708	1	대사	【マコト】永遠に、ですか。気が遠くなります。	
13767	D1:5989:06738	1	대사	【マルチナ】フフ、あくなきチャレンジスピリッツという訳ね。	
13768	D1:5989:0677E	1	대사	【マコト】（凄いわ、やっぱりこの人には叶わない‥‥。）	
13769	D1:5989:067B8	1	대사	【マルチナ】少しおしゃべりが長引いたようね。	
13770	D1:5989:067F0	1	대사	【マコト】あっ、はい‥‥。	
13771	D1:5989:0680E	1	대사	【マルチナ】ここはいいわ。もう《デザイア》の放棄は決定事項。	
13772	D1:5989:06856	1	대사	【マコト】残念です‥‥あっ、すみません。	
13773	D1:5989:06882	1	대사	【マルチナ】フフ、いいわ。今日の夕方の便で、職員を引き上げさせるつもりよ。	
13774	D1:5989:068D8	1	대사	【マコト】急ですね、忙しくなります。	
13775	D1:5989:06900	1	대사	【マルチナ】イズミさんも、荷物の整理をしておきなさい。	
13776	D1:5989:06942	1	대사	【マコト】はい。でも教授は‥‥残られるのでしょう？	
13777	D1:5989:06978	1	대사	【マルチナ】えぇ、私はここに残るわ。	
13778	D1:5989:069C4	1	대사	【マルチナ】私は最後までやってみるつもり。	
13779	D1:5989:069FC	1	대사	【マルチナ】言ったでしょう？　あくなきチャレンジスピリッツと。	
13780	D1:5989:06A48	1	대사	【マコト】最後までお付き合いさせて下さい。	
13781	D1:5989:06A76	1	대사	【マルチナ】そうね‥‥そう言ってもらえると、助かるわ。	
13782	D1:5989:06AB8	1	대사	【マコト】はい‥‥ありがとうございます。	
13783	D1:5989:06AE4	1	대사	【マルチナ】私は、これからまだやることがあるの。	
13784	D1:5989:06B20	1	대사	【マコト】はい、お手伝いは‥‥。	
13785	D1:5989:06B44	1	대사	【マルチナ】おって連絡をするから、それまではここに来なくていいわ。待機していて頂戴。	
13786	D1:5989:06BA4	1	대사	【マコト】はい‥‥わかりました。	
13787	D1:5989:06BEE	1	대사	【マコト】とうとう《デザイア》が放棄されるのね‥‥。	
13788	D1:5989:06C26	1	대사	【マコト】私は‥‥私はやるべき事をやったと、自信をもって言えるのかしら‥‥？	
13789	D1:5989:06C76	1	대사	【マコト】でも、教授は本当に凄い女性‥‥。	
13790	D1:5989:06CA4	1	대사	【マコト】あのパワーはどこから来るのかしら‥‥？	
13791	D1:5989:06CE2	1	대사	【マコト】（あっ、カズミさん‥。）	
13792	D1:5989:06D08	1	대사	【マコト】（そうだわ、今日は研究室の写真撮影‥‥）	
13793	D1:5989:06D3E	1	대사	【マコト】（彼女はお目付役というところかしら。）	
13794	D1:5989:06D72	2	대사	【マコト】おはようございます。	
13795	D1:5989:06D94	2	대사	【カズミ】どうも。	
13796	D1:5989:06DB2	1	대사	【マコト】（相変わらず、{n00}無愛想よね。）	
13797	D1:5989:06DDE	1	대사	【マコト】今日は写真撮影の日ですね。	
13798	D1:5989:06E24	1	대사	【マコト】教授はまだでしょうか。	
13799	D1:5989:06E48	1	대사	【カズミ】さぁ。	
13800	D1:5989:06E64	1	대사	【マコト】（もう、話題を提供しているんだから、少しくらいノってきてよ。）	
13801	D1:5989:06EB0	1	대사	【マコト】（社交辞令の出来ない人よね。）	
13802	D1:5989:06EDC	1	대사	【カズミ】‥‥‥‥技術主任。	
13803	D1:5989:06F1C	1	대사	【カズミ】反応装置の件は、どうなったのかしら、技術主任。	
13804	D1:5989:06F60	1	대사	【マコト】えっ？　は、はい‥‥今日中に対処できなければ、ここ《デザイア》は‥‥。	
13805	D1:5989:06FB4	1	대사	【カズミ】放棄される訳ね、技術主任。	
13806	D1:5989:06FE4	1	대사	【マコト】はい。それから、イズミで構いません。	
13807	D1:5989:07032	1	대사	【マコト】（もう、何だか嫌な感じだわ。）	
13808	D1:5989:0705E	1	대사	【カズミ】来たわ。	
13809	D1:5989:0709E	1	대사	【マルチナ】おはよう、皆さん。	
13810	D1:5989:07108	1	대사	【マルチナ】イズミさん、ではこちらのアルバートさんにご説明を。	
13811	D1:5989:0715C	1	대사	【マコト】（あ、アル‥‥。）	
13812	D1:5989:0717C	1	대사	【アル】よっ、マコト。	
13813	D1:5989:071D0	1	대사	【マコト】す、すみません‥‥わかりました。	
13814	D1:5989:07232	1	대사	【アル】ええ、ではやらせてもらいますよ。	
13815	D1:5989:07270	3	대사	【マコト】ここは研究室‥‥今は誰もいないわ。	
13816	D1:5989:072A0	1	대사	【マコト】装置暴走までの時間を、計測していたのだけど‥‥。	
13817	D1:5989:072DE	1	대사	【マコト】どうやら算出されたようね。計測が終わっているわ。	
13818	D1:5989:07326	1	대사	【マコト】ここは研究室‥‥今は誰もいない。	
13819	D1:5989:07354	1	대사	【マコト】装置暴走までの時間を計測していたのだけど‥‥。	
13820	D1:5989:07390	1	대사	【マコト】まだ、計測結果は出ていないようね‥‥。	
13821	D1:5989:073FE	1	대사	【マコト】さっ、暴走までのタイムリミットの計算をしてしまいましょう。	
13822	D1:5989:074A6	1	대사	【マコト】おかしいわ‥‥。	
13823	D1:5989:074C4	1	대사	【マコト】どうしたのかしら‥‥人が誰もいないみたい。	
13824	D1:5989:07518	1	대사	【マコト】みんなどこにいったのかしら？	
13825	D1:5989:0756A	1	대사	【マコト】どうしたの、レイコ。みんなはどこに‥‥？	
13826	D1:5989:075A0	1	대사	【レイコ】よかったわ、フォン呼び出しに応じないから、	
13827	D1:5989:075E2	1	대사	【レイコ】どこへ行ったのかと思ったけど‥‥。	
13828	D1:5989:0761C	1	대사	【マコト】どうしたの？　そんなに息を切らして。	
13829	D1:5989:0764E	1	대사	【レイコ】マコト、大変なことになったわ。	
13830	D1:5989:07682	1	대사	【マコト】今日はまた派手な服装ね、やっぱり凄いわ。	
13831	D1:5989:076B8	2	대사	【レイコ】マコト‥‥。	
13832	D1:5989:076DA	1	대사	【マコト】ど、どうしたのよ。	
13833	D1:5989:076FA	1	대사	【レイコ】深刻にならざるをえないわよ‥‥。	
13834	D1:5989:07730	1	대사	【マコト】いったいどうしたと言うの。	
13835	D1:5989:07758	1	대사	【レイコ】反応装置の‥‥装置の制御用データディスクを、盗まれてしまったわ‥‥。	
13836	D1:5989:077B2	4	대사	【マコト】な、なんですって！？	
13837	D1:5989:077D4	1	대사	【レイコ】ちょ、ちょっと声が大きいわよ‥‥まだこれは極秘事項なの。	
13838	D1:5989:07822	1	대사	【マコト】あ、あれがなければ、装置を制御することができない‥‥。	
13839	D1:5989:07866	1	대사	【レイコ】装置が制御できないと‥‥。	
13840	D1:5989:07896	1	대사	【マコト】考えたくないわね、いったい誰が？	
13841	D1:5989:078C4	1	대사	【レイコ】それがわかれば苦労は無いわ‥‥でも予想はできるわね。	
13842	D1:5989:0790E	1	대사	【マコト】例の、工作員説？	
13843	D1:5989:0792C	1	대사	【レイコ】そうね‥‥‥‥。	
13844	D1:5989:07952	1	대사	【マコト】そうよ、バックアップがあるはずよ、それはどうしたの？	
13845	D1:5989:07994	1	대사	【レイコ】全部、ごっそりと。	
13846	D1:5989:079D8	1	대사	【レイコ】内部の者の犯行ね‥‥。	
13847	D1:5989:07A04	1	대사	【マコト】考えたくはないけど‥‥教授はもうこのことを？	
13848	D1:5989:07A3E	1	대사	【レイコ】もちろんよ。財団側と連絡を密に取り合っているわ。	
13849	D1:5989:07A84	1	대사	【マコト】暴走までに、どのくらいの時間があるのかしら。	
13850	D1:5989:07ABE	1	대사	【レイコ】教授の概算だと、遅くても明後日には‥‥。	
13851	D1:5989:07AFC	1	대사	【マコト】なんてことなの！	
13852	D1:5989:07B1A	1	대사	【レイコ】これは極秘事項よ。職員ほとんどに休暇を出したの。	
13853	D1:5989:07B60	1	대사	【マコト】それが正解ね‥‥こんなことが知れたら、パニックよ。	
13854	D1:5989:07BA0	1	대사	【レイコ】あと、装置室の女の子がまだ残っているわ。	
13855	D1:5989:07BE0	1	대사	【レイコ】やり残したことがあるということで‥‥。	
13856	D1:5989:07C1E	1	대사	【マコト】シェリルね‥‥わかったわ、彼女には今日休んでもらう。	
13857	D1:5989:07C60	1	대사	【レイコ】それがいいわ。私は、やることがあるから、もう行くわね。	
13858	D1:5989:07CAC	1	대사	【マコト】教授はどこにいるの？	
13859	D1:5989:07CCE	1	대사	【レイコ】個室の方にいるわよ‥‥。	
13860	D1:5989:07D22	1	대사	【マコト】装置の制御用データディスクを‥‥。	
13861	D1:5989:07D52	1	대사	【マコト】いったい誰が‥‥。	
13862	D1:5989:07D72	1	대사	【マコト】ううん、やったのは例の工作員とやらに決まってる。だけど‥‥。	
13863	D1:5989:07DBC	1	대사	【マコト】内部の者が‥‥考えたくはないけど、そう考えるのが自然。	
13864	D1:5989:07E00	1	대사	【マコト】大変なことになってしまったわ‥‥。	
13865	D1:5989:07E30	2	대사	【シェリル】あっ、イズミさん。	
13866	D1:5989:07E64	1	대사	【マコト】し、シェリル！　今の話を‥‥。	
13867	D1:5989:07E90	1	대사	【シェリル】話って、何のことでしょうか。	
13868	D1:5989:07EC4	1	대사	【マコト】い、いえ‥‥何でもないわ。	
13869	D1:5989:07EEC	1	대사	【シェリル】装置のチェックは一応終わりました。やっと、実験準備にかかることが‥‥。	
13870	D1:5989:07F4A	1	대사	【マコト】シェリル。	
13871	D1:5989:07F80	1	대사	【マコト】今日は休暇を出します。ゆっくりしてらっしゃい。	
13872	D1:5989:07FBC	1	대사	【シェリル】え？　で、でも今日明日中には‥‥。	
13873	D1:5989:07FF6	1	대사	【マコト】測定器の到着が都合で遅くなってしまうのよ‥‥だから、実験は当分延期。	
13874	D1:5989:08048	1	대사	【シェリル】そ、そうだったんですか‥‥。	
13875	D1:5989:0807C	1	대사	【マコト】フフ、そんなに残念そうな顔をしないで。別に中止になる訳じゃないわ。	
13876	D1:5989:080CC	1	대사	【シェリル】そうですよね！	
13877	D1:5989:080F2	1	대사	【マコト】今日はゆっくりと羽を伸ばしてらっしゃい。	
13878	D1:5989:08128	1	대사	【シェリル】は、はい‥‥あの、イズミさん。	
13879	D1:5989:08172	1	대사	【シェリル】その‥‥アルバートさんとは、どうですか？	
13880	D1:5989:081B2	1	대사	【マコト】ど、どうって‥‥どういうこと？	
13881	D1:5989:081DE	1	대사	【シェリル】あの‥‥私、今日アルバートさんに誘われているんです。	
13882	D1:5989:0822A	1	대사	【マコト】さ、誘われてる？	
13883	D1:5989:08248	1	대사	【シェリル】えぇ、泳ぎに行かないかって‥‥。	
13884	D1:5989:08282	1	대사	【シェリル】一応、イズミさんに言っておいた方がいいかなと‥‥。	
13885	D1:5989:082CE	1	대사	【マコト】フフ、バカね‥‥いいわ、今日はアルを貸してあげる。	
13886	D1:5989:0830E	1	대사	【シェリル】あ、ありがとうございます。それでは‥‥。	
13887	D1:5989:08358	1	대사	【マコト】フフ、私に断る人がどこにいるのよ。	
13888	D1:5989:08388	1	대사	【マコト】シェリルって、本当に可愛い子ね。世間知らずというか‥‥。	
13889	D1:5989:083CE	1	대사	【マコト】アル‥‥もう、あの子の純情を踏みにじったら、ただじゃおかないわよ。	
13890	D1:5989:0841E	1	대사	【マコト】ふぅ‥‥それにしても大変なことになってしまったわ‥‥。	
13891	D1:5989:08462	1	대사	【マコト】教授に詳細を聞いてみないと‥‥。	
13892	D1:5989:0849A	1	대사	【マコト】ここは研究室ね‥‥。	
13893	D1:5989:084BC	1	대사	【マコト】さっ、やることをやってしまいましょう。	
13894	D1:5989:084FA	2	대사	【マコト】ここは研究室だわ‥‥。	
13895	D1:5989:0851E	2	대사	【マコト】職員が慌ただしく行き来している。	
13896	D1:5989:085B2	1	대사	【マコト】（あっ‥‥‥‥財団から派遣された人かしら？）	
13897	D1:5989:085EC	1	대사	【マルチナ】遅かったですね、イズミさん。	
13898	D1:5989:08620	1	대사	【マコト】遅れて申し訳ありませんでした。	
13899	D1:5989:0864C	1	대사	【マコト】飛行場に記者の方を迎えに行っていたもので‥‥。	
13900	D1:5989:08688	1	대사	【マルチナ】ちょっとマズいことになってしまったわ‥‥。	
13901	D1:5989:086CA	1	대사	【マコト】どうしたんですか？	
13902	D1:5989:08708	1	대사	【マコト】（少し厳しい顔をしている‥‥何があったのかし{n00}ら？）	
13903	D1:5989:08764	6	선택지	　端末に向かう	
13904	D1:5989:08774	1	대사	【マコト】装置の音だけが不気味に聞こえてくる‥‥。	
13905	D1:5989:087AA	2	대사	【マコト】誰もいない研究室‥‥。	
13906	D1:5989:087CE	1	대사	【マコト】今日の夜を境に、今後誰も来なくなってしまう‥‥。	
13907	D1:5989:0880C	1	대사	【マコト】無論、私も例外ではないわ。	
13908	D1:5989:08834	1	대사	【マコト】寒々しい研究室だわ‥‥。	
13909	D1:5989:0885A	1	대사	【マコト】今日の夕方には、大半の職員がここ《デザイア》を引き上げてしまう‥‥。	
13910	D1:5989:088AC	1	대사	【マコト】何だか、寒々しいわ‥‥一頃の熱気が嘘のよう‥‥。	
13911	D1:5989:0890E	1	대사	【マコト】でも、今日の夕方以降は本当に誰もいなくなってしまうのね。	
13912	D1:5989:08964	10	선택지	　装置室	
13913	D1:5989:0896E	4	대사	【マコト】そうね、研究室を出ましょう。	
13914	D1:5989:0899E	1	대사	【マコト】装置室に行くのね？	
13915	D1:5989:089C4	1	대사	【マコト】ここまで来たら、慌てても仕方がないわ。	
13916	D1:5989:089F8	1	대사	【マコト】もう《デザイア》の放棄は決定されたわ‥‥。	
13917	D1:5989:08A30	1	대사	【マコト】今は少し気分転換をしたいわね。	
13918	D1:5989:08A76	2	대사	【マコト】反応装置だわ‥‥不気味な音と色を醸し出している。	
13919	D1:5989:08AB4	2	대사	【マコト】もはやこの装置の真の姿は、ステラ教授にしかわからないのかもしれない‥‥。	
13920	D1:5989:08B0A	1	대사	【マコト】もはや装置の制御は、不可能‥‥‥‥？	
13921	D1:5989:08B3C	1	대사	【マコト】ここ《デザイア》を放棄するというの‥‥。	
13922	D1:5989:08B72	1	대사	【マコト】ここでやってきたことが、全て無駄に‥‥？	
13923	D1:5989:08BC4	1	대사	【マコト】ううん、そんなことはないわ。ステラ教授がおられる限り‥‥。	
13924	D1:5989:08C0C	1	대사	【マコト】でも、教授はこの研究を続行される意志がおありなのかしら。	
13925	D1:5989:08C62	2	대사	【マコト】そうね、装置室を出ましょう。	
13926	D1:5989:08CB6	1	대사	【マコト】研究室には私が１人だけ‥‥。	
13927	D1:5989:08CE0	1	대사	【マコト】だけど、装置室に誰かがいる‥‥！？	
13928	D1:5989:08D10	1	대사	【マコト】研究室には、私が１人だけ‥‥。	
13929	D1:5989:08D3C	1	대사	【マコト】いつもなら、慌ただしく歩き回る職員で溢れていたこの研究室も‥‥。	
13930	D1:5989:08D8A	1	대사	【マコト】寂しくなったものよね。	
13931	D1:5989:08DAE	1	대사	【マコト】今日も、職員のほとんどがお休み‥‥。	
13932	D1:5989:08DE0	1	대사	【マコト】でも、いつまでも隠し通せないわ。今日中に何とかしなければ‥‥。	
13933	D1:5989:08E46	1	대사	【マコト】それよりも、装置室へ行くのが先よ。	
13934	D1:5989:08E76	1	대사	【マコト】誰が制御データを操作しているのかしら‥‥。	
13935	D1:5989:08EAE	1	대사	【マコト】早く装置のチェックをしてしまわないと。	
13936	D1:5989:08EE2	1	대사	【マコト】今日中に装置のチェックを済ませてしまわないと‥‥。	
13937	D1:5989:08F22	1	대사	【マコト】時間がおしているわ、早くやりましょう。	
13938	D1:5989:08F56	1	대사	【マコト】そうよ、装置室へ行って確かめるのも私の責務‥‥。	
13939	D1:5989:08F94	1	대사	【マコト】装置室へ言ってみましょう。	
13940	D1:5989:08FC6	1	대사	【マコト】反応装置だわ‥‥‥。	
13941	D1:5989:08FE8	1	대사	【マコト】もうすぐ臨界点を越えて暴走を始めようとしている‥‥。	
13942	D1:5989:0902A	1	대사	【マコト】もう、成す術はないのかしら‥‥。	
13943	D1:5989:09058	1	대사	【シェリル】イズミさん。	
13944	D1:5989:0907C	1	대사	【マコト】ドキッ！	
13945	D1:5989:0909C	1	대사	【マコト】し、シェリル‥‥脅かさないで頂戴。	
13946	D1:5989:090CC	1	대사	【シェリル】す、すみません。	
13947	D1:5989:090F4	1	대사	【マコト】いったいここで何をしているの？	
13948	D1:5989:09120	1	대사	【シェリル】はい。どうも、昨日から装置制御に関して不可解なところがあって‥‥。	
13949	D1:5989:0917A	1	대사	【マコト】不可解なところ？	
13950	D1:5989:09198	1	대사	【シェリル】はい。データの増大率が飛躍的にアップしています。	
13951	D1:5989:091E2	1	대사	【シェリル】このままだと、危険な状況になりかねません。	
13952	D1:5989:09226	1	대사	【マコト】（さすがよね。昨日のチェック段階で気付いていたなんて‥‥。）	
13953	D1:5989:09270	1	대사	【シェリル】これは明らかに制御不能な状況です。なぜ、しかるべき管理をしないのですか？	
13954	D1:5989:092D0	1	대사	【マコト】シェリルが見るところ、このままだと装置の制御は不可能ということね。	
13955	D1:5989:09320	1	대사	【シェリル】誰の目にも明らかです。このままだと、暴走状態に突入して‥‥。	
13956	D1:5989:09374	1	대사	【マコト】そこまでよ。	
13957	D1:5989:0938E	3	대사	【シェリル】イズミさん‥‥。	
13958	D1:5989:093B6	1	대사	【マコト】今日も休暇を戴いたはずでしょう？　宿舎にかえってお休みなさい。	
13959	D1:5989:09402	1	대사	【シェリル】ですが、この状況は‥‥。	
13960	D1:5989:09432	1	대사	【マコト】シェリル、これは技術主任としての命令よ。	
13961	D1:5989:0948E	1	대사	【マコト】そのうち、きちんとした説明をするわ。今は黙って言うことを聞いて欲しいの。	
13962	D1:5989:094E4	1	대사	【シェリル】わかりました‥‥失礼します。	
13963	D1:5989:09522	1	대사	【マコト】怒らせてしまったかしら‥‥‥ごめんなさい、シェリル。	
13964	D1:5989:09580	1	대사	【マコト】フフ、暴走突入は、誰の目にも明らか‥‥ね。	
13965	D1:5989:095B8	1	대사	【マコト】もうどうしようもないわ‥‥。	
13966	D1:5989:095E2	1	대사	【マコト】装置室へわざわざ行く必要はないわよ。	
13967	D1:5989:09614	1	대사	【マコト】装置制御は、{n00}ここのコンソールから可能だわ。	
13968	D1:5989:0964E	1	대사	【マコト】装置室へ行かなくても大丈夫ね。	
13969	D1:5989:0967A	1	대사	【マコト】装置室で、誰かが制御データを操作している‥‥。	
13970	D1:5989:096B6	1	대사	【マコト】気になるわ‥‥。	
13971	D1:5989:096DA	1	대사	【マコト】そうね、今日中になんとしても‥‥。	
13972	D1:5989:0970A	3	대사	カタカタカタ‥‥‥‥‥‥。	
13973	D1:5989:09732	1	대사	【マコト】（もはや装置を制御することは不可能かもしれない‥‥だけど。）	
13974	D1:5989:09798	1	대사	【マコト】（だけど、止める手だては何かあるはずだわ。）	
13975	D1:5989:097D2	1	대사	【マコト】（ここ《デザイア》を放棄することだけは、何としてでも避けなくては‥‥。）	
13976	D1:5989:09844	1	대사	【マコト】（‥‥でも、さっき教授は言っていたわ。）	
13977	D1:5989:0987A	1	대사	【マコト】（教授の夫であったグスタフ・ステラドヴィッチは）	
13978	D1:5989:098B8	1	대사	【マコト】（この反応装置を制御する方程式を導き出すことができなかったと‥‥。）	
13979	D1:5989:0990A	1	대사	【マコト】（逆に考えると、ステラ教授は導き出すことができたということかしら‥‥？）	
13980	D1:5989:09960	1	대사	【マコト】（研究は最終段階に入り）	
13981	D1:5989:09986	1	대사	【マコト】（誰が妨害しようとも装置は止められないと言っていた‥‥。）	
13982	D1:5989:099CE	1	대사	【マコト】（誰が妨害しようとも‥{n00}‥？）	
13983	D1:5989:09A16	1	대사	【マコト】（するとこの装置の暴走も、教授の計算のうち？）	
13984	D1:5989:09A52	1	대사	【マコト】（これは飛躍のし過ぎよね‥‥そんなことある訳が‥‥‥‥{s00}あら？）	
13985	D1:5989:09AA0	1	대사	【マコト】別の場所から制御データが操作されているわ。	
13986	D1:5989:09AD8	1	대사	【マコト】制御はここと装置室の分散処理よ、すると装置室に誰かがいるの？	
13987	D1:5989:09B22	1	대사	【マコト】だって、ここには私１人しか‥‥‥‥{s00}あっ！	
13988	D1:5989:09B5A	1	대사	【マコト】も、もしかすると、例の工作員‥‥？	
13989	D1:5989:09B8A	1	대사	【マコト】ま、まさか‥‥でも‥‥。	
13990	D1:5989:09BD2	1	대사	【マコト】（何とかアルの追撃をかわさないと‥‥。）	
13991	D1:5989:09C08	1	대사	【マコト】（でも、職員が何もいないのを不審がらないかし{n00}ら。）	
13992	D1:5989:09C4A	1	대사	【マコト】（変なところに気が付く人だから‥‥。）	
13993	D1:5989:09C7E	1	대사	【マコト】（何とかこの場を乗り切るのが、今の私の責務よ{n00}ね。）	
13994	D1:5989:09CC0	1	대사	【マコト】（アルが目の前にいる‥‥‥‥。）	
13995	D1:5989:09CEE	1	대사	【マコト】（不遜な態度に、シニカルな笑み、相変わらずよね）	
13996	D1:5989:09D2C	1	대사	【マコト】（何か、もめ事が起こらなければいいのだけど‥。）	
13997	D1:5989:09D84	1	대사	【マコト】今は研究室を出られないわ‥‥。	
13998	D1:5989:09DB0	1	대사	【マコト】研究室を出るの？　アルと話しているというのに。	
13999	D1:5989:09DEC	1	대사	【マコト】今は装置室に行くべきときじゃないわ。	
14000	D1:5989:09E1E	1	대사	【マコト】装置室に用はないわ。今はアルと話すとき‥‥。	
14001	D1:5989:09E58	1	대사	【アル】何だい、さっきからチラチラとよそ見をして。	
14002	D1:5989:09E96	1	대사	【マコト】い、いえ‥‥何でもないのよ。	
14003	D1:5989:09F1E	1	대사	【マコト】（また変な事じゃないでしょうね。）	
14004	D1:5989:09F98	2	대사	【マコト】えっ！？	
14005	D1:5989:09FAE	1	대사	【マコト】（な、何でアルが反応装置のことを知っている{n00}の！？）	
14006	D1:5989:0A016	1	대사	【アル】というと、反応装置というのが、{n00}ここにあるんですね？	
14007	D1:5989:0A16A	1	대사	【アル】で、反応装置というのは？	
14008	D1:5989:0A196	1	대사	【マコト】教授‥‥。	
14009	D1:5989:0A1AE	1	대사	【マルチナ】いいのよ、イズミさん。	
14010	D1:5989:0A1F8	1	대사	【マルチナ】停止したＴ粒子にある一定の加速度ベクトルを加え、	
14011	D1:5989:0A242	1	대사	【マルチナ】そこから放射される、波長の極めて短いエネルギーを取得する装置。	
14012	D1:5989:0A29A	1	대사	【アル】なるほど。凄い装置ですね。	
14013	D1:5989:0A2C8	1	대사	【マコト】（どういうこと‥‥。）	
14014	D1:5989:0A37C	1	대사	【マコト】（き、教授‥‥いったい何を言い出すの！？）	
14015	D1:5989:0A4B6	1	대사	【アル】旦那さんの研究を受け継いだんじゃなかったんです{n00}か？	
14016	D1:5989:0A500	1	대사	【マコト】（そうよ、この反応装置{n00}は、）	
14017	D1:5989:0A52C	1	대사	【マコト】（今は無きグスタフ・ステラドヴィッチの手によるもの‥‥。）	
14018	D1:5989:0A574	1	대사	【マコト】（教授の夫であった‥‥‥‥。）	
14019	D1:5989:0A5A0	1	대사	【マコト】（だけど、それが違うというの？）	
14020	D1:5989:0A776	1	대사	【マコト】（制御できなければ、単なる暴走だわ。教授、何を言い出すの‥‥？）	
14021	D1:5989:0A8C2	1	대사	【マコト】（予想はしていたわ‥。）	
14022	D1:5989:0A8E8	1	대사	【マコト】（でもＢ兵器への応用を口にされたのは、恐らく初めて‥‥。）	
14023	D1:5989:0A930	1	대사	【マコト】（教授もやはり考えていたんだわ‥‥いえ、その事実を知っていたのよ。）	
14024	D1:5989:0A982	1	대사	【アル】‥‥何故俺に？	
14025	D1:5989:0AAEA	3	대사	【マコト】きょ、教授‥‥‥‥。	
14026	D1:5989:0AB0C	1	대사	【マコト】（行ってしまったわ‥‥‥‥。）	
14027	D1:5989:0AB38	1	대사	【マコト】（どういうこと‥‥教授はいったい何を‥‥。）	
14028	D1:5989:0AB72	1	대사	【マコト】（軍事兵器への応用は私自身、薄々感づいていた‥{n00}‥。）	
14029	D1:5989:0ABB6	1	대사	【マコト】（でも、イニシアティブをとるべき教授が、公然と言われるなんて‥‥。）	
14030	D1:5989:0AC24	3	대사	【マコト】アル‥‥‥‥。	
14031	D1:5989:0AD16	1	대사	【マコト】（本当に、どうしてしまったのかしら‥‥。）	
14032	D1:5989:0AD72	1	대사	【マコト】え？　えぇ‥‥。	
14033	D1:5989:0AE96	1	대사	【マコト】（それがいいのかも知れない‥‥。）	
14034	D1:5989:0AEC6	1	대사	【マコト】（私自身、自分の気持ちを見つめなおしたいわ‥。）	
14035	D1:5989:0AFF0	1	대사	【マコト】行ってしまった‥‥。	
14036	D1:5989:0B02E	1	대사	【マコト】でも教授、いったい何をお考えなのかしら‥‥？	
14037	D1:5989:0B068	1	대사	【マコト】Ｂ兵器への応用‥‥想像はしていたけど、それが現実のものだったなんて‥‥。	
14038	D1:5989:0B0BE	1	대사	【マコト】アルは‥‥アルはどう思ったのかしら‥‥。	
14039	D1:5989:0B0F4	1	대사	【マコト】教授のお話を聞いて‥‥。	
14040	D1:5989:0B1D8	1	대사	【カズミ】この時期がどの時期かはわからないのだけれど、	
14041	D1:5989:0B2A4	1	대사	【マコト】（さすがカズミさんね、こういう時はちょっとだけ、頼りになるわ。）	
14042	D1:5989:0B392	1	대사	【マコト】（ま、また変なことを考えてるに違いないわ‥‥。）	
14043	D1:5989:0B3D0	1	대사	【マコト】で、でも私の下着とか脇の下なんかはダメよ。	
14044	D1:5989:0B440	1	대사	【マコト】（わ、私ったら、なんて恥ずかしいことを‥‥。）	
14045	D1:5989:0B4B6	1	대사	【アル】もしかしてマコト、下着とか脇の下撮られるの、期待してんじゃないのぉ？	
14046	D1:5989:0B592	1	대사	【マコト】（もう、無視よ、無視。何を言われても無視。）	
14047	D1:5989:0B5FA	1	대사	【マコト】その他に何か？（無視、無視。）	
14048	D1:5989:0B7FE	1	대사	【マコト】早く教授の部屋へ報告しに行きましょう。	
14049	D1:5989:0B832	1	대사	【マコト】装置暴走までの算出結果が出ているはずよ。	
14050	D1:5989:0B868	1	대사	【マコト】早く端末で調べてみましょう。	
14051	D1:5989:0B8AC	1	대사	【マコト】そうよ、教授の部屋に行って報告をしなくちゃ。	
14052	D1:5989:0B8E6	1	대사	【マコト】研究室を出ましょう。	
14053	D1:5989:0B90E	1	대사	【マコト】算出結果を調べるのが先よ。	
14054	D1:5989:0B936	1	대사	【マコト】装置暴走までのタイムリミットが算出されたわ。	
14055	D1:5989:0B970	1	대사	【マコト】早く調べましょう！	
14056	D1:5989:0B990	1	대사	【マコト】装置室に行くよりも、教授への報告が先よ。	
14057	D1:5989:0B9C6	1	대사	【マコト】後３０時間しか残されていない‥‥１分１秒も無駄にしたくないわ。	
14058	D1:5989:0BA12	1	대사	【マコト】装置室は関係ないわ。	
14059	D1:5989:0BA34	1	대사	【マコト】装置室よりも、暴走までのタイムリミットが気になるわ。	
14060	D1:5989:0BA76	1	대사	【マコト】端末で調べてみましょう。	
14061	D1:5989:0BA9C	1	대사	【マコト】装置暴走までのタイムリミットは、約３０時間と算出されたわ。	
14062	D1:5989:0BAE4	1	대사	【マコト】早く教授に報告しに行きましょう。	
14063	D1:5989:0BB12	1	대사	【マコト】そうね、装置暴走までのタイムリミットが算出されているはずよ‥‥。	
14064	D1:5989:0BB66	1	대사	【マコト】意外に手間取ったわ。早く結果をみてみましょう。	
14065	D1:5989:0BBC4	1	대사	【マコト】装置暴走までの時間は‥‥‥‥{s00}なんですって！？	
14066	D1:5989:0BC00	1	대사	【マコト】そ、そんなことって‥‥あと、さ、３５時間しかないの！？	
14067	D1:5989:0BC44	1	대사	【マコト】い、いえ違うわ‥‥‥‥。	
14068	D1:5989:0BC6A	1	대사	【マコト】計測開始からの５時間を差し引いて、今から暴走までの時間は‥‥‥‥。	
14069	D1:5989:0BCBA	1	대사	【マコト】約３０時間‥‥！？	
14070	D1:5989:0BCF6	1	대사	【マコト】どうしたらいいの‥‥もう装置は止められないわ。	
14071	D1:5989:0BD32	1	대사	【マコト】何てこと‥‥ここまで漕ぎ付けるのに、	
14072	D1:5989:0BD64	1	대사	【マコト】どれほどの時間と労力をさいてきたのか‥‥。	
14073	D1:5989:0BD9C	1	대사	【マコト】それが、全て無に帰してしまうというの？	
14074	D1:5989:0BDD0	1	대사	【マコト】今までがんばってきたのは、一体何だったの‥‥。	
14075	D1:5989:0BE28	1	대사	【マコト】フフ、もっとも一番ショックなのは教授かもしれないわね‥‥。	
14076	D1:5989:0BE70	1	대사	【マコト】私なんかの何倍も、何十倍も‥‥。	
14077	D1:5989:0BE9E	1	대사	【マコト】とりあえず、教授に報告をしたほうがいいと思うわ。	
14078	D1:5989:0BF18	1	대사	【マコト】（教授が、私の前にいる‥‥。）	
14079	D1:5989:0BF44	1	대사	【マコト】（本当に、いつも落ちついている人よね‥‥。）	
14080	D1:5989:0BF7E	1	대사	【マコト】あたりに人はいないようね‥‥。	
14081	D1:5989:0BFAA	1	대사	【マコト】少し寂しい気がするわ。	
14082	D1:5989:0BFCE	1	대사	【マコト】まわりに人はいないようね‥‥。	
14083	D1:5989:0BFFA	1	대사	【マコト】職員のほとんどには、休暇を出してしまった‥‥。	
14084	D1:5989:0C036	1	대사	【マコト】最悪の場合、ここは放棄されてしまうのね。	
14085	D1:5989:0C06C	1	대사	【マコト】現在も稼働している反応装置‥‥。	
14086	D1:5989:0C09A	1	대사	【マコト】あれが今、暴走の危機にひんしているのよ。	
14087	D1:5989:0C0D0	1	대사	【マコト】いったい後、どのくらいの時間の猶予があるのか‥‥。	
14088	D1:5989:0C15A	1	대사	【マコト】教授が目の前にいるのよ、無視して出られる訳、ないじゃない。	
14089	D1:5989:0C1A2	1	대사	【マコト】早く端末に向かって、装置暴走までのタイムリミットを算出しましょう。	
14090	D1:5989:0C1F2	1	대사	【マコト】装置室に行くの？	
14091	D1:5989:0C216	1	대사	【マコト】教授ともう少しお話をした方が、いいんじゃないかしら。	
14092	D1:5989:0C258	1	대사	【マコト】装置室に行っても、暴走までの時間は割り出せないわ。	
14093	D1:5989:0C298	1	대사	【マコト】さ、早く端末に向かいましょう。	
14094	D1:5989:0C2C4	1	대사	【マコト】装置暴走までの時間は、まだ計測途中だわ。	
14095	D1:5989:0C2FA	1	대사	【マコト】結果が出るまで、もう少し時間がかかりそうね‥‥。	
14096	D1:5989:0C338	1	대사	【マコト】装置暴走までの時間は、現在計算中よ。	
14097	D1:5989:0C36A	1	대사	【マコト】数時間かかるから、その間に少し休んでおこうかしら‥‥。	
14098	D1:5989:0C3AE	1	대사	【マコト】そういえば、今日はインタビューではなかったのですか？	
14099	D1:5989:0C3F0	1	대사	【マルチナ】フフフ‥‥。	
14100	D1:5989:0C414	1	대사	【マコト】な、何かあったんですか？	
14101	D1:5989:0C43A	1	대사	【マルチナ】フフ、ごめんなさい‥‥彼、結構面白い人ね。取材では笑わせてもらったわ。	
14102	D1:5989:0C498	1	대사	【マコト】（教授が記者に対してこんな反応をするなんて‥。）	
14103	D1:5989:0C4D6	1	대사	【マコト】（アルったら意外に好まれるタイプなのかしら。）	
14104	D1:5989:0C512	1	대사	【マルチナ】あなたの恋人だったわね‥‥うまくいっているの？	
14105	D1:5989:0C558	4	대사	【マコト】え、えぇ‥‥。	
14106	D1:5989:0C592	1	대사	【マコト】（どうしたのかしら‥‥表情が翳ったけど‥‥。）	
14107	D1:5989:0C60A	1	대사	【マルチナ】少しあなたもお休みなさい。ここ最近、ずっとつめていたでしょう。	
14108	D1:5989:0C660	1	대사	【マコト】で、でも状況が状況ですから‥‥。	
14109	D1:5989:0C68E	1	대사	【マルチナ】休むのも仕事のうち。	
14110	D1:5989:0C6BC	1	대사	【マルチナ】疲れて何かミスでもしでかせば、それこそ取り返しがつかないわ。	
14111	D1:5989:0C712	1	대사	【マコト】わ、わかりました‥‥。	
14112	D1:5989:0C736	1	대사	【マルチナ】じゃあ、早く帰ってお休みなさい。	
14113	D1:5989:0C778	1	대사	【マコト】確かに私‥‥少し疲れてしまっている‥‥。	
14114	D1:5989:0C7AE	1	대사	【マコト】輸送機の事故に、工作員の可能性、制御用ディスクの盗難‥‥。	
14115	D1:5989:0C7F6	1	대사	【マコト】やるべき事、考えるべき事が多すぎたのかもしれないわ‥‥。	
14116	D1:5989:0C858	1	대사	【マコト】そうね、宿舎に帰って少し休もうかしら。	
14117	D1:5989:0C88C	1	대사	【マルチナ】装置暴走までの正確な時間は算出できそう？	
14118	D1:5989:0C8CC	1	대사	【マコト】はい、でも意外に時間がかかりそうです‥‥。	
14119	D1:5989:0C904	1	대사	【マルチナ】フフ、その間に暴走ということにならなければ、いいんだけど。	
14120	D1:5989:0C956	1	대사	【マコト】クスッ、本当にそうですね。	
14121	D1:5989:0C99C	1	대사	【マコト】‥‥教授。	
14122	D1:5989:0C9D8	1	대사	【マコト】あの装置は‥‥最終的にどのような目的に使われるんでしょうか？	
14123	D1:5989:0CA22	1	대사	【マルチナ】最終的に使う目的を判断するのは、スポンサーの役目。	
14124	D1:5989:0CA88	1	대사	【マルチナ】我々は、スポンサーの望む性能の装置を作り上げる‥‥それが仕事よ。	
14125	D1:5989:0CAE0	1	대사	【マコト】教授は‥‥教授はどういう目的が望ましいとお考えですか？	
14126	D1:5989:0CB24	1	대사	【マルチナ】私の考え？	
14127	D1:5989:0CB82	1	대사	【マコト】（教授は、いったいこの装置をどう考えているのかしら。）	
14128	D1:5989:0CBC6	1	대사	【マルチナ】ＤＮＡの組み替えを行うというコンセプトでは、	
14129	D1:5989:0CC0C	1	대사	【マルチナ】医療や生物学の方面で期待できるわね。	
14130	D1:5989:0CC4A	1	대사	【マコト】‥‥？	
14131	D1:5989:0CC5E	1	대사	【マルチナ】私にはそれくらいしか考えられないわ。	
14132	D1:5989:0CC9A	1	대사	【マコト】正直言って、月並みな答えだと思います。	
14133	D1:5989:0CCCE	1	대사	【マルチナ】月並みな答え故に、真理と考えられない？	
14134	D1:5989:0CD0C	1	대사	【マコト】それは‥‥‥‥教授は、回答を避けています。	
14135	D1:5989:0CD44	1	대사	【マルチナ】そうかもしれないわね。でも、そう答えるのが精一杯。	
14136	D1:5989:0CD8E	1	대사	【マコト】（わからないわ‥‥教授の本心は相変わらず不透明‥‥。）	
14137	D1:5989:0CDD2	1	대사	【マコト】そうよ、装置暴走までのタイムリミットを算出しなくちゃ‥‥。	
14138	D1:5989:0CE20	1	대사	【マコト】制御用データディスクの管理下を離れた場合の、装置制御が困難な時間‥‥。	
14139	D1:5989:0CE74	1	대사	【マコト】困難な時間ね‥‥フフ、ただでさえ困難なのに‥‥。	
14140	D1:5989:0CEB2	1	대사	カタカタカタカタ‥‥‥‥‥‥。	
14141	D1:5989:0CEFA	1	대사	【マコト】（今日到着予定の資材が届いていれば、制御は何とかなったものを‥‥。）	
14142	D1:5989:0CF4C	1	대사	【マコト】（工作員潜入の可能性‥）	
14143	D1:5989:0CF72	1	대사	【マコト】（それに呼応するかのように制御用ディスクの盗難‥‥。）	
14144	D1:5989:0CFB6	1	대사	【マコト】（フフ、不幸は大挙して{n00}押し寄せてくるものよね‥‥。）	
14145	D1:5989:0D01A	1	대사	【マコト】（でも、ここまで偶然が重なるのかしら？）	
14146	D1:5989:0D050	1	대사	【マコト】（偶然重なったと考えるより、）	
14147	D1:5989:0D07C	1	대사	【マコト】（何かの理由により重なったと考える方が、自然ではないかしら。）	
14148	D1:5989:0D0C8	1	대사	【マコト】（じゃあ３つの出来事が{n00}全て関連性があるとでも‥‥？）	
14149	D1:5989:0D12C	1	대사	【マコト】（わからないわ‥‥。）	
14150	D1:5989:0D150	1	대사	【マコト】（教授はどうお考えなのかしら？）	
14151	D1:5989:0D17E	1	대사	【マコト】（あの冷静な表情の下には、どのような葛藤が繰り広げられているのかしら‥）	
14152	D1:5989:0D1D4	1	대사	ピピピッ‥‥ピッ。	
14153	D1:5989:0D1F2	1	대사	【マコト】ふぅ、データの入力は完了と。	
14154	D1:5989:0D21C	1	대사	【マコト】後は算出結果を待つだけね‥‥膨大な計算量だわ、	
14155	D1:5989:0D258	1	대사	【マコト】数時間はかかるんじゃないかしら。	
14156	D1:5989:0D286	1	대사	【マコト】フフ、その間に装置が暴走してしまったら、悲劇を通り越して喜劇よね。	
14157	D1:5989:0D2D6	1	대사	【マルチナ】ごくろうさま、イズミさん。	
14158	D1:5989:0D332	1	대사	【マルチナ】さっきはごめんなさい。	
14159	D1:5989:0D372	1	대사	【マルチナ】カズミさんのことよ。気を悪くしたんじゃないかしら‥‥。	
14160	D1:5989:0D3C0	1	대사	【マコト】そ、そんなことはありません‥‥けど‥‥。	
14161	D1:5989:0D41A	1	대사	【マコト】いったいどういう人なんですか？　彼女‥‥。	
14162	D1:5989:0D452	1	대사	【マルチナ】財団から視察にみえられた、としか言いようがないわね。	
14163	D1:5989:0D49E	1	대사	【マコト】なぜ今の時期に？	
14164	D1:5989:0D4BC	1	대사	【マルチナ】さぁ、財団会長から直々のお達しとあれば、許可せざるをえないわ。	
14165	D1:5989:0D514	1	대사	【マルチナ】スポンサーですもの。	
14166	D1:5989:0D564	1	대사	【マルチナ】そんなに当惑することかしらね。	
14167	D1:5989:0D59A	1	대사	【マコト】（‥‥何か引っかかるの‥‥それが何かはわからないのだけど‥‥。）	
14168	D1:5989:0D612	1	대사	【マコト】ほとんどの職員には休暇を出してあるわ。	
14169	D1:5989:0D646	1	대사	【マコト】今日は本当に静か‥‥。	
14170	D1:5989:0D68A	1	대사	【マコト】いつもなら、慌ただしく行き来する職員で溢れているのだけど‥‥。	
14171	D1:5989:0D6D6	1	대사	【マコト】今は誰もいないわ。	
14172	D1:5989:0D740	1	대사	【マコト】装置室へ行くの？	
14173	D1:5989:0D764	1	대사	【マコト】仕事よりも、教授の方が先よ。	
14174	D1:5989:0D78E	1	대사	【マコト】仕事よりも教授にお話を伺う方が先ね。	
14175	D1:5989:0D7C0	1	대사	【マコト】早く教授の部屋に行きましょう。	
14176	D1:5989:0D816	1	대사	【マコト】あたりに人の姿はなくなっている‥‥この時間だと、居残っているのは私だけ？	
14177	D1:5989:0D86C	1	대사	【マコト】でも何の音かしら‥‥さっきから気になるわ。	
14178	D1:5989:0D8A4	1	대사	カタッ‥‥キュッ‥‥。	
14179	D1:5989:0D8C6	3	대사	【マコト】あっ、また‥‥。	
14180	D1:5989:0D8E4	1	대사	【マコト】誰‥‥誰かいるの？	
14181	D1:5989:0D904	1	대사	‥‥‥‥{s00}‥‥‥‥{s00}‥‥‥‥。	
14182	D1:5989:0D924	1	대사	【声】‥‥‥‥イジメないで‥‥。	
14183	D1:5989:0D950	1	대사	【マコト】誰？	
14184	D1:5989:0D962	1	대사	【声】お願い‥‥‥‥。	
14185	D1:5989:0D984	1	대사	【マコト】（どこからか声がする‥‥それも可愛らしい‥‥。）	
14186	D1:5989:0D9C2	1	대사	【マコト】あっ、もしかしてあの陰に‥‥。	
14187	D1:5989:0D9F4	1	대사	【少女】お願い‥‥イジメないで。	
14188	D1:5989:0DA20	1	대사	【マコト】あなたは、誰？	
14189	D1:5989:0DA3C	1	대사	【少女】ティーナ。	
14190	D1:5989:0DA5A	1	대사	【マコト】あっ、もしかしてアルが見つけた女の子？	
14191	D1:5989:0DA8E	1	대사	【ティーナ】アル‥‥？　アルを知っているの？	
14192	D1:5989:0DAC6	1	대사	【マコト】え、えぇ‥‥。（この子が、浜辺で遭難していたという少女‥‥。）	
14193	D1:5989:0DB12	1	대사	【ティーナ】アルのところに連れていって欲しいの。	
14194	D1:5989:0DB4E	1	대사	【マコト】ねぇ、ティーナ。	
14195	D1:5989:0DB6C	1	대사	【ティーナ】なに？	
14196	D1:5989:0DB8A	1	대사	【マコト】なんでここにいるの？	
14197	D1:5989:0DBAC	1	대사	【ティーナ】んー、わかんない。	
14198	D1:5989:0DBD6	1	대사	【マコト】わからないうちに、ここへ来てしまったのね。	
14199	D1:5989:0DC2C	1	대사	【マコト】しょうがないわ、ドクターのところに連れていってあげる。	
14200	D1:5989:0DC70	1	대사	【ティーナ】あそこは、イヤ！	
14201	D1:5989:0DC98	1	대사	【マコト】嫌じゃないでしょう？　エレナも心配して捜していたわよ。	
14202	D1:5989:0DCDC	1	대사	【ティーナ】イヤなの‥‥‥‥。	
14203	D1:5989:0DD06	1	대사	【マコト】ふぅ‥‥。（病院みたいな場所を毛嫌いする子が、結構多いのよね‥‥。）	
14204	D1:5989:0DD58	1	대사	【マコト】とにかく、ここにいたらダメなの。お外へ一緒に行きましょう。	
14205	D1:5989:0DDA0	1	대사	【ティーナ】ティーナ、ここにいる。	
14206	D1:5989:0DDCE	1	대사	【マコト】ここは危ない場所なの。お外は涼しいし、とっても空気がおいしいわよ。	
14207	D1:5989:0DE44	1	대사	【マコト】アルにも会えるかもね。	
14208	D1:5989:0DE68	1	대사	【ティーナ】アルに！？	
14209	D1:5989:0DE8A	1	대사	【マコト】えぇ。ここにいたんじゃ、アルにはずっと会えないわよ。	
14210	D1:5989:0DECC	1	대사	【ティーナ】ティーナ、お外に行く！	
14211	D1:5989:0DEFA	1	대사	【マコト】フフ、いい子ね。じゃあ一緒に行きましょう。	
14212	D1:5989:0DF50	1	대사	【マコト】（ふぅ‥‥とりあえず、ドクターにこの子を託して‥‥。）	
14213	D1:5989:0DF94	1	대사	【マコト】（見たところ、どこかを怪我しているという風ではないけど、）	
14214	D1:5989:0DFDC	1	대사	【マコト】（検査はやっぱり必要かもしれないわ。）	
14215	D1:5989:0E010	1	대사	【マコト】（後でアルにお見舞いへ行かせれば、大丈夫よね。）	
14216	D1:5989:0E04E	1	대사	【マコト】じゃあ行きましょう。	
14217	D1:5989:0E094	1	대사	【マコト】さっ、早くやることをやってしまいましょう。	
14218	D1:5989:0E0CC	2	대사	【マコト】研究室内は相変わらず騒然としている‥‥。	
14219	D1:5989:0E102	1	대사	【マコト】職員が慌ただしく行き来しているわ。	
14220	D1:5989:0E132	1	대사	【マコト】もうすぐ、研究が成就しようとしているのね‥‥。	
14221	D1:5989:0E188	1	대사	【マコト】ちょっと気になるわ、あの音が‥‥。	
14222	D1:5989:0E1B8	1	대사	【マコト】まだ仕事をしていないわ。	
14223	D1:5989:0E1DE	1	대사	【マコト】いま来たばかりよ。さっ、やることをやってしまいましょう。	
14224	D1:5989:0E224	1	대사	【マコト】もうちょっと様子を見た方が‥‥。	
14225	D1:5989:0E252	1	대사	【マコト】さっきから気になっている、あの‥‥。	
14226	D1:5989:0E284	3	대사	カタッ‥‥‥‥‥‥。	
14227	D1:5989:0E2BE	1	대사	【マコト】ここで制御するのが私の役目よ。	
14228	D1:5989:0E2EA	1	대사	【マコト】装置をここから監視し制御するのが私の役目。	
14229	D1:5989:0E322	1	대사	【マコト】装置室内へわざわざ行く必要はないわ。	
14230	D1:5989:0E354	1	대사	【マコト】仕事は、とりあえず一区切りついたみたい。	
14231	D1:5989:0E38A	1	대사	【マコト】それよりも、さっきからするあの音が気になるわ‥‥。	
14232	D1:5989:0E3CA	1	대사	【マコト】そうね‥‥さっ、今日中にやってしまわないと。	
14233	D1:5989:0E40A	1	대사	カタカタカタカタ‥‥‥‥。	
14234	D1:5989:0E430	1	대사	【マコト】今回は、装置から放射される粒子ベクトルの座標を移動させるアプローチね。	
14235	D1:5989:0E484	1	대사	【マコト】計測器が無い限りは、あくまでＣＰＵの算出したデータのみをよりどころに、	
14236	D1:5989:0E4D8	1	대사	【マコト】実験を行わなければならない‥‥。	
14237	D1:5989:0E506	1	대사	【マコト】バグを出すことは、万が一にも許されないこと‥‥。	
14238	D1:5989:0E544	1	대사	【マコト】データ算出後は、制御用の光ディスクに管理を移さなくてはならない‥‥。	
14239	D1:5989:0E5FE	1	대사	【マコト】（この反応装置はいったい何に使われるのかしら。）	
14240	D1:5989:0E65C	1	대사	【マコト】（建て前は、あくまで環境工学への平和利用。）	
14241	D1:5989:0E696	1	대사	【マコト】（だけど、私は薄々と感づいている。）	
14242	D1:5989:0E6C8	1	대사	【マコト】（この装置が平和利用されないことを‥‥‥‥。）	
14243	D1:5989:0E724	1	대사	【マコト】（でも、だからどうだというの？）	
14244	D1:5989:0E752	1	대사	【マコト】（ステラ教授は私の師よ‥‥。）	
14245	D1:5989:0E77E	1	대사	【マコト】（彼女が非人道的なことに荷担しているからと{n00}いって、）	
14246	D1:5989:0E7C2	1	대사	【マコト】（私の今の立場が変わる訳じゃない。）	
14247	D1:5989:0E7F4	1	대사	【マコト】（だけど、私はその事実の重みに耐えられるのかしら‥‥。）	
14248	D1:5989:0E85A	1	대사	【マコト】（私は教授を尊敬して{n00}いる。）	
14249	D1:5989:0E886	1	대사	【マコト】（彼女の才能、人柄はどれをとっても非の打ち所がない。）	
14250	D1:5989:0E8CA	1	대사	【マコト】（だけど‥だけど、そんな彼女が非人道的なことをしているとわかったとき、）	
14251	D1:5989:0E920	1	대사	【マコト】（私はどうする？）	
14252	D1:5989:0E940	1	대사	【マコト】（ステラ教授についていくの？）	
14253	D1:5989:0E96C	1	대사	【マコト】（それとも彼女を裏切ってマスメディアなりに、その事実を打ち明ける？）	
14254	D1:5989:0E9DE	1	대사	【マコト】（アルだったらどう言うかしら‥‥特ダネをよこせって言うかしら‥‥？）	
14255	D1:5989:0EA30	1	대사	【マコト】（彼は道義にこだわるタイプだから‥‥。）	
14256	D1:5989:0EA66	1	대사	【マコト】（師であるステラ教授についていっても‥‥）	
14257	D1:5989:0EA9E	1	대사	【マコト】（あるいは彼女を裏切っても、私を叱るような気がするわ‥‥。）	
14258	D1:5989:0EB28	1	대사	【マコト】（でも、私自身、この研究の成就を、）	
14259	D1:5989:0EB5A	1	대사	【マコト】（この目で確かめてみたいという欲求があるの。）	
14260	D1:5989:0EB96	1	대사	【マコト】（恐らく学者たらんとする者であれば、）	
14261	D1:5989:0EBCA	1	대사	【マコト】（誰もが見てみたいと思うに違いないわ‥‥。）	
14262	D1:5989:0EC04	1	대사	【マコト】（そして私も‥‥‥‥。）	
14263	D1:5989:0EC7E	1	대사	【マコト】考え事をしていたのね、私。	
14264	D1:5989:0ECA6	1	대사	【マコト】ふぅ、仕事をしながら考える癖がついてしまったわ‥‥。	
14265	D1:5989:0ECE8	1	대사	【マコト】でも、終盤はほとんど機械作業だから、	
14266	D1:5989:0ED1A	1	대사	【マコト】しょうがないと言えばしょうがないのかな。	
14267	D1:5989:0ED76	1	대사	【マコト】そういえば、いつの間にか人の姿がいなくなっている。	
14268	D1:5989:0EDB6	1	대사	【マコト】もう就業時間を過ぎているのね‥‥。	
14269	D1:5989:0EDE6	1	대사	【マコト】ふぅ‥‥少し疲れてしまったわ。	
14270	D1:5989:0EE68	1	대사	【マコト】誰かいるの？	
14271	D1:5989:0EE82	1	대사	‥‥‥{s00}‥‥‥{s00}‥‥‥。	
14272	D1:5989:0EE9C	1	대사	【マコト】（ま、まさか‥‥。）	
14273	D1:5989:0EEBE	1	대사	【マコト】（昼間カズミさんのおっしゃっていた‥‥{n00}こ、工作員！？）	
14274	D1:5989:0EF04	1	대사	【マコト】（ど、どうしよう‥‥もう研究室には私しか残っていないわ‥‥。）	
14275	D1:5989:0EF6A	1	대사	【マコト】職員があわただしく歩き回っているわ。	
14276	D1:5989:0EF9C	1	대사	【マコト】もうすぐ、研究が最終段階に入るせいね‥‥。	
14277	D1:5989:0F00A	1	대사	【マコト】《デザイア》の人口はわずか１２４人‥‥今現在は２人ほど増えている訳だけど。	
14278	D1:5989:0F062	1	대사	【マコト】その人口のほとんどが、ここに集中しているのだから、	
14279	D1:5989:0F0A2	1	대사	【マコト】騒然としているのは当たり前かもしれない。	
14280	D1:5989:0F122	1	대사	【マコト】そうね、反応装置の様子を見てきましょう。	
14281	D1:5989:0F178	1	대사	【マコト】もうすぐこの研究室で、歴史的偉業が行われるかもしれない‥‥。	
14282	D1:5989:0F1C2	1	대사	【マコト】目の前に見える球体ドーム状の装置が、反応装置‥‥。	
14283	D1:5989:0F202	1	대사	【マコト】ステラ教授の夫、故グスタフ・ステラドヴィッチの遺産‥‥。	
14284	D1:5989:0F248	1	대사	【マコト】ステラ教授はそれを受け継ぎ、今まさに研究を成就させようとしている。	
14285	D1:5989:0F298	1	대사	【マコト】職員が慌ただしく行き来している‥‥。	
14286	D1:5989:0F2CA	1	대사	【マコト】それはそうね‥‥もうすぐ、研究の最終段階に入るというのだから。	
14287	D1:5989:0F332	1	대사	【マコト】でも、重要な計測器を積んだ輸送機が行方不明‥‥。	
14288	D1:5989:0F370	1	대사	【マコト】何でもテロが原因というじゃない。	
14289	D1:5989:0F39E	1	대사	【マコト】いったいどうなってしまうの？	
14290	D1:5989:0F3E2	1	대사	【マコト】まだ研究室を出るのは早すぎるわ。	
14291	D1:5989:0F410	1	대사	【マコト】いま研究室に来たばかりじゃない。	
14292	D1:5989:0F43E	1	대사	【マコト】そうね、装置のチェックを今のうちにしておいた方がいいわ。	
14293	D1:5989:0F484	1	대사	【マコト】装置室に行きましょう。	
14294	D1:5989:0F4D0	1	대사	【マコト】（教授は厳しい顔をしているわ。ただならぬことが起きたのでは‥‥。）	
14295	D1:5989:0F520	1	대사	【マコト】（物腰が上品そうな女性‥‥。）	
14296	D1:5989:0F54C	1	대사	【マコト】（あの人が、クリスさんの言っていた、本部から派遣された人なのかしら。）	
14297	D1:5989:0F5AC	1	대사	【マコト】まだここに来たばかりだわ。	
14298	D1:5989:0F5D4	1	대사	【マコト】呼ばれた理由も聞いていないのに、出られる訳ないじゃない。	
14299	D1:5989:0F61A	1	대사	【マルチナ】どうしたの、イズミさん。	
14300	D1:5989:0F64A	1	대사	【マコト】いえ‥‥なんでもありません。	
14301	D1:5989:0F674	1	대사	【マコト】教授のおっしゃりたいことは理解できます。ですが‥‥。	
14302	D1:5989:0F6B6	1	대사	【カズミ】お取り込み中のところ申し訳ないわ。バッドニューズはもう１つあるの。	
14303	D1:5989:0F70E	1	대사	【マコト】あっ、話の腰をおってしまって‥‥。	
14304	D1:5989:0F73E	1	대사	【カズミ】もう１つ、これは決して他言して欲しくないのですが。	
14305	D1:5989:0F7A2	1	대사	【カズミ】どうやらここ《デザイア》では、	
14306	D1:5989:0F7D8	1	대사	【カズミ】この反応装置にまつわる工作活動が行われているようです。	
14307	D1:5989:0F826	1	대사	【マコト】こ、工作活動‥‥どういうことです？	
14308	D1:5989:0F856	1	대사	【カズミ】財団の調査によると、かなり高い確率で工作員が潜り込んでいるということです。	
14309	D1:5989:0F8B6	1	대사	【マルチナ】陳腐な言い方をすれば、スパイということになるかしら。	
14310	D1:5989:0F902	1	대사	【マコト】す、スパイ‥‥！？　も、もしかすると、先ほどの輸送機の件と‥‥。	
14311	D1:5989:0F950	1	대사	【カズミ】因果関係はまだ不明です。くれぐれも注意を怠らぬように気を付けて下さい。	
14312	D1:5989:0F9AC	1	대사	【マルチナ】この事は、私とイズミさん、それに私の秘書のレイコさんしか知らないこと。	
14313	D1:5989:0FA0C	1	대사	【マルチナ】決して他言しないように。	
14314	D1:5989:0FA3E	1	대사	【マコト】は、はい‥‥ですが、{n00}今後どうなさるおつもりですか？	
14315	D1:5989:0FA80	1	대사	【マルチナ】通常通りね‥‥今更警備を強化したとしても、どうにもならないでしょう。	
14316	D1:5989:0FADE	1	대사	【マルチナ】研究を続行するしかないわ。	
14317	D1:5989:0FB12	2	대사	【マコト】そ、それはそうですが‥‥。	
14318	D1:5989:0FB3A	1	대사	【マルチナ】それに研究は既に‥‥‥‥。	
14319	D1:5989:0FB6C	1	대사	ピピピッ‥‥‥‥。	
14320	D1:5989:0FB8A	1	대사	【クリス】ステラ教授、お客様です。	
14321	D1:5989:0FBB8	1	대사	【マルチナ】どうやら来客のようね。カズミさん、こちらへ。	
14322	D1:5989:0FC22	1	대사	【マコト】お客様って‥‥。	
14323	D1:5989:0FC40	1	대사	【マコト】あのカズミさん以外というと、もしかしてアルのことかしら？	
14324	D1:5989:0FCA2	1	대사	【マコト】それにしても、	
14325	D1:5989:0FCBE	1	대사	【マコト】輸送機が行方不明だなんて‥‥ここまできて、なんてことなの‥‥。	
14326	D1:5989:0FD0A	1	대사	【マコト】でも、ステラ教授は意外に平然としていたわ。	
14327	D1:5989:0FD42	1	대사	【マコト】なぜあそこまで冷静になれるのかしら。	
14328	D1:5989:0FD74	1	대사	【マコト】この研究は教授のライフ{n00}ワークとも言うべき集大成。	
14329	D1:5989:0FDB4	1	대사	【マコト】その研究が阻害されるかもしれないというのに‥‥。	
14330	D1:5989:0FE0E	1	대사	【マコト】それにスパイ活動‥‥。	
14331	D1:5989:0FE32	1	대사	【マコト】そんなの、映画の中の出来事とばかり思っていた。	
14332	D1:5989:0FE6E	1	대사	【マコト】けど‥‥どうしたら教授のように冷静になれるのかしら。	
14333	D1:5989:0FEB0	1	대사	【マコト】私は心臓の動悸が早くなっていく一方だというのに‥‥。	
14334	D1:5989:0FEF2	1	대사	【マコト】いったいどうしたんですか、教授。	
14335	D1:5989:0FF20	1	대사	【マルチナ】ちょっとマズいことが起きてしまったの。	
14336	D1:5989:0FF5E	1	대사	【マコト】マズいことと言うと‥‥。	
14337	D1:5989:0FF84	1	대사	【マルチナ】カズミさん、説明をお願いできるかしら。	
14338	D1:5989:0FFC2	1	대사	【カズミ】わかりました。	
14339	D1:5989:0FFE6	1	대사	【マコト】（カズミ‥‥という名前なのね。）	
14340	D1:5989:10014	1	대사	【カズミ】どうも、カズミ・グランチェスタです。	
14341	D1:5989:1004E	1	대사	【マコト】あっ、私は‥‥。	
14342	D1:5989:1006C	1	대사	【カズミ】ミス・イズミですね、技術主任の。聞いています。	
14343	D1:5989:100CC	1	대사	【カズミ】悪いニュースは２つあります。まずは１つ目ですが‥‥。	
14344	D1:5989:10116	1	대사	【マコト】（２つもあるの‥‥？）	
14345	D1:5989:1013A	1	대사	【カズミ】今日中に到着する予定の輸送機が、テロにあって行方不明になりました。	
14346	D1:5989:101AA	1	대사	【カズミ】‥‥輸送機がテロにあって行方不明です。	
14347	D1:5989:101E8	1	대사	【カズミ】現在調査中ですが、既に墜落した可能性が高いと。	
14348	D1:5989:1022E	1	대사	【マコト】そ、それじゃあ、今日届くはずの計測器は‥‥。	
14349	D1:5989:10268	1	대사	【マルチナ】当然ここにないわね。	
14350	D1:5989:10294	1	대사	【マコト】あの機械が無ければ、今日行うはずだった最終測定ができないのでは？	
14351	D1:5989:102E2	1	대사	【マルチナ】できないわね。	
14352	D1:5989:10308	1	대사	【マコト】どうするんですか、教授。	
14353	D1:5989:1032E	1	대사	【マルチナ】測定器無しの実験を明日行います。	
14354	D1:5989:10366	1	대사	【マコト】そ、そんな！　無茶です、危険過ぎます！	
14355	D1:5989:1039A	1	대사	【マルチナ】机上で数値予測は十分可能なはず。それに依存した実験を行います。	
14356	D1:5989:103F0	1	대사	【マコト】理論と実際では違います！	
14357	D1:5989:10416	1	대사	【マルチナ】違うけど、出来る限り近づけることは可能なはずよ。	
14358	D1:5989:10486	1	대사	【マコト】（測定器無しでこのまま実験を続行！？　そんなの、自殺行為だわ！）	
14359	D1:5989:104D4	1	대사	【マコト】初めまして、私は技術主任のイズミです。	
14360	D1:5989:10508	1	대사	【見知らぬ女性】どうも。	
14361	D1:5989:1052C	1	대사	【マコト】あの、今日の便で{n00}《デザイア》に来られたんですよね？	
14362	D1:5989:1056E	1	대사	【見知らぬ女性】‥‥‥‥‥‥。	
14363	D1:5989:10590	1	대사	【マコト】（なによ。無視しなくてもいいじゃない‥‥何だか感じ悪いわ。）	
14364	D1:6407:010D4	1	대사	【マコト】ここは宿舎前‥‥誰もいないわ。	
14365	D1:6407:01100	1	대사	【マコト】あら？　あれは、カイル‥‥！？	
14366	D1:6407:0113E	1	대사	【マコト】大きなショルダーバッグをかついでいるわ‥‥どこにいくのかしら。	
14367	D1:6407:0118A	1	대사	【マコト】まだ最終便は到着していないはずだけど‥‥でも飛行場の方ね‥‥。	
14368	D1:6407:011F2	1	대사	【マコト】気になるわ‥‥何をするつもりなの‥‥？	
14369	D1:6407:01226	1	대사	【マコト】後をつけてみようかしら‥‥。	
14370	D1:6407:01254	1	대사	【マコト】足が速いわ‥‥‥‥。	
14371	D1:6407:01276	1	대사	【マコト】小走りに付いていかないと、どんどん引き離されそう‥‥。	
14372	D1:6407:012D6	1	대사	【マコト】飛行場に向かっているみたいね。	
14373	D1:6407:01302	1	대사	【マコト】でも、まだ最終便は到着していない‥‥。	
14374	D1:6407:01336	1	대사	【マコト】あんなに大きな荷物を肩に担いで、どこへ行くのかしら。	
14375	D1:6407:01378	1	대사	【マコト】飛行機に積む荷物かと、思ったんけど‥‥。	
14376	D1:6407:013CA	1	대사	【マコト】何が入っているのかしら‥‥やけに重そうな感じがするわ。	
14377	D1:6407:0140E	1	대사	【マコト】でも、彼が持っていると、全く何も担いでいないみたい‥‥。	
14378	D1:6407:01454	1	대사	【マコト】ゴツゴツしていて、何か堅いモノでも入っていそう‥‥。	
14379	D1:6407:014B2	1	대사	【マコト】気づかなかったわ、あれが彼の歩行速度なのね。	
14380	D1:6407:014EC	1	대사	【マコト】私の歩幅だと、ジョギング程度の速度を要求されるわ。	
14381	D1:6407:0152C	1	대사	【マコト】私と一緒に歩いている時は、私の歩調にあわせてくれていたのかしら‥‥。	
14382	D1:6407:015B6	1	대사	【マコト】飛行場を通り過ぎたわ‥‥わき目もふらずに‥‥。	
14383	D1:6407:015F2	1	대사	【マコト】このまま行くと、浜辺に出てしまう‥‥どこへ行くのかしら。	
14384	D1:6407:01664	2	대사	【マコト】ここは宿舎前だわ‥‥。	
14385	D1:6407:01688	1	대사	【マコト】夕方の人の多さが嘘のよう‥‥もうみんな飛び立ってしまったのね。	
14386	D1:6407:01702	1	대사	【マコト】もう何人もの人とすれ違った‥‥みんなここを去っていく人たちなのね‥‥。	
14387	D1:6407:01760	1	대사	【マコト】あっ、カズミさん‥‥。	
14388	D1:6407:01784	1	대사	【カズミ】イズミさん、でしたね。	
14389	D1:6407:017B0	1	대사	【マコト】はい‥‥どうかなさったんですか？	
14390	D1:6407:017DE	1	대사	【カズミ】どうかとは、どういう意味かしら？	
14391	D1:6407:01814	1	대사	【マコト】いえ‥‥その、みんな帰る用意をしていますから‥‥。	
14392	D1:6407:01854	1	대사	【カズミ】そう、とうとう《デザイ{n00}ア》の放棄が決定されたわね。	
14393	D1:6407:0189E	1	대사	【マコト】（何だかカズミさん、嬉しそう‥‥。）	
14394	D1:6407:018F6	1	대사	【マコト】カズミさんは、今晩の便でお帰りにならないのです{n00}か？	
14395	D1:6407:01938	1	대사	【カズミ】私はまだここに残るわ。	
14396	D1:6407:01964	1	대사	【マコト】そうですか‥‥。（何か用があるのかしら‥‥？）	
14397	D1:6407:019A0	1	대사	【カズミ】イズミさんは、どうも残留組のようね。	
14398	D1:6407:019DA	1	대사	【マコト】は、はい‥‥教授に最後まで付いていようと思います。	
14399	D1:6407:01A1A	1	대사	【カズミ】装置制御の見込みはある{n00}の？	
14400	D1:6407:01A4C	1	대사	【マコト】正直言って、可能性は極めて低いと思います。	
14401	D1:6407:01A84	1	대사	【カズミ】そう‥‥じゃ、私はまだやることがあるから、失礼するわ。	
14402	D1:6407:01AD0	1	대사	【マコト】えっ‥‥あの‥‥。	
14403	D1:6407:01AFA	1	대사	【マコト】行ってしまったわ‥‥。	
14404	D1:6407:01B1E	1	대사	【マコト】いったい何の用があるのかしら‥‥？	
14405	D1:6407:01B5C	2	대사	【マコト】ここは宿舎前‥‥。	
14406	D1:6407:01B7C	1	대사	【マコト】ときおり何人かの人とすれ違うだけで、あたりは静かだわ。	
14407	D1:6407:01BE4	1	대사	【レイコ】マコト、具合は大丈夫？	
14408	D1:6407:01C10	1	대사	【マコト】え？　え、えぇ‥‥だ、大丈夫よ。	
14409	D1:6407:01C3E	1	대사	【レイコ】あれからメディカルセン{n00}ターで、しばらく寝ていたんでしょう？	
14410	D1:6407:01C90	1	대사	【マコト】め、メディカルセンター‥‥。	
14411	D1:6407:01CBA	1	대사	【レイコ】え？　エレナが看病してくれたんじゃないの？	
14412	D1:6407:01CFA	1	대사	【マコト】え、エレナが‥‥そ、そうね。えぇ、そうよ。	
14413	D1:6407:01D32	1	대사	【レイコ】昨日は大変だったわ‥‥あのクリスさんが‥‥あっ、ごめんなさい。	
14414	D1:6407:01D86	1	대사	【マコト】いいのよ‥‥気分は悪くないわ。	
14415	D1:6407:01DB2	1	대사	【レイコ】どうしたの、マコト。ちょっと変よ。	
14416	D1:6407:01DEA	1	대사	【マコト】そ、そんなことないわ。大丈夫よ、本当。	
14417	D1:6407:01E1E	1	대사	【マコト】（あぁ、{n00}レイコになんて切り出せばいいのかしら‥‥。）	
14418	D1:6407:01E7E	1	대사	【マコト】（『調査をやめさせるか、あるいは妨害して欲しいの‥‥』）	
14419	D1:6407:01EC4	1	대사	【マコト】（‥‥調査をやめさせるって‥いったい何の調査？）	
14420	D1:6407:01F02	1	대사	【マコト】（妨害なんて、できないわ‥‥。）	
14421	D1:6407:01F30	1	대사	【レイコ】マコト‥‥どうしたのよ、マコト！	
14422	D1:6407:01F66	1	대사	【マコト】あっ‥‥ご、ごめんなさい。ちょっと疲れていて‥‥。	
14423	D1:6407:01FA6	1	대사	【レイコ】しっかりして頂戴。	
14424	D1:6407:01FD0	1	대사	【レイコ】今ここであなたがダウンしてしまったら、	
14425	D1:6407:0200E	1	대사	【レイコ】《デザイア》自体機能しなくなるかもしれないのよ。	
14426	D1:6407:02056	1	대사	【マコト】わかっているわ。自分に課された責務は全うするつもり。	
14427	D1:6407:02098	1	대사	【レイコ】‥‥じゃあ、私はちょっと用事があるからもう行くわよ。	
14428	D1:6407:0210C	1	대사	【マコト】どうしたのかしら‥‥少し慌てていたようだけど‥‥。	
14429	D1:6407:0214C	2	대사	【マコト】まぁいいわ。さっ、早く研究所へ行きましょう。	
14430	D1:6407:02190	1	대사	【マコト】人が比較的集まってきているわ‥‥どうしたのかしら。	
14431	D1:6407:021FE	1	대사	【マコト】シェリル、どうしたのよ、いったい。	
14432	D1:6407:0222E	1	대사	【シェリル】イズミさん‥‥あぁ、大変なんです！	
14433	D1:6407:02268	1	대사	【マコト】お、落ちつきなさい。ゆっくりと正確に、状況を説明して。	
14434	D1:6407:022AC	1	대사	【シェリル】は、はい‥‥私も詳しくはわからないんですが、	
14435	D1:6407:022F2	1	대사	【シェリル】く、クリスさんが撃たれてしまって‥‥。	
14436	D1:6407:02332	1	대사	【レイコ】やっぱり銃声だったのね‥‥。	
14437	D1:6407:02364	1	대사	【マコト】それで、クリスさんは？	
14438	D1:6407:02388	1	대사	【シェリル】お亡くなりになりました‥‥。	
14439	D1:6407:023DE	1	대사	【シェリル】そ、それで‥‥。	
14440	D1:6407:02408	1	대사	【シェリル】アルバートさんが事情聴取のために、連れて行かれてしまって‥‥。	
14441	D1:6407:02460	1	대사	【マコト】アルが！？{n00}どういうこと？	
14442	D1:6407:02488	1	대사	【シェリル】わ、わかりません‥‥何でも正当防衛とか何とか‥‥。	
14443	D1:6407:024D2	1	대사	【マコト】（アルが正当防衛の末に、クリスさんを撃ったということ！？）	
14444	D1:6407:0251A	1	대사	【マコト】（いったい‥‥いったい、どういうことなの！？）	
14445	D1:6407:02556	1	대사	【マコト】はっ！	
14446	D1:6407:0257C	1	대사	【マコト】く、クリスさん‥‥‥‥。	
14447	D1:6407:025A2	1	대사	【マコト】（あぁ、む、胸が苦しい‥‥。）	
14448	D1:6407:025CE	1	대사	【マコト】（どうしたの、この感覚は‥‥は、吐きそう‥‥。）	
14449	D1:6407:0260C	1	대사	【マコト】れ、レイコ、何をやっているのよ。クリスさんの身体を調べたりして‥‥。	
14450	D1:6407:0265E	1	대사	【レイコ】調べたいことがあって‥‥ちょっとマコト、あなた、顔が真っ青よ。	
14451	D1:6407:026B2	1	대사	【マコト】へ、平気‥‥私は‥‥平気よ。うっ‥‥。	
14452	D1:6407:026E6	1	대사	【シェリル】い、イズミさん‥‥お気を確かに！	
14453	D1:6407:0271E	1	대사	【レイコ】マコト！？	
14454	D1:6407:0273E	1	대사	【マコト】（どうしたというの‥‥‥‥。）	
14455	D1:6407:0276A	1	대사	【マコト】（あぁ、地面がどんどん私に迫ってくる‥‥‥‥。）	
14456	D1:6407:027A8	1	대사	【マコト】（地球の重力に、異常が発生したのかしら‥‥‥。）	
14457	D1:6407:027F6	1	대사	【マコト】（あぁぁ、何て気持ちいいの‥‥。）	
14458	D1:6407:02826	1	대사	【マコト】（地面がヒンヤリして気持ちいい‥‥‥‥。）	
14459	D1:6407:0285E	1	대사	【マコト】（このまま‥‥‥‥。）	
14460	D1:6407:02882	1	대사	【マコト】（このまま寝てしまいたい‥‥‥‥。）{k00}	
14461	D1:6407:028E6	3	대사	【マコト】あたりはシンと静まっているわ‥‥。	
14462	D1:6407:02924	1	대사	【マコト】ここは宿舎前‥‥職員たちの憩いの場ね。	
14463	D1:6407:0297E	1	대사	【エレナ】あぁ、イズミさん‥‥こんにちは。	
14464	D1:6407:029B4	1	대사	【マコト】こんにちは。	
14465	D1:6407:029CE	1	대사	【エレナ】あの、イズミさん‥‥‥‥。	
14466	D1:6407:029FE	1	대사	【マコト】フフ、どうしたの？	
14467	D1:6407:02A1E	1	대사	【エレナ】イズミさん、私、相談したいことがあるんです。	
14468	D1:6407:02A60	1	대사	【マコト】相談？　なにかしら。	
14469	D1:6407:02A82	1	대사	【マコト】友人関係から性の悩みまで、幅広くカウンセリングしてあげるわ。	
14470	D1:6407:02ACC	1	대사	【エレナ】本当ですか？	
14471	D1:6407:02AEE	1	대사	【マコト】えぇ、本当よ。	
14472	D1:6407:02B0A	1	대사	【エレナ】お昼過ぎに‥‥‥‥。	
14473	D1:6407:02B48	1	대사	【エレナ】お昼過ぎに、ラウンジでお話できないでしょうか？	
14474	D1:6407:02B8C	1	대사	【マコト】えぇ、いいわよ。	
14475	D1:6407:02BAA	1	대사	【エレナ】よかった‥‥じゃあ後でお願いします！	
14476	D1:6407:02BF2	1	대사	【マコト】行ってしまったわね‥‥。	
14477	D1:6407:02C18	1	대사	【マコト】相談か‥‥あの年頃の女の子は、いろいろと悩み事が多いのよね。	
14478	D1:6407:02C62	1	대사	【マコト】フフ、どんな悩みかしら‥‥。	
14479	D1:6407:02CD0	1	대사	【マコト】（ここは宿舎前だわ‥。）	
14480	D1:6407:02CF6	1	대사	【マコト】どこに連れていくつもり？	
14481	D1:6407:02D1C	1	대사	【カイル】気になるか？　俺は別に強制してる訳じゃないぜ。	
14482	D1:6407:02D60	1	대사	【マコト】（そ、そうよ‥‥‥‥。）	
14483	D1:6407:02D86	1	대사	【マコト】（なぜ私は、カイルについていくのかしら‥なぜ？）	
14484	D1:6407:02DC4	1	대사	【アル】おい、マコト！	
14485	D1:6407:02DF0	1	대사	【マコト】（あ、アル‥‥！）	
14486	D1:6407:02E10	1	대사	【カイル】なんだ、例のお調子者かよ。	
14487	D1:6407:02E40	1	대사	【マコト】（アル‥‥なんでこんな所にいるの？）	
14488	D1:6407:02E80	1	대사	【マコト】ここは宿舎前ね‥‥。	
14489	D1:6407:02EB0	2	대사	【マコト】ここは宿舎前‥‥職員の憩いの場ね。	
14490	D1:6407:02EE0	1	대사	【マコト】そろそろ研究所に戻らなくてはいけないわ。こう見えても、結構忙しいんだから。	
14491	D1:6407:02F84	1	대사	【マコト】ここは宿舎前だわ‥‥さっ、早く飛行場へ行かないと‥‥。	
14492	D1:6407:02FF0	1	대사	【マコト】レイコじゃない。どうしたの？	
14493	D1:6407:0301A	1	대사	【レイコ】フフ、私も一緒にお供をするわ。あなたの彼、実物を見てみたいの。	
14494	D1:6407:0306E	1	대사	【マコト】もう、つまみ食いはなしよ。	
14495	D1:6407:03096	1	대사	【レイコ】美青年キラーのクリスじゃないの、私は。	
14496	D1:6407:030D2	1	대사	【マコト】フフ、でも、本当に久しぶりだわ。アル、元気かしら‥‥。	
14497	D1:6407:03116	1	대사	【レイコ】なに遠い目をしてニコニコしちゃってるのよ。もう、やってらんないわ。	
14498	D1:6407:0316E	1	대사	【マコト】そ、そんなにニヤけてた？	
14499	D1:6407:03194	1	대사	【レイコ】ニヤけてた、すっごく。	
14500	D1:6407:031C0	1	대사	【マコト】ごめん。	
14501	D1:6407:031D6	1	대사	【レイコ】じゃあココ。	
14502	D1:6407:031F8	1	대사	【マコト】な、なによ‥‥頬を指さして。	
14503	D1:6407:03222	1	대사	【レイコ】さっ、ご挨拶。	
14504	D1:6407:03246	2	대사	【マコト】もう、レイコったら‥‥。	
14505	D1:6407:0326C	1	대사	【レイコ】す・る・の！	
14506	D1:6407:0328E	1	대사	【マコト】もう‥‥‥‥‥‥。	
14507	D1:6407:032C2	1	대사	【レイコ】ウフフ、本当に変わらないわね、あなた。可愛いわ。	
14508	D1:6407:03308	1	대사	【マコト】うふ、レイコもきれいよ。きれいすぎて心配。	
14509	D1:6407:03340	1	대사	【レイコ】大丈夫。アルとの間をジャマしたりはしないわよ。	
14510	D1:6407:03384	1	대사	【男の声】マコト。	
14511	D1:6407:033AC	1	대사	【マコト】カイル。	
14512	D1:6407:033C2	1	대사	【カイル】よっ、俺のプレゼントはどうだった？	
14513	D1:6407:033FA	1	대사	【マコト】こ、困るわ‥‥あんなのを戴いたら‥‥。	
14514	D1:6407:0342E	1	대사	【カイル】あんなの安物だ、気にしなくていい。で、どうだい、今度の予定は？	
14515	D1:6407:03482	1	대사	【マコト】ごめんなさい、忙しいの。	
14516	D1:6407:034A8	1	대사	【カイル】つれないことを言うもんじゃないぜ。	
14517	D1:6407:034E0	1	대사	【マコト】ごめんなさい‥‥‥。	
14518	D1:6407:03502	1	대사	【カイル】まぁ、気が変わったら連絡してくれ。	
14519	D1:6407:0357C	1	대사	【レイコ】何よ、あいつ。	
14520	D1:6407:035C4	1	대사	【レイコ】嫌みったらしいヤツ。なんであんなのが女性職員に、人気があるのかしら。	
14521	D1:6407:0361E	1	대사	【マコト】そんなことを言うものじゃないわ。	
14522	D1:6407:0364C	1	대사	【レイコ】マコト、気を付けなさいよ。あいつ、あなたのこと狙ってるみたいだから。	
14523	D1:6407:036A6	1	대사	【マコト】フフ、大丈夫よ。	
14524	D1:6407:036DE	2	대사	【マコト】静かで気持ちがいいわね‥‥。	
14525	D1:6407:03708	2	대사	【マコト】職員の人たちは、どこでどう自分の時間を使っているのかしら。	
14526	D1:6407:03750	2	대사	【マコト】私もどこかで、ゆっくりとすごしたいわ‥‥。	
14527	D1:6407:03788	3	대사	【マコト】職員たちの憩いの場ね。草木がまわりを囲み、人々の心を癒してくれる。	
14528	D1:6407:037D8	2	대사	【マコト】自然との調和って、まさにここのことよね。	
14529	D1:6407:03844	4	대사	【マコト】中に入るの？	
14530	D1:6407:03864	8	대사	【マコト】そうね、研究所へ行きましょう。	
14531	D1:6407:03896	4	대사	【マコト】メディカルセンターに用事はないんだけど‥‥。	
14532	D1:6407:038D0	4	대사	【マコト】ま、行ってみましょう。	
14533	D1:6407:038FA	4	대사	【マコト】飛行場に行ってみようかしら‥‥。	
14534	D1:6407:03948	1	대사	【マコト】もう人がいなくなってしまったと思うと、寂しく感じるわ。	
14535	D1:6407:0398C	1	대사	【マコト】不思議なものよね。	
14536	D1:6407:039AC	1	대사	【マコト】人混みはうるさくて嫌いなくせに、	
14537	D1:6407:039DA	2	대사	【マコト】いざ人がいなくなると寂しくてしょうがない‥‥。	
14538	D1:6407:03A16	2	대사	【マコト】私って、本当にわがままだわ。	
14539	D1:6407:03A40	2	대사	【マコト】ここは職員たちの憩いの場‥‥人々の心を癒してくれる。	
14540	D1:6407:03A82	1	대사	【マコト】だけど、その職員のほとんどは、もういなくなってしまった‥‥。	
14541	D1:6407:03C06	1	대사	【マコト】もう今晩を境に人が居なくなると思うと、少し寂しいわ。	
14542	D1:6407:03C48	1	대사	【マコト】不思議なものよね。人混みはうるさくて嫌いなくせに、	
14543	D1:6407:03D30	1	대사	【マコト】だけど、その職員のほとんどは、もういなくなってしまう‥‥。	
14544	D1:6407:04128	1	대사	【マコト】（アル‥‥私に何か言うことはないの？）	
14545	D1:6407:0415C	1	대사	【マコト】（カイルと何か話し合っている‥‥‥‥。）	
14546	D1:6407:04192	1	대사	【マコト】（アル‥‥何で遅いのよ‥‥何で‥‥。）	
14547	D1:6407:041C6	1	대사	【マコト】（もう騒動は沢山よ‥。）	
14548	D1:6407:041EC	1	대사	【マコト】（アル、{n00}何でここにいるの？）	
14549	D1:6407:04218	1	대사	【マコト】（あなたはクリスと一緒だったんじゃないの？）	
14550	D1:6407:04272	1	대사	【マコト】（何で今になってやって来るのよ‥‥なんでよ！）	
14551	D1:6407:042AE	1	대사	【マコト】（アルと話さなくちゃいけない気がするの‥‥。）	
14552	D1:6407:042EA	1	대사	【マコト】（アルと、アルと話さなくちゃいけない気がする。）	
14553	D1:6407:04328	1	대사	【マコト】（でも何を‥‥何を話せばいいのかしら。）	
14554	D1:6407:043AA	1	대사	【マコト】あ、アル‥‥‥‥{s00}あっ！	
14555	D1:6407:043D6	1	대사	【マコト】あぁ‥‥‥。	
14556	D1:6407:043F0	1	대사	【カイル】いいか‥マコト。お前はオレの女だ。	
14557	D1:6407:04428	1	대사	【マコト】（ど、‥‥‥どうしたのかしら。）	
14558	D1:6407:04456	1	대사	【マコト】（アルが目の前にいるのに‥‥。）	
14559	D1:6407:04484	1	대사	【マコト】（アルが‥‥アルが‥。）	
14560	D1:6407:044AA	1	대사	【マコト】（ああ、ダメ‥‥。カイルに引き寄せられる‥‥。）	
14561	D1:6407:04534	1	대사	【マコト】（カイル‥‥。）	
14562	D1:6407:04552	1	대사	【カイル】（へへっ、オレの催眠効果はそう簡単には解けない{n00}ぜ。）	
14563	D1:6407:045C6	1	대사	【マコト】本当、なんでもないのよ‥‥	
14564	D1:6407:045EE	1	대사	【マコト】か、カイルとはその、ちょっとお話をしていただけなの‥‥。	
14565	D1:6407:0466C	1	대사	【マコト】‥‥‥‥。（ダメよ‥‥もう、私‥‥。）	
14566	D1:6407:04782	1	대사	【マコト】（もう、いられないわ！）	
14567	D1:6407:047C6	1	대사	【マコト】（もう、イヤよ‥‥{n00}私‥‥。）	
14568	D1:6407:047F2	1	대사	【マコト】（‥‥‥‥アルの馬鹿！）	
14569	D1:6407:04838	1	대사	【マコト】（アルは‥‥へ‥‥変に思っている‥‥‥‥どうしたらいいの‥‥。）	
14570	D1:6407:04886	1	대사	【マコト】（私‥‥‥‥。）	
14571	D1:6407:04902	1	대사	【マコト】（どうしたはないじゃない‥‥あなたのせいで‥‥私‥‥‥‥。）	
14572	D1:6407:049C6	1	대사	【マコト】（私はあなたの部屋に行ったわよ。）	
14573	D1:6407:04A32	1	대사	【マコト】（当たり前じゃないの‥‥‥アルのバカ‥‥‥‥。）	
14574	D1:6407:04A8E	1	대사	【マコト】静かで気持ちがいいわ‥‥。	
14575	D1:6407:04ACE	1	대사	【マコト】でも、アルが何というか想像できるわ。たぶん、なんてつまらない所なんだって。	
14576	D1:6407:04B26	1	대사	【マコト】フフ、まず間違いないわね。あの人には情緒というものがないから。	
14577	D1:6407:04BC2	1	대사	【マコト】自然との調和とは、まさにここのことよね。	
14578	D1:6407:04C24	1	대사	【マコト】そうね、中に入ってみましょう。	
14579	D1:6407:04C56	1	대사	【マコト】研究所に行くのね？	
14580	D1:6407:04C7C	1	대사	【マコト】メディカルセンター‥‥そうね、行ってみましょう。	
14581	D1:6407:04CDA	1	대사	【レイコ】どうしたのよ、キョロキョロして。早く飛行場に行きましょう。	
14582	D1:6407:04D2A	1	대사	【マコト】う、うん、そうね。（カイルがまだどこかにいるかと思ったけど‥‥。）	
14583	D1:6407:04D7A	1	대사	【マコト】ここは宿舎前。宿舎は避暑地にある別荘のような感じね。	
14584	D1:6407:04DBC	1	대사	【レイコ】一応、職員たちの心を癒すという目的があったけど、	
14585	D1:6407:04E04	1	대사	【レイコ】あなたの恋人さんは大丈夫かしら？	
14586	D1:6407:04E3C	1	대사	【マコト】ダメダメ、アルは根っからの都会っ子よ。	
14587	D1:6407:04E70	1	대사	【マコト】こんな静かな所でじっとしていられる訳がないわ。	
14588	D1:6407:04EAC	1	대사	【レイコ】フフ、面白そうな人ね。	
14589	D1:6407:04EEE	2	대사	【マコト】いま中から出てきたばかりよ。	
14590	D1:6407:04F18	1	대사	【レイコ】どうしたの、マコト。早く行きましょうよ。	
14591	D1:6407:04F56	1	대사	【マコト】そうね、じゃあ飛行場に行きましょうか。	
14592	D1:6528:008D6	2	대사	【マコト】ここは宿舎内のホール‥‥。	
14593	D1:6528:008FE	1	대사	【マコト】比較的活気があったここも、今は静寂に包まれている‥‥。	
14594	D1:6528:0094C	5	대사	【マコト】ここは宿舎内のホール。	
14595	D1:6528:00970	2	대사	【マコト】ここにいる人たちのほとんどは、	
14596	D1:6528:0099C	2	대사	【マコト】今日の夜半に《デザイア》を引き上げてしまうのね‥‥。	
14597	D1:6528:00A84	2	대사	【マコト】ここは宿舎内のホールよ。	
14598	D1:6528:00AAA	3	대사	【マコト】さっ、早く研究所へ行きましょう。	
14599	D1:6528:00B06	1	대사	【マコト】昼間は比較的人の姿が多いここも、今は静まり返っている‥‥。	
14600	D1:6528:00B7E	1	대사	【マコト】ラウンジに通じているせいか、人の姿が比較的多いわ。	
14601	D1:6528:00BE0	1	대사	【アル】マコトじゃないか。	
14602	D1:6528:00C06	1	대사	【マコト】（な、何でこんなところにいるのよ、アルが‥‥。）	
14603	D1:6528:00C44	1	대사	【マコト】（濡れ髪？　誰かとシャ{n00}ワーでも浴びていたのかしら‥‥。）	
14604	D1:6528:00C8C	1	대사	【マコト】（誰って‥‥いったい誰なのよ。）	
14605	D1:6528:00CF4	1	대사	【マコト】え、ええ‥‥本当にお日柄もよく‥‥。	
14606	D1:6528:00D26	1	대사	【マコト】（な、何を言っているのよ、私‥‥。）	
14607	D1:6528:00D58	1	대사	【マコト】（早くアルに‥‥アルに謝らなくちゃ。昨日はごめんなさいって‥‥。）	
14608	D1:6528:00E04	1	대사	【マコト】え、ええ‥‥でもやっぱりちょっと忙しくて‥‥。	
14609	D1:6528:00E40	1	대사	【マコト】（何を言ってるの、私‥‥違うわ、忙しくなんかないのよ。）	
14610	D1:6528:00EA6	1	대사	【マコト】ご、ごめんなさい。	
14611	D1:6528:00EFE	1	대사	【マコト】（今は仕事はお休みなの‥‥あぁ、アル、もう一度誘って。）	
14612	D1:6528:01000	1	대사	【アル】え、い、いやそんな。	
14613	D1:6528:01028	1	대사	【マコト】（何をやってるのよ‥‥いつものように、）	
14614	D1:6528:0105E	1	대사	【マコト】（他の女の子に接する調子で誘えばいいでしょ！）	
14615	D1:6528:0109A	1	대사	【レイコ】お熱いわねー、お２人さん。	
14616	D1:6528:0110E	1	대사	【レイコ】ウフフ、ここにいてはお２人さんの邪魔かしら？	
14617	D1:6528:01150	1	대사	【マコト】ち、違うの‥‥アル、ごめんなさい。私、もう行かなきゃ。	
14618	D1:6528:011F4	1	대사	【マコト】意外に人の姿が多いわね。	
14619	D1:6528:01224	1	대사	【マコト】シルビアじゃない。	
14620	D1:6528:01244	1	대사	【シルビア】あっ、イズミさん。	
14621	D1:6528:0126E	1	대사	【マコト】どうしたのよ、滅多に格納庫から出ないあなたが。	
14622	D1:6528:012AA	1	대사	【シルビア】え、えぇ‥‥ちょっとアルに会いに‥‥あっ。	
14623	D1:6528:012EC	1	대사	【マコト】アルに？	
14624	D1:6528:01302	1	대사	【シルビア】い、いやその、オレは別にあいつのこと何とも思っちゃいないよ。	
14625	D1:6528:01356	1	대사	【マコト】どうしたのよ、シルビア。	
14626	D1:6528:0137C	1	대사	【シルビア】へへっ、面白い人だよな、アルって‥‥じゃ、オレ行くよ。	
14627	D1:6528:013EC	1	대사	【マコト】もう、何だというの。変な子ね‥‥。	
14628	D1:6528:0144A	2	대사	【マコト】職員が一番行き来する場ね。	
14629	D1:6528:014E2	1	대사	【マコト】ホール内は静寂に包まれている‥‥。	
14630	D1:6528:01512	1	대사	【マコト】夜は除いても、大抵ここには人がいたわ。	
14631	D1:6528:01546	1	대사	【マコト】フフ、当時も寂しいと思っていたけど、今に比べれば雲泥の差よね‥‥。	
14632	D1:6528:01596	1	대사	【マコト】人が比較的行き来していたホール‥‥。	
14633	D1:6528:015C8	1	대사	【マコト】でも、もう誰もいない‥‥誰も行き来していない‥‥。	
14634	D1:6528:0165C	1	대사	【マコト】ラウンジはもう閉まっているみたいね。	
14635	D1:6528:0168E	1	대사	【マコト】もう、誰もいない‥‥当分ラウンジに行くことはないわね。	
14636	D1:6528:016D2	2	대사	【マコト】２階に行くのね？	
14637	D1:6528:016F6	2	대사	【マコト】３階‥‥特に用はないんだけど‥‥。	
14638	D1:6528:01726	1	대사	【マコト】そうね、行ってみましょう。	
14639	D1:6528:0176E	1	대사	【マコト】ホール内は、人が比較的行き来しているわ。	
14640	D1:6528:017A4	1	대사	【マコト】夜は除いても、大抵ここには人がいる。	
14641	D1:6528:017D6	1	대사	【マコト】憩える場は、人が集まるものよね。だけど‥‥。	
14642	D1:6528:01810	1	대사	【マコト】人が比較的行き来するホール‥‥。	
14643	D1:6528:0183E	1	대사	【マコト】でも、今日中にはほとんどの人が《デザイア》を引き上げてしまうのね‥‥。	
14644	D1:6528:018E6	1	대사	【マコト】ラウンジはもう閉まっているみたいね‥‥。	
14645	D1:6528:0191C	1	대사	【マコト】ラウンジに行く心境じゃないの。	
14646	D1:6528:01948	1	대사	【マコト】ラウンジで一息付くような心境じゃないわ‥‥。	
14647	D1:6528:01982	1	대사	【マコト】今はやめておきましょう。	
14648	D1:6528:01A1C	1	대사	【マコト】心なしか、いつもよりホール内が騒然としているようね。	
14649	D1:6528:01A5E	1	대사	【マコト】何も知らない職員がホール内を行き来している‥‥。	
14650	D1:6528:01A9C	1	대사	【マコト】今日にも《デザイア》放棄の決定が、くだされるかもしれないのに‥‥。	
14651	D1:6528:01B14	1	대사	【マコト】そうね、外に宿舎を出ましょう。	
14652	D1:6528:01B46	1	대사	【マコト】ラウンジに用はないわね。	
14653	D1:6528:01B6C	1	대사	【マコト】別に誰と待ち合わせをしているという訳でもないし‥‥。	
14654	D1:6528:01BAE	1	대사	【マコト】２階に行くのね。	
14655	D1:6528:01BD2	1	대사	【マコト】３階に行くの？	
14656	D1:6528:01C36	2	대사	【マコト】ここでこうしていても、しょうがないわよ。	
14657	D1:6528:01C6C	1	대사	【マコト】相変わらず静か‥‥。	
14658	D1:6528:01C8E	2	대사	【マコト】もっとも、あまり騒然としていれば、	
14659	D1:6528:01CBE	2	대사	【マコト】職員の憩いの場としての機能が果たせないけど。	
14660	D1:6528:01CF8	1	대사	【マコト】昼間は比較的人が多かったのだけど‥‥今はたまに人とすれ違う程度。	
14661	D1:6528:01D46	1	대사	【マコト】でもここが放棄されれば、人の姿がなくなってしまうのね。	
14662	D1:6528:01DB2	5	대사	【マコト】外に出るのね？	
14663	D1:6528:01DD4	1	대사	【マコト】ラウンジには入れないわ。	
14664	D1:6528:01DFA	1	대사	【マコト】早いときは、夜の７時くらいにラウンジを閉めてしまうの。	
14665	D1:6528:01E3E	1	대사	【マコト】今はもう中に入れないわ。	
14666	D1:6528:01E64	4	대사	【マコト】そうね、２階に行きましょう。	
14667	D1:6528:01E94	4	대사	【マコト】３階へ行きましょう。	
14668	D1:6528:01F0C	1	대사	【マコト】でも、相変わらず静かね‥‥。	
14669	D1:6528:01FA0	1	대사	【マコト】研究職員の多くが休暇をだされているせいかしら‥‥。	
14670	D1:6528:01FE0	1	대사	【マコト】人の姿が、いつもより多い気がするわ。	
14671	D1:6528:0205C	1	대사	【マコト】ラウンジに行ってみましょう。	
14672	D1:6528:0208C	1	대사	【マコト】そうね、ラウンジでエレナと待ち合わせをしてたのよ。	
14673	D1:6528:020CC	1	대사	【マコト】さっ、早く行きましょう。	
14674	D1:6528:0216A	2	대사	【マコト】今は就業時間中だから、人の姿はまばらね‥‥。	
14675	D1:6528:021A4	1	대사	【マコト】１階は職員用のラウンジとして、解放されているわ。	
14676	D1:6528:021E2	1	대사	【マコト】もっとも、ほとんど利用したことはないけど‥‥。	
14677	D1:6528:0221E	1	대사	【マコト】だって、憩いであれば、外に綺麗な自然が溢れているじゃない。	
14678	D1:6528:02266	1	대사	【マコト】散歩でもした方がずっと気分が晴れるわ。	
14679	D1:6528:02384	1	대사	【マコト】１階は職員の憩いの場として解放されているだけで、部屋はほとんどない。	
14680	D1:6528:023D6	1	대사	【マコト】２階、３階と職員の個室が集まっている。２階に、私の部屋もあるわ。	
14681	D1:6558:00468	1	대사	【マコト】ラウンジだわ‥‥意外に人が溢れている。	
14682	D1:6558:0049C	1	대사	【マコト】《デザイア》で唯一の憩いの場‥‥当たり前と言えば、当たり前かもね。	
14683	D1:6558:004F6	1	대사	【マコト】ラウンジだわ‥‥。	
14684	D1:6558:00516	1	대사	【マコト】ほとんど来たことがなかったけど、意外に人の姿が多いわね。	
14685	D1:6558:0055C	1	대사	【マコト】《デザイア》で唯一の憩いの場‥‥当たり前と言えば、当たり前かも。	
14686	D1:6558:005C4	1	대사	【マコト】あたりは比較的にぎやかだわ‥‥。	
14687	D1:6558:005F2	1	대사	【マコト】でも、ここは確か夜早々に閉めてしまうというし‥‥。	
14688	D1:6558:00632	1	대사	【マコト】夜景なんか綺麗だと思うんだけど、もったいないわよね。	
14689	D1:6558:00674	1	대사	【マコト】ラウンジ内は、さすがに人が溢れているわ。	
14690	D1:6558:006AA	1	대사	【マコト】意外に過ごしやすそうじゃない。今度から定期的に利用してみようかしら。	
14691	D1:6558:00706	1	대사	【マコト】そうね、ホールに戻りましょう。	
14692	D1:6558:0075A	1	대사	【マコト】（クリクリした目が可愛らしい子だわ。）	
14693	D1:6558:0078E	1	대사	【マコト】（メディカルセンターに、勤務している子だけど‥{n00}‥。）	
14694	D1:6558:007D2	1	대사	【マコト】（確か、ドクターの養女、という話よね。）	
14695	D1:6558:00808	1	대사	【マコト】（ご両親はどうされたのかしら‥‥。）	
14696	D1:6558:0083A	1	대사	【マコト】（クリクリした目に、ちょっと丸いお鼻。）	
14697	D1:6558:00870	1	대사	【マコト】（フフ、本当に可愛らしい子ね‥‥食べちゃいたいくらい。）	
14698	D1:6558:008D6	1	대사	【マコト】（やだ、何を考えているのかしら、私ったら‥‥。）	
14699	D1:6558:00914	1	대사	【エレナ】何をそんなに見つめているんですか？	
14700	D1:6558:00960	1	대사	【エレナ】さっきから、私のことをずっと見つめています。	
14701	D1:6558:009A2	1	대사	【マコト】フフ、食べちゃいたいくらい、可愛いって思ってたの。	
14702	D1:6558:009E2	1	대사	【エレナ】そ、そんな‥‥。	
14703	D1:6558:00A08	1	대사	【マコト】（やだ、本当に可愛いわ‥‥この子。）	
14704	D1:6558:00A44	2	대사	【マコト】もうちょっと、エレナと話しましょう。	
14705	D1:6558:00AA8	1	대사	【マコト】まだエレナの相談を聞いていないわ。	
14706	D1:6558:00AD8	1	대사	【エレナ】ウフフ。	
14707	D1:6558:00B10	1	대사	【エレナ】あっ、ごめんなさい。でも、相談してよかった。	
14708	D1:6558:00B52	1	대사	【マコト】そうかしら。	
14709	D1:6558:00B6C	1	대사	【エレナ】えぇ、こんなこと言えるの、イズミさんだけです。	
14710	D1:6558:00BB0	1	대사	【マコト】そ、そう‥‥。（ニコニコしちゃって、可愛いわね、この子。）	
14711	D1:6558:00BF8	1	대사	【エレナ】じゃ、もうお仕事に戻らなきゃ。	
14712	D1:6558:00C2C	1	대사	【マコト】えっ、{n00}もう行ってしまうの？	
14713	D1:6558:00C56	1	대사	【エレナ】なにか？	
14714	D1:6558:00C74	1	대사	【マコト】い、いえ‥‥そうね、がんばりなさい。	
14715	D1:6558:00CA6	1	대사	【エレナ】はい、それじゃありがとうございました。	
14716	D1:6558:00CEC	1	대사	【マコト】フフ、なに緊張してるのかしら、私ったら‥‥。	
14717	D1:6558:00D42	1	대사	【マコト】それにしても‥‥。	
14718	D1:6558:00D62	1	대사	【マコト】そうよ、レイコどうしたのかしら‥‥。	
14719	D1:6558:00D94	1	대사	【マコト】ドクターとやり合うなんて、レイコらしくないわ。	
14720	D1:6558:00DD0	1	대사	【マコト】何かあったのかしら‥‥ちょっと気になるけど‥‥。	
14721	D1:6558:00E0E	1	대사	【マコト】で、エレナ。相談というのは何なの？　もしかして、青い性の悩みかしら‥‥。	
14722	D1:6558:00E64	1	대사	【エレナ】ち、違いますよ。	
14723	D1:6558:00E8A	1	대사	【マコト】（赤くなって‥‥本当に可愛い子だわ。）	
14724	D1:6558:00EBE	1	대사	【エレナ】相談というのは、教授の秘書をされてるクサナギさんのことです。	
14725	D1:6558:00F10	1	대사	【マコト】レイコがどうかしたの？	
14726	D1:6558:00F34	1	대사	【エレナ】はい‥‥この間、メディカルセンターにやってきて、	
14727	D1:6558:00F7C	1	대사	【エレナ】ドクターと凄い剣幕でやりあってるのを聞いちゃったんです。	
14728	D1:6558:00FCC	1	대사	【マコト】ドクターゲーツと？　いったい何でまた‥‥。	
14729	D1:6558:01004	1	대사	【エレナ】わかりません、でもちょっと尋常じゃなかったような気がします。	
14730	D1:6558:01056	1	대사	【マコト】（レイコがドクターに‥‥どういうことかしら。）	
14731	D1:6558:01092	1	대사	【エレナ】私、こんなこと誰に言っていいのかわからなくて‥‥。	
14732	D1:6558:010DC	1	대사	【エレナ】とにかくイズミさんに相談してみようって。	
14733	D1:6558:0111C	1	대사	【マコト】わかった‥‥よく相談してくれたわ。私がレイコにそれとなく聞いてみる。	
14734	D1:6558:0116E	1	대사	【エレナ】よかった‥‥ありがとうございます。	
14735	D1:6558:011A6	1	대사	【マコト】でもこの事、他言は無用よ。	
14736	D1:6558:011CE	1	대사	【エレナ】はい、心得ています。	
14737	D1:6558:011F8	1	대사	【マコト】その他にも何か気付いたことがあったら、遠慮無く言って頂戴。	
14738	D1:6558:01240	1	대사	【エレナ】はい。	
14739	D1:6558:0125C	1	대사	【マコト】本当にごめんなさいね、遅れてしまって‥‥。	
14740	D1:6558:01294	1	대사	【エレナ】ううん、大丈夫です。	
14741	D1:6558:012BE	1	대사	【マコト】今ちょっと、研究所の方が忙しくて、それで遅れてしまったの。	
14742	D1:6558:01306	1	대사	【エレナ】でも、研究職員の方々は、何でも臨時の休暇を戴いているという話ですけど？	
14743	D1:6558:01362	1	대사	【マコト】え？　えぇそうなの。ウフフ、技術主任の私はお休みなし。	
14744	D1:6558:013A6	1	대사	【エレナ】えぇ！　そんな、可哀想です。	
14745	D1:6558:013D8	1	대사	【マコト】それが仕事なのだから、しょうがないわ。	
14746	D1:6558:0140C	1	대사	【エレナ】お疲れになったりしたら、遠慮無く言って下さい。善処しますから。	
14747	D1:6558:01460	1	대사	【マコト】フフ、ありがとう。	
14748	D1:6558:0149A	1	대사	【マコト】それにしてもエレナ、遅いわね‥‥。	
14749	D1:6558:014CA	1	대사	【マコト】時間にルーズな子じゃないはずなんだけど‥‥どこかしら。	
14750	D1:6558:0150E	1	대사	【エレナ】イズミさん！	
14751	D1:6558:01542	1	대사	【エレナ】イズミさん、こっちですよ。	
14752	D1:6558:0157C	1	대사	【マコト】エレナ、ごめんなさい、遅くなってしまって。	
14753	D1:6558:015B4	1	대사	【エレナ】ううん、全然。お仕事、大変そうですね。	
14754	D1:6558:015F0	1	대사	【マコト】え、えぇ‥‥{n00}どこにいたの？捜しちゃったわ。	
14755	D1:6558:0162A	1	대사	【エレナ】気づきにくかったかしら。窓際にずっと座っていたんですよ。	
14756	D1:6558:01678	1	대사	【マコト】フフ、立って話すのも何だから、座りましょうよ。	
14757	D1:6558:016B4	1	대사	【エレナ】はい、こちらへ。	
14758	D1:6558:016E4	1	대사	【マコト】天井には、綺麗な照明が連なっているわ。	
14759	D1:6558:01718	1	대사	【マコト】だけどここのラウンジって、夜の７時か８時には閉めてしまうのよね。	
14760	D1:6558:01766	1	대사	【マコト】なんでかしら。もったいないと思うのだけど‥‥。	
14761	D1:6558:017A2	1	대사	【マコト】さすがにラウンジ内には、人が溢れているようね。	
14762	D1:6558:017DE	1	대사	【マコト】といっても、都会の雑踏に比べれば、微々たるものだけど‥‥。	
14763	D1:6558:01826	1	대사	【マコト】エレナ、まだ来ていないのかしら‥‥。	
14764	D1:6558:0186E	1	대사	【マコト】ここでエレナと待ち合わせをしているのよ。	
14765	D1:6558:018A4	1	대사	【マコト】エレナ、どこにいるのかしら。	
14766	D1:6558:018CE	1	대사	【マコト】外って‥‥いま来たばかりじゃない。	
14767	D1:6592:01430	2	대사	【マコト】ここは宿舎の２階だわ‥‥。	
14768	D1:6592:01458	2	대사	【マコト】あたりは静寂に包まれている‥‥。	
14769	D1:6592:01490	1	대사	【マコト】何なのよ‥‥もう、何なのよ！	
14770	D1:6592:014BA	1	대사	【マコト】レイコが‥‥レイコが死んだのよ！　それなのに‥‥。	
14771	D1:6592:014FA	1	대사	【マコト】何を心のよりどころにしたらいいの‥‥。	
14772	D1:6592:0152E	1	대사	【マコト】誰を信じればいいの‥‥‥‥。	
14773	D1:6592:01558	1	대사	【マコト】誰を‥‥‥‥‥‥。	
14774	D1:6592:0159E	2	대사	【マコト】ここは宿舎内の２階‥‥。	
14775	D1:6592:015C4	1	대사	【マコト】無我夢中で走ってきたのね‥‥。	
14776	D1:6592:0160C	1	대사	【マコト】アルに‥‥早くアルに軟禁がとけたことを伝えてあげないと‥‥。	
14777	D1:6592:016C0	1	대사	ピッピッピッピッ‥‥‥‥{n00}ガチャ。	
14778	D1:6592:016F8	1	대사	【カイル】これで、中からはもう開けられない。	
14779	D1:6592:01730	1	대사	【マコト】そんなことをしなくても、アルは逃げないと思うわ。	
14780	D1:6592:0176E	1	대사	【カイル】フン、まぁいい。で、どうする？	
14781	D1:6592:017A2	1	대사	【マコト】どうするって‥‥どういうこと？	
14782	D1:6592:017CE	1	대사	【カイル】俺の部屋にでも来るか？	
14783	D1:6592:017FA	1	대사	【マコト】ご、ごめんなさい‥‥今はそういう気分じゃないわ。	
14784	D1:6592:01838	1	대사	【カイル】そうか‥‥わかった。	
14785	D1:6592:0186C	1	대사	【マコト】あっ、待って！	
14786	D1:6592:01888	1	대사	【カイル】なんだよ？	
14787	D1:6592:018B2	1	대사	【マコト】その‥‥‥‥。	
14788	D1:6592:018CE	1	대사	【カイル】釈然としない奴だな。	
14789	D1:6592:018F8	1	대사	【マコト】その、さっき‥‥さっき何を言おうとしたの？	
14790	D1:6592:01930	1	대사	【カイル】あ？　何の話だ。	
14791	D1:6592:01956	1	대사	【マコト】ほらさっき、その‥‥‥‥部屋で私に言いかけたこと。	
14792	D1:6592:01996	1	대사	【カイル】あぁ、あれか。内緒だ。	
14793	D1:6592:019C2	1	대사	【マコト】そ、そんな。	
14794	D1:6592:019DC	1	대사	【カイル】そのうち教えてやる。だが、今はまだ時期尚早らしい‥‥。	
14795	D1:6592:01A4E	1	대사	【マコト】カイルにしては、あっさりだわ‥‥。	
14796	D1:6592:01A7E	1	대사	【マコト】フフ、何かを期待していたりしてね、私ったら‥‥。	
14797	D1:6592:01AD8	1	대사	【マコト】あぁ、自室でゆっくり考えたい気分‥‥。	
14798	D1:6592:01B16	2	대사	【マコト】ここは宿舎の２階ね。	
14799	D1:6592:01B38	2	대사	【マコト】職員の個室が集まっているところよ。	
14800	D1:6592:01B72	3	대사	【マコト】ここは宿舎の２階。	
14801	D1:6592:01B92	1	대사	【マコト】もうすぐ、大半の職員がここ《デザイア》を引き上げてしまうのね‥‥。	
14802	D1:6592:01C68	2	대사	【マコト】職員の個室が集まっているところ‥‥。	
14803	D1:6592:01D00	6	대사	【マコト】ここは宿舎の２階‥‥。	
14804	D1:6592:01D24	3	대사	【マコト】職員の個室が集まっているわ。	
14805	D1:6592:01E08	1	대사	【マコト】ここは宿舎の２階よ。	
14806	D1:6592:01E2A	1	대사	【マコト】もう、アルったら‥‥どうしたのかしら。	
14807	D1:6592:01EA8	1	대사	【マコト】フフ‥‥アルがもうすぐ部屋にくるわ。	
14808	D1:6592:01EDA	1	대사	【マコト】早く部屋に戻って、片づけておかなくちゃ。	
14809	D1:6592:01F3E	2	대사	【マコト】《デザイア》の、ほとんどの研究職員の個室が集まっているわ。	
14810	D1:6592:02016	2	대사	【マコト】早くアルの部屋に行きましょう。	
14811	D1:6592:02068	1	대사	【マコト】アルに、早く軟禁解除のことを伝えてあげなくちゃ‥‥。	
14812	D1:6592:020C2	8	선택지	　アルの部屋	
14813	D1:6592:020D8	1	대사	【マコト】アルに早く伝えないと。	
14814	D1:6592:020FC	1	대사	【マコト】アルに軟禁が解けたことを伝えないと‥‥。	
14815	D1:6592:02132	1	대사	【マコト】でも、会いづらいわ‥‥。	
14816	D1:6592:02184	1	대사	【マコト】ホールに行ってもしょうがないわ。	
14817	D1:6592:021B2	1	대사	【マコト】今はアルの部屋が先ね‥‥。	
14818	D1:6592:021DA	1	대사	【マコト】そうね‥‥アルの部屋に行きましょう。	
14819	D1:6592:0220C	1	대사	【マコト】やだ、私泣いていたみたい‥‥目の下がゴワゴワするわ。	
14820	D1:6592:0224E	1	대사	【マコト】こんな顔、見せられないけど‥‥。	
14821	D1:6592:0227C	1	대사	【マコト】いいわ、もう。早くアルに伝えましょう。	
14822	D1:6592:022B0	1	대사	【マコト】アル、いるのかしら‥‥？	
14823	D1:6592:02312	1	대사	【マコト】いないのかしら？	
14824	D1:6592:02330	1	대사	【マコト】まさか早まって、逃亡なんことに‥‥。	
14825	D1:6592:02362	1	대사	【マコト】あぁ、アルだったらやりかねないわ。どうしようかしら。	
14826	D1:6592:023C0	1	대사	【マコト】そうよね、単に寝ているだけかもしれないわ‥‥。	
14827	D1:6592:02438	1	대사	【マコト】いないのかしら‥‥。	
14828	D1:6592:0247A	1	대사	【マコト】いるじゃない‥‥もう、心配して損したわ。	
14829	D1:6592:024BA	1	대사	【マコト】あら、シェリル‥‥。	
14830	D1:6592:024DC	2	대사	【シェリル】い、イズミさん‥‥。	
14831	D1:6592:02512	1	대사	【シルビア】イズミさん、何でここに‥‥。	
14832	D1:6592:0259E	1	대사	【アル】あ？　あ、あぁつまりその‥‥なかなか気持ちのいい朝だね、	
14833	D1:6592:025EC	1	대사	【アル】何かこう、窓から飛び出したくなるような気分だ。	
14834	D1:6592:02630	1	대사	【マコト】（もう、やっぱり思った通り‥‥。）	
14835	D1:6592:026E6	1	대사	【マコト】（でも、アルの容疑を晴らすためとはいえ‥‥。）	
14836	D1:6592:02722	1	대사	【マコト】犯人がわかったのよ‥‥。	
14837	D1:6592:02770	1	대사	【マコト】（あぁ、レイコ、ごめんなさい‥‥ごめんなさい！）	
14838	D1:6592:02884	1	대사	【マコト】れ、レイコは‥‥レイコは死んだわ。	
14839	D1:6592:02930	1	대사	【マコト】ご、ごめんなさい。じゃあ、私は行くわ‥‥シェリル、シルビア、失礼するわ。	
14840	D1:6592:029AC	1	대사	【シルビア】あ、あぁ‥‥。	
14841	D1:6592:029F8	1	대사	【マコト】とりあえず、私の責務は果たしたわ‥‥。	
14842	D1:6592:02A2C	1	대사	【マコト】もうクタクタ、早く部屋に帰りましょう。	
14843	D1:6592:02A68	1	대사	【マコト】アルの部屋に行きましょうよ。	
14844	D1:6592:02A92	1	대사	【マコト】３階に用はないわ‥‥。	
14845	D1:6592:02AB6	1	대사	【マコト】今はアルに軟禁解除を伝えるのが先決‥‥。	
14846	D1:6592:02B36	1	대사	【マコト】ほんのわずかな人しかいない宿舎‥‥。	
14847	D1:6592:02B68	1	대사	【マコト】寂しくなってしまったわね‥‥。	
14848	D1:6592:02B94	2	대사	【マコト】今までは、ドアの向こうに誰かがいるという	
14849	D1:6592:02BCA	2	대사	【マコト】安心感みたいなものがあったけど‥‥。	
14850	D1:6592:02BFC	1	대사	【マコト】今はそれが無くなってしまったのね‥‥。	
14851	D1:6592:02C6A	2	대사	【マコト】自分の部屋に戻ろうかしら‥‥。	
14852	D1:6592:02C9E	2	대사	【マコト】そうね、ホールに降りましょう。	
14853	D1:6592:02CD0	2	대사	【マコト】アルには会いたくないの‥‥。	
14854	D1:6592:02CFA	2	대사	【マコト】今はアルに用がないわ‥‥。	
14855	D1:6592:02D22	2	대사	【マコト】会ったらどうなってしまうか、自分でも自信がない‥‥。	
14856	D1:6592:02D64	2	대사	【マコト】３階に行くの？　特に用はないんだけど‥‥。	
14857	D1:6592:02E18	1	대사	【マコト】今日の夜半には、職員のほとんどが《デザイア》を引き上げてしまう‥‥。	
14858	D1:6592:02E6A	1	대사	【マコト】寂しくなってしまうわ‥‥。	
14859	D1:6592:02EFA	1	대사	【マコト】それがもう、なくなってしまうのね。	
14860	D1:6592:030E2	1	대사	【マコト】あたりはシンと静まり返っているわ。	
14861	D1:6592:03112	1	대사	【マコト】だけどもしかしたら、人が居なくなるかもしれないのね‥‥。	
14862	D1:6592:03158	1	대사	【マコト】静かな廊下‥‥でも、室内に誰かがいるという安堵感がある。	
14863	D1:6592:0319E	1	대사	【マコト】どこかに人がいるという安心感ね。	
14864	D1:6592:0320E	1	대사	【マコト】そうね‥‥自分の部屋に戻りましょう。	
14865	D1:6592:03246	1	대사	【マコト】ホールに降りるの？	
14866	D1:6592:0326C	1	대사	【マコト】アルの部屋に行くの‥‥？	
14867	D1:6592:032C6	1	대사	【マコト】いないわ。少しホッとした‥‥。	
14868	D1:6592:032F2	1	대사	【マコト】３階に行くのね？	
14869	D1:6592:0335C	3	대사	【マコト】あたりには誰もいない‥‥。	
14870	D1:6592:03384	1	대사	【マコト】職員のほとんどは休暇中だというのに‥‥。	
14871	D1:6592:033BA	1	대사	【マコト】みんなどこに行っているのかしらね。	
14872	D1:6592:03412	1	대사	【マコト】でも逆に、この時間に宿舎内にいる人は、ちょっと問題よね。	
14873	D1:6592:03458	1	대사	【マコト】サボリは、やっぱり褒められたことじゃないわよ。	
14874	D1:6592:03494	1	대사	【マコト】でも幸いにして、人の姿は見えないようね‥‥。	
14875	D1:6592:034F2	1	대사	【マコト】でもこれが宿舎内における風景‥‥もう見慣れてしまったわ。	
14876	D1:6592:03572	2	대사	【マコト】そうね、いったん自室に戻りましょう。	
14877	D1:6592:035AA	2	대사	【マコト】ホールに行ってみようかしら。	
14878	D1:6592:035DA	1	대사	【マコト】そうね、アルときちんと話し合わなくちゃ。	
14879	D1:6592:03610	1	대사	【マコト】アルの部屋に行きましょう。	
14880	D1:6592:03658	1	대사	【マコト】アル、いる？	
14881	D1:6592:03682	1	대사	【マコト】こういう時にいないんだから。	
14882	D1:6592:036E6	1	대사	【マコト】そう、確かシェリルと一緒に泳ぎに行くとか行っていたわ。	
14883	D1:6592:0372A	1	대사	【マコト】海辺に行けば、アルに会えるのかしら？	
14884	D1:6592:0375C	2	대사	【カイル】マコト。	
14885	D1:6592:037A2	1	대사	【マコト】（何てタイミングが悪いの‥‥アルと一緒に話そうとした矢先に‥‥。）	
14886	D1:6592:037F8	1	대사	【カイル】どうだい、調子は。	
14887	D1:6592:03820	1	대사	【マコト】べ、別に‥‥普通よ。	
14888	D1:6592:03842	1	대사	【カイル】そうか‥‥。	
14889	D1:6592:03864	1	대사	【マコト】あっ、イヤ！	
14890	D1:6592:0387E	1	대사	【カイル】なんだよ、肩を抱いただけだぜ。	
14891	D1:6592:038B2	1	대사	【マコト】や、やめて！　人に見られでもしたら‥‥。	
14892	D1:6592:038E8	1	대사	【カイル】別に見られたっていいだろう。俺とマコトの仲だ。	
14893	D1:6592:0392C	1	대사	【マコト】馴れ馴れしくしないで頂戴。	
14894	D1:6592:03954	1	대사	【カイル】昨日、あれだけ俺のことを好きって言っていたじゃないか？	
14895	D1:6592:039A0	1	대사	【マコト】あ、あれは‥‥あなたが変な事をして。	
14896	D1:6592:039D8	1	대사	【カイル】まぁ、これを聞いてみなって。	
14897	D1:6592:03A0A	2	대사	【マコト】な、なに‥‥？	
14898	D1:6592:03A26	2	대사	カチッ。	
14899	D1:6592:03A3A	1	대사	【女の声】カイル‥‥あ‥愛してる‥‥‥	
14900	D1:6592:03A6C	1	대사	【女の声】アルなんかよりもずっと‥‥カイル‥‥抱きしめて！	
14901	D1:6592:03AC6	1	대사	【カイル】いったい誰だ？こんなに激しく俺を愛してくれるのは	
14902	D1:6592:03B0C	1	대사	【マコト】（わ、私の声‥‥‥‥い、一体いつの間に！？）	
14903	D1:6592:03B46	1	대사	【カイル】こいつを放送室から流そうって、大それた計画を立案中なんだが‥‥。	
14904	D1:6592:03B9C	1	대사	【マコト】や、やめて！	
14905	D1:6592:03BB6	1	대사	【カイル】やめて欲しいか？	
14906	D1:6592:03BDC	1	대사	【マコト】（あぁ、何てことなの‥‥私‥‥。）	
14907	D1:6592:03C0C	1	대사	【カイル】俺の言うことを聞けば、マスターテープを渡してやる。	
14908	D1:6592:03C54	1	대사	【マコト】（あんな声を放送で流されたら‥‥。）	
14909	D1:6592:03C86	1	대사	【マコト】（きっと恥ずかしくて、死んでしまうわ！）	
14910	D1:6592:03CBC	1	대사	【マコト】ど、どうすればいいの‥‥。	
14911	D1:6592:03CE4	1	대사	【カイル】フッ、話が早いな‥‥‥‥。じゃこれを見ろ‥‥。	
14912	D1:6592:03D2E	1	대사	【マコト】（ま、また例の催眠術‥‥‥‥‥‥）	
14913	D1:6592:03D5E	1	대사	【カイル】この振り子を見るんだ。	
14914	D1:6592:03D8A	1	대사	【マコト】ば、馬鹿なことを言わないで！もうその手には乗らないわっ！	
14915	D1:6592:03DD0	1	대사	【カイル】見るんだよ、言うことを聞くって、今言ったばかりだろう。	
14916	D1:6592:03E1C	1	대사	【マコト】い、いやよ‥こんなところで！絶対に無理よ。	
14917	D1:6592:03E54	1	대사	【カイル】絶対に無理か‥‥それじゃしょうがない、無理強いはさせたくないしな‥‥。	
14918	D1:6592:03EB2	1	대사	【カイル】じゃあな。	
14919	D1:6592:03EDE	1	대사	【マコト】あっ、ま、待って！	
14920	D1:6592:03EFE	1	대사	【カイル】なんだ。	
14921	D1:6592:03F1C	1	대사	【マコト】そ、そのテープをどうするつもり？	
14922	D1:6592:03F4A	1	대사	【カイル】さぁ、どうされると思うんだ。	
14923	D1:6592:03F7C	1	대사	【マコト】（あんな物を放送で流されたら‥‥。）	
14924	D1:6592:03FAE	1	대사	【マコト】お、お願い‥‥お願いよ。	
14925	D1:6592:03FD4	1	대사	【カイル】支離滅裂なヤツだな。だったら言うことを聞けよ。	
14926	D1:6592:04018	1	대사	【マコト】（あぁ、また前みたいに自制心が効かなくなってしまう‥‥。）	
14927	D1:6592:04060	1	대사	【マコト】（どうしたらいいのよ。）	
14928	D1:6592:04086	1	대사	【カイル】言うことを聞くのか、聞かないのか！？	
14929	D1:6592:040C0	1	대사	【マコト】あっ‥‥わ、わかったわ‥‥。	
14930	D1:6592:04102	1	대사	【カイル】別にやりたくないなら構わないぜ。じゃあな‥‥。	
14931	D1:6592:04146	1	대사	【マコト】ダメ！　わ、わかったわ‥‥ここで‥‥。	
14932	D1:6592:0417A	1	대사	【カイル】じゃあ早くしろ。ぐずぐずしてると、人が来るぜ。	
14933	D1:6592:041BE	1	대사	【マコト】（あぁ、なんてことなの‥‥‥‥。）	
14934	D1:6592:041EE	1	대사	【マコト】（どうしてカイルに逆らえないの？）	
14935	D1:6592:04228	1	대사	【カイル】さぁ、コイツをよおく見るんだ。	
14936	D1:6592:0425C	1	대사	【マコト】み、見てるわ‥‥‥‥。	
14937	D1:6592:04280	1	대사	【カイル】お前は‥‥だれだ‥‥‥？	
14938	D1:6592:042AE	1	대사	【マコト】‥‥マコト‥‥イズミ‥‥‥‥	
14939	D1:6592:042D8	1	대사	【カイル】そぅ‥‥‥お前はマコトだ‥‥‥。	
14940	D1:6592:0432A	1	대사	【カイル】俺は？‥‥‥だれだ？‥‥‥。	
14941	D1:6592:0435C	1	대사	【マコト】‥‥‥‥‥カイル‥‥‥。	
14942	D1:6592:04382	1	대사	【カイル】そう、俺はカイルだ。‥‥‥お前の恋人だ‥‥‥。	
14943	D1:6592:043C6	1	대사	【マコト】ち、違う‥‥‥‥。	
14944	D1:6592:043E6	1	대사	【カイル】俺はお前の恋人のカイルだ。	
14945	D1:6592:04416	1	대사	【マコト】‥‥ち‥‥‥違う‥‥私の‥‥恋人は‥‥。	
14946	D1:6592:0444C	1	대사	【カイル】カイル‥‥ずっと‥‥カイルだった‥‥。	
14947	D1:6592:04488	1	대사	【マコト】（い‥‥いけない‥‥‥また‥‥‥。）	
14948	D1:6592:044BA	1	대사	【マコト】（あぁ‥‥‥思い出せない‥。）	
14949	D1:6592:04506	1	대사	【マコト】（私の恋人は‥‥‥‥。）	
14950	D1:6592:0452C	1	대사	【マコト】（私の‥‥‥‥。）	
14951	D1:6592:0454C	1	대사	【マコト】（恋人‥‥‥‥‥‥。）	
14952	D1:6592:04570	1	대사	【カイル】カイルっ！	
14953	D1:6592:04590	1	대사	【マコト】そ、そんな‥‥。あ、あぁ、違う‥‥。	
14954	D1:6592:045C2	1	대사	【カイル】このカイルがずっとお前の恋人だったんだっ！	
14955	D1:6592:04602	1	대사	【マコト】やっ‥‥！	
14956	D1:6592:0461A	1	대사	【カイル】そうだな‥‥マコト‥‥‥‥。	
14957	D1:6592:0464C	1	대사	【マコト】（い‥‥やよ、{n00}ち‥‥ちがう‥‥私の‥‥恋人は‥‥。）	
14958	D1:6592:04690	1	대사	【カイル】聞こえたろう？　	
14959	D1:6592:046CA	1	대사	【カイル】俺だよ。カイルだ。	
14960	D1:6592:0470A	1	대사	【マコト】（あぁ‥‥なんで‥‥逆らえないの？）	
14961	D1:6592:0473C	1	대사	【カイル】ほら、いつも一緒に抱き合っていたじゃないか。	
14962	D1:6592:0477E	3	대사	【マコト】そ、そんな‥‥。	
14963	D1:6592:0479C	1	대사	【カイル】そう、マコトはいつもそうだ。恥ずかしがってばっかりだ。	
14964	D1:6592:04800	1	대사	【カイル】いちいち手を焼かせるんだ。しかしそこがまた俺のお気に入りさ。	
14965	D1:6592:0486E	1	대사	【カイル】そういや、だだをこねすぎて２日も口をきかないことがあったな。	
14966	D1:6592:048C0	1	대사	【マコト】（あぁ、そうよ‥‥‥‥私‥‥‥‥。）	
14967	D1:6592:048F2	1	대사	【カイル】あの時は参ったよ。何をプレゼントしても機嫌が直らなくって。	
14968	D1:6592:04942	1	대사	【マコト】（あぁ‥‥‥そうよ‥‥そう‥思い出したわ。）	
14969	D1:6592:0497C	1	대사	【マコト】（私ったら‥‥すっかり甘えて‥‥‥‥。）	
14970	D1:6592:049B2	1	대사	【マコト】（彼を困らせて‥‥？）	
14971	D1:6592:049D6	1	대사	【カイル】どうやって機嫌が直ったか覚えているかい？	
14972	D1:6592:04A14	1	대사	【マコト】う‥‥ううん‥‥‥忘れちゃった‥‥。	
14973	D1:6592:04A46	1	대사	【カイル】こうしたら直ったのさ。	
14974	D1:6592:04A78	1	대사	【マコト】ぁ‥‥‥‥。	
14975	D1:6592:04A92	1	대사	【カイル】こうしたのさ。	
14976	D1:6592:04AB6	11	대사	【マコト】‥‥‥‥‥‥‥‥。	
14977	D1:6592:04AD6	1	대사	【カイル】お前の機嫌は、こうしたらすぐに直るのさ。	
14978	D1:6592:04B14	1	대사	【マコト】（‥‥わ‥‥私‥‥。）　	
14979	D1:6592:04B3A	1	대사	【カイル】お前のことは何でも知ってるぜ。	
14980	D1:6592:04B6E	1	대사	【マコト】（そう‥‥そうだわ。{n00}‥‥私はいつも‥‥こうして‥‥。）	
14981	D1:6592:04BB4	1	대사	【カイル】やっと思い出したかい？	
14982	D1:6592:04C02	1	대사	【マコト】どこに行くの‥‥？	
14983	D1:6592:04C22	1	대사	【カイル】ちょっと歩こう。	
14984	D1:6592:04C48	2	대사	【マコト】‥‥‥。	
14985	D1:6592:04C5E	1	대사	【カイル】フッ、いいじゃないか、この際みんなに見せつけてやれ。	
14986	D1:6592:04CA8	1	대사	【マコト】い、いやだ‥‥‥。	
14987	D1:6592:04CC8	1	대사	【カイル】いいじゃないか。俺たちは昔からつき合ってるんじゃないか。	
14988	D1:6592:04D16	1	대사	【マコト】う、うん。	
14989	D1:6592:04D2E	1	대사	【カイル】んっ！	
14990	D1:6592:04D4A	2	대사	【マコト】えっ‥‥！？	
14991	D1:6592:04D64	1	대사	【カイル】ほら、もっと親しそうにしてくれよ。	
14992	D1:6592:04D9C	1	대사	【マコト】いやよ‥‥本当に‥‥。	
14993	D1:6592:04DC0	1	대사	【カイル】ふふふ‥‥‥。	
14994	D1:6592:04DE4	1	대사	【マコト】カイルったら、ちょっと離して。	
14995	D1:6592:04E1A	1	대사	【シェリル】あっ、イズミさん‥‥‥‥それに、カイル‥‥。	
14996	D1:6592:04E5E	1	대사	【カイル】よぉ、久しぶりだな。	
14997	D1:6592:04EA6	1	대사	【マコト】し、シェリル‥‥。	
14998	D1:6592:04EC6	2	대사	【シェリル】ど、どうしたんですか？	
14999	D1:6592:04EF4	1	대사	【マコト】う、ううん‥‥何でも、ないの、本当よ‥‥。	
15000	D1:6592:04F2C	1	대사	【シェリル】‥‥。	
15001	D1:6592:04F42	1	대사	【マコト】ほ、本当に何でもないのよ。	
15002	D1:6592:04F6A	1	대사	【シェリル】そうですか。ねぇ、イズミさん。	
15003	D1:6592:04FA0	1	대사	【マコト】な、なにかしら‥‥。	
15004	D1:6592:04FC2	1	대사	【シェリル】ティーナを‥‥ティーナを見ませんでしたか？	
15005	D1:6592:05004	1	대사	【マコト】ティーナって、{n00}あの女の子？　み、見なかったけど‥‥。	
15006	D1:6592:05070	1	대사	【マコト】か、彼女が‥‥。	
15007	D1:6592:050BC	1	대사	【マコト】い‥‥ち、違うの‥‥ごめんなさい、見なかったわ。	
15008	D1:6592:050FA	1	대사	【シェリル】は、はぁ‥‥わかりました、じゃあ失礼します‥‥。	
15009	D1:6592:0514C	1	대사	【マコト】もぅ‥‥。	
15010	D1:6592:05164	1	대사	【カイル】そんなに緊張しなくてもいいじゃないか。	
15011	D1:6592:051A0	1	대사	【マコト】彼女に‥‥シェリルに絶対変に思われたわ、どうするのよ！	
15012	D1:6592:051E4	1	대사	【カイル】どうしてそんなことを気にするんだ‥‥。	
15013	D1:6592:05236	1	대사	【カイル】俺たちはみんな公認の仲なんだぜ。	
15014	D1:6592:0528E	1	대사	【カイル】何だ、そうじゃないとでも言うのか？	
15015	D1:6592:052C6	1	대사	【マコト】‥‥‥そ‥‥そうじゃ‥‥‥ない‥‥‥‥。	
15016	D1:6592:052FC	1	대사	【カイル】（くそ、催眠効果がもう切れてきやがったか？）	
15017	D1:6592:0533E	1	대사	【マコト】そうじゃ、ない‥‥‥‥。	
15018	D1:6592:05364	1	대사	【カイル】ま、いいだろう。宿舎内に戻るかな。	
15019	D1:6592:053DA	1	대사	【カイル】さぁ、部屋へ行こう。	
15020	D1:6592:05404	1	대사	【マコト】うぅ、頭が‥‥痛い‥‥‥‥‥‥。	
15021	D1:6592:05432	1	대사	【アル】おい、マコト‥‥。	
15022	D1:6592:05462	1	대사	【カイル】またお前か。ここんところ、よく会うな。	
15023	D1:6592:0549E	1	대사	【マコト】あ‥‥？	
15024	D1:6592:05540	1	대사	【マコト】え？‥‥‥あなたは？‥‥‥‥‥‥。	
15025	D1:6592:05570	1	대사	【カイル】ふふふ‥‥‥‥。じゃあ行こうか。	
15026	D1:6592:05662	3	대사	【マコト】‥‥‥‥‥。	
15027	D1:6592:0569A	1	대사	【マコト】お願い、‥‥‥‥‥‥い、今は放っておいて欲しいの‥‥。	
15028	D1:6592:05752	1	대사	【マコト】アルの部屋‥‥？	
15029	D1:6592:05770	1	대사	【マコト】今はまだ会いたくないわ‥‥。	
15030	D1:6592:0579A	2	대사	【マコト】３階‥‥特に用事はないんだけど。	
15031	D1:6592:057C8	2	대사	【マコト】でも行ってみましょう。	
15032	D1:6592:05838	1	대사	【マコト】もう、早く行きましょうったら。	
15033	D1:6592:05864	1	대사	【マコト】アルの部屋はここからすぐね。	
15034	D1:6592:0588E	1	대사	【マコト】早く行きましょう。	
15035	D1:6592:058BC	1	대사	【マコト】そうよ、アルの部屋に行きたいの、私は。	
15036	D1:6592:058F0	1	대사	【マコト】アル、いるのかしら‥‥。	
15037	D1:6592:05916	1	대사	【マコト】ノックした方がいいかな？	
15038	D1:6592:0593C	1	대사	【声】も、もっと強く！	
15039	D1:6592:0598E	1	대사	【マコト】い、いま中から声が聞こえてきたような‥‥。	
15040	D1:6592:059C6	1	대사	【声】あぁ、あ、あぅぅ、‥‥。	
15041	D1:6592:059F0	1	대사	【マコト】ゴクッ‥‥。	
15042	D1:6592:05A0A	1	대사	【マコト】ま、まさかこの声って‥‥そんな‥‥‥‥。	
15043	D1:6592:05A46	1	대사	【マコト】（な、なに‥‥何なのよ‥‥。）	
15044	D1:6592:05A90	1	대사	【マコト】えっ！！	
15045	D1:6592:05AA6	1	대사	【マコト】（あ、アル‥‥アル！　何をやってるのよ！！）	
15046	D1:6592:05B00	1	대사	【アル】俺もだよ、クリス！	
15047	D1:6592:05B26	1	대사	【マコト】（な、何なの‥‥‥‥。）	
15048	D1:6592:05B4C	1	대사	【マコト】（何でクリスさんがここにいるの‥‥？）	
15049	D1:6592:05B80	1	대사	【マコト】（何で抱き合っているの‥‥？）	
15050	D1:6592:05BAC	1	대사	【マコト】（イヤよ‥‥‥‥。）	
15051	D1:6592:05BCE	1	대사	【マコト】（やだ‥‥もういやよ！）	
15052	D1:6592:05BF4	1	대사	【マコト】ばかぁぁぁぁっっ！！	
15053	D1:6592:05C32	1	대사	【マコト】（もう、アルなんて‥‥‥‥アルなんて！）	
15054	D1:6592:05C68	1	대사	【マコト】（バカ‥‥‥‥。）	
15055	D1:6592:05CA8	1	대사	【マコト】ここでこうしているのも、時間の無駄という気がするわ。	
15056	D1:6592:05CEA	1	대사	【マコト】早く部屋に戻って、片づけでもしておきましょうよ。	
15057	D1:6592:05D28	1	대사	【マコト】あたりには誰もいないわ‥‥。	
15058	D1:6592:05D52	1	대사	【マコト】もうみんな、自室に引きこもっている頃でしょうね‥‥。	
15059	D1:6592:05D94	1	대사	【マコト】ウフフ、早く私も部屋にもどらないと。	
15060	D1:6592:05E00	1	대사	【マコト】そうよ、早く自分の部屋に戻りましょう。	
15061	D1:6592:05E34	1	대사	【マコト】ウフフ‥‥。	
15062	D1:6592:05E54	1	대사	【マコト】ホールに降りる必要はないわ。	
15063	D1:6592:05E7E	1	대사	【マコト】ホールに降りて何をする{n00}の？	
15064	D1:6592:05EA8	1	대사	【マコト】そんなことよりも、早く部屋に戻りたいわ。	
15065	D1:6592:05EDE	1	대사	【マコト】早く自分の部屋に戻りましょうよ。	
15066	D1:6592:05F0C	1	대사	【マコト】たった今、アルの部屋から出てきたばかりよ。	
15067	D1:6592:05F44	1	대사	【マコト】戻っても、あの子がいるだけだし‥‥。	
15068	D1:6592:05F76	1	대사	【マコト】３階に行くよりも、早く自室に戻りましょう。	
15069	D1:6592:05FAE	1	대사	【マコト】いま３階に用はないんだけど‥‥。	
15070	D1:6592:05FDC	1	대사	【マコト】外になんて出たくないわよ‥‥。	
15071	D1:6592:06008	1	대사	【マコト】外って‥‥外に出てどうするの？	
15072	D1:6592:06034	1	대사	【マコト】自分の部屋に戻る方がいいと思うんだけど‥‥。	
15073	D1:6592:06088	2	대사	【マコト】今この時間、自室にいる人は比較的少ないんじゃないかしらね。	
15074	D1:6592:060D0	1	대사	【マコト】ここと、あと３階は職員のプライベートルームが集まっている。	
15075	D1:6592:06160	1	대사	【マコト】でも、静かな時をすごせて私はむしろいいと思うのだけどね。	
15076	D1:6592:061A6	1	대사	【マコト】アルは、恐らく正反対の意見じゃないかしら。	
15077	D1:6592:06280	1	대사	【マコト】アルの部屋に行くの？	
15078	D1:6592:062C2	1	대사	【マコト】いないようだわ。	
15079	D1:6592:062E0	1	대사	【マコト】アルの部屋は確か‥‥あ、ここね。	
15080	D1:6592:0634A	1	대사	【マコト】いないようね。	
15081	D1:6592:06366	1	대사	【マコト】まったく、どこを歩き回っているのかしら。	
15082	D1:6592:06430	1	대사	【マコト】さっ、ここでこうしていてもしょうがないわよ。早くアルを迎えに行かないと。	
15083	D1:6592:06486	1	대사	【マコト】今の時間は、みんな持ち場に就いている。だから、人の姿がないのも当たり前ね。	
15084	D1:6592:064DE	1	대사	【マコト】あたりには誰もいない‥‥ここはいつもこんな調子。	
15085	D1:6592:0651C	1	대사	【マコト】みんな部屋で何かをするか、あるいは外に出て散歩でもするか‥‥。	
15086	D1:6592:06568	1	대사	【マコト】いずれにせよ、廊下で談話をする人などはいないわね。	
15087	D1:6592:065C2	1	대사	【マコト】自室に戻るの？	
15088	D1:6592:065E4	1	대사	【マコト】そうよ、早くアルを迎えに行かないと。	
15089	D1:6592:06616	1	대사	【マコト】外にでましょう。	
15090	D1:6749:00352	1	대사	【マコト】ここは宿舎の３階‥‥。	
15091	D1:6749:00376	1	대사	【マコト】２階と同じ‥‥誰もいないわ‥‥。	
15092	D1:6749:003AE	2	대사	【マコト】ここは３階だわ‥‥。	
15093	D1:6749:00406	3	대사	【マコト】ここは宿舎の３階。	
15094	D1:6749:00426	1	대사	【マコト】特に用はないんだけど‥‥‥‥。	
15095	D1:6749:0047C	1	대사	【マコト】２階と同じく、職員の個室が集まっているわ‥‥。	
15096	D1:6749:004E2	1	대사	【マコト】２階とレイアウトが同じなのはしょうがないわね。	
15097	D1:6749:00552	1	대사	【マコト】シェリル、どうしたの？　薬箱なんて持って。	
15098	D1:6749:0058A	1	대사	【シェリル】え、えぇ‥‥その、{n00}アルバートさんに‥‥。	
15099	D1:6749:005CC	1	대사	【マコト】アルバートって‥‥アルがどうかしたの？	
15100	D1:6749:00600	1	대사	【シェリル】は、はい。手を痛められて、それでシップ薬などを用意していたんですが。	
15101	D1:6749:0065C	1	대사	【マコト】手を痛めてって‥‥何かあったの？	
15102	D1:6749:0068A	1	대사	【シェリル】えぇ‥‥ラウンジで、カイルといざこざがあって‥‥。	
15103	D1:6749:006D4	2	대사	【マコト】えぇ！？	
15104	D1:6749:006EA	1	대사	【シェリル】でも、悪いのはカイルの方で‥‥。	
15105	D1:6749:00722	1	대사	【マコト】まったく、必ずどこかでもめ事を起こすんだから。それでいまどこ？	
15106	D1:6749:0076E	1	대사	【シェリル】え、えぇ‥‥それが、いなくなってしまって‥‥。	
15107	D1:6749:007B4	1	대사	【マコト】まったくもう！	
15108	D1:6749:007D0	1	대사	【シェリル】あっ、ごめんなさい。	
15109	D1:6749:007FC	1	대사	【マコト】べ、別にシェリルが謝る必要はないのよ。	
15110	D1:6749:00830	1	대사	【マコト】もう、アルったら鉄砲玉みたいにどこかへ行ってしまうんだから。	
15111	D1:6749:0087A	1	대사	【シェリル】クスクスッ、でも面白い人ですね、アルバートさんって。	
15112	D1:6749:008C6	1	대사	【マコト】それだけなんだけどね。	
15113	D1:6749:008EA	1	대사	【シェリル】じゃあ私、もう行きます。	
15114	D1:6749:0091A	1	대사	【マコト】そう‥‥迷惑をかけてごめんなさい。	
15115	D1:6749:0094A	1	대사	【シェリル】ううん、ちっとも気にしていませんから。じゃあ‥‥。	
15116	D1:6749:009B6	1	대사	【マコト】来た早々にもめ事を起こして‥‥こっちの身にもなって欲しいわ。	
15117	D1:6749:00A00	1	대사	【マコト】フフ、でも相変わらず変わってないわね、アルったら。	
15118	D1:6749:00A4A	1	대사	【マコト】ここは３階よ。	
15119	D1:6749:00A66	1	대사	【マコト】２階とレイアウトが同じなのはしょうがないわよね。	
15120	D1:6749:00ABE	1	대사	【マコト】誰もいないようだわ‥‥。	
15121	D1:6749:00AE4	1	대사	【マコト】普段から誰もいなかったけど、今はいっそうの静寂を感じる‥‥。	
15122	D1:6749:00B2E	1	대사	【マコト】もう宿舎に残っている人は、本当に数えるくらいしかいない‥‥。	
15123	D1:6749:00B8A	1	대사	【マコト】そうね、２階へ戻りましょう。	
15124	D1:6749:00BBA	2	대사	【マコト】ホールへ降りるの？	
15125	D1:6749:00BDA	1	대사	【マコト】そうね‥‥行ってみましょう。	
15126	D1:6749:00C24	1	대사	【マコト】あたりに人の姿は見えないようね‥‥。	
15127	D1:6749:00C56	1	대사	【マコト】３階のメリットは景色かしら‥‥。	
15128	D1:6749:00C84	1	대사	【マコト】プライベートルームから見られる、水平線‥‥そこから現れる太陽‥‥。	
15129	D1:6749:00CD4	1	대사	【マコト】２階からでは、その幻想的な風景は見ることが出来ないわ。	
15130	D1:6749:00D18	1	대사	【マコト】ここは３階ね。	
15131	D1:6749:00D34	1	대사	【マコト】２階とはレイアウトが似ているから、戸惑う人もいるんじゃないかしら。	
15132	D1:6749:00D84	1	대사	【マコト】最初エレベータから降りたとき、まったく同じ風景だったんで、	
15133	D1:6749:00DCC	1	대사	【マコト】あせっちゃった覚えがあるわね。	
15134	D1:6749:00E0A	1	대사	【マコト】そうね、２階へ行ってみましょう。	
15135	D1:6749:00E5E	1	대사	【マコト】そうね‥‥ホールへ行ってみましょう。	
15136	D1:6769:00AB4	1	대사	【マコト】（アル‥‥もう少し話してみたい‥‥。）	
15137	D1:6769:00AE8	1	대사	【マコト】（もう１度だけ、話を‥‥‥‥。）	
15138	D1:6769:00B26	1	대사	【マコト】あっ、カイル‥‥そんな乱暴に扱っちゃだめよ。	
15139	D1:6769:00B6A	1	대사	【カイル】こいつには、このくらいがお似合いだろうよ。	
15140	D1:6769:00BAA	1	대사	【マコト】後は私がやる‥‥カイルはもう退出して。	
15141	D1:6769:00BDE	1	대사	【カイル】フン、そうだな、外で待っているぜ。何かあったら呼べ。	
15142	D1:6769:00C28	1	대사	【マコト】何もないわよ‥‥多分‥‥。	
15143	D1:6769:00C60	1	대사	【マコト】そうよ、何にもなかったのよ‥‥アルがするなんてこと‥‥。	
15144	D1:6769:00CA6	1	대사	【マコト】考えられないわ‥‥。	
15145	D1:6769:00CE4	1	대사	【マコト】だけど、もしよ。もし‥‥‥‥。	
15146	D1:6769:00D10	1	대사	【マコト】もしも、アルが実行犯だとしたら、私はどうするの？	
15147	D1:6769:00D4E	1	대사	【マコト】アルのことを弁護する？　それとも厳正なる法に基づいて彼を裁く？	
15148	D1:6769:00D9A	1	대사	【マコト】厳正なる法‥‥	
15149	D1:6769:00DB6	1	대사	【マコト】そうよ！《デザイア》が属する自治国家は、事実上財団の所有物‥‥。	
15150	D1:6769:00E04	1	대사	【マコト】アルは財団によって、{n00}スケープゴートにされる可能性がある‥‥。	
15151	D1:6769:00E50	1	대사	【マコト】アル、あなたはここにいては、いけないのよ‥‥。	
15152	D1:6769:00E8C	1	대사	【マコト】後は、司法の判断に委ねるしか‥‥私にはできないわ‥‥。	
15153	D1:6769:00ED0	1	대사	【アル】ん‥‥。	
15154	D1:6769:00F08	1	대사	【アル】ここは、俺の部屋？　で、目の前にいるのは‥‥	
15155	D1:6769:00F4A	1	대사	【アル】まぼろしか‥‥どうも俺にはマコトにしか見えない。	
15156	D1:6769:00F90	1	대사	【マコト】目が覚めたのね‥‥起きられる？	
15157	D1:6769:00FBC	1	대사	【アル】あぁ、あんなパンチなんて効きやしないさ‥‥イテテ。	
15158	D1:6769:01110	1	대사	【アル】マルチナさんの言うとおり、状況証拠がそろい過ぎてるって訳だろう？	
15159	D1:6769:01212	1	대사	【マコト】（ごめんなさい‥‥アル‥‥私もう‥‥。）	
15160	D1:6769:01280	1	대사	【マコト】ちょ、ちょっとティーナ、部屋の中を走り回ったらダメよ！	
15161	D1:6769:012E6	1	대사	【マコト】（アルとこうして話し合うのも久しぶりだわ‥‥。）	
15162	D1:6769:01324	1	대사	【マコト】（彼の言い分を聞いてみましょう。）	
15163	D1:6769:01354	1	대사	【マコト】殴られた後が少し痛々しいわ‥‥。大丈夫かしら？	
15164	D1:6769:01390	1	대사	【アル】俺はあんなパンチじゃ、ちっともこたえないぜ。	
15165	D1:6769:013D0	1	대사	【マコト】でも、気絶したじゃない。	
15166	D1:6769:013F6	1	대사	【アル】あれは作戦だ。とりあえず気絶するふりをして、カイルにここまで運ばせる、	
15167	D1:6769:01452	1	대사	【アル】名付けて「こんなに楽だぜ‥‥。」	
15168	D1:6769:01488	1	대사	【マコト】もういいわ。	
15169	D1:6769:014A2	1	대사	【マコト】アルが目の前にいるわ‥‥。	
15170	D1:6769:014CA	1	대사	【マコト】私は彼のベッドに座っている。彼が変な気分を出さなければいいけど‥‥。	
15171	D1:6769:0151C	1	대사	【アル】フッフッフ、変な気分というのは、こんなことかな{n00}ぁ？	
15172	D1:6769:01572	1	대사	【アル】しゅ、しゅまん‥‥。	
15173	D1:6769:0159A	1	대사	【マコト】（もう、いつもこんな調子ね‥‥フフ。）	
15174	D1:6769:015DC	1	대사	【マコト】（部屋を出るのは、もうちょっと後よ。）	
15175	D1:6769:01610	1	대사	【マコト】もう少しアルと話しましょう。	
15176	D1:6769:0163A	1	대사	【アル】話すと言わずに、もう少しこっちに寄ってさ‥‥ほらっ。	
15177	D1:6769:01682	1	대사	【マコト】まじめにやって頂戴！	
15178	D1:6769:016A4	1	대사	【アル】へい。	
15179	D1:6769:01744	1	대사	【アル】へいへい‥‥で、聞きたい事ってのは何だい？	
15180	D1:6769:017AE	1	대사	【マコト】（アルが飛行場を爆破したとは考えたくない‥‥。）	
15181	D1:6769:017EC	1	대사	【マコト】（嘘でもいいから、否定して欲しい。）	
15182	D1:6769:0181E	1	대사	【アル】それは‥‥‥‥。	
15183	D1:6769:01842	1	대사	【マコト】（どうしたのよ、アル、どうしたの？）	
15184	D1:6769:01A1A	1	대사	【マコト】どうしたのよ？	
15185	D1:6769:01AE0	1	대사	【マコト】（ど、どういうことよ‥‥死んだ？　カズミさんが‥‥！？）	
15186	D1:6769:01BA4	1	대사	【アル】いや別に。	
15187	D1:6769:01BC4	1	대사	【アル】直接の死因は、恐らくマコトが言ったとおり、爆発に巻き込まれて、だろうな。	
15188	D1:6769:01C22	1	대사	【マコト】（何てこと‥‥‥‥。）	
15189	D1:6769:01C46	1	대사	【マコト】（財団中枢の人が死んでしまって‥‥あぁ、アルは本部に殺されてしまうわ！）	
15190	D1:6769:01CDA	1	대사	【マコト】（疑うって‥‥疑いをはらすだけのことを、私に言ってみせてよ！）	
15191	D1:6769:01D26	1	대사	【マコト】（そして私を安心させて{n00}よ！）	
15192	D1:6769:01D52	1	대사	【マコト】（あぁ、もうわからないわ‥‥‥‥。）	
15193	D1:6769:01D84	1	대사	【マコト】‥‥わからない、わからないのよ。	
15194	D1:6769:01E82	1	대사	【カイル】別に俺はお前なんかに用はない。マコト、もういいだろう‥‥早く来い。	
15195	D1:6769:02260	1	대사	【マコト】もうやめて！　カイル、やめて頂戴。	
15196	D1:6769:02348	1	대사	【マコト】（アル‥‥ごめんなさい‥‥。）	
15197	D1:6769:0237A	1	대사	【マコト】アル、あなたが《デザイ{n00}ア》にやってきた理由が	
15198	D1:6769:023B6	1	대사	【マコト】仕事であるのは理解しているわ。	
15199	D1:6769:02494	1	대사	【マコト】（部屋に来たのね、もう、勝手に部屋を散らかしていって‥‥。）	
15200	D1:6769:024DE	1	대사	【アル】違った？	
15201	D1:6769:0254C	1	대사	【アル】ははは、まぁその辺は置いといてだ。	
15202	D1:6769:02584	1	대사	【アル】どういう理由で、俺を{n00}《デザイア》から離そうとする？	
15203	D1:6769:025CE	1	대사	【マコト】（理由は‥‥あなたがこのままでは、危ないからよ‥‥。）	
15204	D1:6769:02612	1	대사	【マコト】（でもそれは‥‥私が財団に従属している限り、言うべきことじゃない‥‥。）	
15205	D1:6769:02668	1	대사	【マコト】（それに、私はもうカイルに‥‥‥‥。）	
15206	D1:6769:0274E	1	대사	【マコト】（あぁ、もうどうしてこうなの、この人は！）	
15207	D1:6769:02786	1	대사	【マコト】（そのくらい察して頂戴！もう鈍いんだから‥‥。）	
15208	D1:6769:0284C	1	대사	【マコト】そうね‥‥明日‥‥。	
15209	D1:6769:0290E	1	대사	【マコト】（もう、それに乗って行けって言ってるのよ、私は‥‥。）	
15210	D1:6769:02974	1	대사	【マコト】私は一応、忠告したわよ。	
15211	D1:6769:02AB4	1	대사	【マコト】（アル、お願いよ、あなたはここにいては危ない{n00}の！）	
15212	D1:6769:02AF6	1	대사	【マコト】（あぁ、どうしたらいいの‥‥。）	
15213	D1:6769:02B98	1	대사	【マコト】（私の口からは言えない‥‥言えないわ。）	
15214	D1:6769:02BCE	1	대사	【マコト】（財団のこと‥‥そして、カイルのこと‥‥。）	
15215	D1:6769:02C08	1	대사	【マコト】（妥協をしてどうなるというの？　アル、お願いよ‥‥。）	
15216	D1:6769:02D72	1	대사	【マコト】（あぁ、何でわかってくれないのよ‥‥。）	
15217	D1:6769:02DD8	1	대사	【マコト】ええ‥‥でも、ほんの数分よ。	
15218	D1:6769:02E02	1	대사	【アル】感激だな。キスの１つでもしてあげたくなるぜ。	
15219	D1:6769:02E42	1	대사	【マコト】バカ‥‥。	
15220	D1:6769:02E5A	1	대사	【マコト】（本当に相変わらずね‥）	
15221	D1:6769:02E80	1	대사	【マコト】（でも、アルとは話す必要があるの‥‥これからのことを。）	
15222	D1:6769:02F12	1	대사	【アル】あぁ‥‥へへっ、ちょっと期待していたんだけど。	
15223	D1:6769:02F54	1	대사	【マコト】え、期待って‥‥？	
15224	D1:6769:02FAE	1	대사	【マコト】そう、わかっていたの。	
15225	D1:6769:03038	1	대사	【マコト】（長年つきあってきたから、余計に辛いわ‥‥。）	
15226	D1:6769:03074	1	대사	【マコト】（アル‥‥‥‥。）	
15227	D1:6769:030B6	1	대사	【マコト】（とにかく早くアルと２人きりになりたいわ。）	
15228	D1:6769:030F0	1	대사	【マコト】（そしていろいろと話したい‥‥。）	
15229	D1:6769:03120	1	대사	【マコト】（アルったら、遅かったじゃないのよ‥‥。）	
15230	D1:6769:03158	1	대사	【マコト】（私がどんな思いをして待っていたのか‥‥。）	
15231	D1:6769:03192	1	대사	【マコト】わかっているの！？	
15232	D1:6769:031B2	1	대사	【アル】へ？　な、何が？	
15233	D1:6769:031D6	1	대사	【マコト】もういい！	
15234	D1:6769:031EE	1	대사	【マコト】ティーナは部屋の中を色々と見てまわっているみたい。	
15235	D1:6769:0322E	1	대사	【マコト】まぁどこかに飛んで行かれるよりはマシね‥‥。	
15236	D1:6769:03268	1	대사	【マコト】相変わらず軽装ね。数着のかえの服と、カメラや筆記用具だけ‥‥。	
15237	D1:6769:032B4	1	대사	【マコト】フフ‥‥でも、まだあのバッグを利用しているのね。	
15238	D1:6769:032F2	1	대사	【マコト】あれは私がアルに買ってあげたのよ。もう以前のは、風化寸前だったもの‥‥。	
15239	D1:6769:03348	1	대사	【マコト】あまり生活感を感じない部屋だわ。	
15240	D1:6769:03376	1	대사	【マコト】真ん中にポツンと置いてある荷物が、存在感を醸し出している‥‥。	
15241	D1:6769:033C2	1	대사	【マコト】今日アルが入室したばかりだから、しょうがないんでしょうけど‥‥。	
15242	D1:6769:0341E	1	대사	【マコト】じゃあ待ってる‥‥早くね。	
15243	D1:6769:03446	1	대사	【アル】あぁ、ティーナを寝かし付けたらすぐに行くよ。	
15244	D1:6769:034E0	1	대사	【マコト】だ、ダメよ！（もう、この子ったら‥‥。）	
15245	D1:6769:03552	1	대사	【マコト】（やだ‥‥嬉しい‥‥。）	
15246	D1:6769:03578	1	대사	【マコト】んもう、子供の前でダメよ。それじゃあ‥‥早くね。	
15247	D1:6769:035BC	1	대사	【マコト】アルがいるのに‥‥移動はもうちょっと待ちましょう。	
15248	D1:6769:035FC	1	대사	【マコト】アルを待っていなくちゃダメだわ‥‥。	
15249	D1:6769:0362E	1	대사	【マコト】アルを待っていることになっているのに、どこへ行くの？	
15250	D1:6769:03670	1	대사	【ティーナ】オバチャンは、もう行っちゃって構わないよ。	
15251	D1:6769:036B4	1	대사	【ティーナ】ティーナがちゃーんとアルを待っていてあげる！	
15252	D1:6769:036FA	1	대사	【マコト】（な、何よ‥‥私だって‥‥。）	
15253	D1:6769:03726	1	대사	【マコト】（やだ、なにムキになってるのかしら、子供相手に‥‥。）	
15254	D1:6769:0376A	1	대사	【マコト】（嫉妬しているのかしら？　フフ、こう見ると、やっぱり子供ね‥‥。）	
15255	D1:6769:037BA	1	대사	【ティーナ】むっ、あのオバチャンの顔、嫌い！	
15256	D1:6769:037F2	1	대사	【アル】おいおい、ティーナ‥‥。	
15257	D1:6769:03862	1	대사	【マコト】もう、この子ときたら‥‥。	
15258	D1:6769:03902	1	대사	【マコト】（これだけ言われれば、さすがにもうオバサンになった気がしてくるわ。）	
15259	D1:6769:03954	1	대사	【マコト】（実際、この子に比べれば、遥かに年上なんだし‥。）	
15260	D1:6769:03A64	1	대사	【マコト】（もう、私がどんな思いをしてアルを待っていたの{n00}か）	
15261	D1:6769:03AA6	1	대사	【マコト】（あなたわかっている{n00}の！？）	
15262	D1:6769:03B2C	1	대사	【マコト】仕事がんばって‥‥{n00}やっと会えたらジャマが入るし‥‥グスッ。	
15263	D1:6769:03B76	1	대사	【マコト】（もう何だか涙が出てきちゃったわ‥‥なんでよ、もう！）	
15264	D1:6769:03C2C	1	대사	【アル】ティーナを寝かしつけたらさ、後で君の部屋にお邪魔するよ。だから、ね？	
15265	D1:6769:03CA0	1	대사	【マコト】（アル‥‥私のことを気遣ってくれているのね。嬉しい‥‥。）	
15266	D1:6769:03D42	1	대사	【マコト】遅かったじゃないの。ＩＤカードは発行してもらったの？	
15267	D1:6769:03DBC	1	대사	【マコト】（何を焦っているのかしら‥‥？）	
15268	D1:6769:03DEA	1	대사	【マコト】どうしたのよ、そんなに焦って。	
15269	D1:6769:03E4A	1	대사	【マコト】（‥‥‥‥何かあったのかしら。）	
15270	D1:6769:03FD6	1	대사	【アル】あっそれはマズいって。あっいやその、邪魔をしちゃ悪いかなって‥‥。	
15271	D1:6769:04072	1	대사	【マコト】それはそうだけど‥‥。（どういうことかしら？）	
15272	D1:6769:040AE	1	대사	【マコト】じゃあ明日の朝、私がクリスさんに言っておくわ。	
15273	D1:6769:04118	1	대사	【ティーナ】ねぇ、オバチャン。オバチャンの歳はいくつ？	
15274	D1:6769:0415A	1	대사	【マコト】（もう、無視よ。）	
15275	D1:6769:0417A	1	대사	【ティーナ】アルって、いくつくらいの女の人が好きなのかなぁ。	
15276	D1:6769:041C2	1	대사	【マコト】（無視よ、無視。）	
15277	D1:6769:041E2	1	대사	【ティーナ】オバチャンくらい歳取っちゃうと、アルも付き合いづらいのかしら。	
15278	D1:6769:04238	1	대사	【マコト】（む、無視無視。）	
15279	D1:6769:04258	1	대사	【ティーナ】オバチャン、シワが増えてるね。	
15280	D1:6769:042B0	1	대사	【ティーナ】きゃっ！　あ、アルが言ったことを言っただけよぉ。	
15281	D1:6769:042F8	1	대사	【マコト】い、言って良いことと悪いことがあるわ！　もう、あなたは‥‥。	
15282	D1:6769:04342	1	대사	カチャッ‥‥‥‥。	
15283	D1:6769:043D2	1	대사	【マコト】だって‥‥。（この子の相手はもうイヤよ。）	
15284	D1:6769:044D8	1	대사	【マコト】（もう、無視しちゃいましょう。）	
15285	D1:6769:04506	1	대사	【ティーナ】ねぇ、どうしたの？	
15286	D1:6769:04530	1	대사	【マコト】（フン、でも所詮は子供よね‥‥。）	
15287	D1:6769:04560	1	대사	【マコト】（良く考えてみたら、アルを受けとめることも、）	
15288	D1:6769:0459C	1	대사	【マコト】（感じさせてあげることもできないじゃない。）	
15289	D1:6769:045D6	1	대사	【ティーナ】オバチャン、そんな顔ばかりしてると、もっと歳とっちゃうわよ。	
15290	D1:6769:0462A	1	대사	【マコト】私は十分若いの。	
15291	D1:6769:04648	1	대사	【ティーナ】ティーナよりも？	
15292	D1:6769:04670	1	대사	【マコト】そんな訳ないでしょう。	
15293	D1:6769:04694	1	대사	【ティーナ】じゃあじゃあ、ティーナがオバチャンくらいの歳になったら、	
15294	D1:6769:046E6	1	대사	【ティーナ】オバチャンどうなるの？	
15295	D1:6769:04732	1	대사	【マコト】（い、言われてみれば‥‥私はもうオバサンを通り越しているのかも‥‥。）	
15296	D1:6769:04786	1	대사	【マコト】（もう、変なこと想像しちゃったじゃない‥‥いちいち癇にさわる子ね！）	
15297	D1:6769:047D8	1	대사	【ティーナ】ウフフ、早くアルと一緒に寝たいな。	
15298	D1:6769:04812	1	대사	【マコト】（何よもう、今日は私がアルと一緒に寝る日なの{n00}よ！）	
15299	D1:6769:04854	1	대사	【ティーナ】そんでもって、一緒にお風呂に入ってぇ‥‥。	
15300	D1:6769:04896	1	대사	【マコト】（私と一緒に入るの！）	
15301	D1:6769:048BA	1	대사	【ティーナ】それで一緒に愛を語り合うの‥‥。	
15302	D1:6769:048F2	1	대사	【マコト】（私に愛を語るのよ！何よ、遠い目をしちゃって。）	
15303	D1:6769:04930	1	대사	【ティーナ】ティーナ、アルにだったら何でもあげちゃうなぁ。	
15304	D1:6769:04976	1	대사	【マコト】な、な、な‥‥‥‥。	
15305	D1:6769:04998	1	대사	【ティーナ】「な」がどうしたの？	
15306	D1:6769:049C4	1	대사	【マコト】ティーナ、あなた自分で何を言っているかわかってるの？	
15307	D1:6769:04A06	1	대사	【ティーナ】どうしたのよ、オバチャン。そんな恐い顔をして。	
15308	D1:6769:04A4C	1	대사	【マコト】（こ、この子ったら‥‥‥‥。）	
15309	D1:6905:0240C	1	대사	【マコト】ここは私のプライベート{n00}ルーム。	
15310	D1:6905:02442	1	대사	レイコの調査をやめさせなさい‥‥。	
15311	D1:6905:02470	1	대사	その調査をやめさせるか、あるいは妨害して欲しいの‥‥。	
15312	D1:6905:024B2	1	대사	そうしたら‥‥‥‥。	
15313	D1:6905:024E2	1	대사	そうしたら、もっと気持ち良くしてあげる。	
15314	D1:6905:02516	1	대사	人知を越えた快楽をね‥‥‥‥。	
15315	D1:6905:0255C	1	대사	【マコト】（あぁぁ‥‥もう、どうにかなってしまいそう‥。）	
15316	D1:6905:0259A	1	대사	【マコト】（もう何もわからない‥‥わかりたくない‥‥。）	
15317	D1:6905:025D6	1	대사	【マコト】（《デザイア》のこと、工作員のこと、装置のこと‥‥。）	
15318	D1:6905:0261A	1	대사	【マコト】（輸送機事故のこと、カイルのこと、エレナのこと、レイコのこと‥‥。）	
15319	D1:6905:0266C	1	대사	【マコト】（そして、アルのこと‥‥‥‥。）	
15320	D1:6905:0269A	1	대사	【マコト】（みんな‥‥みんな忘れてしまいたい‥‥。）	
15321	D1:6905:026D2	1	대사	【マコト】（そして‥‥眠るの‥。）	
15322	D1:6905:026F8	1	대사	【マコト】（何もかも忘れて‥‥ぐっすりと‥‥。）	
15323	D1:6905:0276C	2	대사	【マコト】‥‥‥‥‥‥‥‥‥‥‥‥‥‥。	
15324	D1:6905:027CE	1	대사	■　１９９×－０７－３０{w00}{k00}	
15325	D1:6905:027EC	1	대사	研究施設《デザイア》放棄‥‥‥‥。{w00}{k00}	
15326	D1:6905:02816	4	대사	【マコト】（‥‥‥‥‥‥‥‥。）	
15327	D1:6905:0283A	1	대사	【マコト】（あぁ、気持ちいいわ‥‥‥‥。）	
15328	D1:6905:02868	1	대사	【マコト】（あったかくて、フカフカして‥‥。）	
15329	D1:6905:0289A	1	대사	【マコト】（ずっとこのままでいたい‥‥‥‥。）	
15330	D1:6905:028F4	3	대사	ピコピコピコピコ‥‥‥‥。	
15331	D1:6905:02952	1	대사	【マコト】（うるさいわね‥‥もう、なんだっていうの‥‥。）	
15332	D1:6905:029AE	1	대사	【マコト】（わかったわ、わかったわよ‥‥。）	
15333	D1:6905:029DE	1	대사	カチャ。	
15334	D1:6905:029F2	1	대사	【マコト】（あぁ‥‥今日も現実が襲ってくるのね‥‥。）	
15335	D1:6905:02A2C	1	대사	【マコト】（私をぐっすりと眠らせてくれない‥‥。）	
15336	D1:6905:02A62	1	대사	【マコト】（昨日のことは夢よ‥‥{n00}クリスさんが死んだのも‥‥。）	
15337	D1:6905:02AA6	1	대사	【マコト】（エレナとのことも‥‥‥‥。）	
15338	D1:6905:02AD8	1	대사	【マコト】あぁ‥‥もうこんな時間なのね‥‥。	
15339	D1:6905:02B24	1	대사	【マコト】今日は研究所の撮影‥‥こんな時期に‥‥。	
15340	D1:6905:02B5A	1	대사	【マコト】今は装置制御のための、あらゆる手段を講じなくてはいけない時。	
15341	D1:6905:02BA4	1	대사	【マコト】取材を中止させれば済むことなのに‥‥。	
15342	D1:6905:02BD8	1	대사	【マコト】もちろん、アルのことだから不審がるに決まっているわ。	
15343	D1:6905:02C1A	1	대사	【マコト】でも、そんなことを気にしている場合なのかしら‥‥。	
15344	D1:6905:02C76	1	대사	【マコト】教授の考えていることが、時々わからない‥‥。	
15345	D1:6905:02CB0	1	대사	【マコト】フフ、これは過信よね。実を言うと、ほとんどわからない。	
15346	D1:6905:02CF4	1	대사	【マコト】教授がどういう理由でこの研究を続けているのか‥‥。	
15347	D1:6905:02D34	1	대사	【マコト】この研究の成就の暁に、何をしようとしているのか‥‥。	
15348	D1:6905:02D7A	1	대사	ピコピコピコピコ‥‥。	
15349	D1:6905:02D94	1	대사	【マコト】な、何よもう‥‥嫌みったらしい時計ね。	
15350	D1:6905:02DC8	1	대사	【マコト】わかったわよ、起きればいいんでしょ！	
15351	D1:6905:02DFA	1	대사	【マコト】もう、朝から不機嫌にさせないで頂戴。	
15352	D1:6905:02E54	1	대사	【マコト】（やっと‥‥やっと戻ってきたのね‥‥。）	
15353	D1:6905:02E8A	1	대사	【マコト】（訳わかんなくなってきたわ‥‥。）	
15354	D1:6905:02EBA	1	대사	【カイル】フハハ‥‥あのお調子者の顔を見たかよ。あぁ？	
15355	D1:6905:02EFC	1	대사	【マコト】あれは‥‥あの男は？	
15356	D1:6905:02F1E	1	대사	【カイル】フッ‥‥{n00}散歩はどうだった？	
15357	D1:6905:02F50	1	대사	【マコト】（あぁ‥‥アル‥‥。）	
15358	D1:6905:02F74	1	대사	【マコト】（アルだわ‥‥‥‥。）	
15359	D1:6905:02FB8	1	대사	【マコト】（い‥いやだ。私ったら、アルの前で、カイルと‥‥‥‥‥‥。）	
15360	D1:6905:03002	1	대사	【カイル】ちっ‥‥覚めてきやがったか‥‥‥‥。	
15361	D1:6905:0303C	1	대사	【マコト】いや！	
15362	D1:6905:03050	1	대사	【カイル】何がイヤなんだ？	
15363	D1:6905:03076	1	대사	【マコト】私、アルに誤解されちゃうっ！	
15364	D1:6905:030A0	1	대사	【カイル】何言ってんだ！	
15365	D1:6905:030C4	1	대사	【マコト】アルが変に思ってるっ！‥‥‥‥きっと。	
15366	D1:6905:030F8	1	대사	【カイル】アルアルって、うるさいやつだ。お前の男はこの俺だ。	
15367	D1:6905:03140	1	대사	【マコト】このままじゃ‥‥ダメ。	
15368	D1:6905:03164	1	대사	【カイル】何がどうダメなんだよ。	
15369	D1:6905:03190	1	대사	【マコト】お願いよ‥行かせて‥‥‥。	
15370	D1:6905:031B8	1	대사	【マコト】お願いだから、アルの所へぇっ！	
15371	D1:6905:031E4	1	대사	【カイル】へっ、もう遅いぜ。あのお調子者はすっかり誤解しなさったさ。	
15372	D1:6905:03234	1	대사	【マコト】（あぁ、アル、私何てことを‥‥。）	
15373	D1:6905:03264	1	대사	【マコト】（私の本意じゃないわ！　どうにかして‥‥。）	
15374	D1:6905:0329E	1	대사	【カイル】いいか、よく聞け‥‥‥。	
15375	D1:6905:032CC	1	대사	【マコト】‥‥‥‥！？	
15376	D1:6905:032EC	1	대사	【カイル】お前が何を喚こうが、このテープがある限りお前はジタバタしたって同じなんだ。	
15377	D1:6905:0334C	1	대사	【マコト】そんな‥‥やめて！	
15378	D1:6905:0336C	1	대사	【カイル】フフフ、ふはははは！	
15379	D1:6905:03396	1	대사	【マコト】（こ‥‥この人‥‥。）	
15380	D1:6905:033BA	1	대사	【マコト】（私はなんて愚かなことを言ってしまったの！？）	
15381	D1:6905:033F6	1	대사	【マコト】あっ、いやっ！	
15382	D1:6905:03412	1	대사	【カイル】‥‥フッいいか。お前は俺だけのものになったんだ。覚えとけ。	
15383	D1:6905:03480	1	대사	【マコト】そんな、人の心を脅しで変えようだなんて！	
15384	D1:6905:034B6	1	대사	【カイル】脅しだと？‥‥いいか‥‥俺のマインドコントロールの技術は遊びじゃねえんだ。	
15385	D1:6905:03532	1	대사	【カイル】かからねえ奴は、かからねえんだ。	
15386	D1:6905:03568	1	대사	【マコト】（な‥‥何よ‥‥。）	
15387	D1:6905:0358A	1	대사	【カイル】かかっちまう奴には、かかるだけの理由があるって事だ。	
15388	D1:6905:035E8	1	대사	【マコト】（私に‥‥催眠術にかかる理由が‥‥？）	
15389	D1:6905:0361C	1	대사	【カイル】あのお調子者と、うまくいってないことはすぐにわかる。	
15390	D1:6905:03666	1	대사	【マコト】（‥‥そ、そんなことはない‥‥アルとは‥‥。）	
15391	D1:6905:036A2	1	대사	【カイル】かわいそうに。お前の心は全く満たされちゃいない。	
15392	D1:6905:036E8	1	대사	【マコト】そんな‥‥勝手なこと言わないでっ！	
15393	D1:6905:03718	1	대사	【カイル】そんなにムキになるな。	
15394	D1:6905:03744	1	대사	【マコト】む‥‥‥ムキになんか‥‥。	
15395	D1:6905:0376C	1	대사	【カイル】今のあいつには、お前の心を安らげるだけの、何もない。	
15396	D1:6905:037D6	1	대사	【カイル】そりゃ昔は仲もよかったろう。しかし、今のあいつをお前の心は拒絶している。	
15397	D1:6905:03836	1	대사	【カイル】これは明らかだ。	
15398	D1:6905:0385E	1	대사	【マコト】（なによ‥‥し‥‥知りもしないで‥‥。）	
15399	D1:6905:03894	1	대사	【カイル】奴が来るとわかって、どうだった？	
15400	D1:6905:038CA	1	대사	【マコト】ど‥‥どうって‥‥‥‥‥‥。	
15401	D1:6905:038F4	1	대사	【カイル】嬉しくてたまらなかった{n00}か？	
15402	D1:6905:03926	1	대사	【マコト】あ‥‥{n00}当たり前じゃない！！	
15403	D1:6905:03950	1	대사	【カイル】ワクワクして眠れないくらいだったんだ。	
15404	D1:6905:039A4	1	대사	【カイル】特別のおめかし。とても仕事も手に着かない。	
15405	D1:6905:039E4	1	대사	【マコト】‥‥‥‥そ‥‥‥それは‥‥‥。	
15406	D1:6905:03A10	1	대사	【カイル】そりゃそうだろうな。	
15407	D1:6905:03A3C	1	대사	【カイル】待ちこがれた恋人が、仕事とはいえ会いに来るんだからな‥‥。	
15408	D1:6905:03AAA	1	대사	【カイル】どうした？‥‥‥そうでもなかったのか？	
15409	D1:6905:03AE6	1	대사	【マコト】アルは私の恋人よ。来てくれるのは嬉しいに決まって‥‥‥。	
15410	D1:6905:03B2C	1	대사	【カイル】うそをつけぇぇっ！	
15411	D1:6905:03B54	1	대사	【マコト】‥‥‥‥な‥‥なん‥‥‥‥‥‥。	
15412	D1:6905:03B82	1	대사	【カイル】お前の心に正直に聞いてみろ！	
15413	D1:6905:03BB4	1	대사	【マコト】‥‥正直に‥‥‥なってるわ‥‥‥。	
15414	D1:6905:03BE4	1	대사	【カイル】お前は頭で考えている。	
15415	D1:6905:03C10	1	대사	【マコト】あたま‥‥‥‥？	
15416	D1:6905:03C2E	1	대사	【カイル】久しぶりに恋人が来る。普通はどうだ？嬉しいに決まっている。だから喜ぶ。	
15417	D1:6905:03CA6	1	대사	【カイル】人はうらやましがる。それに答えて嬉しそうな顔をつくる。	
15418	D1:6905:03CF2	1	대사	【マコト】‥‥ち‥‥。	
15419	D1:6905:03D0C	1	대사	【カイル】そわそわと部屋を片づけるふり。女らしい気持ちになったふり。	
15420	D1:6905:03D5C	1	대사	【マコト】ち‥‥ちがう‥‥ちがう‥‥！	
15421	D1:6905:03D86	1	대사	【カイル】私はアルの恋人‥‥‥それは‥‥‥もう決まっていることで変更しようがない。	
15422	D1:6905:03DE4	1	대사	【マコト】‥ちがう‥‥ちがう‥‥‥ちがうぅ。	
15423	D1:6905:03E14	1	대사	【カイル】‥‥‥‥そう決めているのは、お前の頭だ！心じゃない。	
15424	D1:6905:03E60	1	대사	【カイル】お前の心はピクリともときめいてなどいない。	
15425	D1:6905:03EA2	1	대사	【マコト】そ‥‥そんなことはないわっ！。	
15426	D1:6905:03EEA	1	대사	【マコト】そんな、いい加減なこと言わないでっ！心理学だか何だか知らないけどっ！	
15427	D1:6905:03F3C	1	대사	【マコト】私は‥‥‥‥私は‥‥。	
15428	D1:6905:03F7C	1	대사	【マコト】‥‥私は‥‥アルの事が‥‥好きなのよ‥‥‥‥。	
15429	D1:6905:03FB8	1	대사	【カイル】‥‥‥‥なぁ‥‥マコト。	
15430	D1:6905:03FE6	2	대사	【マコト】‥‥‥‥‥‥‥‥‥。	
15431	D1:6905:04008	1	대사	【カイル】なぜここにこうしている？	
15432	D1:6905:04036	1	대사	【マコト】‥‥なぜって？‥‥あなたが引っ張り回しているんじゃ‥‥。	
15433	D1:6905:0407C	1	대사	【カイル】すぐにあいつを追っかけたら、よかったんじゃないのか？	
15434	D1:6905:040C6	1	대사	【マコト】そんな‥‥勝手な‥‥‥‥。	
15435	D1:6905:040EE	1	대사	【カイル】このテープか？	
15436	D1:6905:04112	1	대사	【マコト】‥‥そう‥‥そうよ‥‥それであなたが脅すから‥‥。	
15437	D1:6905:04152	1	대사	【カイル】じゃ、こうしたらどうだ？	
15438	D1:6905:041A2	1	대사	【カイル】ほら、これでいいか？	
15439	D1:6905:041D2	4	대사	【マコト】‥‥‥‥‥‥‥。	
15440	D1:6905:041F0	1	대사	【マコト】そ‥‥そうよ‥‥‥‥。	
15441	D1:6905:04214	1	대사	【カイル】どうだ？	
15442	D1:6905:0424E	1	대사	【カイル】何か不満そうだな。	
15443	D1:6905:04276	1	대사	【マコト】そんなこと‥‥無いわ‥‥‥‥。	
15444	D1:6905:042A2	1	대사	【カイル】それは‥‥理由が無くなってしまった不満だ。	
15445	D1:6905:042E2	1	대사	【マコト】な‥‥何のこと‥‥よ‥‥。	
15446	D1:6905:0430A	1	대사	【カイル】俺とここでこうしている理由が無くなってしまったんだろ。	
15447	D1:6905:04372	1	대사	【カイル】あいつのことを本気で気にしているなら、今この瞬間に走り出しているはずだ。	
15448	D1:6905:043D0	1	대사	【マコト】（ぁ‥‥‥‥。）	
15449	D1:6905:043EE	1	대사	【カイル】もっと言うなら、このテープがあろうが無かろうが、関係ない筈なんだ。	
15450	D1:6905:04446	1	대사	【マコト】わ‥‥‥私を脅していたじゃない‥‥‥‥‥‥。	
15451	D1:6905:04480	1	대사	【カイル】脅していたのは、お前にいいわけを与えてやってただけだ。	
15452	D1:6905:044E8	1	대사	【カイル】あいつに会いに行って、	
15453	D1:6905:04516	1	대사	【カイル】こうこうこんなことをされているから助けてくれ、と言えばすむことだ。	
15454	D1:6905:0458C	1	대사	【カイル】お前は自分でも気が付いていないが、本気で俺に引かれているんだ。	
15455	D1:6905:045E0	1	대사	【マコト】（そ‥‥そんなこと‥‥‥‥。）	
15456	D1:6905:0460C	1	대사	【マコト】（否定しなきゃ‥‥‥早く‥‥早く否定‥。）	
15457	D1:6905:04644	1	대사	【カイル】‥‥ほら、否定しないな。	
15458	D1:6905:0468A	1	대사	【カイル】正直になってみろ。	
15459	D1:6905:046B2	1	대사	【マコト】な‥‥なっているわ。	
15460	D1:6905:046D4	1	대사	【カイル】正直な気持ちになって、ここに居続けることの意味{n00}は？	
15461	D1:6905:0471E	1	대사	【マコト】‥‥‥ゆ‥‥誘導尋問しないで‥‥‥‥‥‥‥。	
15462	D1:6905:04758	1	대사	【カイル】そんなモノとは関係ない話だ。	
15463	D1:6905:0478A	1	대사	【カイル】これは俺の問題でもある。	
15464	D1:6905:047B8	1	대사	【マコト】‥ど‥どういうこと‥‥‥‥。	
15465	D1:6905:047E2	1	대사	【カイル】お前は俺の理想だ。	
15466	D1:6905:0480A	1	대사	【マコト】‥‥え‥‥‥‥。	
15467	D1:6905:04828	1	대사	【カイル】俺は確かに、催眠術などを利用して女をものにしたりする。	
15468	D1:6905:04890	1	대사	【カイル】しかし、お前だけは別だ。	
15469	D1:6905:048DA	1	대사	【カイル】大事に思っているんだ。	
15470	D1:6905:04906	1	대사	【マコト】‥‥‥そ‥‥‥そんな‥‥‥‥‥‥。	
15471	D1:6905:04936	1	대사	【カイル】いいさ。	
15472	D1:6905:04954	1	대사	【マコト】‥‥‥？‥‥‥。	
15473	D1:6905:04972	1	대사	【カイル】片思いでも‥‥。	
15474	D1:6905:04998	1	대사	【マコト】（‥‥や‥‥やだ‥‥何言ってんの‥‥この人‥‥‥‥。）	
15475	D1:6905:049F8	1	대사	【マコト】（わたし‥‥どうしちゃったんだろ‥‥‥‥。）	
15476	D1:6905:04A3C	1	대사	【マコト】（何で逃げ出しちゃったの‥‥私‥‥。）	
15477	D1:6905:04A70	1	대사	【マコト】（でも、足が勝手に動いたのよ。何だかあの場に居づらくて‥‥。）	
15478	D1:6905:04ABC	1	대사	【マコト】（アルの馬鹿‥あなたがさっさと誘わないからよ。）	
15479	D1:6905:04AFA	1	대사	【マコト】（レイコもレイコよ、{n00}何てタイミングが悪いのかしら。）	
15480	D1:6905:04B64	1	대사	【マコト】いつの間にか部屋まで戻ってきちゃったわ‥‥。	
15481	D1:6905:04B9E	1	대사	【マコト】もう、何がなんだか‥‥。	
15482	D1:6905:04BC4	1	대사	コンコン‥‥‥‥{n00}{s00}カチャッ。	
15483	D1:6905:04C02	2	대사	【マコト】れ、レイコ‥‥。	
15484	D1:6905:04C20	1	대사	【レイコ】どうしたのよ。彼、途方に暮れてたわよ。	
15485	D1:6905:04C5C	1	대사	【マコト】だ、だって‥‥わたし‥‥わたし‥‥。	
15486	D1:6905:04C8E	1	대사	【レイコ】あらあら、涙なんてためちゃって、どうしたというの。	
15487	D1:6905:04CD6	1	대사	【マコト】だって‥‥‥‥だって‥‥‥‥。	
15488	D1:6905:04D08	1	대사	【レイコ】ほら、涙なんて‥‥‥‥‥‥チュッ。	
15489	D1:6905:04D40	1	대사	【マコト】あっ‥‥レイコ。	
15490	D1:6905:04D5E	1	대사	【レイコ】フフ、私が涙を舐めとってあげるわ。	
15491	D1:6905:04D96	1	대사	【マコト】レイコ‥‥優しい‥‥。	
15492	D1:6905:04DBA	1	대사	【レイコ】どう、落ちついた？	
15493	D1:6905:04DFA	1	대사	【レイコ】じゃ、話して頂戴。どうしたのよ。	
15494	D1:6905:04E30	1	대사	【マコト】‥‥もうダメなの。	
15495	D1:6905:04E50	1	대사	【レイコ】何がダメなのよ。	
15496	D1:6905:04E76	1	대사	【マコト】私、あのカイルと‥‥。	
15497	D1:6905:04E9A	1	대사	【レイコ】や、やっちゃったの！？	
15498	D1:6905:04EC6	1	대사	【マコト】やめてよ、そんなんじゃないわよ。	
15499	D1:6905:04EF4	1	대사	【レイコ】じゃあ、性交をおやりに、なられたのかしら？	
15500	D1:6905:04F34	1	대사	【マコト】違うわよっ！馬鹿にしてるでしょ‥‥もう、なによ！	
15501	D1:6905:04F72	1	대사	【レイコ】そんなこと言ってる場合？　もう、あの野郎としちゃうなんて。	
15502	D1:6905:04FC2	1	대사	【マコト】しちゃった訳じゃないってばっ！	
15503	D1:6905:04FEE	1	대사	【レイコ】なんだ、びっくりしちゃった。	
15504	D1:6905:05020	1	대사	【マコト】なによ‥‥気抜けしたみたいに‥‥。	
15505	D1:6905:05050	1	대사	【レイコ】でもね、あの女ったらし、	
15506	D1:6905:05080	1	대사	【レイコ】総務のクリスや、研究所のシェリルなんかにもちょっかい出してるって話よ。	
15507	D1:6905:050DE	1	대사	【マコト】そ、そうだったの？	
15508	D1:6905:050FE	1	대사	【レイコ】おまけに、私のところにまで誘いに来て‥‥。	
15509	D1:6905:0513E	1	대사	【マコト】レイコにまで？で、レイコもキスしちゃったの？	
15510	D1:6905:05178	1	대사	【レイコ】馬鹿言わないでよ。ふってやったわ、思いっきり。	
15511	D1:6905:051BC	1	대사	【マコト】フフ、レイコらしいわね。	
15512	D1:6905:051E2	1	대사	【レイコ】まったく、なんであんな野郎と‥‥あなたも物好きねぇ。	
15513	D1:6905:0522C	1	대사	【マコト】私にそんな気はなかったのよ。	
15514	D1:6905:05256	1	대사	【マコト】でも、何だかぼーっとしちゃって‥。それにアルが‥‥‥‥‥‥。	
15515	D1:6905:052A0	1	대사	【レイコ】彼がどうかしたの？	
15516	D1:6905:052C8	1	대사	【マコト】アルが‥‥アルが‥‥。	
15517	D1:6905:052EC	1	대사	【レイコ】また泣く。涙がしょっぱいわ‥‥‥‥ペロッ。	
15518	D1:6905:05348	1	대사	【レイコ】さ、彼がどうしたのか、話してちょうだい。	
15519	D1:6905:05386	1	대사	【マコト】うん、ほら昨日、レイコとあったあと。	
15520	D1:6905:053B8	1	대사	【レイコ】アルの部屋に行かなかったの？	
15521	D1:6905:053EA	1	대사	【マコト】行ったわ。そしたら彼‥‥。	
15522	D1:6905:05412	1	대사	【レイコ】彼？	
15523	D1:6905:0542C	1	대사	【マコト】彼ったら、総務のクリスさんと‥‥‥‥。	
15524	D1:6905:05460	1	대사	【レイコ】ははぁ、‥‥しょうがないわね、あいつ。	
15525	D1:6905:0549C	1	대사	【マコト】それで、悲しくなっちゃって、	
15526	D1:6905:054C6	1	대사	【マコト】そしたらカイルがいつの間にか傍らに居て、それで‥‥‥‥。	
15527	D1:6905:05516	1	대사	【レイコ】だいたいの事情は飲み込めたわ。もう、２人ともしょうがないわね。	
15528	D1:6905:05584	1	대사	【レイコ】だってもヘチマもないでしょ！？	
15529	D1:6905:055D8	1	대사	【レイコ】私に謝られてもしょうがないの。	
15530	D1:6905:0560E	1	대사	【レイコ】わかったわ、私がカイルの野郎に話をつけてあげる。	
15531	D1:6905:05656	1	대사	【マコト】や、やめてよ‥‥これはあくまで私とカイルの間の問題よ。	
15532	D1:6905:0569A	1	대사	【レイコ】そんなこと言って、大丈夫なの？	
15533	D1:6905:056CE	1	대사	【マコト】大丈夫よ‥‥うん、レイコに話したら少し気が楽になった。	
15534	D1:6905:05712	1	대사	【レイコ】本当かしら‥‥心配だわ。	
15535	D1:6905:05740	1	대사	【マコト】大丈夫よ、私、アルにちゃんと話してみる。	
15536	D1:6905:05776	1	대사	【レイコ】話すって‥‥カイルとしちゃったことを！？	
15537	D1:6905:057B4	1	대사	【マコト】違うわ、その‥‥もうちょっと理解しあえるように、何とかやってみる。	
15538	D1:6905:05804	1	대사	【マコト】今日の夜、レイコに報告するから。	
15539	D1:6905:05832	1	대사	【レイコ】えっ‥‥き、今日の夜？	
15540	D1:6905:0585E	1	대사	【マコト】なによ、男でも連れ込む予定なの？	
15541	D1:6905:0588C	1	대사	【レイコ】ち、違うわよ‥‥いいわ、今日の夜ね。できたら遅く来て頂戴。	
15542	D1:6905:058DC	1	대사	【マコト】うん‥‥‥‥そうだ、レイコ。	
15543	D1:6905:05922	1	대사	【マコト】ドクターと、{n00}何かあったの？	
15544	D1:6905:0594C	1	대사	【レイコ】何かって‥‥ドクターが、どうかしたの？	
15545	D1:6905:05988	1	대사	【マコト】どうかしたのって‥‥あなた、ドクター・ゲーツと何か言い合ったそうじゃない。	
15546	D1:6905:059E0	1	대사	【レイコ】‥‥誰から聞いたの？　まさかドクターから？	
15547	D1:6905:05A20	1	대사	【マコト】違うわ。でも、ちょっと心配だったから。	
15548	D1:6905:05A54	1	대사	【レイコ】フフ、マコトが心配するようなことじゃないわ。じゃ、行くわね。	
15549	D1:6905:05AA6	1	대사	【マコト】えっ‥‥れ、レイコ‥‥。	
15550	D1:6905:05AF2	1	대사	【マコト】どうしたのかしら‥‥そそくさと。	
15551	D1:6905:05B20	1	대사	【マコト】何かマズいことでも聞いたのかしら‥‥。	
15552	D1:6905:05B70	1	대사	【マコト】そうよね、ここで色々考えたってしょうがないわ。	
15553	D1:6905:05BAC	1	대사	【マコト】カイルのことも、自分で何とかしなくちゃ。	
15554	D1:6905:05C2E	1	대사	【マコト】どうしちゃったの、私‥‥‥‥。	
15555	D1:6905:05C5A	1	대사	【マコト】‥‥‥‥‥‥カイル‥‥‥‥‥‥。	
15556	D1:6905:05C88	1	대사	【マコト】このままじゃ‥‥‥‥。	
15557	D1:6905:05CDC	1	대사	【マコト】カイルの言ったことは‥‥。	
15558	D1:6905:05D04	1	대사	【マコト】外れていないような気もする‥‥‥‥。	
15559	D1:6905:05D36	1	대사	【マコト】‥‥‥‥でも違うっ！‥‥アルのこと‥‥‥‥‥‥。	
15560	D1:6905:05D74	1	대사	【マコト】でも私‥‥‥‥。	
15561	D1:6905:05D92	1	대사	【マコト】カイルを思い出してる‥‥‥‥。	
15562	D1:6905:05DD2	1	대사	【マコト】私‥‥‥？	
15563	D1:6905:05DEA	1	대사	【マコト】違うわ、違うわ‥‥今は気が動転しているせいなのよ‥‥。	
15564	D1:6905:05E2E	1	대사	【マコト】計測器が届かなかったり、工作員の話を聞いたり、アルのことを見たり‥‥。	
15565	D1:6905:05E82	1	대사	【マコト】今は単に動揺しているだけなのよ‥‥。	
15566	D1:6905:05ED4	1	대사	【マコト】（だ、誰‥‥。）	
15567	D1:6905:05F4E	1	대사	【マコト】アル‥‥。（やっぱり、あなたね‥‥。）	
15568	D1:6905:05FB6	1	대사	【マコト】（開けられないわ‥‥やだ、涙が出て来ちゃった‥。）	
15569	D1:6905:060EC	1	대사	【マコト】（そうよ、カイルは関係ないわ‥‥これは私の心の問題‥‥。）	
15570	D1:6905:06134	1	대사	【マコト】（アル‥‥もう少し整理できるようになるまで、待っていて頂戴‥‥。）	
15571	D1:6905:061A4	1	대사	【マコト】（もう、疲れたわ‥‥{n00}今日は色々なことがあった‥‥。）	
15572	D1:6905:06208	1	대사	【マコト】（何もかも忘れて、眠ってしまいたい‥‥‥‥‥。）	
15573	D1:6905:062B0	1	대사	【マコト】（‥‥‥‥アル。）	
15574	D1:6905:062D0	1	대사	【マコト】（明日になったら、いつも通りの私に戻るわ。）	
15575	D1:6905:06326	1	대사	【マコト】（それまで、待っていてちょうだい‥‥。）	
15576	D1:6905:0635C	1	대사	【マコト】‥‥‥‥‥‥。{w02}{k00}	
15577	D1:6905:063B4	1	대사	■　１９９×－０７－２９{w00}{k00}	
15578	D1:6905:063D2	1	대사	反応装置、制御不能‥‥‥‥。{w00}{k00}	
15579	D1:6905:0642E	1	대사	【マコト】‥‥‥‥‥‥‥‥‥‥‥‥。	
15580	D1:6905:0645A	4	대사	ピコピコピコ‥‥‥‥。	
15581	D1:6905:06474	1	대사	【マコト】ん‥‥‥‥。	
15582	D1:6905:0648E	1	대사	【マコト】やだ、もう朝‥‥。	
15583	D1:6905:064C8	1	대사	【マコト】わかったわ‥‥わかったわよ‥‥。	
15584	D1:6905:06512	1	대사	【マコト】んっ‥‥‥‥もうこんな時間‥‥‥‥。	
15585	D1:6905:06560	1	대사	【マコト】やだ、凄い顔になってる‥‥‥‥。	
15586	D1:6905:0658E	1	대사	【マコト】目の下が黒くて‥‥これじゃパンダよ。	
15587	D1:6905:065DC	1	대사	【マコト】昨日は泣いて寝ちゃったのね‥‥‥‥。	
15588	D1:6905:0660E	1	대사	【マコト】フフ、泣いて寝ちゃうなんて、子供の頃以来だわ。	
15589	D1:6905:0664A	1	대사	【マコト】とにかくこの顔を何とかしなくちゃ。人に見せられないわ‥‥。	
15590	D1:6905:066B8	1	대사	【マコト】今日は反応装置の事前実験が行われる‥‥測定通りにいけば、いよいよ明日‥‥。	
15591	D1:6905:06788	1	대사	【マコト】（でも、何をあせっているのかしら‥‥教授は。）	
15592	D1:6905:067C4	1	대사	【マコト】（反応装置の研究は、確かに最終段階に入った‥。）	
15593	D1:6905:06802	1	대사	【マコト】（この研究が{n00}成就すれば。）	
15594	D1:6905:0682C	1	대사	【マコト】（世界に衝撃を与えるほどの成果があげられるかもしれない。）	
15595	D1:6905:06890	1	대사	【マコト】（やはり功名心‥‥？）	
15596	D1:6905:068B4	1	대사	【マコト】（あのステラ教授でさえも、世界を震撼させる予感に打ち震えているというの？）	
15597	D1:6905:0690C	1	대사	【マコト】（私も‥‥‥‥。）	
15598	D1:6905:0692C	1	대사	【マコト】（私も、興奮はしている‥‥‥‥。）	
15599	D1:6905:0695C	1	대사	【マコト】（この研究の成就は、恐らく学者たらんとする者であれば、）	
15600	D1:6905:069A2	1	대사	【マコト】（誰もが興奮するに違いないわ。）	
15601	D1:6905:069D0	1	대사	【マコト】（例えその研究成果が、何に利用されるにしても‥‥‥‥。）	
15602	D1:6905:06A32	1	대사	【マコト】（アル‥‥‥‥あなたに会えたとしても、私は‥‥‥‥‥‥。）	
15603	D1:6905:06A7A	1	대사	【マコト】（会いたい、{n00}アル‥‥‥‥。）	
15604	D1:6905:06AA6	1	대사	【マコト】（優しい言葉をかけてほしい‥‥。）	
15605	D1:6905:06AD6	1	대사	【マコト】（そっと手で触れてほしいの‥‥‥‥アル‥‥‥。）	
15606	D1:6905:06B92	1	대사	【マコト】ん‥‥。	
15607	D1:6905:06BC2	1	대사	【マコト】（もう‥‥毎朝、憎たらしいわ。）	
15608	D1:6905:06BF0	1	대사	【マコト】ん、わかったわよ‥‥。	
15609	D1:6905:06C30	1	대사	【マコト】はぁぁ‥‥‥‥‥何よ、まだこんな時間じゃない‥‥‥‥。	
15610	D1:6905:06C74	1	대사	【マコト】昨日は、ほぼ徹夜に近かったから‥‥。	
15611	D1:6905:06CA6	1	대사	【マコト】しかも昨晩は、アルのことを思って久しぶりに‥‥‥‥ふぅ、疲れちゃった。	
15612	D1:6905:06CFA	1	대사	【マコト】まだ４時間くらいしか寝ていないわ。	
15613	D1:6905:06D2A	1	대사	【マコト】研究はもう最終段階に入っている‥‥もう寝る暇も無い‥‥。	
15614	D1:6905:06D70	1	대사	【マコト】眠くて忙しくて、ああんもう、こんなんじゃすぐにオバアチャンになっちゃうわ。	
15615	D1:6905:06DC8	1	대사	【マコト】でも、なんでこんな時間にセットしたのかしら‥‥？	
15616	D1:6905:06E22	1	대사	【マコト】そうよ、今日はアルが来る日で‥‥。	
15617	D1:6905:06E52	1	대사	【マコト】大変！　アルを飛行場に迎えに行く予定になっていたわ！	
15618	D1:6905:06E94	1	대사	【マコト】ああん、もうちょっと寝たかったのに‥‥急いでメイクして着替えて‥‥。	
15619	D1:6905:06EF0	1	대사	【マコト】もう、クヨクヨしたって仕方がないわ‥‥。	
15620	D1:6905:06F6E	2	대사	【マコト】ここでこうしていても、しょうがないわ。	
15621	D1:6905:06FA2	1	대사	【マコト】早く部屋を出ましょう。	
15622	D1:6905:06FC6	1	대사	【マコト】窓から見える空は、何事もないかのように明るく澄んでいる‥‥。	
15623	D1:6905:07010	1	대사	【マコト】フフ、ここ《デザイア》が、存亡の危機に瀕しているなんてこと、	
15624	D1:6905:0705A	1	대사	【マコト】誰が信じるかしら‥‥。	
15625	D1:6905:0708C	7	대사	【マコト】そうね、部屋を出ましょう。	
15626	D1:6905:070BA	1	대사	【マコト】ここは私のプライベート{n00}ルーム‥‥今は私が部屋にいるだけ。	
15627	D1:6905:07102	1	대사	【マコト】ふぅ‥‥もうこんな時間なのね‥‥。	
15628	D1:6905:07132	1	대사	【マコト】そういえば、そろそろ装置暴走までのタイムリミットが、	
15629	D1:6905:07174	1	대사	【マコト】算出されている頃じゃないかしら‥‥？	
15630	D1:6905:071C0	1	대사	【マコト】ここにいても、しょうがないわよ。	
15631	D1:6905:071EE	1	대사	【マコト】時間を無駄にしたくないわ。	
15632	D1:6905:07216	1	대사	【マコト】もう外はすっかり暗くなっているわ‥‥。	
15633	D1:6905:0724A	1	대사	【マコト】時間がたつのは早いものよね。一分一秒も無駄にしたくないわ。	
15634	D1:6905:072CE	1	대사	【マコト】今は私が部屋にいるだけ‥‥。	
15635	D1:6905:07314	2	대사	【マコト】どこか外で‥‥人の居ないところで考えたいわ‥‥。	
15636	D1:6905:0736C	1	대사	【マコト】ここにいても、しょうがないわね。	
15637	D1:6905:073D8	1	대사	【マコト】私が寝ていたベッド‥‥。	
15638	D1:6905:073FE	1	대사	【マコト】あそこで、抱きしめられて‥‥‥‥。	
15639	D1:6905:0744A	1	대사	【マコト】どうしてあんな事を。	
15640	D1:6905:0746C	1	대사	【マコト】もう、忘れましょう。	
15641	D1:6905:074D0	1	대사	【マコト】んっ‥‥。	
15642	D1:6905:074E8	1	대사	【カイル】どうしたんだよ。	
15643	D1:6905:07536	1	대사	【カイル】変なヤツだ。	
15644	D1:6905:07558	1	대사	【マコト】（何でかしら‥‥‥‥。）	
15645	D1:6905:0757E	1	대사	【マコト】（嫌で嫌でたまらなかったのに‥‥今は何故か心地良い‥‥。）	
15646	D1:6905:075C6	1	대사	【マコト】（何故かしら‥‥‥‥。）	
15647	D1:6905:0760E	1	대사	【マコト】（なぜ私はこうしていられるの‥‥？）	
15648	D1:6905:07640	1	대사	【マコト】（カイル‥‥‥‥不思議な男‥‥‥。）	
15649	D1:6905:07672	1	대사	【マコト】（こうして優しく頭を撫でられていると、安心してしまうのはなぜ？）	
15650	D1:6905:076C0	1	대사	【マコト】（この心地よい虚脱感に身を委ねられるのは、なぜなの？）	
15651	D1:6905:07724	1	대사	【マコト】ううん、なんでもないの‥‥ただ‥‥。	
15652	D1:6905:07756	1	대사	【カイル】ただ？	
15653	D1:6905:07772	1	대사	【マコト】自分がわからないの‥‥わからないの‥‥。	
15654	D1:6905:077C4	1	대사	【マコト】（なぜこうしていられるのかしら‥‥{n00}わからない‥‥。）	
15655	D1:6905:07808	1	대사	【マコト】（厚くたくましい胸元‥‥カイルの‥‥。）	
15656	D1:6905:0783E	1	대사	【マコト】（あぁぁ‥‥‥‥何故かしら‥‥‥‥。）	
15657	D1:6905:07872	1	대사	【マコト】（カイルの厚い胸元で、{n00}彼の鼓動を聞いていると‥‥。）	
15658	D1:6905:078B6	1	대사	【マコト】（妙に安心感を抱いてしまうのは、なぜ？）	
15659	D1:6905:0791A	1	대사	【マコト】（もう少しこうしていたいわ‥‥。）	
15660	D1:6905:0794A	1	대사	【マコト】（何故かはわからない。けど‥‥。）	
15661	D1:6905:0797A	1	대사	【マコト】（今はもう少しこうしていたい‥‥。）	
15662	D1:6905:079AC	1	대사	【カイル】それに、やけに研究所の方が慌ただしいというか、静かすぎるっていうか‥‥。	
15663	D1:6905:07A1E	1	대사	【カイル】何かあったんじゃないの{n00}か？	
15664	D1:6905:07A50	1	대사	【マコト】な、何もないわ‥‥ほ、本当よ‥‥。	
15665	D1:6905:07A80	1	대사	【カイル】ふふ、‥‥まあいいさ‥‥‥‥。	
15666	D1:6905:07ADA	1	대사	【カイル】さて、行くか。	
15667	D1:6905:07B10	1	대사	【カイル】信頼してもらえない奴といても、時間の無駄だ。	
15668	D1:6905:07B52	1	대사	【マコト】‥‥‥そ‥‥‥そんな。	
15669	D1:6905:07B76	1	대사	【カイル】俺はお前を信じている。だから一緒にいられるんだ。	
15670	D1:6905:07BBC	1	대사	【マコト】‥‥‥‥カイル‥‥‥‥。	
15671	D1:6905:07BE2	1	대사	【カイル】ところがお前はそうでもないらしい。	
15672	D1:6905:07C1A	1	대사	【マコト】‥‥‥‥‥‥カイル、違うの。	
15673	D1:6905:07C44	1	대사	【カイル】何が違う？	
15674	D1:6905:07C80	1	대사	【カイル】俺は女の黙りが嫌いでね。	
15675	D1:6905:07CAE	1	대사	【マコト】わ、わかったわ‥‥わかったから‥‥。	
15676	D1:6905:07CE0	2	대사	【カイル】言えよ。	
15677	D1:6905:07CFE	1	대사	【マコト】は、反応装置が‥‥。	
15678	D1:6905:07D20	1	대사	【カイル】装置がどうした？	
15679	D1:6905:07D46	1	대사	【マコト】反応装置が‥‥暴走しつつあるのよ。	
15680	D1:6905:07D76	1	대사	【カイル】ほぉ、それってヤバいんじゃないのか？	
15681	D1:6905:07DB0	1	대사	【マコト】お、お願い‥‥このことは誰にも言わないで頂戴。	
15682	D1:6905:07DEC	1	대사	【カイル】フッ、言ったらパニックになりかねないな、おい。	
15683	D1:6905:07E30	1	대사	【マコト】お願い‥‥私、何でもするから。	
15684	D1:6905:07E5C	1	대사	【カイル】ま、いいだろう。	
15685	D1:6905:07E82	1	대사	【マコト】本当にお願いよ‥‥絶対に他言はしないで。	
15686	D1:6905:07EB8	1	대사	【カイル】あぁ、そのかわりだ。	
15687	D1:6905:07EFE	1	대사	【カイル】何でもするって言ったな‥‥。	
15688	D1:6905:07F30	1	대사	【マコト】えっ‥‥。	
15689	D1:6905:07F48	1	대사	【カイル】キスしてくれるな。	
15690	D1:6905:07F70	3	대사	【マコト】‥‥‥え？‥‥‥。	
15691	D1:6905:07F90	1	대사	【カイル】さっき言ったことは嘘か？	
15692	D1:6905:07FBE	1	대사	【マコト】‥‥‥‥う‥‥‥嘘じゃない‥‥‥‥‥‥。	
15693	D1:6905:0802A	1	대사	【マコト】‥‥‥‥‥‥{n00}あぁ‥‥‥‥‥‥。	
15694	D1:6905:08058	1	대사	【マコト】（何でこんなことを言ってしまうの‥‥私‥‥。）	
15695	D1:6905:08094	1	대사	【カイル】ああ‥‥‥‥。	
15696	D1:6905:080B8	1	대사	【マコト】（あぁぁぁぁ‥‥‥‥。）	
15697	D1:6905:080DE	1	대사	【マコト】‥‥‥‥‥‥‥‥‥‥。{k00}	
15698	D1:6905:08162	1	대사	【マコト】あれからまた‥‥‥‥。	
15699	D1:6905:08186	1	대사	【マコト】カイルに‥‥。	
15700	D1:6905:081A2	1	대사	【マコト】しかも、極秘事項までしゃべってしまって‥‥。	
15701	D1:6905:081F8	1	대사	【マコト】フフ、ここまで来たらしょうがないわね。	
15702	D1:6905:0822C	1	대사	【マコト】カイルはもう行ってしまったわ‥‥。	
15703	D1:6905:0825C	1	대사	【カイル】そういえば、昨日あのお調子者と一緒に来た、お高くとまった女は誰だ？	
15704	D1:6905:082C8	1	대사	【カイル】あのお高くとまった女は、誰だと聞いたんだ。	
15705	D1:6905:08308	1	대사	【マコト】か、カズミさんのこと？	
15706	D1:6905:0832C	1	대사	【カイル】カズミって言うのか‥‥なかなかそそられるお嬢さんだな。	
15707	D1:6905:0837A	1	대사	【カイル】で、何しに来たんだよ、ここに。	
15708	D1:6905:083B0	1	대사	【マコト】な、なぜそんな‥‥。	
15709	D1:6905:083EE	1	대사	【マコト】ご、ごめんなさい‥‥詳しくは知らないけど、視察に見えたということよ。	
15710	D1:6905:08440	1	대사	【カイル】ほぉ、視察ねぇ‥‥それにしちゃ妙じゃないか。	
15711	D1:6905:0849E	1	대사	【カイル】おい、何か隠していることがあるだろう。	
15712	D1:6905:084DA	1	대사	【マコト】な、何もないわ‥‥‥。	
15713	D1:6905:0851A	1	대사	【カイル】ふふん。	
15714	D1:6905:08538	1	대사	【マコト】‥‥ううん‥‥‥‥。	
15715	D1:6905:0857A	1	대사	【マコト】‥‥‥‥‥‥だきしめて。	
15716	D1:6905:085A0	1	대사	【カイル】言う気になったようだな。	
15717	D1:6905:08608	1	대사	【マコト】わ、わかったわ‥‥か、カズミさんは工作員の可能性を示唆したわ‥‥‥。	
15718	D1:6905:0865A	1	대사	【カイル】ほぉ、工作員ねぇ。どんなことをするんだ？	
15719	D1:6905:08698	1	대사	【マコト】つ、つまり‥‥‥‥で、《デザイア》の内情を‥‥	
15720	D1:6905:086D4	1	대사	【マコト】んっ‥‥洩らすらしいと‥‥あっ！	
15721	D1:6905:08702	1	대사	【カイル】物騒な世の中になったもんだな‥‥。	
15722	D1:6905:0873A	1	대사	【マコト】カイル‥‥‥。	
15723	D1:6905:08756	1	대사	【マコト】（何だか、このまま眠ってしまいそう‥‥。）	
15724	D1:6905:0878E	1	대사	【カイル】抱きしめられるとどうだ？	
15725	D1:6905:087BC	1	대사	【マコト】そ、そんなことは言わないで‥‥。	
15726	D1:6905:087EA	1	대사	【カイル】お義理じゃないから、ぐっとくるか？	
15727	D1:6905:08822	1	대사	【マコト】なんで‥‥なんでそんな酷いことを言うの？	
15728	D1:6905:08858	1	대사	【カイル】嫌か？	
15729	D1:6905:08874	1	대사	【マコト】イヤよ‥‥私、もう少し優しくして欲しい‥‥。	
15730	D1:6905:088AE	1	대사	【カイル】優しくだと‥‥お前は俺のものだ。	
15731	D1:6905:08900	1	대사	【マコト】（やだ‥‥なんで泣いているの‥‥？）	
15732	D1:6905:08932	1	대사	【マコト】（涙が‥‥涙が止まらないわ‥‥。）	
15733	D1:6905:08962	1	대사	【カイル】泣いているのか、まるでガキだな。	
15734	D1:6905:08998	3	대사	【マコト】だって‥‥だって‥‥。	
15735	D1:6905:089BC	1	대사	【カイル】ガキのおもりは疲れるぜ。おら‥‥。	
15736	D1:6905:08A10	1	대사	【マコト】（ぎゅっと抱きしめてくれてる‥‥あぁ、気持ちいい‥‥。）	
15737	D1:6905:08A56	1	대사	【カイル】つけあがるなよ、分をわきまえろ。	
15738	D1:6905:08A8C	1	대사	【マコト】うん‥‥。（でも、気持ちいい‥‥。）	
15739	D1:6905:08ABE	1	대사	【マコト】さっ、アルの所に行って、話してこなくちゃ。	
15740	D1:6905:08AF6	1	대사	【マコト】ちゃんと話し合えば、分かり合えるはずよ‥‥。	
15741	D1:6905:08B4A	1	대사	【マコト】ここにいてもしょうがないわ。外に出ましょう。	
15742	D1:6905:08B84	1	대사	【マコト】あぁ、でもベッドを見ると急速に眠気が襲ってくる‥‥。	
15743	D1:6905:08BC6	1	대사	【マコト】ふぅ、疲れがたまってる証拠よね‥‥。	
15744	D1:6905:08BF8	3	대사	【マコト】ここは私のプライベート{n00}ルーム‥‥。	
15745	D1:6905:08C2A	1	대사	【マコト】ちょっぴり散らかっているけど‥‥でもいいか。	
15746	D1:6905:08C64	1	대사	【マコト】あぁ、なんだか段々ずさんな性格になっていくわ。	
15747	D1:6905:08CDC	1	대사	【マコト】ここは私の部屋‥‥プライベートルームよ。	
15748	D1:6905:08D2C	1	대사	【マコト】ウフフ、部屋をみまわしていても、しょうがないわね。	
15749	D1:6905:08D6C	1	대사	【マコト】疲れているのかしら、私‥‥‥‥。	
15750	D1:6905:08D9A	1	대사	【マコト】窓からは明るい陽射しが差し込んでいる。	
15751	D1:6905:08DCE	1	대사	【マコト】これで、私の気分が一新されればいいんだけど‥‥。	
15752	D1:6905:08E0C	1	대사	【マコト】昨日、片付けなかったから、ちょっと散らかっているわ。	
15753	D1:6905:08E4E	1	대사	【マコト】‥‥といっても、ちょっと散らかり過ぎてるような気もするけど‥‥。	
15754	D1:6905:08EAA	1	대사	【マコト】そうね‥‥ここでこうしていても、しょうがないわ。	
15755	D1:6905:08EE8	1	대사	【マコト】部屋を出ましょう。	
15756	D1:6905:08F0E	1	대사	【マコト】さっ、気を取り直してお仕事に行きましょう。	
15757	D1:6905:08F46	1	대사	【マコト】くよくよしていたって、始まらないわ。	
15758	D1:6905:08F92	1	대사	【マコト】ここは私のプライベート{n00}ルームよ。	
15759	D1:6905:08FC2	1	대사	【マコト】でも、片づけをしないで寝たとはいえ、ずいぶん散らかっているわね。	
15760	D1:6905:09010	1	대사	【マコト】レイコがまた来たのかしら‥‥、	
15761	D1:6905:0903C	1	대사	【マコト】もう、勝手に部屋に入らないでって、あれほど言ったのに。	
15762	D1:6905:09080	2	대사	【マコト】ここは私の部屋‥‥。	
15763	D1:6905:090A2	1	대사	【マコト】昨日はあれから帰ってきて、すぐに寝てしまったのね‥‥。	
15764	D1:6905:090E6	1	대사	【マコト】泣きながら‥‥。	
15765	D1:6905:0913A	1	대사	【マコト】早く仕事に行かなくちゃ‥‥。	
15766	D1:6905:0916A	1	대사	【マコト】もう、勝手にやってきて、勝手に帰って‥‥。	
15767	D1:6905:091A2	1	대사	【マコト】レイコったら、本当に勝手なんだから。	
15768	D1:6905:091D4	1	대사	【マコト】でもいいわ、ふふ‥‥‥。	
15769	D1:6905:091FA	1	대사	【マコト】フフ‥‥さてと。	
15770	D1:6905:09232	1	대사	【マコト】さっ、早くアルの部屋に行きましょう。	
15771	D1:6905:092AA	1	대사	【レイコ】今の、期待に打ち震えた声はなに？	
15772	D1:6905:092E0	1	대사	【マコト】なぁんだ、レイコか。	
15773	D1:6905:09302	1	대사	【レイコ】なぁんだとは、ご挨拶じゃない。やーね、露骨に残念そうな顔をしないでよ。	
15774	D1:6905:0935E	1	대사	【マコト】そ、そんなに残念そうな顔をしてる？	
15775	D1:6905:0938E	1	대사	【レイコ】モロ、ね。何かいいことでも、あったのかな？	
15776	D1:6905:093CE	1	대사	【マコト】そ、そんなこと、な、ないわよ‥‥レイコこそ、何の用なの？	
15777	D1:6905:09414	1	대사	【レイコ】えぇ‥‥用事が２つあるので来たわ。	
15778	D1:6905:0944C	1	대사	【マコト】（なにかしら‥‥{n00}厳しい顔をしているようだけど‥‥。）	
15779	D1:6905:09490	1	대사	【レイコ】ちょっと真面目な話。例の工作員云々の話よ。	
15780	D1:6905:094D0	1	대사	【マコト】な、何かわかったの！？	
15781	D1:6905:094F4	1	대사	【レイコ】正直言うと何も‥‥。	
15782	D1:6905:0951E	1	대사	【マコト】なによ、それぇ。	
15783	D1:6905:0953C	1	대사	【レイコ】以前と変わった事と言えば、	
15784	D1:6905:0956E	1	대사	【レイコ】工作員潜入の可能性が、非常に高くなった、ということ。	
15785	D1:6905:095BA	1	대사	【マコト】‥‥つまり、悪い方へ向かっているということね。	
15786	D1:6905:095F6	1	대사	【レイコ】えぇ、でも教授はああいう性格の人じゃない。	
15787	D1:6905:09650	1	대사	【レイコ】工作員の有無に関わらず、研究を続行するのは、火を見るよりも明らか‥‥。	
15788	D1:6905:096AC	1	대사	【マコト】私たちが何とかするというの？	
15789	D1:6905:096D6	1	대사	【レイコ】セキュリティやガードを、素人の私たちが何とかできるものじゃないわ。	
15790	D1:6905:09730	1	대사	【レイコ】相手は恐らくプロよ。	
15791	D1:6905:0975C	1	대사	【マコト】そうよね‥‥。	
15792	D1:6905:09778	1	대사	【レイコ】でも、それとなく監視はして欲しいの。	
15793	D1:6905:097B4	1	대사	【レイコ】私たちは、私たちにできる範囲内のことを精一杯やりましょう。	
15794	D1:6905:09806	1	대사	【マコト】わかったわ、出来るだけやってみる。	
15795	D1:6905:09836	1	대사	【レイコ】何としてでも、教授の研究を成就させてあげたいわ。	
15796	D1:6905:0987C	1	대사	【マコト】その気持ちは私も一緒。ここまで来たら一蓮托生よ。	
15797	D1:6905:098BA	1	대사	【レイコ】フフ、ありがとう、マコト。	
15798	D1:6905:0990C	1	대사	【マコト】もう、なに面白がってるのよ。やんなっちゃうわ。	
15799	D1:6905:09948	1	대사	【レイコ】いいじゃない、本当のことなんだから。	
15800	D1:6905:09982	1	대사	【マコト】（まったくもう、人をからかって楽しいのかしら？）	
15801	D1:6905:099C0	1	대사	【マコト】人をさかなに面白がるのは迷惑よ。	
15802	D1:6905:099EE	1	대사	【レイコ】面白がってる訳じゃないわ。楽しんでるの。	
15803	D1:6905:09A40	1	대사	【レイコ】そんな顔をしないの‥‥。	
15804	D1:6905:09A82	1	대사	【マコト】な、何よもう。	
15805	D1:6905:09A9E	1	대사	【レイコ】うふふ、その怒った顔、好きよ。マコト。	
15806	D1:6905:09ADA	1	대사	【マコト】私のことを冷やかしに来たのかと思ったけど‥‥。	
15807	D1:6905:09B16	1	대사	【レイコ】冷やかしじゃないわよ、からかいに来たの。	
15808	D1:6905:09B54	1	대사	【マコト】なによそれ、同じじゃないの！	
15809	D1:6905:09B7E	1	대사	【レイコ】フフ、だってマコトを見てると、何だかイジめたくなってきちゃうのよね。	
15810	D1:6905:09BD8	1	대사	【マコト】（もう、レイコったらいつもそうなんだから‥‥。）	
15811	D1:6905:09C24	1	대사	【マコト】じゃあ、行ってみる‥‥。	
15812	D1:6905:09C4A	1	대사	【レイコ】フフ、がんばんなさい。	
15813	D1:6905:09C76	1	대사	【マコト】（もう、何だか変なことになっちゃったわ‥‥。）	
15814	D1:6905:09CB8	1	대사	【マコト】でもアル‥‥遅いわね‥‥。	
15815	D1:6905:09CE0	1	대사	【マコト】ここでアルを待っていなくちゃ‥‥。	
15816	D1:6905:09D10	1	대사	【レイコ】聞いたわよ、アルがココに来るのね。じゃあ、ここにずっと居ようっと。	
15817	D1:6905:09D68	1	대사	【マコト】だ、ダメよだめ！　今日はアルと私が‥‥。	
15818	D1:6905:09D9E	1	대사	【レイコ】３Ｐというのは？	
15819	D1:6905:09DC4	1	대사	【マコト】レイコ、怒るわよ！	
15820	D1:6905:09DE4	1	대사	【レイコ】フフ、じゃあそろそろ。	
15821	D1:6905:09E28	1	대사	【レイコ】忘れたの？	
15822	D1:6905:09E4A	1	대사	【レイコ】このストッキングと{n00}ガーターを着けてみるんでしょ？早く着けなさいよ。	
15823	D1:6905:09EA6	1	대사	【マコト】う、うん。向こう向いててよ（本当にもう‥‥レイコったら‥‥。）	
15824	D1:6905:09EF2	1	대사	【レイコ】変なところで恥ずかしがるのね。昔は‥‥。	
15825	D1:6905:09F30	1	대사	【マコト】昔の話はもういいわ。ちょっと向こうに行ってて！	
15826	D1:6905:09F6C	1	대사	【レイコ】はいはい‥‥。	
15827	D1:6905:09F9A	1	대사	【レイコ】はいた？	
15828	D1:6905:09FB8	1	대사	【マコト】ま、まだよ。まだこっちを向いちゃダメよ！	
15829	D1:6905:09FEE	1	대사	【レイコ】もう、早くしてよね。	
15830	D1:6905:0A018	1	대사	【レイコ】あら、似合うじゃない！	
15831	D1:6905:0A068	1	대사	【レイコ】へぇ、その服にも結構フィットしてるじゃない。	
15832	D1:6905:0A0AC	1	대사	【レイコ】うん、貸した甲斐があるというものよ。	
15833	D1:6905:0A0E8	1	대사	【レイコ】そして、次は。	
15834	D1:6905:0A10C	1	대사	【マコト】変な事しないでよ。	
15835	D1:6905:0A12C	1	대사	【レイコ】なに言ってんの？マコトのためなのよ。	
15836	D1:6905:0A17A	1	대사	【レイコ】まずはリラックス。	
15837	D1:6905:0A1A2	1	대사	【マコト】リラックス‥‥。	
15838	D1:6905:0A1C0	1	대사	【レイコ】ははぁ‥‥。	
15839	D1:6905:0A1E2	1	대사	【マコト】はーっ‥‥。	
15840	D1:6905:0A1FC	1	대사	【レイコ】すーっ‥‥。	
15841	D1:6905:0A21E	1	대사	【マコト】すーっ‥‥。	
15842	D1:6905:0A238	1	대사	【レイコ】そしてウルウルした瞳で、‥‥アルをまっすぐ見るの。	
15843	D1:6905:0A29C	1	대사	【レイコ】そうよぉ、熱いものが２人の間に漂ってきたでしょう。	
15844	D1:6905:0A2E4	1	대사	【マコト】（別に‥‥漂いませんが‥‥‥‥）	
15845	D1:6905:0A312	1	대사	【レイコ】凄いわ‥‥こんなに熱い視線。興奮しちゃうわね。	
15846	D1:6905:0A356	1	대사	【マコト】レイコだけよ。	
15847	D1:6905:0A372	1	대사	【レイコ】あら‥‥そう？	
15848	D1:6905:0A3AA	1	대사	【レイコ】それはマコトの魅力のせいよ。アルだって、きっと興奮するわ。	
15849	D1:6905:0A3FA	1	대사	【マコト】興奮させるのが目的じゃないんだから。	
15850	D1:6905:0A42C	1	대사	【レイコ】何言ってんの‥‥。それが第一目的じゃない。	
15851	D1:6905:0A46C	1	대사	【マコト】ち‥‥ちがうわよ‥‥。２人でいい時間を過ごすことが。	
15852	D1:6905:0A4AE	1	대사	【レイコ】そんなきれい事じゃすまないの。	
15853	D1:6905:0A4E2	1	대사	【マコト】‥‥‥‥もう。	
15854	D1:6905:0A4FE	1	대사	【レイコ】いいこと。男はこんな時に、女の息づかいに注意してるものなの。	
15855	D1:6905:0A550	1	대사	【マコト】はぁ？	
15856	D1:6905:0A564	1	대사	【レイコ】こうよ‥‥。	
15857	D1:6905:0A58C	1	대사	【マコト】やだぁ、{n00}くすぐったーいっ！	
15858	D1:6905:0A5B6	1	대사	【レイコ】‥‥‥‥バッカじゃないの。マコト。	
15859	D1:6905:0A5EE	2	대사	【マコト】な、なによ‥‥。	
15860	D1:6905:0A60C	1	대사	【レイコ】雰囲気よ雰囲気っ！笑ってしまうのは絶望的なことなのよっ！	
15861	D1:6905:0A65A	1	대사	【マコト】いいじゃん。楽しかったら。	
15862	D1:6905:0A682	1	대사	【レイコ】なんて想像力が無い子なのかしら。私は私じゃなくてアルなのよ。	
15863	D1:6905:0A6D4	1	대사	【マコト】そのくらい心得ております。	
15864	D1:6905:0A6FC	1	대사	【レイコ】アルがこんなに近くに来て、あなたドキドキしないの？	
15865	D1:6905:0A744	1	대사	【マコト】‥‥ドキドキ？‥‥‥‥。	
15866	D1:6905:0A76A	1	대사	【レイコ】そうよぉ！久しぶりに会う恋人なのよぉ！	
15867	D1:6905:0A7A6	1	대사	【マコト】あぁ、そうね。ドキドキしちゃう。	
15868	D1:6905:0A7D4	1	대사	【レイコ】でしょう？だったら、息づかいもかわってくるの。	
15869	D1:6905:0A832	1	대사	【レイコ】そうそう、うん、いい感じになってきたわ‥‥。	
15870	D1:6905:0A874	1	대사	【マコト】‥‥‥‥‥はぁ。	
15871	D1:6905:0A892	1	대사	【レイコ】うん、いい、いい。そしたら、我慢できなくなったアルは‥‥‥。	
15872	D1:6905:0A8E4	1	대사	【マコト】キャッ！	
15873	D1:6905:0A8FA	1	대사	【レイコ】マコト、ねぇ‥‥お願いだ、一緒に‥‥。マコトっ！	
15874	D1:6905:0A940	1	대사	【マコト】ち、ちょっと！ちょっとレイコ！	
15875	D1:6905:0A96C	1	대사	【レイコ】あン、もう我慢できないぜ‥‥！マコトっ！さしてくれぇ！	
15876	D1:6905:0A9B8	1	대사	【マコト】や・め・て・！	
15877	D1:6905:0A9D8	1	대사	【レイコ】や、やーっ！もーなにすんのよ。マコトっ！	
15878	D1:6905:0AA16	1	대사	【マコト】それはこっちの台詞でしょう！！変な事してっ！	
15879	D1:6905:0AA50	1	대사	【レイコ】なによぉ！私はあなたのためにやってんのよ！	
15880	D1:6905:0AA90	1	대사	【マコト】もう、結構‥‥。	
15881	D1:6905:0AAAE	1	대사	【レイコ】何ですってっ！‥‥‥{n00}あっ！‥‥ててっ‥。	
15882	D1:6905:0AAEE	1	대사	【マコト】‥‥‥ん？‥‥‥レイコ、どうしたの？	
15883	D1:6905:0AB20	1	대사	【レイコ】‥‥足‥‥‥ちょっと‥‥‥。	
15884	D1:6905:0AB52	1	대사	【マコト】やだっ！擦りむいてるじゃないっ！	
15885	D1:6905:0AB80	1	대사	【マコト】ごめん‥‥レイコ。‥‥私が突き飛ばしちゃったから‥‥‥‥。	
15886	D1:6905:0ABC8	1	대사	【レイコ】ううん‥ちょっと、調子に乗り過ぎちゃった。私こそごめんね。	
15887	D1:6905:0AC32	1	대사	【レイコ】‥‥‥マコト‥‥‥。	
15888	D1:6905:0AC5C	1	대사	【マコト】チュ！	
15889	D1:6905:0ACBE	1	대사	【レイコ】ふぅ‥‥私やっぱり、マコトのこと好きなんだ。	
15890	D1:6905:0AD26	1	대사	【レイコ】マコトは？	
15891	D1:6905:0AD46	1	대사	【マコト】ふふ、大好きよ。ちょっと時々理解を超えるけど。	
15892	D1:6905:0ADA4	1	대사	【マコト】結局、リハーサルは失敗に終わった？	
15893	D1:6905:0ADD4	1	대사	【レイコ】ま、いいんじゃない。	
15894	D1:6905:0ADFE	1	대사	【マコト】ごめんね、レイコ‥‥。	
15895	D1:6905:0AE22	1	대사	【レイコ】全然気にしてないわ。得てして本番の方が成功するものよ。	
15896	D1:6905:0AE6E	1	대사	【マコト】またぁレイコ。	
15897	D1:6905:0AE8A	1	대사	【レイコ】さて。	
15898	D1:6905:0AEA6	1	대사	【マコト】なに‥‥。	
15899	D1:6905:0AEBE	1	대사	【レイコ】アルがやって来るんで{n00}しょ？	
15900	D1:6905:0AEF0	1	대사	【マコト】そ、そういえば‥‥どうしたのかしら？	
15901	D1:6905:0AF22	1	대사	【マコト】さっきみたいな時に来られても困るけど‥‥。	
15902	D1:6905:0AF5A	1	대사	【レイコ】あの時来たら、３Ｐしようと思ってたのよ、私。	
15903	D1:6905:0AF9C	1	대사	【マコト】もう、バカなこと言わないで！	
15904	D1:6905:0AFC6	1	대사	【レイコ】ウフフ、でもちょっぴり興味あるでしょう？	
15905	D1:6905:0B004	1	대사	【マコト】それさえなかったらいい子なのにね。レイコちゃん。	
15906	D1:6905:0B042	1	대사	【レイコ】それは光栄ね‥‥‥‥でもどうしたのかしら？	
15907	D1:6905:0B082	1	대사	【マコト】本当ね‥‥‥‥。	
15908	D1:6905:0B0A0	1	대사	【レイコ】こうなったら、彼の部屋に押し掛けちゃいなさいよ。	
15909	D1:6905:0B0E6	1	대사	【マコト】わ、私から？　でもあの子がいるし‥‥。	
15910	D1:6905:0B11A	1	대사	【レイコ】なせばなる、よ。行動あるのみじゃない？	
15911	D1:6905:0B156	2	대사	【マコト】う、うん‥‥。	
15912	D1:6905:0B172	1	대사	【レイコ】じゃあこのストッキングとガーターは貸しといてあげる。	
15913	D1:6905:0B1DC	1	대사	【レイコ】さっ、用意をして。	
15914	D1:6905:0B204	1	대사	【マコト】うん‥‥‥‥。	
15915	D1:6905:0B220	1	대사	【レイコ】彼にあったら、まずスカートをヒラヒラさせて。	
15916	D1:6905:0B264	1	대사	【レイコ】そして不敵な笑みを浮かべる‥‥これよ、これ！	
15917	D1:6905:0B2A8	1	대사	【マコト】もう、知らないから。	
15918	D1:6905:0B2CA	1	대사	【レイコ】まんざらでもないくせに。	
15919	D1:6905:0B2F8	1	대사	【マコト】どうかしらね！	
15920	D1:6905:0B314	1	대사	【レイコ】ウフフ‥‥‥‥さてと。	
15921	D1:6905:0B34A	1	대사	【マコト】えっ、い、いっちゃうの？	
15922	D1:6905:0B370	1	대사	【レイコ】そんな悲しそうな顔をしないで。心が揺れるわ。	
15923	D1:6905:0B3B2	1	대사	【マコト】ち、違うわよ。でも‥‥。	
15924	D1:6905:0B3D8	1	대사	【レイコ】人の恋路のジャマをするつもりはないわよ。	
15925	D1:6905:0B418	1	대사	【レイコ】さっ、あなたもアルを悩殺してきちゃいなさいよ。	
15926	D1:6905:0B476	1	대사	【レイコ】フフ、ほら、そのいい顔がなくなっちゃう前に、	
15927	D1:6905:0B4BA	1	대사	【レイコ】アルのところに行ってらっしゃい‥‥じゃね。	
15928	D1:6905:0B522	1	대사	【レイコ】ほら、このストッキングとガーターを貸してあげるわ。	
15929	D1:6905:0B56A	1	대사	【マコト】急に脱ぎ出して何よ‥‥ちょっと、こんな派手なの、はけないわ！	
15930	D1:6905:0B5B4	1	대사	【レイコ】なに言っているのよ、私が今まではいていたから？	
15931	D1:6905:0B5F8	1	대사	【マコト】違うわ。あまりの下品さに閉口しているの。	
15932	D1:6905:0B62E	1	대사	【レイコ】言ったわね。このくらい、まだ序の口じゃない。	
15933	D1:6905:0B670	1	대사	【マコト】こんな‥‥紫色のストッキングなんて、恥ずかしくて表を歩けないわよ。	
15934	D1:6905:0B6C0	1	대사	【レイコ】だーめ。あなた、わかってないわね、男心を。	
15935	D1:6905:0B700	1	대사	【マコト】な、なによ。	
15936	D1:6905:0B71A	1	대사	【レイコ】自分の最愛の恋人が、	
15937	D1:6905:0B746	1	대사	【レイコ】自分のために勇気をふるって淫らな下着を着けてくれる‥‥。	
15938	D1:6905:0B7B2	1	대사	【レイコ】そういうところに、男は喜びと愛しさを女性に感じるんじゃない。	
15939	D1:6905:0B804	1	대사	【マコト】逆に蔑まれるかもしれないわ、なんて淫乱な女だって。	
15940	D1:6905:0B844	1	대사	【レイコ】あの彼が、派手なのを着たマコトを蔑むの？	
15941	D1:6905:0B89E	1	대사	【レイコ】逆に喜ぶんじゃないかし{n00}ら？	
15942	D1:6905:0B910	1	대사	【マコト】だってぇ‥‥。	
15943	D1:6905:0B92C	1	대사	【レイコ】だってもヘチマもないの。あなた、彼と楽しみたいんでしょ？	
15944	D1:6905:0B97A	1	대사	【マコト】変な言い方しないの‥‥。	
15945	D1:6905:0B9A0	1	대사	【レイコ】じゃ、一緒に気持ちよくなりたいんでしょ？	
15946	D1:6905:0B9DE	1	대사	【マコト】レイコが言うと、際限なく品性が下がっていくわ。	
15947	D1:6905:0BA1A	1	대사	【レイコ】私はマコトのために言っているの。	
15948	D1:6905:0BA50	1	대사	【マコト】どこが？	
15949	D1:6905:0BA66	1	대사	【レイコ】マコト、あなたの消極性は破滅を招くわよ。	
15950	D1:6905:0BAA4	1	대사	【マコト】そ、そんなこと‥‥。	
15951	D1:6905:0BAC6	1	대사	【レイコ】いいえ、そうよ。	
15952	D1:6905:0BB08	1	대사	【レイコ】品性なんて言葉が出てくること自体、危ないわね。	
15953	D1:6905:0BB4E	1	대사	【レイコ】マコト、あなたアルのことどうかんがえているの？？	
15954	D1:6905:0BB96	1	대사	【マコト】ど、どうだっていいじゃない‥‥そんなこと。	
15955	D1:6905:0BBCE	1	대사	【レイコ】アルだって立派な男の子よ。いろいろ考えてると思うけどな。	
15956	D1:6905:0BC1C	1	대사	【マコト】な、なんであなたにそんなことを言われなくちゃならないの！？	
15957	D1:6905:0BC64	1	대사	【レイコ】じゃ、マコトはガチガチの堅物が好きなわけ？？	
15958	D1:6905:0BCA6	1	대사	【マコト】そんなこと無いけど。	
15959	D1:6905:0BCC8	1	대사	【レイコ】じゃ、期待してんじゃない。	
15960	D1:6905:0BD14	1	대사	【レイコ】ふぅ‥結局は経験不足か‥‥‥‥‥。	
15961	D1:6905:0BD4C	1	대사	【マコト】‥‥‥‥レイコほどの人はいないわよ。	
15962	D1:6905:0BD7E	1	대사	【レイコ】あっ、マコトはまだ処女だっけ？	
15963	D1:6905:0BDB2	2	대사	【マコト】ば、バカにしないで！	
15964	D1:6905:0BDD4	1	대사	【レイコ】じゃ、経験済み？	
15965	D1:6905:0BE1A	1	대사	【レイコ】もう、煮え切らないんだから、どっちなのよ。	
15966	D1:6905:0BE5A	1	대사	【マコト】したような、しないような‥‥。	
15967	D1:6905:0BE86	1	대사	【レイコ】なんなのよ？	
15968	D1:6905:0BEA8	1	대사	【マコト】お互い若かったからよくわからないのっ！‥‥	
15969	D1:6905:0BEE0	1	대사	【レイコ】ふんふん。よくあるパターンね。	
15970	D1:6905:0BF30	1	대사	【レイコ】じゃ、教えてあげないと‥‥	
15971	D1:6905:0BF60	1	대사	【マコト】なによ‥‥。	
15972	D1:6905:0BF7A	1	대사	【レイコ】一から‥‥。	
15973	D1:6905:0BF9C	1	대사	【マコト】一から？‥‥なにを？	
15974	D1:6905:0BFBE	1	대사	【レイコ】リハーサルしておかないと、またうまくいかなくってよ。	
15975	D1:6905:0C008	1	대사	【マコト】な、なによもう！	
15976	D1:6905:0C026	1	대사	【レイコ】ウフフ、よく抱き合ったじゃない。‥‥。	
15977	D1:6905:0C062	1	대사	【マコト】む、昔のことよ。ルームメイト時代で、まだ学生だった時じゃない。	
15978	D1:6905:0C0AE	1	대사	【レイコ】キスまでした仲じゃないの‥‥。	
15979	D1:6905:0C0F8	1	대사	【レイコ】ま、とりあえず、あなたのプランを聞かせて頂戴。	
15980	D1:6905:0C13C	1	대사	【マコト】ぷ、プランって‥‥何のプランよ。	
15981	D1:6905:0C16A	1	대사	【レイコ】決まってるじゃない、恋人悩殺計画よ。	
15982	D1:6905:0C1A4	1	대사	【マコト】そんなもん、あるわけないでしょ！	
15983	D1:6905:0C1D2	1	대사	【レイコ】そうかしら‥‥‥‥あーらあら。	
15984	D1:6905:0C224	1	대사	【レイコ】クッションの位置が絶妙よねぇ。	
15985	D1:6905:0C258	1	대사	【マコト】な、なによぉ！	
15986	D1:6905:0C274	1	대사	【レイコ】ベッドは乱れすぎず、綺麗すぎず、セオリー通りね。	
15987	D1:6905:0C2BC	1	대사	【レイコ】なんだ、ちゃんとやってるじゃない。	
15988	D1:6905:0C2F6	1	대사	【マコト】（もう、変に気が付くんだから‥‥。）	
15989	D1:6905:0C328	1	대사	【レイコ】そっか、彼、ここに来るのね。	
15990	D1:6905:0C35A	1	대사	【マコト】えぇ‥‥あの子を寝かしたら、来るって。	
15991	D1:6905:0C38E	1	대사	【レイコ】あの子‥‥{n00}ティーナのこと？	
15992	D1:6905:0C3C0	1	대사	【マコト】そう。	
15993	D1:6905:0C3D4	1	대사	【レイコ】メディカルセンターで療養するんじゃなかったの？	
15994	D1:6905:0C418	1	대사	【マコト】そのはずだったんだけどね。	
15995	D1:6905:0C440	1	대사	【マコト】両者のたっての希望で、アルの部屋に寝泊まりすることになったわ。	
15996	D1:6905:0C48C	1	대사	【レイコ】あらあら、それは残念ね。	
15997	D1:6905:0C4BA	1	대사	【マコト】別に。あんな子供に負けるわけ、ないじゃない。	
15998	D1:6905:0C4F4	1	대사	【レイコ】ウフフ、何を言ってるのか‥‥。	
15999	D1:6905:0C528	1	대사	【マコト】もう１つは何なの？	
16000	D1:6905:0C548	1	대사	【レイコ】フフ‥‥彼とどうなったか聞きたくて、来ちゃった。	
16001	D1:6905:0C58E	1	대사	【マコト】ど、どうなったかって‥‥どうもなってないわ、まだ‥‥。	
16002	D1:6905:0C5D2	1	대사	【レイコ】まだってことは、これからどうかなる訳ね。	
16003	D1:6905:0C610	1	대사	【マコト】そういう下品な言い方はやめて頂戴！	
16004	D1:6905:0C640	1	대사	【レイコ】顔がニヤけているわよ、マコト。	
16005	D1:6905:0C674	1	대사	【マコト】そ、そんなこと‥。（やだ、ニヤけていたかしら。）	
16006	D1:6905:0C6B2	1	대사	【レイコ】そういえば聞いた？　ラウンジでの一件。	
16007	D1:6905:0C6EE	1	대사	【マコト】なによそれ？	
16008	D1:6905:0C708	1	대사	【レイコ】聞いてないの‥‥フフ、	
16009	D1:6905:0C736	1	대사	【レイコ】貴方の恋人が、あのカイルをラウンジで、のしちゃったらしいのよ。	
16010	D1:6905:0C7A2	1	대사	【レイコ】凄いわよね。カイルってあの姿格好でしょ？	
16011	D1:6905:0C7E2	1	대사	【レイコ】実際、何かの武道にも秀でてるって話だし、ちょっと信じられない。	
16012	D1:6905:0C838	1	대사	【マコト】もう、初日から問題を起こしまくってるじゃないの。私の立場も考えて欲しいわ。	
16013	D1:6905:0C890	1	대사	【レイコ】でも、何だかいいわぁ‥‥好きになっちゃいそう。	
16014	D1:6905:0C8D4	1	대사	【マコト】ダメよ、またレイコの悪い癖が出てきた。	
16015	D1:6905:0C908	1	대사	【レイコ】フフ、女性を守るために悪と戦う‥‥女にとって白馬の騎士は永遠の夢なの。	
16016	D1:6905:0C964	1	대사	【マコト】女性を守るって‥‥誰か他にいたの？	
16017	D1:6905:0C994	1	대사	【レイコ】シェリルが、何でもカイルに酷いことを言われたらしくて。それで‥‥。	
16018	D1:6905:0C9EC	1	대사	【マコト】シェリルだったの‥‥彼女だったら大丈夫かしら。	
16019	D1:6905:0CA28	1	대사	【レイコ】わからないわよ、ああいう大人しそうな子ほど、進んでるっていうし。	
16020	D1:6905:0CA7E	1	대사	【マコト】もう、{n00}付き合ってられない！	
16021	D1:6905:0CAA8	1	대사	【マコト】ふぅ、やっと部屋に帰ってきた感じ。	
16022	D1:6905:0CAD8	1	대사	【マコト】少しだけ心が安まるわね‥‥さてと。	
16023	D1:6905:0CB08	1	대사	【マコト】アルがもうすぐ来るし、部屋でもお片付けしようかしら。	
16024	D1:6905:0CB6C	1	대사	【マコト】アル、どうしたのよ、せっかく部屋を片付けたのに‥‥。	
16025	D1:6905:0CBAE	1	대사	【マコト】後はベッドのシーツを整えてと‥‥。	
16026	D1:6905:0CBDE	1	대사	【マコト】あっ、でもあまり綺麗になってると、	
16027	D1:6905:0CC0E	1	대사	【マコト】いかにも誘ってるような感じも与えてしまうかも。	
16028	D1:6905:0CC4A	1	대사	【マコト】もうちょっと‥‥こう‥‥	
16029	D1:6905:0CC70	1	대사	【マコト】ん、こうして、こうシワをつけてと、こんな感じかしら。	
16030	D1:6905:0CCB2	1	대사	【マコト】だらしなく見えなく、かつ綺麗すぎない‥‥程度が難しいわね。	
16031	D1:6905:0CCFA	1	대사	【マコト】後はもう片付けるモノは‥‥‥‥。	
16032	D1:6905:0CD28	1	대사	【マコト】きゃっ、{n00}こんなところにパンティーが脱ぎ捨ててある！	
16033	D1:6905:0CD6A	1	대사	【マコト】もう、こんなの見られたら大変よ。引き出しの奥に‥‥‥‥これでよしと。	
16034	D1:6905:0CDBC	1	대사	【マコト】ふぅ‥‥あっ、お風呂場に下着が干してあったわ！	
16035	D1:6905:0CDF8	1	대사	【マコト】た、大変‥‥。	
16036	D1:6905:0CE14	1	대사	‥‥‥‥‥‥{s00}‥‥‥‥‥‥{s00}‥‥‥‥‥‥。	
16037	D1:6905:0CE40	1	대사	【マコト】ふぅ‥‥これで大丈夫かしら。	
16038	D1:6905:0CE86	1	대사	【マコト】でも遅いわね、どうしたのかしら。	
16039	D1:6905:0CEB4	1	대사	【マコト】それほど散らかってはいないけど‥‥。	
16040	D1:6905:0CEE6	1	대사	【マコト】でも、レディの身だしなみの１つよね。じゃあやってしまいましょう。	
16041	D1:6905:0CF50	1	대사	【マコト】クッションはこの位置で大丈夫かな。	
16042	D1:6905:0CF80	1	대사	【マコト】あっ、でもアルが私の隣に座ったときに、肩なんかを抱かれたりしたら‥‥	
16043	D1:6905:0CFD2	1	대사	【マコト】だったら、ここの方がいいかしら？	
16044	D1:6905:0D000	1	대사	【マコト】うん、押し倒されたときに、マクラ代わりにはなるわね。	
16045	D1:6905:0D042	1	대사	【マコト】‥‥やだ、私ったら何を考えてるのかしら。	
16046	D1:6905:0D086	1	대사	【マコト】そうよ、少し遅いんじゃない？	
16047	D1:6905:0D0B0	1	대사	【マコト】ちょっとだけ様子を見に行ってみようかしら。	
16048	D1:6905:0D104	1	대사	【マコト】うん、ちょっとだけ。	
16049	D1:6905:0D146	1	대사	【マコト】（あ、アル！？）	
16050	D1:6905:0D164	1	대사	【マコト】はい！　あ、開いています‥‥。	
16051	D1:6905:0D1A6	1	대사	【マコト】もうちょっとここにいた方がいいわ。	
16052	D1:6905:0D1D6	1	대사	【マコト】アルが来るのよ‥‥この部屋に。	
16053	D1:6905:0D202	1	대사	【マコト】もう少し待ってみましょう。	
16054	D1:6905:0D22A	1	대사	【マコト】アル、どうしちゃったのかしら‥‥遅いわね。	
16055	D1:6905:0D262	1	대사	【マコト】そうだわ、アルが来たら、とりあえずどこに座ってもらおうかしら。	
16056	D1:6905:0D2AE	1	대사	【マコト】とりあえずベッドの上？　いやダメね。	
16057	D1:6905:0D2E0	1	대사	【マコト】何だか、そういう雰囲気を作っているように取られちゃうわ。	
16058	D1:6905:0D326	1	대사	【マコト】とりあえず、このクッションの上に座ってもらって‥‥。	
16059	D1:6905:0D368	1	대사	【マコト】紅茶でも出して、お話をしましょう。	
16060	D1:6905:0D398	1	대사	【マコト】後は‥‥‥‥。	
16061	D1:6905:0D3B4	1	대사	【マコト】後は雰囲気まかせよね。	
16062	D1:6905:0D3F4	1	대사	【マコト】でもアル、ちょっと遅いわね。	
16063	D1:6905:0D41E	1	대사	【マコト】そうね、もうすぐアルが来ると言っていたから‥‥。	
16064	D1:6905:0D478	1	대사	【マコト】そ、そうだわ、{n00}まだシャワーを浴びていなくて‥‥。	
16065	D1:6905:0D4B8	1	대사	【マコト】で、でも‥‥彼が来たときにシャワーなんて浴びてたら、	
16066	D1:6905:0D4FA	1	대사	【マコト】やっぱり露骨過ぎるわよね‥‥。	
16067	D1:6905:0D526	1	대사	【マコト】シャワーは、そういう雰囲気になったときに一緒に浴びましょう。	
16068	D1:6905:0D570	1	대사	【マコト】い、一緒‥‥‥‥な、何だか恥ずかしい。	
16069	D1:6905:0D5A4	1	대사	【マコト】ここは私の部屋‥‥{n00}唯一気が抜けるプライベートルーム。	
16070	D1:6905:0D602	1	대사	【マコト】今日明日中には片づけてしまいましょう。	
16071	D1:6905:0D636	1	대사	【マコト】少しまた散らかってきたわね。今日明日中に掃除をしてしまわないと。	
16072	D1:6905:0D684	1	대사	【マコト】アルがこの部屋に来たときに恥ずかしいわ。アルがここに来て‥‥‥‥‥‥。	
16073	D1:6905:0D6D8	1	대사	【マコト】やだ、私ったら何を想像しているのかしら。	
16074	D1:6905:0D70E	1	대사	【マコト】ふぅ、何だかここに帰ってくると落ちついてしまうわね。	
16075	D1:6905:0D750	1	대사	【マコト】ベッドを見ると眠くなるというのは、結構重度の職業病だわ。	
16076	D1:6905:0D796	1	대사	【マコト】あぁ、でもフカフカしていて気持ちよさそう‥‥。	
16077	D1:6905:0D7E0	1	대사	【マコト】そうね、ここでじっとしている訳にはいかないわ。	
16078	D1:6905:0D81C	1	대사	【マコト】部屋をでるわよ。	
16079	D1:6905:0D840	1	대사	【マコト】さっ、早くアルを迎えに行かなくちゃ。	
16080	D1:6905:0D88C	1	대사	【マコト】部屋を見ていてもしょうがないわ。	
16081	D1:6905:0D8BA	1	대사	【マコト】さっ、早く飛行場へ行きましょう。	
16082	D1:6905:0D8E8	1	대사	【マコト】あのぬいぐるみとかは、しまっておかなくちゃ。アルが来たらバカにされちゃう。	
16083	D1:6905:0D940	1	대사	【マコト】あっ、大変。下着とかもしまっておかないと‥‥においでも嗅がれたら最悪よ。	
16084	D1:6905:0D996	1	대사	【マコト】ふぅ‥‥、アルが来るというだけで、気苦労が耐えないわ。	
16085	D1:6905:0DA0C	1	대사	【マコト】寂しくない程度の調度品や小物が置いてある。	
16086	D1:6905:0DA44	1	대사	【マコト】もっとも、アルなんかには冷やかしの対象でしかないんでしょうけど‥‥。	
16087	D1:6905:0DAA4	1	대사	【マコト】そうね、早く飛行場に行かないと。	
16088	D1:7260:00D5A	1	대사	【マコト】ここは私の部屋‥‥‥‥。	
16089	D1:7260:00D8A	1	대사	【マコト】やっと帰ってきたわ‥‥私の部屋に‥‥。	
16090	D1:7260:00DBE	1	대사	【マコト】もう疲れて眠くて‥‥あぁ服を脱ぐのも、もどかしいわ。	
16091	D1:7260:00E00	1	대사	【マコト】今からじゃもう２、３時間しか睡眠できない‥‥。	
16092	D1:7260:00E3C	1	대사	【マコト】シャワーを浴びたいけど‥‥いいわ、もう‥‥。	
16093	D1:7260:00E76	1	대사	【マコト】今はただ単に眠りたいだけ‥‥睡魔に身を委ねたい‥‥。	
16094	D1:7260:00ECC	1	대사	【マコト】あぁぁ、このまま眠ってしまいそう‥‥。	
16095	D1:7260:00F00	1	대사	【マコト】意識が‥‥‥‥遠のいていくわ‥‥‥‥。	
16096	D1:7260:00F34	1	대사	【マコト】少しだけでも、眠っておきたい‥‥‥‥。	
16097	D1:7260:00F68	1	대사	【マコト】少しだけでも‥‥‥‥。	
16098	D1:7260:00FCC	1	대사	【マコト】‥‥‥‥‥‥‥‥‥‥‥‥‥‥。{k00}	
16099	D1:7260:01030	1	대사	■　１９９×－０７－３１{w00}{k00}	
16100	D1:7260:0104E	1	대사	反応装置、暴走‥‥‥‥。{w00}{k00}	
16101	D1:7260:010AE	1	대사	ピーンポーン‥‥‥‥。	
16102	D1:7260:01122	1	대사	【マコト】ん‥‥な、なに‥‥？	
16103	D1:7260:01144	1	대사	【マコト】‥‥‥‥今日の１６時って‥‥午後４時のことよね。	
16104	D1:7260:01182	1	대사	【マコト】それが、{n00}どうしたのかしら？	
16105	D1:7260:011AC	1	대사	【放送の声】繰り返します、今日の１６時、最終便が離陸します。	
16106	D1:7260:011EC	1	대사	【放送の声】遅れないように留意して下さい‥‥‥‥。	
16107	D1:7260:0123E	1	대사	【マコト】あぁ、た、大変！　もうこんな時間‥‥アラームをセットしておかなかったのね。	
16108	D1:7260:012D6	1	대사	【マコト】あぁ、もうクタクタ‥‥シャワーでも浴びて眠りたい‥‥。	
16109	D1:7260:0131A	1	대사	【マコト】フフ、眠って全てを忘れられるならいいわよね‥‥でも結局は現実逃避‥‥。	
16110	D1:7260:01382	1	대사	【マコト】フフ、今日でこの部屋ともお別れなのね。	
16111	D1:7260:013B6	1	대사	【マコト】でも、きっと戻ってくるわ、私‥‥。	
16112	D1:7260:01400	1	대사	【マコト】今日の午後にはもう、ここを引き上げてしまうのね‥‥。	
16113	D1:7260:01442	1	대사	【マコト】私が持っていく荷物は、ほとんどない‥‥簡単な手荷物だけ‥‥。	
16114	D1:7260:0148C	1	대사	【マコト】いずれ、ここに戻ってくるわ、きっと‥‥。	
16115	D1:7260:014D0	1	대사	【マコト】そうね‥‥部屋を出ましょう。	
16116	D1:7260:01500	1	대사	【マコト】私の部屋だわ‥‥。	
16117	D1:7260:01520	1	대사	【マコト】何で戻ってきたのかしら‥‥レイコに会いたいのよ、私は。	
16118	D1:7260:0157E	2	대사	【マコト】もうすぐ、この部屋ともお別れになるのね‥‥。	
16119	D1:7260:015B8	2	대사	【マコト】私の部屋よ‥‥一通り荷物の整理はしてあるわ。	
16120	D1:7260:015F2	2	대사	【マコト】また戻ってくることを考えて、必要最小限のものだけ持っていくつもり。	
16121	D1:7260:01650	2	대사	【マコト】そうよ、レイコに会いたいわ。	
16122	D1:7260:0167A	2	대사	【マコト】レイコの部屋は研究所の中‥‥でも確か研究所の裏手から入れたはずよ。	
16123	D1:7260:016CA	2	대사	【マコト】そうね、行ってみようかしら。	
16124	D1:7260:016FA	1	대사	【マコト】わかっているわ、現実から逃避している暇がないってことくらい‥‥。	
16125	D1:7260:01830	1	대사	【マコト】レイコに会いたいわ‥‥。	
16126	D1:7260:01856	1	대사	【マコト】‥‥誰かに相談したいわ。	
16127	D1:7260:01898	1	대사	【マコト】そういえば、レイコ、今日の朝から見ていないわ‥‥どうしたのかしら。	
16128	D1:7260:018E8	1	대사	【マコト】まさか、教授を残して引き上げるということは無いと思うけど‥‥。	
16129	D1:7260:01934	1	대사	【マコト】もう一度、フォンで連絡してみる？	
16130	D1:7260:01962	1	대사	ピピポパ‥‥‥‥{w00}	
16131	D1:7260:01984	1	대사	プルルルル、プルルルル‥‥‥‥。	
16132	D1:7260:019C4	1	대사	【マコト】出ないわ‥‥どうしたのかしら。	
16133	D1:7260:01A02	1	대사	【マコト】レイコ、どうしたのよ。	
16134	D1:7260:01A26	1	대사	【マコト】いたらいたで、私のことをからかってばかりなのに、いないと凄く寂しい‥‥。	
16135	D1:7260:01A7C	1	대사	【マコト】レイコ、会いたい‥‥。	
16136	D1:7260:01AA0	1	대사	【マコト】私、混乱している‥‥‥‥。	
16137	D1:7260:01AE4	1	대사	【マコト】私、アルを信じていない‥‥彼が危機に立たされているというのに‥‥。	
16138	D1:7260:01B34	1	대사	【マコト】でも、でも‥‥本当にわからなくなっているのよ。	
16139	D1:7260:01B70	1	대사	【マコト】だって、全てがアルに対して不利な状況を作り出している。	
16140	D1:7260:01BB4	1	대사	【マコト】誰もが彼を疑わざるをえない‥‥。	
16141	D1:7260:01BFE	1	대사	【マコト】だけど、誰もがアルを疑わざるをえないというところが、	
16142	D1:7260:01C40	1	대사	【マコト】かえって不自然じゃないかしら‥‥。	
16143	D1:7260:01C70	1	대사	【マコト】意図的にしくまれたとで{n00}も？	
16144	D1:7260:01C9A	1	대사	【マコト】例の工作員と何か関係があるのかしら‥‥。	
16145	D1:7260:01CEC	1	대사	【マコト】フフ、想像の翼は広いわ‥‥いくらでも、考えられちゃう。	
16146	D1:7260:01DE8	1	대사	【マコト】色々と考えたいわね‥‥。	
16147	D1:7260:01E0E	1	대사	【マコト】今は少し考えたいわ‥‥。	
16148	D1:7260:01E34	1	대사	【マコト】色々なことがありすぎたわ‥‥。	
16149	D1:7260:01E60	1	대사	【カイル】飛行場か‥行ってみるか？	
16150	D1:7260:01E8E	1	대사	【マコト】えぇ、行きましょう。	
16151	D1:7260:01ECA	1	대사	【カイル】何をしている、早く行ってみようぜ。	
16152	D1:7260:01F02	1	대사	【マコト】わかったわ。	
16153	D1:7260:01F1C	1	대사	【マコト】私の部屋よ‥‥さっきまでカイルと‥‥。	
16154	D1:7260:01F50	1	대사	【マコト】とにかく、早く飛行場に行ってみましょう。	
16155	D1:7260:01F90	1	대사	【マコト】そうね、早く飛行場に行ってみましょう。	
16156	D1:7260:01FF2	1	대사	【カイル】よぉ。可愛がりに来てやったぜ。	
16157	D1:7260:02026	2	대사	【マコト】や、やめてよ‥‥。	
16158	D1:7260:02046	1	대사	【マコト】（やだ‥‥‥‥。）	
16159	D1:7260:02066	1	대사	【カイル】マコトが残ると聞いて、俺も残留を希望したんだぜ。つれない事を言うな。	
16160	D1:7260:020C0	1	대사	【マコト】（本当？‥‥私‥‥‥‥よろこんでる‥‥‥‥‥‥）	
16161	D1:7260:020FE	1	대사	【カイル】装置の制御は出来なかったんだな。	
16162	D1:7260:02150	1	대사	【カイル】例の教授も残るのか？	
16163	D1:7260:0217A	1	대사	【マコト】そうよ、もう少しがんばって見るつもりなの‥‥。	
16164	D1:7260:021B6	1	대사	【カイル】ほぉ‥‥。	
16165	D1:7260:021D6	1	대사	【マコト】やめて‥‥触らないで！	
16166	D1:7260:021FA	1	대사	【カイル】おいおい、お前は俺の女だって認めたはずだぜ。	
16167	D1:7260:0223C	1	대사	【マコト】そ、そんなこと‥‥言わないで‥‥。	
16168	D1:7260:0226C	1	대사	【カイル】事実だろうが。	
16169	D1:7260:02290	1	대사	【マコト】（イヤよ‥‥そんな‥。）	
16170	D1:7260:022B6	1	대사	【カイル】フッ、こっちに来い。	
16171	D1:7260:022E0	1	대사	【マコト】あっ‥‥ダメ‥‥。	
16172	D1:7260:02314	1	대사	【カイル】ほら、リラックスしなよ。	
16173	D1:7260:02342	1	대사	【マコト】あぁぁ、{n00}いや、いやよイヤ！	
16174	D1:7260:0236C	1	대사	【カイル】どうした‥‥‥？	
16175	D1:7260:02398	1	대사	【マコト】あっ‥‥触らないでって言っているでしょう。	
16176	D1:7260:023D0	1	대사	【カイル】フッ、聞こえねえな。	
16177	D1:7260:023FA	1	대사	【マコト】‥‥‥ちょっと‥‥‥	
16178	D1:7260:0241C	1	대사	【カイル】お高くとまっても、もう気持ちは完全に俺のものさ。	
16179	D1:7260:02462	1	대사	【マコト】あ、あなたなんか‥‥あなたなんか！	
16180	D1:7260:024C8	1	대사	【カイル】俺の気持ちは分かっているはずだ。	
16181	D1:7260:02500	1	대사	【カイル】そしてお前の心の中でそれは大きな位置を占めている。	
16182	D1:7260:0254A	1	대사	【カイル】‥‥‥‥‥‥だろ？	
16183	D1:7260:02574	1	대사	【マコト】（そ‥‥そう‥‥‥‥。）	
16184	D1:7260:0259A	1	대사	【カイル】もう、俺に会うのに、取って付けたような理由はいらないんだろう？	
16185	D1:7260:02612	1	대사	【マコト】（私‥‥私って‥‥‥‥‥‥？）	
16186	D1:7260:0263E	1	대사	【マコト】（あぁ、ダメ‥‥カイルの香りが‥‥する。）	
16187	D1:7260:02676	1	대사	【カイル】マコト。気持ちに真っ直ぐになってみろ。	
16188	D1:7260:026B2	1	대사	【マコト】‥‥私は。	
16189	D1:7260:026CA	1	대사	【カイル】‥‥‥‥‥‥なんだ？	
16190	D1:7260:026F4	1	대사	【マコト】‥‥そんな、女じゃない‥‥‥‥‥‥。	
16191	D1:7260:02726	1	대사	【カイル】まだ言い訳が必要か？	
16192	D1:7260:02750	1	대사	【マコト】（‥‥‥‥‥‥‥‥！）	
16193	D1:7260:02774	1	대사	【カイル】じゃ、一生言い訳を探してりゃいい。	
16194	D1:7260:027AC	1	대사	【マコト】っ‥‥。（なんて痛いところを付いてくるの！？‥‥この男は‥‥‥‥。）	
16195	D1:7260:027FE	1	대사	【カイル】フッ、そんなに悲しそうな目をするな。	
16196	D1:7260:02838	1	대사	【マコト】か、悲しくなんか‥‥‥‥。	
16197	D1:7260:02860	1	대사	【カイル】ただし、俺の気持ちはかわらん。	
16198	D1:7260:028AC	1	대사	【カイル】俺はわかりやすいぜ。お前が好きだ。それだけだ。	
16199	D1:7260:02904	1	대사	【マコト】（あぁ‥‥この強引さが‥少しでもアルにあれば‥‥‥。）	
16200	D1:7260:02948	1	대사	【カイル】キスしてくれ。	
16201	D1:7260:02980	1	대사	【カイル】催眠術のせいでも、強制されたからでもない。	
16202	D1:7260:029E0	1	대사	【カイル】マコトの意志でキスしてくれ。	
16203	D1:7260:02A18	1	대사	【マコト】‥‥‥カイル‥‥‥。	
16204	D1:7260:02A3A	1	대사	【カイル】さあ。	
16205	D1:7260:02A56	1	대사	【マコト】‥‥‥そ、そんな‥‥‥‥。	
16206	D1:7260:02A7E	1	대사	【カイル】やれないのか？	
16207	D1:7260:02AC0	1	대사	【カイル】ふっ、殻が固いな。	
16208	D1:7260:02B04	1	대사	【カイル】お前はよほど自制心を鍛えられているようだな。	
16209	D1:7260:02B62	1	대사	【カイル】おそらくは優等生だった。	
16210	D1:7260:02B90	1	대사	【マコト】（そ、そう。‥‥‥‥私はいつも優等生だった。）	
16211	D1:7260:02BCC	1	대사	【カイル】学生の頃も就職後も、常に優秀だった。	
16212	D1:7260:02C06	1	대사	【マコト】（‥‥‥そう‥‥‥）	
16213	D1:7260:02C28	1	대사	【カイル】お前が、あの男に惹かれたのは‥‥。	
16214	D1:7260:02C78	1	대사	【カイル】安全に遊べると踏んだからだ。	
16215	D1:7260:02CAA	1	대사	【マコト】‥‥ち‥‥違うわ‥‥それは‥‥。	
16216	D1:7260:02CD8	1	대사	【カイル】いや、そうだ。奴なら自分のエリアを崩さないで、楽しめる。	
16217	D1:7260:02D44	1	대사	【カイル】外見は変わった奴だ。剽軽で愛想もいい。	
16218	D1:7260:02D9C	1	대사	【カイル】他人から見たら、マコトもキャパが大きいなと思ってもらえる。	
16219	D1:7260:02DEC	1	대사	【マコト】（‥‥そ‥‥その通りかもしれない‥‥。）	
16220	D1:7260:02E22	1	대사	【カイル】お前はいつもそうやって、他人の目を気にして生きているんだ。	
16221	D1:7260:02E72	1	대사	【マコト】（‥そう‥‥そうよ‥。）	
16222	D1:7260:02E98	1	대사	【カイル】そうやって生きている限り本当の自由はないぞ。	
16223	D1:7260:02EDA	1	대사	【マコト】‥‥本当の‥‥‥自由？	
16224	D1:7260:02EFE	1	대사	【カイル】お前は今まで、「評価」を期待しない努力をしたことがあるか？	
16225	D1:7260:02F4E	1	대사	【マコト】‥な‥‥‥ないかもしれない‥‥。	
16226	D1:7260:02F7C	1	대사	【カイル】そうか‥‥‥‥‥‥。	
16227	D1:7260:02FA6	1	대사	【マコト】私は、いつもトップでないといけなかったの。	
16228	D1:7260:02FDE	1	대사	【カイル】‥‥‥‥なぜだ？	
16229	D1:7260:03004	1	대사	【マコト】‥‥なぜ？	
16230	D1:7260:0301C	1	대사	【カイル】なぜトップでないといけなかったんだ？	
16231	D1:7260:03056	1	대사	【マコト】わからない。考えたこともない。	
16232	D1:7260:03082	1	대사	【カイル】‥‥‥そりゃ、‥‥‥かわいそうだな‥‥。	
16233	D1:7260:030F0	1	대사	【カイル】そんな風に教育されてしまったわけだ。	
16234	D1:7260:0312A	1	대사	【マコト】‥‥そう‥‥‥‥。	
16235	D1:7260:0314A	1	대사	【カイル】まあいい。結論はいつもの通りだ。	
16236	D1:7260:03180	1	대사	【マコト】{s00}あっ。	
16237	D1:7260:03196	1	대사	【カイル】なんだ？	
16238	D1:7260:031B4	1	대사	【マコト】その‥‥ちょっと頬に傷があるから‥‥。	
16239	D1:7260:031E8	1	대사	【カイル】かすり傷だ。	
16240	D1:7260:0320A	1	대사	【マコト】うん、でも‥‥‥‥。	
16241	D1:7260:0322C	1	대사	【カイル】ネコみたいに、舐めて傷を癒してくれるのか？	
16242	D1:7260:03294	1	대사	【マコト】んっ‥‥‥‥。	
16243	D1:7260:032B0	1	대사	【マコト】（何故かしら‥‥私‥。）	
16244	D1:7260:032D6	1	대사	【マコト】（カイルの頬を舐めるの、ちっとも苦に感じない‥{n00}‥。）	
16245	D1:7260:0331A	1	대사	【マコト】（それどころか、もっと舐めてあげたくなってる。早く傷を治したいって‥。）	
16246	D1:7260:03370	1	대사	【カイル】本当にネコみたいだな、お前は。	
16247	D1:7260:033A4	1	대사	【マコト】ご、ごめんなさい‥‥不快だった？	
16248	D1:7260:033D2	1	대사	【カイル】別に。	
16249	D1:7260:03412	1	대사	【カイル】そんなに緊張するな。	
16250	D1:7260:03458	1	대사	【マコト】（何故かしら‥‥以前と同じ‥‥。）	
16251	D1:7260:03488	1	대사	【マコト】（肩を抱き寄せられると、安堵感に包まれる‥‥。）	
16252	D1:7260:034C6	1	대사	【マコト】（私、カイルの事を、口で言うほど嫌ってはいないのかしら‥‥。）	
16253	D1:7260:03512	1	대사	【カイル】もう第１便は飛び立ったろうな‥‥。	
16254	D1:7260:0354A	1	대사	【マコト】そうね‥‥明日まで、私たちはここにいなくてはならないわ。	
16255	D1:7260:035C6	1	대사	【カイル】例のカズミ嬢は、どうしてるかわかるか？	
16256	D1:7260:03602	1	대사	【マコト】えっ？　カズミさん‥‥？	
16257	D1:7260:03628	2	대사	【カイル】そうだ。	
16258	D1:7260:03646	1	대사	【マコト】な、なぜ‥‥？	
16259	D1:7260:03662	1	대사	【カイル】俺は、どうしてるかって聞いたんだ。なんでお前が質問をする。	
16260	D1:7260:036B2	1	대사	【マコト】ご、ごめんなさい‥‥カズミさんは何か用があるとかで、まだここに残ると‥‥。	
16261	D1:7260:0370A	1	대사	【カイル】ほぉ、まだ残るか‥‥ふむ。	
16262	D1:7260:03756	1	대사	【カイル】何か聞きたそうだな。	
16263	D1:7260:03780	1	대사	【マコト】い、いいえ、別に何もないわ。	
16264	D1:7260:037AA	1	대사	【カイル】フン、そうか‥‥‥‥なぁ、マコト。	
16265	D1:7260:037FA	1	대사	【カイル】お前に話しておきたいことがある。	
16266	D1:7260:03830	1	대사	【マコト】え？　えぇ‥‥。（な、何かしら‥‥？）	
16267	D1:7260:03864	1	대사	【カイル】俺は‥‥‥‥。	
16268	D1:7260:03888	1	대사	ドドーーーーン！！！！	
16269	D1:7260:038A6	1	대사	【マコト】な、なに！？	
16270	D1:7260:038C0	1	대사	【カイル】でかいな、これは‥‥。	
16271	D1:7260:038EC	1	대사	【マコト】ま、まさか爆発！？	
16272	D1:7260:0390C	1	대사	【カイル】フッ、研究所が吹っ飛んでいたりしてな。	
16273	D1:7260:03948	1	대사	【マコト】ま、まさか！？	
16274	D1:7260:0396E	1	대사	【マコト】窓よ、窓から‥‥。	
16275	D1:7260:0398E	1	대사	【マコト】‥‥研究所ではないみたい、飛行場の方だわ。	
16276	D1:7260:039F8	1	대사	【マコト】何だかやっと戻ってきた感じがする‥‥今日は色々なことがありすぎたわ。	
16277	D1:7260:03A4A	1	대사	【マコト】とうとう、ここ{n00}《デザイア》も放棄されてしまうのね‥‥。	
16278	D1:7260:03AAC	1	대사	【マコト】落胆の他に、安堵の気持ちもある‥‥{n00}何故かしら‥‥？	
16279	D1:7260:03B12	1	대사	【マコト】明日にはもう、この見慣れた風景ともお別れ‥‥。	
16280	D1:7260:03B4E	1	대사	【マコト】少し寂しい気がするわ‥‥。	
16281	D1:7260:03B76	1	대사	【マコト】まだいろいろと荷物が残っているわ‥‥そろそろ用意しないといけないわね。	
16282	D1:7260:03BCA	1	대사	【マコト】でも荷物といっても、服以外の小物や丁度は置いていくつもり。	
16283	D1:7260:03C12	1	대사	【マコト】教授は一時的な放棄とおっしゃっていた‥‥私はそれを信じるつもりなの。	
16284	D1:7260:03C80	1	대사	【マコト】もう私は疲れはてたＯＬよ。少しベッドで休もうかしら‥‥。	
16285	D1:7260:03CDA	1	대사	【マコト】あーあ、もう。	
16286	D1:7260:03D12	1	대사	【マコト】何でこんなことになっちゃったのかしら？	
16287	D1:7260:03D80	1	대사	【マコト】（だ、誰かしら‥‥‥‥レイコ？）	
16288	D1:7260:03DCE	1	대사	【マコト】は、はい‥‥開いてます、どうぞ。	
16289	D1:7260:03E12	1	대사	【マコト】レイコ、きっと悔しがるわね。	
16290	D1:7260:03E3C	1	대사	【マコト】信奉していた教授の研究が、中止になってしまって‥‥	
16291	D1:7260:03E7C	1	대사	【マコト】私に怒鳴り散らす姿が目に浮かぶわ。	
16292	D1:7260:03EC8	1	대사	【マコト】そういえばレイコ、朝以来ずっと見ていない。	
16293	D1:7260:03F00	1	대사	【マコト】教授の部屋にもいなかったようだし‥‥。	
16294	D1:7260:03F34	1	대사	【マコト】どうしたのかな‥‥フォンで呼んでみようかしら。	
16295	D1:7260:03F8C	1	대사	プルルルルル‥‥‥‥プルルルルル‥‥‥‥。	
16296	D1:7260:03FD6	1	대사	【マコト】でないわ‥‥どこに行っているのかしら。	
16297	D1:7260:04038	1	대사	【マコト】フフ、自室に帰ってきたとたん溜息なんて、疲れはてたＯＬみたいね。	
16298	D1:7260:04086	1	대사	【マコト】でも、今はその心境‥‥。	
16299	D1:7260:040AC	1	대사	【マコト】計測器は届かず実験は出来ない、制御ディスクを盗まれ装置は止められない‥‥。	
16300	D1:7260:04104	1	대사	【マコト】結局、完成を目の前にして、《デザイア》は放棄‥‥。	
16301	D1:7260:04144	1	대사	【マコト】私たちが今までやってきたことは、いったい何だったのかしら。	
16302	D1:7260:0418C	1	대사	【マコト】窓から見えるのは、荷物を持って飛行場へ向かう人の列‥‥。	
16303	D1:7260:041D2	1	대사	【マコト】あーぁ、みんな楽しそう‥‥‥‥。	
16304	D1:7260:04200	1	대사	【マコト】それはそうよね、仕事とはいえ、	
16305	D1:7260:0422C	1	대사	【マコト】島に隔離された状態を何か月も続けてきたのだから。	
16306	D1:7260:0426A	1	대사	【マコト】私も帰ろうかな‥‥‥‥。	
16307	D1:7260:04290	1	대사	【マコト】ううん、ダメよダメ。教授に付いて最後までやるって、言ったばかりじゃない‥‥。	
16308	D1:7260:042EA	1	대사	【マコト】フフ、人間って際限なく弱気になっていくものよね。	
16309	D1:7260:04336	1	대사	【マコト】もう少し考えたいわ‥‥。	
16310	D1:7260:0435C	1	대사	【マコト】ここは私の寝室よ‥‥。	
16311	D1:7260:04380	1	대사	【マコト】でも、もうすぐここともお別れになるのね‥‥。	
16312	D1:7260:043D4	1	대사	【マコト】私が唯一、心安まるプライベートルーム‥‥。	
16313	D1:7260:0440C	1	대사	【マコト】窓から差し込む光は明るくて、清々しいのに‥‥。	
16314	D1:7260:04448	1	대사	【マコト】ここ《デザイア》の存亡の危機が訪れているとは、とても考えられないわ‥‥。	
16315	D1:7260:0449E	1	대사	【マコト】この部屋にも愛着が涌いてきたというのに‥‥。	
16316	D1:7260:044D8	1	대사	【マコト】もうすぐ、ここを引き上げる時がくるのかしら‥‥。	
16317	D1:7358:01028	1	대사	【マコト】ここはメディカルセンター前よ‥‥。	
16318	D1:7358:01062	3	대사	【マコト】ここはメディカルセンター前‥‥。	
16319	D1:7358:01090	1	대사	【マコト】飛行場とは点対称に位置するわ‥‥	
16320	D1:7358:010BE	1	대사	【マコト】今現在では、一番人口密度が低いんじゃないかしら。	
16321	D1:7358:01134	1	대사	【マコト】人の姿は無いわ。	
16322	D1:7358:0115C	1	대사	【シェリル】あっ、イズミさん‥‥。	
16323	D1:7358:0118A	1	대사	【マコト】シェリルじゃない‥‥どうしたのよ、その腕！　包帯なんか巻いて‥‥。	
16324	D1:7358:011DA	1	대사	【シェリル】あっ、こ、これは‥‥その、ちょっと転んで擦りむいてしまって‥‥。	
16325	D1:7358:01232	1	대사	【マコト】ウソ言いなさい。シェリル、嘘を付くとき、どもる癖があるわ。	
16326	D1:7358:0127A	1	대사	【シェリル】ち、違います‥‥ほ、本当に転んでしまって‥‥。	
16327	D1:7358:012C0	1	대사	【マコト】傷は深いの？	
16328	D1:7358:012DA	1	대사	【シェリル】いえ、本当に軽い傷で‥‥仕事に差し支えありません。	
16329	D1:7358:01324	1	대사	【マコト】（そうか、シェリル、まだ知らなかったのね‥‥。）	
16330	D1:7358:0138C	1	대사	【マコト】シェリル、よく聞いて欲しいの‥‥。	
16331	D1:7358:013BC	1	대사	【シェリル】は、はい。その、良くないことでしょうか？	
16332	D1:7358:013FC	1	대사	【マコト】そうね‥‥ここ{n00}《デザイア》の放棄が、決定されたわ。	
16333	D1:7358:0143E	1	대사	【シェリル】どういうことなんですか？	
16334	D1:7358:0146E	1	대사	【マコト】ごめんなさい‥‥理由を言う訳にはいかないの。	
16335	D1:7358:014A8	1	대사	【シェリル】あっ‥‥装置の例のこと、ですか？	
16336	D1:7358:014E0	1	대사	【マコト】そうね、否定はしないとだけ言っておくわ。	
16337	D1:7358:01516	1	대사	【シェリル】そうだったんですか‥‥そこまで‥‥。	
16338	D1:7358:01552	1	대사	【マコト】シェリルも荷物の整理をしておいた方がいいわ。	
16339	D1:7358:0158C	1	대사	【マコト】今日の夕方には、飛行機が到着するから。	
16340	D1:7358:015C0	1	대사	【シェリル】イズミさんは‥‥イズミさんはどうするんですか？	
16341	D1:7358:01606	1	대사	【マコト】私は、ここに残るわ。教授と一緒に‥‥。	
16342	D1:7358:0163A	1	대사	【シェリル】えぇ！？	
16343	D1:7358:0165A	1	대사	【マコト】フフ、心配しないで。最終便が明日に到着する‥‥それに乗るつもりよ。	
16344	D1:7358:016AA	1	대사	【シェリル】彼は‥‥{n00}アルバートさんはどうされるでしょうか？	
16345	D1:7358:016F2	1	대사	【マコト】アル？　わ、わからないわ‥‥	
16346	D1:7358:0171C	1	대사	【マコト】でもあの人のことだから、多分残りそうな予感はするけど‥‥。	
16347	D1:7358:01764	1	대사	【シェリル】‥‥イズミさん。	
16348	D1:7358:017A0	1	대사	【シェリル】私も残って構いませんか？	
16349	D1:7358:017D0	1	대사	【マコト】残るって‥‥ここに？	
16350	D1:7358:01810	1	대사	【マコト】教授は、志願者には残留許可を出されるみたいだけど‥‥。	
16351	D1:7358:01854	1	대사	【シェリル】よかった‥‥。	
16352	D1:7358:0187A	1	대사	【マコト】かなり危険なのよ、わかって？	
16353	D1:7358:018A4	1	대사	【シェリル】私自身、学者の末席に身を置く者として、	
16354	D1:7358:018E4	1	대사	【シェリル】装置の行く末を見守りたいという欲求があるんです。	
16355	D1:7358:0192E	1	대사	【マコト】そう‥‥わかったわ、教授にお願いしてみなさい。	
16356	D1:7358:0196A	1	대사	【シェリル】あ、ありがとうございます。	
16357	D1:7358:0199C	1	대사	【マコト】礼は私が言いたいくらいよ。今は１人でも多く人手が欲しいの。	
16358	D1:7358:019E4	1	대사	【シェリル】はい、一応荷物の整理だけはしておこうと思います。	
16359	D1:7358:01A2C	1	대사	【マコト】そうね、それがいいと思うわ。	
16360	D1:7358:01A56	1	대사	【シェリル】それじゃ、失礼します。	
16361	D1:7358:01A84	1	대사	【マコト】腕、お大事にね。	
16362	D1:7358:01AE6	1	대사	【マコト】残留希望者はどのくらいいるのかしら‥‥。	
16363	D1:7358:01B1C	1	대사	【マコト】でも、本国にやっと帰れるというのに、	
16364	D1:7358:01B4E	1	대사	【マコト】何を好き好んで危険な《デザイア》に留まる必要があるの‥‥。	
16365	D1:7358:01B96	1	대사	【マコト】シェリルは何故ここに留まるって言い出したのかしら‥‥。	
16366	D1:7358:01BDA	1	대사	【マコト】学者としての好奇心？　名誉？	
16367	D1:7358:01C04	1	대사	【マコト】もちろん、人手は多い方が助かるんだけど‥‥。	
16368	D1:7358:01C76	1	대사	【マコト】‥‥‥‥。{w01}{k00}	
16369	D1:7358:01C92	1	대사	【マコト】‥‥‥‥‥‥‥‥。{w01}{k00}	
16370	D1:7358:01CB6	1	대사	【マコト】‥‥‥‥‥‥‥‥‥‥‥‥。{w01}{k00}	
16371	D1:7358:01CE2	1	대사	【マコト】（あぁ、フカフカしている‥‥‥‥。）{w03}{k00}	
16372	D1:7358:01D18	1	대사	【マコト】（何て心地よいの‥‥。）{w03}{k00}	
16373	D1:7358:01D42	1	대사	【マコト】（このまま、ずっといたい‥‥‥‥。）{w03}{k00}	
16374	D1:7358:01D78	1	대사	【マコト】（‥‥‥‥‥‥。）{w03}{k00}	
16375	D1:7358:01D9C	1	대사	【マコト】（やだ、意識が‥‥意識が戻ってきたわ‥‥。）{w04}{k00}	
16376	D1:7358:01DDA	1	대사	【マコト】（起きたくなんかない！　このまま、このまま寝ていたい‥‥。）{w05}{k00}	
16377	D1:7358:01E28	1	대사	【マコト】（このまま‥‥‥‥‥。）{w03}{k00}	
16378	D1:7358:01EA0	1	대사	【マコト】こ、ここは‥‥。	
16379	D1:7358:01EBE	1	대사	【マコト】あぁ、ちょっとまだ足下がふらつくわ。	
16380	D1:7358:01EF0	1	대사	【エレナ】あっ、{n00}気がつかれましたか？	
16381	D1:7358:01F2C	1	대사	【マコト】エレナ‥‥すると、ここはメディカルセンターの中？	
16382	D1:7358:01F6A	1	대사	【エレナ】えぇ、イズミさん、あの場で昏倒してしまったんです。	
16383	D1:7358:01FB2	1	대사	【マコト】そう‥‥あなたも、あの場に？	
16384	D1:7358:01FDC	1	대사	【エレナ】えぇ、イズミさんが倒れるまで、一部始終を見ていました。	
16385	D1:7358:02028	1	대사	【マコト】そう‥‥。	
16386	D1:7358:02040	1	대사	【マコト】（何だか‥‥‥‥。）	
16387	D1:7358:02062	1	대사	【マコト】（何だか、ちょっと様子が変だわ‥‥。）	
16388	D1:7358:020A0	1	대사	【マコト】ここはメディカルセンター。	
16389	D1:7358:020C8	1	대사	【マコト】あたりは暗く、人の姿は見えない‥‥寂しいわ。	
16390	D1:7358:0210C	1	대사	【マコト】ここはメディカルセンター前よ。	
16391	D1:7358:02138	1	대사	【マコト】医療関連のほとんど全てを、ここで担っている‥‥。	
16392	D1:7358:02180	1	대사	【マコト】あら、エレナ。	
16393	D1:7358:0219C	1	대사	【マコト】（メディカルセンターに勤務する女の子だわ。看護婦というところね。）	
16394	D1:7358:021EC	1	대사	【マコト】（彼女、男性職員に人気があるから‥‥アルには要注意だわ。）	
16395	D1:7358:02234	1	대사	【エレナ】イズミさん、こんにちは。	
16396	D1:7358:02262	1	대사	【マコト】センター前のお掃除？{n00}せいが出るわね。	
16397	D1:7358:02296	1	대사	【エレナ】何だか、気が付くとお掃除しているんです。	
16398	D1:7358:022D6	1	대사	【エレナ】やっぱり、綺麗な方が気持ちいいですから。	
16399	D1:7358:02316	1	대사	【マコト】相変わらず真面目っ子ね。もうちょっとクダけないと、彼氏できないわよ。	
16400	D1:7358:02368	1	대사	【エレナ】そんな、イジめないで下さい。	
16401	D1:7358:0239A	1	대사	【マコト】フフ、ごめんなさい。そういえば女の子が運ばれたという話だけど？	
16402	D1:7358:023E6	1	대사	【エレナ】えぇ、ドクターの診断だと軽い疲労で、命に別状はないようです。ただ‥‥。	
16403	D1:7358:02442	1	대사	【マコト】ただ？	
16404	D1:7358:02456	1	대사	【エレナ】ショックのためか、どうも記憶に問題があるようで‥‥。	
16405	D1:7358:024A0	1	대사	【マコト】どういうことなの。	
16406	D1:7358:024C0	1	대사	【エレナ】えぇ、ドクターによると、記憶の喪失症だということです。	
16407	D1:7358:0250C	1	대사	【マコト】そうだったの‥‥ね、その子に会える？	
16408	D1:7358:0253E	1	대사	【エレナ】え、えぇ‥‥でもまだ寝ていますよ。	
16409	D1:7358:02576	1	대사	【マコト】ちょっと顔を見るだけだから。いい？	
16410	D1:7358:025A6	1	대사	【エレナ】はい‥‥ではこちらへ。	
16411	D1:7358:025EC	3	대사	【マコト】あたりに人はいない‥‥少し寒い気がするわ。	
16412	D1:7358:02624	2	대사	【マコト】さすがに、メディカルセンター内の機材などは持っていけないわよね。	
16413	D1:7358:02672	3	대사	【マコト】ここの機材だけで莫大な費用がかかっているのに‥‥	
16414	D1:7358:026B0	3	대사	【マコト】そういうのが全て無に帰してしまうかもしれない。	
16415	D1:7358:026EC	3	대사	【マコト】メディカルセンターにはドクターとエレナの２人がいる‥‥。	
16416	D1:7358:02732	2	대사	【マコト】彼らはどうするのかしら？　《デザイア》が放棄されるとき‥‥。	
16417	D1:7358:027A4	3	대사	【マコト】メディカルセンターに用はないわ。	
16418	D1:7358:027D2	2	대사	【マコト】今はエレナに会いたくない‥‥。	
16419	D1:7358:02858	4	대사	【マコト】飛行場に行くのね？	
16420	D1:7358:028D0	1	대사	【マコト】さすがに、メディカルセンター内の機材などは持っていけないわ。	
16421	D1:7358:029DA	1	대사	【マコト】彼らはどうして残っているのかしら‥‥医療関係者だから？	
16422	D1:7358:02A1E	1	대사	【マコト】そうよね、お医者さんがいなくちゃ、大変よね。	
16423	D1:7358:02AAE	1	대사	【マコト】今はエレナに会えない‥‥。	
16424	D1:7358:02E1C	1	대사	【マコト】あたりは静かで気持ちがいいのに‥‥。	
16425	D1:7358:02E4E	1	대사	【マコト】昨日はこの中で‥‥‥‥。	
16426	D1:7358:02E74	1	대사	【マコト】あぁ、思い出したくもないわ‥‥。	
16427	D1:7358:02EA2	1	대사	【マコト】騒然とした飛行場と、ちょうど正反対に位置しているわ。	
16428	D1:7358:02EE4	1	대사	【マコト】そのせいかしら、あたりに人はいないようね‥‥。	
16429	D1:7358:02F48	1	대사	【マコト】中には入りたくないわ。	
16430	D1:7358:02F6C	1	대사	【マコト】中には入りたくない‥‥。	
16431	D1:7358:02F92	1	대사	【マコト】今はエレナに会いたくないの‥‥。	
16432	D1:7358:03062	1	대사	【マコト】（診療室は静まり返っているわ‥‥。）	
16433	D1:7358:03094	1	대사	【マコト】（ドクターはどうしたのかしら‥‥いるはずなんだけど‥‥。）	
16434	D1:7358:030DC	1	대사	【マコト】（あぁ、何だか聞くのが恐いわ‥何故かしら‥。）	
16435	D1:7358:03118	1	대사	【マコト】（診療室にはエレナが１人‥‥。）	
16436	D1:7358:03146	1	대사	【マコト】（今まで、彼女が私の看病をしていてくれたのかしら‥‥？）	
16437	D1:7358:03198	1	대사	【エレナ】まだ外に出てはダメです。	
16438	D1:7358:031C6	1	대사	【エレナ】まだ外に出てはダメですよ。	
16439	D1:7358:03218	1	대사	【マコト】（何だか、この子の言うことに逆らえない‥‥。）	
16440	D1:7358:03254	1	대사	【マコト】ところでエレナ。	
16441	D1:7358:03272	1	대사	【エレナ】なんですか？	
16442	D1:7358:03294	1	대사	【マコト】あなたがここで看病を？	
16443	D1:7358:032B8	1	대사	【エレナ】えぇ‥‥イズミさん、可愛らしい寝顔で素敵でした。	
16444	D1:7358:032FE	1	대사	【マコト】あ、ありがとう‥‥。	
16445	D1:7358:03320	1	대사	【エレナ】ウフフ、あんまり可愛いから、キスしちゃいました。	
16446	D1:7358:03380	1	대사	【マコト】（や、やだ‥‥なにドキドキしてるのよ。）	
16447	D1:7358:033B6	1	대사	【マコト】（冗談に決まっているじゃない。）	
16448	D1:7358:033E4	1	대사	【マコト】も、もう帰る‥‥あっ。	
16449	D1:7358:03408	1	대사	【エレナ】まだ寝ていなくちゃダメよ、足下がフラフラじゃない。	
16450	D1:7358:03450	1	대사	【マコト】だ、だって‥‥。（あぁ、何だか、変‥‥。）	
16451	D1:7358:03488	1	대사	【エレナ】フフ、イズミさん。	
16452	D1:7358:034B0	1	대사	【マコト】な、何かしら‥‥。	
16453	D1:7358:034D0	1	대사	【エレナ】私、知っているんです。	
16454	D1:7358:034FC	1	대사	【マコト】知っているって‥‥な、何を？	
16455	D1:7358:03526	1	대사	【エレナ】イズミさん、私のこと、好きでしょう？	
16456	D1:7358:03560	1	대사	【マコト】な、何を言い出すかと思えば‥‥わ、私がエレナのこと嫌いなわけないでしょ？	
16457	D1:7358:035B6	1	대사	【エレナ】違うわ‥‥私のことを、特別な目でみている。	
16458	D1:7358:035F6	1	대사	【マコト】な、何をそんな‥‥‥‥。	
16459	D1:7358:0361C	1	대사	【マコト】（き、気分が悪いわ‥。）	
16460	D1:7358:03642	1	대사	【エレナ】‥‥？	
16461	D1:7358:0365E	1	대사	【マコト】うぅ‥‥‥うう‥‥‥。	
16462	D1:7358:03682	1	대사	【エレナ】大丈夫ですか？	
16463	D1:7358:036A6	1	대사	【マコト】ご、ごめんなさい。ちょっと休ませて‥‥‥。	
16464	D1:7358:036DE	1	대사	【エレナ】いいわ‥‥。	
16465	D1:7358:03700	1	대사	【マコト】（おかしいわ‥‥ふだんこんな事ないのに‥‥‥。）	
16466	D1:7358:0373E	1	대사	【エレナ】ボタンを緩めて、この診療台の上に。	
16467	D1:7358:03776	1	대사	【マコト】あ、ありがとう。	
16468	D1:7358:03794	2	대사	【エレナ】‥‥‥‥‥‥‥‥。	
16469	D1:7358:037C4	1	대사	【マコト】‥‥‥どう？‥‥‥。	
16470	D1:7358:037E6	1	대사	【エレナ】よく判らないけどしばらく安静にしていた方がいいわ。	
16471	D1:7358:0382E	1	대사	【マコト】（ど、どうしたというのかしら‥‥‥‥？）	
16472	D1:7358:03864	1	대사	【エレナ】眠くない？	
16473	D1:7358:03884	1	대사	【マコト】‥‥うん、少し‥‥‥‥。	
16474	D1:7358:038AA	1	대사	【エレナ】（効いてきた‥‥‥‥。）	
16475	D1:7358:038F8	1	대사	【エレナ】‥‥ぅぅん‥‥‥‥。さあ、もう少し服を‥‥‥‥‥‥。	
16476	D1:7358:03942	1	대사	【マコト】（‥‥‥‥‥‥あっ！）	
16477	D1:7358:0396E	1	대사	【マコト】（この子‥‥‥‥‥‥。）	
16478	D1:7358:0399C	1	대사	【エレナ】イズミさん‥‥‥‥？	
16479	D1:7358:039C6	1	대사	【マコト】あ、あの、‥‥‥私‥‥やっぱり‥帰るわ‥。	
16480	D1:7358:039FE	1	대사	【エレナ】え？‥‥。	
16481	D1:7358:03A1E	1	대사	【マコト】もう、よくなってきたから‥‥‥‥‥‥。	
16482	D1:7358:03A52	1	대사	【エレナ】だ、だめよ。{n00}今動いちゃっ！	
16483	D1:7358:03A84	1	대사	【マコト】‥‥そんなこと言わないで‥‥さぁ、通して。	
16484	D1:7358:03ABC	1	대사	【エレナ】だめです。これは専門医としての命令よ。	
16485	D1:7358:03AF8	1	대사	【マコト】（そ、そんな‥‥。何を考えているの？エレナ。）	
16486	D1:7358:03B34	1	대사	【エレナ】イズミさん、さぁ服を。	
16487	D1:7358:03B60	1	대사	【マコト】い、イヤよ、イヤ。	
16488	D1:7358:03B80	1	대사	【エレナ】どうしたっていうの？	
16489	D1:7358:03BC6	1	대사	【マコト】だって、あれ‥‥‥	
16490	D1:7358:03BEE	1	대사	【エレナ】あっ‥‥‥‥‥‥。	
16491	D1:7358:03C16	1	대사	【マコト】あなた、{n00}何を考えているの？	
16492	D1:7358:03C40	2	대사	【エレナ】‥‥‥‥‥‥。	
16493	D1:7358:03C80	1	대사	【エレナ】私‥‥‥‥。	
16494	D1:7358:03CA2	1	대사	【マコト】な‥‥何？	
16495	D1:7358:03CBA	1	대사	【エレナ】私、お姉さんに憧れていたの‥‥。	
16496	D1:7358:03D04	1	대사	【エレナ】‥‥私‥‥イズミさんのことが‥‥。	
16497	D1:7358:03D3C	1	대사	【マコト】（ぅぅ、‥‥ボォッとしてきたわ‥‥。）	
16498	D1:7358:03D70	1	대사	【エレナ】私は末っ子だから。	
16499	D1:7358:03D98	1	대사	【マコト】そんなこと言われても‥‥。	
16500	D1:7358:03DE8	1	대사	【マコト】それと、眠り薬とどんな関係があるの？	
16501	D1:7358:03E1A	1	대사	【エレナ】だって、‥‥普通のやり方じゃ、こんなに一緒にいてもらえないもの‥‥‥‥。	
16502	D1:7358:03E78	1	대사	【マコト】エレナ‥‥‥‥‥‥。	
16503	D1:7358:03E9A	1	대사	【エレナ】‥‥ごめんなさい‥‥‥‥。	
16504	D1:7358:03ECA	1	대사	【マコト】エレナ。ど、どうしていいかわからないけど‥‥‥。	
16505	D1:7358:03F08	1	대사	【エレナ】‥‥‥‥はい‥‥。	
16506	D1:7358:03F30	1	대사	【マコト】変なことしないんなら‥‥‥。	
16507	D1:7358:03F5A	1	대사	【エレナ】えっ？	
16508	D1:7358:03F76	1	대사	【マコト】ここで寝かせて‥‥。	
16509	D1:7358:03F98	1	대사	【エレナ】‥‥ほ‥本当ですか？	
16510	D1:7358:03FC2	1	대사	【マコト】‥‥ふぅ‥‥本当も何も‥‥。	
16511	D1:7358:03FEC	1	대사	【エレナ】イズミさん。本当にごめんなさい。	
16512	D1:7358:04022	1	대사	【マコト】いいわよ。それより‥‥‥寝かせて‥‥‥。	
16513	D1:7358:04058	1	대사	【エレナ】‥‥‥あの‥‥イズミさん‥。	
16514	D1:7358:0408A	1	대사	【マコト】‥‥‥なに？	
16515	D1:7358:040A4	1	대사	【エレナ】隣に‥‥。	
16516	D1:7358:040C4	1	대사	【マコト】‥‥え？	
16517	D1:7358:040DA	1	대사	【エレナ】寝てもいいですか？	
16518	D1:7358:04102	1	대사	【マコト】‥‥変な事しなかったら‥‥‥‥。	
16519	D1:7358:04130	1	대사	【エレナ】しません。	
16520	D1:7358:04150	1	대사	【マコト】ふふ‥‥‥。	
16521	D1:7358:04172	1	대사	【マコト】‥‥‥ふぅ‥‥実際‥何の薬？	
16522	D1:7358:0419C	1	대사	【エレナ】あぁ、大したことないです。ちょっと眠ったらすっきりします。	
16523	D1:7358:041EC	1	대사	【マコト】‥‥もぅ‥‥変な言い方‥‥。	
16524	D1:7358:04216	1	대사	【エレナ】すいません。	
16525	D1:7358:04238	1	대사	【マコト】‥‥ねぇ‥‥エレナ‥‥。	
16526	D1:7358:0425E	1	대사	【エレナ】はい？	
16527	D1:7358:0427A	1	대사	【マコト】女の人が好きなの？	
16528	D1:7358:0429A	1	대사	【エレナ】よく判りませんが、イズミさんは好きです。	
16529	D1:7358:042D8	1	대사	【マコト】ふふ、はっきりしてるのね。	
16530	D1:7358:04300	1	대사	【マコト】私のどこが？	
16531	D1:7358:0431A	1	대사	【エレナ】なんて言うのかなぁ、物事に動じないところとか‥‥。	
16532	D1:7358:04362	1	대사	【マコト】私が？	
16533	D1:7358:04376	1	대사	【エレナ】はい、すごくしっかりしてて。	
16534	D1:7358:043A8	1	대사	【マコト】（やっぱり私って、そんな風に見えるんだ。）	
16535	D1:7358:043E0	1	대사	【マコト】頼りがいがある？	
16536	D1:7358:043FE	1	대사	【エレナ】そう。でも、‥‥何だか影があって。	
16537	D1:7358:04436	1	대사	【マコト】影？	
16538	D1:7358:04448	1	대사	【エレナ】‥‥そう、ふっと悲しそうに見えることがあります。	
16539	D1:7358:0448E	1	대사	【マコト】（‥‥そうなんだ‥‥‥‥‥‥。）	
16540	D1:7358:044BC	1	대사	【エレナ】全部好きです。	
16541	D1:7358:044E6	1	대사	【マコト】‥‥そう‥‥‥ふふ‥眠いけど嬉しいわ‥‥。	
16542	D1:7358:0451E	1	대사	【エレナ】‥‥でも‥‥ひとつだけ‥‥。	
16543	D1:7358:04550	1	대사	【マコト】‥‥どうしたの？‥‥‥‥。	
16544	D1:7358:04578	1	대사	【エレナ】レイコさん‥‥。	
16545	D1:7358:0459E	1	대사	【マコト】え？レイコがどうかした？	
16546	D1:7358:045C4	1	대사	【エレナ】仲がよすぎる‥‥‥‥。	
16547	D1:7358:045F0	1	대사	【マコト】‥‥‥そんなことないけど‥‥‥。	
16548	D1:7358:0461E	1	대사	【エレナ】それとレイコさん、おかしい。	
16549	D1:7358:04650	1	대사	【マコト】‥‥‥な‥‥なにが？‥。	
16550	D1:7358:04676	1	대사	【マコト】（あぁ、ものすごく眠くなってきたわ‥‥‥‥‥。）	
16551	D1:7358:046B4	1	대사	【エレナ】レイコさんはゲーツ先生の事を調べてるわ。	
16552	D1:7358:046F4	1	대사	【エレナ】その調査をやめさせるか、あるいは妨害して欲しいの。	
16553	D1:7358:0473E	1	대사	【マコト】な、なぜ‥‥。	
16554	D1:7358:0475A	1	대사	【エレナ】‥‥‥‥‥‥やめさせなさい、いい？	
16555	D1:7358:04792	1	대사	【マコト】‥‥‥‥‥‥‥‥わかったわ。	
16556	D1:7358:047BC	1	대사	【マコト】（あぁ、眠くて‥‥‥考えられない‥‥‥。）	
16557	D1:7358:047F4	1	대사	【エレナ】フフ、いい子よ‥‥。	
16558	D1:7358:04824	1	대사	【マコト】クリスさんは、やっぱり‥‥。	
16559	D1:7358:0484E	1	대사	【エレナ】お亡くなりになりました。	
16560	D1:7358:0487C	2	대사	【マコト】（やっぱり‥‥‥‥。）	
16561	D1:7358:048A0	1	대사	【マコト】死因は何だったの？	
16562	D1:7358:048C0	1	대사	【エレナ】胸部への被弾が遠因ですが、直接の原因はショック死だそうです。	
16563	D1:7358:04912	1	대사	【マコト】そう‥‥お気の毒だわ。	
16564	D1:7358:04936	1	대사	【エレナ】そうですね。	
16565	D1:7358:04958	1	대사	【マコト】いったい‥‥いったい誰が撃ったの？　まさか、アルじゃあ‥‥。	
16566	D1:7358:049A2	1	대사	【エレナ】撃ったのは、視察に見えられている方だそうです。	
16567	D1:7358:049E6	1	대사	【マコト】え？　カズミさんが‥‥どういうこと？	
16568	D1:7358:04A18	1	대사	【エレナ】さぁ、詳しくはわかりかねます。	
16569	D1:7358:04A4E	1	대사	【エレナ】私もドクターから事情を少しだけ聞かせて戴いただけですから。	
16570	D1:7358:04AA0	1	대사	【マコト】そう‥‥‥‥。	
16571	D1:7358:04ABC	1	대사	【マコト】（アルが正当防衛の末撃ったというのは、誤報だったようね。）	
16572	D1:7358:04B04	1	대사	【マコト】（少しだけ、気が楽になったのかしら‥‥。）	
16573	D1:7358:04B3C	1	대사	【マコト】ドクターは‥‥ドクターはどうしたの？	
16574	D1:7358:04B6E	1	대사	【エレナ】ゲーツ先生は検死のために、今メディカルセンターを出ています。	
16575	D1:7358:04BC0	1	대사	【マコト】検死‥‥。（クリスさんのことね‥‥。）	
16576	D1:7358:04BF4	1	대사	【マコト】それでは今、ここにいるのは‥‥。	
16577	D1:7358:04C22	1	대사	【エレナ】私と、イズミさんだけです。	
16578	D1:7358:04C6E	1	대사	【マコト】（な、何だかドキドキしてきたわ‥‥。）	
16579	D1:7358:04CBC	1	대사	【マコト】あたりに人の姿はない‥‥少し寂しいわね。	
16580	D1:7358:04CF2	1	대사	【マコト】でも、格納庫なんて一番怪我が多そうなところじゃない。	
16581	D1:7358:04D34	1	대사	【マコト】実用性よりも外観を優先させるなんて、ちょっとおかしな話よね。	
16582	D1:7358:04D7E	1	대사	【マコト】島上で、ちょうど格納庫と点対称に位置するわ。	
16583	D1:7358:04DB8	1	대사	【マコト】何でも外観のレイアウトのためという話だけど‥‥。	
16584	D1:7358:04E1E	2	대사	【マコト】メディカルセンターに用事はないわ。	
16585	D1:7358:04E4E	2	대사	【マコト】今はとっても健康なの。	
16586	D1:7358:04E72	5	대사	【マコト】研究所に行きましょう。	
16587	D1:7358:04E9C	2	대사	【マコト】宿舎に行ってみましょう。	
16588	D1:7358:04EE8	1	대사	【マコト】ここからちょっと遠いけど‥‥。	
16589	D1:7358:04F34	1	대사	【マコト】あたりに人はいないようだけど‥‥。	
16590	D1:7358:04F64	1	대사	【マコト】私も何度かお世話になったことがある。ここのベッドが結構気持ちいいのよね。	
16591	D1:7358:04FBA	1	대사	【マコト】フカフカしていて、横になるとすーっと眠くなっていくの。	
16592	D1:7358:04FFE	1	대사	【マコト】フフ、何だかまた寝たくなっちゃった。	
16593	D1:7358:05030	1	대사	【マコト】ここはメディカルセンター前。医療関連のほとんど全てをここで担っている。	
16594	D1:7358:05084	1	대사	【マコト】職員の病気からカウンセリング、健康管理と、ここの存在は大きいわね。	
16595	D1:7358:050FC	1	대사	【マコト】飛行場に行ってみようかしら。	
16596	D1:7358:051AA	1	대사	【マコト】研究所へ行くのね？	
16597	D1:7358:051D0	1	대사	【マコト】宿舎ね‥‥行ってみましょう。	
16598	D1:7358:0520A	1	대사	【マコト】（相変わらずツンと強い匂いが漂っているわ。消毒薬の匂い、かしら？）	
16599	D1:7358:0525A	1	대사	【エレナ】疲れて寝ていますから、静かにして下さいね。	
16600	D1:7358:0529A	1	대사	【マコト】えぇ、わかっているわ。	
16601	D1:7358:052BE	1	대사	【エレナ】ちょっと待っていて下さい。	
16602	D1:7358:052FC	1	대사	【マコト】（どんな女の子なのかしら‥‥‥‥。）	
16603	D1:7358:0532E	1	대사	【マコト】（アルが浜辺で見つけたということだけど‥‥‥。）	
16604	D1:7358:0536C	1	대사	【マコト】（彼って、どこかに行くたびに、何か見つけてくるのよね‥‥。）	
16605	D1:7358:053B6	1	대사	【マコト】（フフ、どんな女の子なのかしら‥‥何だかドキドキしちゃう。）	
16606	D1:7358:05400	1	대사	【エレナ】た、大変！	
16607	D1:7358:05444	1	대사	【エレナ】あ、あの子がいなくなってる！	
16608	D1:7358:05492	1	대사	【エレナ】い、いなくなっているんです。どうしようかしら‥‥。	
16609	D1:7358:054DC	1	대사	【エレナ】どうしたらいいでしょうか、イズミさん。	
16610	D1:7358:0551A	1	대사	【マコト】ど、どうしたらって‥‥	
16611	D1:7358:0553E	1	대사	【マコト】ひとまずあたりを捜してみるというのが、得策じゃないかしら。	
16612	D1:7358:05586	1	대사	【エレナ】そ、そうですね‥‥たぶん窓から抜け出したんじゃないかと思うんですけど‥‥。	
16613	D1:7358:055E6	1	대사	【マコト】外に？	
16614	D1:7358:055FA	1	대사	【エレナ】はい、出ましょう。	
16615	D1:7358:0562C	1	대사	【エレナ】私、このへんを少し捜してみます。どうしよう、ドクターに怒られちゃう‥‥。	
16616	D1:7358:0568A	1	대사	【マコト】じゃあ私の方も、もし見つけたらすぐに連絡するようにするわ。	
16617	D1:7358:056D2	1	대사	【エレナ】あ、ありがとうございます。じゃあ‥‥。	
16618	D1:7358:05734	1	대사	【マコト】窓から、ねぇ。アルみたいな女の子ね、まるで。	
16619	D1:7494:01166	3	대사	【マコト】ここは飛行場前‥‥。	
16620	D1:7494:01188	1	대사	【マコト】第一格納庫は、半壊しているわ‥‥。	
16621	D1:7494:011B8	1	대사	【マコト】（嫌な予感がする‥‥。）	
16622	D1:7494:011DE	1	대사	【マコト】（何も起きていなければいいのだけど‥‥‥‥。）	
16623	D1:7494:0123A	1	대사	【マコト】（でも、私の嫌な予感は大抵あたってしまうわ‥。）	
16624	D1:7494:01278	1	대사	【マコト】飛行場だわ‥‥‥‥。	
16625	D1:7494:012A4	1	대사	【マコト】！！！！！！	
16626	D1:7494:012BE	1	대사	【マコト】な、何てこと‥‥か、格納庫が、格納庫が‥‥。	
16627	D1:7494:012F8	1	대사	【カイル】燃えているな。	
16628	D1:7494:0131C	1	대사	【マコト】どういうこと‥‥どういうことなの！？	
16629	D1:7494:0134E	1	대사	【カイル】俺に言われても、わからんな。	
16630	D1:7494:01380	1	대사	【マコト】飛行機は‥‥飛行機はないようだわ、第１便は無事に離陸したのね。	
16631	D1:7494:013CC	1	대사	【カイル】ま、幸いと言えば幸いだったな。	
16632	D1:7494:01400	1	대사	【マコト】でも‥‥中にいた人は？　シルビアはどうしたの！？	
16633	D1:7494:0143E	1	대사	【カイル】だから、俺に言われてもわからんな。	
16634	D1:7494:01476	1	대사	【マコト】（あぁぁ、どうしたらいいのかしら‥‥。）	
16635	D1:7494:014AC	1	대사	【ゲーツ】何事かね、これは‥‥。	
16636	D1:7494:014E2	2	대사	【マコト】ど、ドクター‥‥。	
16637	D1:7494:01502	1	대사	【マコト】（ドクターも居残っていたのね‥‥。）	
16638	D1:7494:01534	1	대사	【ゲーツ】何が起こったのかね？　格納庫が燃えているようだが‥‥。	
16639	D1:7494:01580	1	대사	【マコト】わかりません‥‥突然爆発が起きたと思ったら‥‥。	
16640	D1:7494:015BE	2	대사	【エレナ】ドクター！	
16641	D1:7494:015E8	1	대사	【マコト】エレナ‥‥。	
16642	D1:7494:01602	1	대사	【エレナ】どうしたんですか、あの爆発は‥‥。	
16643	D1:7494:0163A	1	대사	【ゲーツ】原因はわからないそうだ。残念ながらな。	
16644	D1:7494:016C8	1	대사	【マコト】教授、{n00}これはいったい‥‥？	
16645	D1:7494:016F2	1	대사	【マルチナ】私にもわからないわ‥‥	
16646	D1:7494:01722	1	대사	【マルチナ】飛行場の方から爆発音が聞こえて、それで駆けつけて来たの。	
16647	D1:7494:01774	1	대사	【マコト】いったいどういうこと‥‥格納庫が爆発するなんて‥‥。	
16648	D1:7494:017B6	1	대사	【カイル】どうやら、あそこにいるお調子者が知っていそうだぜ。	
16649	D1:7494:01818	1	대사	【マコト】（あ、アル！）	
16650	D1:7494:01834	1	대사	【マコト】（シルビアを抱きかかえて‥‥{n00}これはどういうこと！？）	
16651	D1:7494:01878	1	대사	【マコト】（なんでアルがここにいるの‥‥！？）	
16652	D1:7494:019C0	1	대사	【マコト】（許可‥‥残留の志願をしたのね‥‥なぜ？）	
16653	D1:7494:01A2A	1	대사	【アル】そ、それは、爆弾のせいで‥‥‥‥。	
16654	D1:7494:01A60	1	대사	【マコト】（ば、爆弾！？）	
16655	D1:7494:01A7E	1	대사	【カイル】爆弾だと？	
16656	D1:7494:01B32	1	대사	【マコト】（うそ‥‥アルが？　そんな‥‥！？）	
16657	D1:7494:01C8A	1	대사	【カイル】だいたいお前が来てから、おかしな事が起こりすぎるんだよ。	
16658	D1:7494:01D58	1	대사	【マコト】（あぁぁ、アル‥‥本当にあなたがやったの？）	
16659	D1:7494:01D92	1	대사	【マコト】（そんな、信じられないわ‥‥。）	
16660	D1:7494:01DC0	1	대사	【マコト】（誤解に決まってる、違うに決まっている‥‥でも‥‥。）	
16661	D1:7494:01E04	1	대사	【マコト】（彼を猜疑する私が、心のどこかにいる‥‥‥‥。）	
16662	D1:7494:01E42	1	대사	【マコト】（カイルの言う通り、確かに彼が来てからだわ。）	
16663	D1:7494:01E7E	1	대사	【マコト】（事件が起こり始めたのは‥‥。）	
16664	D1:7494:01EAC	1	대사	【マコト】（ううん、そんなはずない‥‥そんなはずは‥‥。）	
16665	D1:7494:01F86	1	대사	【マコト】（き、教授‥‥‥‥。）	
16666	D1:7494:01FAA	1	대사	【マコト】（状況的な証拠は、裁判ではほとんど認知されない‥‥）	
16667	D1:7494:01FEC	1	대사	【マコト】（アルの犯行と断定するのは早急過ぎるわ。）	
16668	D1:7494:02024	1	대사	【マコト】（だけど‥‥‥‥。）	
16669	D1:7494:02046	1	대사	【マコト】（だけど私も疑っている‥‥）	
16670	D1:7494:02070	1	대사	【マコト】（もしや、という気持ちが、どこかに無いとは断言できない‥‥。）	
16671	D1:7494:022D2	1	대사	【マコト】（あぁぁ、アルの目の前で何を言ってしまうの‥‥私‥‥。）	
16672	D1:7494:02318	1	대사	【マコト】（でも、カイルには逆らえない‥‥アル‥‥。）	
16673	D1:7494:02476	1	대사	【マコト】アル‥‥アル！	
16674	D1:7494:0249C	1	대사	【マコト】カイル、乱暴なことはやめて！	
16675	D1:7494:024C6	1	대사	【カイル】乱暴？　格納庫を爆破したような奴だぜ、こいつは。	
16676	D1:7494:0250C	1	대사	【マコト】まだ‥‥まだ決まった訳じゃないわ。	
16677	D1:7494:02586	1	대사	【マコト】きょ、教授‥‥。	
16678	D1:7494:025A4	1	대사	【マルチナ】やむを得ないわ、一時的に彼を‥‥アルバート・マクドガルを軟禁します。	
16679	D1:7494:02600	1	대사	【マコト】教授！？	
16680	D1:7494:02616	1	대사	【マルチナ】あなたにも理解できるでしょう？	
16681	D1:7494:0264E	1	대사	【マルチナ】彼には正当な裁判を受けてもらうわ、もちろん。	
16682	D1:7494:02694	1	대사	【マコト】あっ‥‥で、でもここは治外法権では‥‥。	
16683	D1:7494:026CA	1	대사	【マルチナ】そうね、《デザイア》が属する自治国家の法に基づくわ。	
16684	D1:7494:02716	1	대사	【マコト】そ、それは正当な裁判とは言えません！	
16685	D1:7494:02748	1	대사	【マルチナ】でも国際法上は妥当な判断。やむを得ないわ。	
16686	D1:7494:027AC	1	대사	【マコト】（アルは、アルはどうなってしまうの！？）	
16687	D1:7494:027E2	1	대사	【マルチナ】カイル、アルを彼の自室に運んであげてちょうだい。	
16688	D1:7494:0282A	1	대사	【カイル】ま、俺がぶっ倒した責任もある。	
16689	D1:7494:0285E	1	대사	【マルチナ】よろしく頼むわ‥‥。	
16690	D1:7494:02894	1	대사	【マコト】私も‥‥私もアルの部屋に行くわ。	
16691	D1:7494:028C2	1	대사	【カイル】フン、好きにしな‥‥。	
16692	D1:7494:028FE	1	대사	【マコト】ここは飛行場前。	
16693	D1:7494:0291C	2	대사	【マコト】格納庫の方は騒然としているわ‥‥。	
16694	D1:7494:02956	1	대사	【マコト】ここは飛行場前‥‥もうすっかり暗くなってしまったわ。	
16695	D1:7494:02998	1	대사	【マコト】さっきの放送のせいかしら、慌ただしく行き来する人が増えたわ‥‥。	
16696	D1:7494:029E6	1	대사	【シルビア】あっ、イズミさん！	
16697	D1:7494:02A1A	1	대사	【マコト】シルビア‥‥。	
16698	D1:7494:02A36	1	대사	【シルビア】イズミさん、さっきの放送聞きましたか？	
16699	D1:7494:02A90	1	대사	【シルビア】急に飛行機が来る、急に整備をしろ、急に《デザイ{n00}ア》が放棄されるだもんな。	
16700	D1:7494:02B16	1	대사	【シルビア】い、いや別にイズミさんを批判してる訳じゃないよ。	
16701	D1:7494:02B60	1	대사	【シルビア】ただ、もうちょっとやりようがないのかって。	
16702	D1:7494:02BA4	1	대사	【マコト】そうね、整備士長のあなたには、もっと早くこのことを言っておくべきだった。	
16703	D1:7494:02BFA	1	대사	【シルビア】まっ、仕事ですからね、文句は言いませんよ。ただ忙しくなるぜ、これは。	
16704	D1:7494:02C70	1	대사	【シルビア】なんたって《デザイア》の大半の職員を、	
16705	D1:7494:02CB0	1	대사	【シルビア】あの大型便で一度に運んでしまうって言うんだから‥‥。	
16706	D1:7494:02CFE	1	대사	【マコト】シルビアはどうするの？	
16707	D1:7494:02D22	1	대사	【シルビア】どうするって‥‥オレがいなきゃ飛行機が飛び立てないしな。	
16708	D1:7494:02D74	1	대사	【シルビア】それに話によると、まだあと１機くるみたいだし。	
16709	D1:7494:02DBC	1	대사	【マコト】えぇ、それが最終便よ。私も恐らくそれに乗ることになるわ。	
16710	D1:7494:02E02	1	대사	【シルビア】そうですか‥‥ところで、アルはどうするのかな。	
16711	D1:7494:02E48	1	대사	【マコト】え？　あ、アル‥‥？	
16712	D1:7494:02E6A	1	대사	【シルビア】うん、彼がどうするか、知りませんか？	
16713	D1:7494:02EA6	1	대사	【マコト】わ、わからないわ‥‥	
16714	D1:7494:02EC8	1	대사	【マコト】ただ、彼のことだから、最後まで残るって言いそうだけど‥‥。	
16715	D1:7494:02F10	1	대사	【シルビア】へへっ、やっぱそうですよね。うん、じゃあオレ仕事があるから‥‥。	
16716	D1:7494:02F8E	1	대사	【マコト】なんでみんなアルのことを聞くのかしら。	
16717	D1:7494:02FC2	1	대사	【マコト】もう、何だか変な感じ‥‥。	
16718	D1:7494:02FFA	1	대사	【男】あっ、どうもすみません。急いでいるもんで。	
16719	D1:7494:0302E	1	대사	【マコト】い、いえ‥‥こちらこそごめんなさい。	
16720	D1:7494:0307C	1	대사	【マコト】今晩は、飛行場の人口密度が飛躍的に増大しそうね。	
16721	D1:7494:030BA	1	대사	【マコト】ふぅ、少し疲れているみたい、私‥‥。	
16722	D1:7494:030EC	1	대사	【マコト】部屋に帰って今日は休みたい気分ね‥‥。	
16723	D1:7494:0312E	1	대사	【マコト】ここは飛行場前よ。	
16724	D1:7494:0314E	1	대사	【マコト】もうまもなく飛行機が到着する‥‥	
16725	D1:7494:0317C	1	대사	【マコト】《デザイア》の大半の職員を乗せるために‥‥。	
16726	D1:7494:031E6	2	대사	【マコト】格納庫の方は、相変わらず慌ただしそう‥‥。	
16727	D1:7494:0328C	1	대사	【マコト】あぁ、もうこんなに暗くなってしまったわ‥‥。	
16728	D1:7494:032C6	1	대사	【マコト】時間のたつのが、早く感じるわ。	
16729	D1:7494:032F2	1	대사	【シルビア】あっ、い、イズミさん‥‥。	
16730	D1:7494:0332E	1	대사	【マコト】シルビアじゃない、どうしたの？	
16731	D1:7494:0335A	1	대사	【シルビア】や、やぁ、その‥‥‥‥。	
16732	D1:7494:0338A	1	대사	【マコト】（どうしたのかしら、顔を赤くさせて‥‥。）	
16733	D1:7494:033C2	1	대사	【マコト】気分でも悪いの？　汗をかいているじゃない。	
16734	D1:7494:033FA	1	대사	【シルビア】いやその‥‥オレ、決してその‥‥。	
16735	D1:7494:03434	1	대사	【マコト】フフ、どうしたのよ。	
16736	D1:7494:03456	1	대사	【シルビア】オレ、決してイズミさんに迷惑をかけるようなことは‥‥。	
16737	D1:7494:034A4	1	대사	【マコト】なに？　迷惑って。	
16738	D1:7494:034C4	1	대사	【シルビア】こ、恋人のイズミさんに何て言っていいのか、わからないんだけど‥‥‥‥。	
16739	D1:7494:0353A	1	대사	【シルビア】ご、ゴメン‥‥オレ、自分に嘘がつけなくて。{n00}ゴメン！	
16740	D1:7494:03590	1	대사	【マコト】ど、どうしたのかしら‥‥私の迷惑とか、言っていたけど‥‥。	
16741	D1:7494:035E6	2	대사	【マコト】ここは飛行場前だわ‥‥。	
16742	D1:7494:0360C	1	대사	【マコト】このまま行くと格納庫に、左手をずっと道なりに進むと、海に出るわ。	
16743	D1:7494:0369C	2	대사	【マコト】ここは飛行場前だわ。	
16744	D1:7494:0371C	1	대사	【マコト】中に入ると格納庫が２つ‥‥でも、通常は第１格納庫しか使用されない。	
16745	D1:7494:0376C	1	대사	【マコト】今日来る飛行機も、第１格納庫に入るはずね‥‥‥‥あら？	
16746	D1:7494:037B0	1	대사	【レイコ】どうしたの？　マコト。	
16747	D1:7494:037DC	1	대사	【マコト】うん、ほら‥‥第１格納庫にもう‥‥。	
16748	D1:7494:0380E	1	대사	【レイコ】本当ね‥‥予定時よりも早く着いたのかしら？	
16749	D1:7494:0384E	1	대사	【マコト】アルのことだから、きっと遅いとか言うに決まっているわ。	
16750	D1:7494:03892	1	대사	【レイコ】フフ、優しい恋人さんね。	
16751	D1:7494:038DA	1	대사	【マコト】まだ少し煙が出ているような気がするわ‥‥。	
16752	D1:7494:03912	1	대사	【マコト】明日以降は、第２格納庫を使用するのかしら‥‥。	
16753	D1:7494:0394E	1	대사	【マコト】いずれにしても、整備士さんたちの支障にならなければいいけど‥‥。	
16754	D1:7494:0399C	1	대사	【マコト】自動消化システムが働いて、大規模な火災は防げたようだけど‥‥。	
16755	D1:7494:039E8	1	대사	【マコト】格納庫は半壊しているわ‥‥。	
16756	D1:7494:03A4C	1	대사	【マコト】格納庫は半壊していて、入れそうもないわ‥‥。	
16757	D1:7494:03A86	1	대사	【マコト】そうね、研究所に行ってみましょう。	
16758	D1:7494:03ABC	4	대사	【マコト】宿舎にいくのね？	
16759	D1:7494:03B0A	4	대사	【マコト】特に用事はないんだけど‥‥。	
16760	D1:7494:03B3A	1	대사	【マコト】そうね‥‥浜辺に行ってみましょう。	
16761	D1:7494:03BBA	1	대사	【マコト】今晩は、当分この騒然とした雰囲気は続きそう‥‥。	
16762	D1:7494:03BF8	1	대사	【マコト】でも、何だかホッとするわ‥‥なぜかしらね。	
16763	D1:7494:03C30	1	대사	【マコト】急に忙しくなった気がするわ‥‥	
16764	D1:7494:03C5C	1	대사	【マコト】いつもなら格納庫から騒音が聞こえてくるだけなのに。	
16765	D1:7494:03C9C	1	대사	【マコト】今までどこにいたのか不思議なくらい‥‥急に人で溢れ始めている。	
16766	D1:7494:03D22	3	대사	【マコト】格納庫‥‥そうね、行ってみましょう。	
16767	D1:7494:03E02	3	대사	【マコト】浜辺に行ってみましょう。	
16768	D1:7494:03E4C	1	대사	【マコト】飛行場はいま、慌ただしく活動をしているわ‥‥。	
16769	D1:7494:03E88	1	대사	【マコト】大半の職員が《デザイア》を引き上げようと、私は諦めないわ。	
16770	D1:7494:03ED0	1	대사	【マコト】最後の最後まで残って、装置制御に全力を傾ける‥‥。	
16771	D1:7494:03F10	1	대사	【マコト】格納庫の方からは騒音が聞こえてくるわ‥‥。	
16772	D1:7494:03F48	1	대사	【マコト】それもそうよね。もうすぐ飛行機が到着するというのだから。	
16773	D1:7494:040F2	1	대사	【マコト】格納庫の方は、相変わらず騒然としているわ‥‥。	
16774	D1:7494:0412E	1	대사	【マコト】最悪の場合、今日の夜半には、	
16775	D1:7494:04158	1	대사	【マコト】《デザイア》の職員はほとんど去っていってしまう‥‥。	
16776	D1:7494:0419A	1	대사	【マコト】今日の夕方か夜半に、飛行機が到着するわ。万が一の為に‥‥。	
16777	D1:7494:041E2	1	대사	【マコト】でも、その可能性は極めて高い‥‥。	
16778	D1:7494:04372	1	대사	【マコト】格納庫の方から、断続的に音が聞こえてくるわ‥‥。	
16779	D1:7494:043B0	1	대사	【マコト】私は明日の便では帰らない‥‥。	
16780	D1:7494:043DC	1	대사	【マコト】最後まで教授のお供をするつもり‥‥研究の成就をこの目で確かめたい。	
16781	D1:7494:04448	1	대사	【マコト】でも、成就されなかった場合、どうなるのかしら‥‥。	
16782	D1:7494:04488	1	대사	【マコト】あたりはもうすっかり暗くなっている。	
16783	D1:7494:044BA	1	대사	【マコト】だけど、格納庫の方は騒然としているわ‥‥。	
16784	D1:7494:044F2	1	대사	【マコト】そうよね、急きょ明日、飛行機がやってくるというのだから。	
16785	D1:7494:04538	1	대사	【マコト】今日は徹夜になるんじゃないかしら‥‥？	
16786	D1:7494:045A6	1	대사	【マコト】格納庫に行くのね？	
16787	D1:7494:045CC	1	대사	【マコト】そうね、研究所に行きましょう。	
16788	D1:7494:04682	1	대사	【マコト】浜辺に行ってみようかしら。	
16789	D1:7494:046CE	2	대사	【マコト】あたりには誰もいないようね‥‥。	
16790	D1:7494:046FC	2	대사	【マコト】まわりに人はいない‥‥ここの飛行場はいつもそう。	
16791	D1:7494:0473A	2	대사	【マコト】整備士の方たちは寂しくないのかしら？	
16792	D1:7494:0476C	2	대사	【マコト】格納庫の方からは、いつも騒音が聞こえてくる‥‥。	
16793	D1:7494:047AA	2	대사	【マコト】もっとも、シルビアあたりに言わせると、	
16794	D1:7494:047DE	2	대사	【マコト】心地よいドラムスということになるのかしら。	
16795	D1:7494:04850	1	대사	【マコト】そうね、格納庫に行ってみましょう。	
16796	D1:7494:048B0	1	대사	【マコト】宿舎に行ってみようかしら‥‥。	
16797	D1:7494:048E2	1	대사	【マコト】そうね、{n00}メディカルセンターに行ってみましょう。	
16798	D1:7494:04926	1	대사	【マコト】浜辺ね‥‥行ってみましょう。	
16799	D1:7494:04AD8	1	대사	【マコト】格納庫に戻っている暇はないわ。早く研究室へ行きましょう。	
16800	D1:7494:04B1E	1	대사	【マコト】格納庫から出てきたばかりよ。戻る必要はないわ。	
16801	D1:7494:04B5A	1	대사	【マコト】宿舎よりも、研究室へ先に行くのよ。	
16802	D1:7494:04B8A	1	대사	【マコト】今は宿舎に行くときじゃない‥‥研究室へ至急行かなくては‥‥。	
16803	D1:7494:04BD4	1	대사	【マコト】そうね‥‥研究室は、研究所の中にあるわ。	
16804	D1:7494:04C0A	1	대사	【マコト】研究所へ行きましょう。	
16805	D1:7494:04C52	1	대사	【マコト】そろそろ飛行場に行きましょう。	
16806	D1:7494:04C7E	1	대사	【マコト】でも広いなぁ。ここへ来るたびに、開放感に捕らわれちゃう。	
16807	D1:7494:04CC4	1	대사	【レイコ】私も開放的な交際がしてみたいわ。	
16808	D1:7494:04CFA	1	대사	【マコト】また始まった‥‥。	
16809	D1:7494:04D1A	1	대사	【レイコ】星空の下、ヒンヤリとしたアスファルトの上、	
16810	D1:7494:04D5C	1	대사	【レイコ】雄々しい彼が私のことを優しく、そして時には乱暴に‥‥‥‥。	
16811	D1:7494:04DAE	1	대사	【マコト】レイコ、目がいっちゃってるわよ。	
16812	D1:7494:04DDC	1	대사	【マコト】ここは飛行場前ね。小さな島にしては、かなり長い滑走路が敷いてあるわ。	
16813	D1:7494:04E2E	1	대사	【レイコ】どうしたの？　滑走路をみて溜息なんてついちゃって。	
16814	D1:7494:04E76	1	대사	【マコト】うん、長いなぁって。	
16815	D1:7494:04E98	1	대사	【レイコ】長いものは滑走路だけじゃなくってよ。	
16816	D1:7494:04ED2	1	대사	【マコト】バカね。ウフフ‥‥。	
16817	D1:7494:04F06	1	대사	【マコト】そうね、アルが待っているはずだわ。格納庫に行くわよ。	
16818	D1:7494:04F48	1	대사	【レイコ】早く会ってみたいわね、あなたの恋人さん‥‥。	
16819	D1:7494:04F90	1	대사	【マコト】格納庫に行くのが先だわ。	
16820	D1:7494:04FB6	1	대사	【マコト】いま宿舎から来たところよ。引き返すの？	
16821	D1:7494:04FEA	1	대사	【レイコ】どこいくのよ、マコト。恋人さんを迎えに行くんでしょう？	
16822	D1:7616:01906	1	대사	【マコト】海だわ‥‥。	
16823	D1:7616:0194A	2	대사	【マコト】カイルはどこに行ったのかしら‥‥。	
16824	D1:7616:01988	1	대사	【マコト】浜辺だわ‥‥。	
16825	D1:7616:019A4	1	대사	【マコト】涼しくて気持ちがいい‥‥いやなことを全て忘れられそう。	
16826	D1:7616:019F8	4	대사	【マコト】ここは浜辺‥‥。	
16827	D1:7616:01A16	1	대사	【マコト】波の音が寒々しいわ‥‥‥。	
16828	D1:7616:01A4E	1	대사	【マコト】もう夕方‥‥。	
16829	D1:7616:01A6A	1	대사	【マコト】綺麗だわ、本当に‥‥。	
16830	D1:7616:01A8E	1	대사	【マコト】ここにいると、何もかも忘れてしまいそう。嫌なことをみんな‥‥。	
16831	D1:7616:01AF6	1	대사	【マコト】フフ、現実逃避とわかっていても、ここに来てしまう。	
16832	D1:7616:01B36	1	대사	【マコト】たった一時でも忘れられる快感を求めて‥‥。	
16833	D1:7616:01B6E	1	대사	【マコト】誰もいない浜辺、気持ちがいい‥‥‥‥{s00}あら？	
16834	D1:7616:01BA8	1	대사	【マコト】なに、あれは‥‥。	
16835	D1:7616:01BD0	1	대사	【マコト】パラソルにチェア‥‥まるで海水浴場みたいじゃない。	
16836	D1:7616:01C10	1	대사	【マコト】誰かがいたのかしら‥‥海水浴を？	
16837	D1:7616:01C3E	1	대사	【マコト】ここでの海水浴は禁止されているわ‥‥すると、日光浴？	
16838	D1:7616:01C80	1	대사	【マコト】飲みかけのグラス‥‥あっ、口紅‥‥。	
16839	D1:7616:01CB2	1	대사	【マコト】女の人がいたのかしら？	
16840	D1:7616:01CD6	1	대사	【マコト】テーブルの下にポシェットが置いてあるわ。誰のかしら‥‥。	
16841	D1:7616:01D1C	1	대사	【カイル】マコト‥‥。	
16842	D1:7616:01D3E	1	대사	【マコト】（ドキッ‥‥。）	
16843	D1:7616:01D66	1	대사	【マコト】か、カイル‥‥ここで何をしているの？	
16844	D1:7616:01D98	1	대사	【カイル】それは俺のセリフだ。	
16845	D1:7616:01DC4	1	대사	【カイル】フッ、おおかた俺とここでした時のことを思い出していたんだろう。	
16846	D1:7616:01E1A	1	대사	【マコト】な、何を言っているのよ。わ、私は単にちょっと物思いにふけっていただけ‥‥。	
16847	D1:7616:01E72	1	대사	【カイル】ほぉ、そこにあるパラソルとチェアは何だ？	
16848	D1:7616:01EB0	1	대사	【マコト】わ、わからないわ‥‥本当に知らないの。	
16849	D1:7616:01EE4	2	대사	【放送の声】ピーンポーン‥‥。	
16850	D1:7616:01F0E	1	대사	【カイル】ん？	
16851	D1:7616:01F28	1	대사	【マコト】放送だわ。まさか‥‥。	
16852	D1:7616:01F4C	1	대사	【放送の声】注意して聞いて下さい‥‥。	
16853	D1:7616:01F76	1	대사	【カイル】なんだぁ？	
16854	D1:7616:01F96	1	대사	【マコト】静かに聞いてちょうだい。	
16855	D1:7616:0210C	1	대사	【カイル】昨日、お前が言っていた例の装置に関することか？	
16856	D1:7616:02150	1	대사	【マコト】そ、そうよ‥‥。装置の制御がほぼ絶望的になったため‥‥。	
16857	D1:7616:02196	1	대사	【カイル】ほぉ、なるほどな。お前はどうするんだ？	
16858	D1:7616:021D2	1	대사	【マコト】わ、私は‥‥私は残るわ。	
16859	D1:7616:021F8	1	대사	【カイル】残ってどうする？	
16860	D1:7616:0221E	1	대사	【マコト】明日、最終便がやってくるの。ぎりぎりまで教授に付いているつもり。	
16861	D1:7616:0226C	1	대사	【カイル】そうか。	
16862	D1:7616:0228A	1	대사	【マコト】あ、あなたはどうするの？	
16863	D1:7616:022B0	1	대사	【カイル】俺か？　そうだな、マコトが残るなら残ってやってもいいぜ。	
16864	D1:7616:02316	1	대사	【カイル】お前が寂しがると可哀想だからな。	
16865	D1:7616:0234C	1	대사	【マコト】ば、バカなこと言わないでよ‥‥。	
16866	D1:7616:0239A	1	대사	【マコト】（でも、今の感覚はなんなの‥‥。）	
16867	D1:7616:023CA	1	대사	【マコト】（カイルが残ってやると言ったとき‥‥私‥‥。）	
16868	D1:7616:02406	1	대사	【マコト】私はもう行くわ。	
16869	D1:7616:02424	1	대사	【カイル】そうか。フッ、今晩また可愛がってやるぜ。	
16870	D1:7616:02482	1	대사	【カイル】まぁいい。そら、行けよ。	
16871	D1:7616:024B0	1	대사	【マコト】え‥‥？	
16872	D1:7616:024C6	1	대사	【カイル】行っていいと言ったんだ。	
16873	D1:7616:02516	1	대사	【マコト】どうしたのかしら‥‥急に行けだなんて‥‥。	
16874	D1:7616:0254E	1	대사	【マコト】私、てっきり‥‥‥‥。	
16875	D1:7616:02572	1	대사	【マコト】やだ、何を考えているの、私‥‥‥‥。	
16876	D1:7616:025D6	2	대사	【マコト】誰もいないようね‥‥。	
16877	D1:7616:0260A	1	대사	【マコト】ここは浜辺だわ。	
16878	D1:7616:0267A	1	대사	【マコト】あたりはもうオレンジ一色‥‥もうこんな時間になってしまったのね。	
16879	D1:7616:026E4	1	대사	【マコト】夕日が綺麗‥‥ちょっとここで考え事をしてみたい‥‥。	
16880	D1:7616:02752	1	대사	【マコト】誰もいないし、誰も来ようとしない場所‥‥。	
16881	D1:7616:027AC	1	대사	【マコト】何よアル‥‥何だっていうの？	
16882	D1:7616:027F2	1	대사	【マコト】１年前、浮気がバレて、土下座したのは誰よ！	
16883	D1:7616:0282A	1	대사	【マコト】舌の根の乾かないうちに、もうこれなんだから。	
16884	D1:7616:02864	1	대사	【マコト】今度という今度は、絶対に許してあげないわよ！	
16885	D1:7616:0289E	1	대사	【マコト】何よ、私が‥‥。	
16886	D1:7616:028BC	1	대사	【マコト】もう、この気持ちをどうしろっていうの！？	
16887	D1:7616:0290E	1	대사	【マコト】やだ、涙が出てきちゃったわ‥‥もう、悲しいやら情けないやら‥‥。	
16888	D1:7616:02978	1	대사	【マコト】あぁ‥‥海だわ。	
16889	D1:7616:029A6	1	대사	【マコト】いつの間に来ちゃったのかしら‥‥。	
16890	D1:7616:029D6	1	대사	【マコト】やみくもに歩いていたんだけど‥‥	
16891	D1:7616:02A04	1	대사	【マコト】でも、《デザイア》は小さな島。ちょっと歩けばすぐに海に出られる。	
16892	D1:7616:02A6E	1	대사	【マコト】ここは飛行場から近い海辺のようね‥‥宿舎からは比較的距離があるわ。	
16893	D1:7616:02B00	1	대사	【マコト】カイルは見あたらないわ‥‥。	
16894	D1:7616:02B5A	1	대사	【マコト】確かにこっちの方へ来たと思ったんだけど‥‥。	
16895	D1:7616:02B94	1	대사	【マコト】誰もいない浜辺‥‥‥‥。	
16896	D1:7616:02BBA	1	대사	【マコト】海が清澄感溢れるだけに、よけい寂しさが増すわ‥‥。	
16897	D1:7616:02C04	1	대사	【マコト】カイルのことが気になるわ‥‥。	
16898	D1:7616:02C4C	1	대사	【マコト】でも‥‥微かだけど、砂浜に足跡が残ってる‥‥。	
16899	D1:7616:02C88	1	대사	【マコト】まだ新しいわ。しかも、大きな足‥‥。	
16900	D1:7616:02CBA	1	대사	【マコト】これをたどっていけば、カイルに追いつけるのかしら。	
16901	D1:7616:02D16	1	대사	【マコト】気になるわ‥‥行ってみましょう。	
16902	D1:7616:02D44	1	대사	【マコト】林道へ続いている‥‥。	
16903	D1:7616:02D68	1	대사	【マコト】林の中に入っていくわ‥‥何をするつもりかしら‥？	
16904	D1:7616:02DA6	1	대사	【マコト】あたりは草むらが生い茂っている‥‥こんなところにいったい何の用なの‥‥？	
16905	D1:7616:02E18	1	대사	【声】‥‥‥‥だ。現状を報告‥‥‥‥のはずだから‥‥。	
16906	D1:7616:02E5A	1	대사	【マコト】こ、声が聞こえてくる‥‥カイルの声だわ。	
16907	D1:7616:02E90	1	대사	【カイル】‥‥‥‥っている。今日中には‥‥‥‥だから‥‥‥‥。	
16908	D1:7616:02EF6	1	대사	【マコト】（カイル‥‥何をしているの‥‥？）	
16909	D1:7616:02F26	1	대사	【カイル】今日中に反応装置のディスクを手渡せる。	
16910	D1:7616:02F64	1	대사	【カイル】‥‥そうだ、最終便離陸の前が望ましい‥‥。	
16911	D1:7616:02FA6	1	대사	【マコト】（だ、誰と話しているのかしら‥‥。）	
16912	D1:7616:02FD8	1	대사	【マコト】（いったい、何を？）	
16913	D1:7616:02FFA	1	대사	パキッ。	
16914	D1:7616:0300A	1	대사	【マコト】あっ、小枝を‥‥。	
16915	D1:7616:03032	1	대사	【カイル】誰だ！？	
16916	D1:7616:03050	1	대사	【マコト】（ドキッ！　み、見つかった！？）	
16917	D1:7616:0307E	1	대사	【カイル】出てこないと‥‥‥‥。	
16918	D1:7616:030AA	1	대사	【マコト】わ、私よ‥‥マコトよ！	
16919	D1:7616:030CE	1	대사	【カイル】マコト‥‥何故ここにいる。	
16920	D1:7616:030FE	1	대사	【マコト】ご、ごめんなさい‥‥その、宿舎から後を付けて‥‥ご、ごめんなさい。	
16921	D1:7616:0314E	1	대사	【カイル】見てしまったようだな‥‥。	
16922	D1:7616:0317E	1	대사	【マコト】わ、私は何も‥‥何も見てないわ。	
16923	D1:7616:031C8	1	대사	【マコト】（た、大変なものを見てしまったようだわ‥‥。）	
16924	D1:7616:03204	1	대사	【マコト】（あぁぁ、ど、どうしたらいいの‥‥？）	
16925	D1:7616:03238	1	대사	【カイル】フッ、ま、これを見られてしまったら、しょうがないな‥‥。	
16926	D1:7616:032A2	1	대사	【カイル】いずれは話そうと思っていたことだ。	
16927	D1:7616:032DA	1	대사	【マコト】ど、どういうこと‥‥？	
16928	D1:7616:032FE	1	대사	【カイル】俺はな‥‥とりあえず某組織としておこう、	
16929	D1:7616:0333E	1	대사	【カイル】そこから派遣された、まぁ言ってみれば工作員という奴さ。	
16930	D1:7616:0338C	1	대사	【マコト】えっ‥‥{n00}あ、あなたが‥‥‥‥！？	
16931	D1:7616:033BC	1	대사	【カイル】あぁ‥‥お前がいつか言っていたのは、まぁ恐らく俺のことだ。	
16932	D1:7616:0340C	1	대사	【マコト】（そ、そんなことって‥‥‥‥！？）	
16933	D1:7616:0343C	1	대사	【カイル】結構驚いているみたいだな。ま、例の輸送機爆破は、俺の仲間の仕業という訳だ。	
16934	D1:7616:0349C	1	대사	【マコト】な、なぜ‥‥いったい何故そんなことを？	
16935	D1:7616:034D0	1	대사	【カイル】ふむ、わからないか？	
16936	D1:7616:034FA	1	대사	【マコト】わ、わからないわ‥‥。	
16937	D1:7616:0351E	1	대사	【カイル】ほらっ、これだ。	
16938	D1:7616:0354C	1	대사	【マコト】あっ！　そ、それは反応装置の制御ディスク‥‥。	
16939	D1:7616:03588	1	대사	【カイル】あぁ、こいつのおかげで、現在装置が暴走状態になりつつあるという訳だな。	
16940	D1:7616:035E4	1	대사	【マコト】あ、あなたが‥‥{n00}あなたが！？	
16941	D1:7616:03610	1	대사	【カイル】厳密に言うと違うな。実行犯は他にいて、俺はそれを受け取っただけだ。	
16942	D1:7616:03668	1	대사	【マコト】ど、どういうことなの‥？	
16943	D1:7616:0368E	1	대사	【カイル】フッ、知りたいか？	
16944	D1:7616:036B6	1	대사	【マコト】し、知りたいわ‥‥。	
16945	D1:7616:036D8	1	대사	【カイル】簡単に言うとだな、	
16946	D1:7616:03702	1	대사	【カイル】俺たちのスポンサーは、ここ《デザイア》のスポン{n00}サーと同じところさ。	
16947	D1:7616:0375E	1	대사	【マコト】ぐ、グランチェスタ‥‥じょ、冗談でしょう！？	
16948	D1:7616:03798	1	대사	【カイル】冗談なものか。財団会長じきじきのお達しだったんだぜ。	
16949	D1:7616:037E2	1	대사	【マコト】ざ、財団会長が、何故財団のものである反応装置の秘密を盗み出すのよ！	
16950	D1:7616:03832	1	대사	【カイル】さぁな。その辺の事情は俺にもよく飲み込めていない。	
16951	D1:7616:0387C	1	대사	【カイル】だが、グランチェスタ財団がスポンサーであるのは事実だ。	
16952	D1:7616:038CA	1	대사	【マコト】（ど、どういうことなの‥‥‥‥。）	
16953	D1:7616:038FA	1	대사	【マコト】（財団の所有物である《デザイア》から）	
16954	D1:7616:0392E	1	대사	【マコト】（なぜ財団自身が秘密を盗み出すようなことを、しなくてはならないの‥‥？）	
16955	D1:7616:03984	1	대사	【カイル】ま、俺のみるところ、派閥がらみだな。	
16956	D1:7616:039D6	1	대사	【カイル】フン、思い当たる節があるようだな。	
16957	D1:7616:03A10	1	대사	【カイル】大抵こういうのは、内部のゴタゴタが原因なのさ。	
16958	D1:7616:03A56	1	대사	【マコト】財団内部で、いざこざがあるというの？	
16959	D1:7616:03A88	1	대사	【カイル】そうだ。会長派とその他大勢という図式は、すでに確認している。	
16960	D1:7616:03ADA	1	대사	【マコト】（そういえば、そんなことを以前チラッと聞いたことがあったわ‥‥。）	
16961	D1:7616:03B32	1	대사	【カイル】俺の役目は、反応装置とやらの研究の秘密を持ち出すこと。	
16962	D1:7616:03B80	1	대사	【カイル】そしてそれを、財団に届けること。	
16963	D1:7616:03BD4	1	대사	【カイル】それとあと１人、亡命を希望する者を連れていくってことだな。	
16964	D1:7616:03C24	1	대사	【マコト】亡命‥‥？	
16965	D1:7616:03C3C	1	대사	【カイル】約１名らしいが、俺も詳しいことは聞かされていない。	
16966	D1:7616:03CA0	1	대사	【カイル】皆が出払った後に、俺の仲間がここへやって来るはずだったが‥‥。	
16967	D1:7616:03CF4	1	대사	【マコト】どうしたというの？	
16968	D1:7616:03D14	1	대사	【カイル】どうやら雲行きがおかしい。装置暴走は思ったよりも早く訪れそうだ。	
16969	D1:7616:03D6A	1	대사	【マコト】そうね、私が一昨日算出したところだと、	
16970	D1:7616:03D9E	1	대사	【マコト】あと数時間もすれば暴走に突入してしまう‥‥。	
16971	D1:7616:03DD8	1	대사	【カイル】だろう。だから、ここへの到着時刻を少し早めたという訳だ。	
16972	D1:7616:03E42	1	대사	【カイル】ん？　どうした。	
16973	D1:7616:03E68	1	대사	【マコト】な、何で‥‥‥‥。	
16974	D1:7616:03EA4	1	대사	【マコト】な、何で私にそこまで言うの？	
16975	D1:7616:03ECE	1	대사	【カイル】何でだと思う？	
16976	D1:7616:03EF2	1	대사	【マコト】何故、{n00}私にそこまで話すの？	
16977	D1:7616:03F1C	1	대사	【マコト】それって‥‥あなたにとって、重要事項なんじゃないの？	
16978	D1:7616:03F5E	1	대사	【カイル】そうだな、聞かれたら非常にマズい。	
16979	D1:7616:03F96	1	대사	【マコト】わ、私を殺すのね‥‥。	
16980	D1:7616:03FBA	1	대사	【カイル】殺す？	
16981	D1:7616:03FD6	1	대사	【マコト】だ、だってそうじゃない、もう私を殺すしかないわ。	
16982	D1:7616:04014	1	대사	【カイル】もう１つ、選択肢があるんだがな‥‥。	
16983	D1:7616:0404E	1	대사	【マコト】ど、どういうこと？	
16984	D1:7616:0406E	1	대사	【カイル】なぜ‥‥。	
16985	D1:7616:040A0	1	대사	【カイル】なぜ、俺がお前を殺すんだ。	
16986	D1:7616:040D0	1	대사	【マコト】なぜって‥‥それは私が邪魔だから‥‥。	
16987	D1:7616:04104	1	대사	【カイル】邪魔なわけないだろう、俺は本気でお前に惚れている。	
16988	D1:7616:04164	1	대사	【カイル】お前のことを、１番考えているのはこの俺だ。	
16989	D1:7616:041C4	1	대사	【カイル】下らない話をするぞ。	
16990	D1:7616:0420A	1	대사	【カイル】俺はな‥‥孤児だったんだ。	
16991	D1:7616:0423A	1	대사	【マコト】（やだ、心臓の鼓動が‥‥‥‥。）	
16992	D1:7616:04268	1	대사	【マコト】（なぜ‥‥なぜドキドキするの‥‥あぁぁ‥‥。）	
16993	D1:7616:042A4	1	대사	【カイル】人から愛されることも、愛することも知らずに育った。	
16994	D1:7616:04308	1	대사	【カイル】俺は一切の感情を信じなかった。だから、心理学を学んだ。	
16995	D1:7616:04356	1	대사	【カイル】心理学を学ぶことで、好きとか嫌いとか、	
16996	D1:7616:04394	1	대사	【カイル】そんなチャラチャラした感情を、暴いてやりたかった。	
16997	D1:7616:043DE	1	대사	【マコト】‥‥‥カイル。	
16998	D1:7616:043FA	1	대사	【カイル】思うように行ったさ。	
16999	D1:7616:04444	1	대사	【カイル】すべての女は、俺が命ずるままに「好きだ」とか「抱いて」とか言った。	
17000	D1:7616:044A2	1	대사	【マコト】わ、私‥‥‥‥。	
17001	D1:7616:044C0	1	대사	【カイル】お前も言ってくれたな。	
17002	D1:7616:04504	1	대사	【カイル】しかしお前は唯一、違った。	
17003	D1:7616:04534	1	대사	【マコト】なにが？	
17004	D1:7616:0454A	1	대사	【カイル】マコト。お前は覚めていたんだ。初めから	
17005	D1:7616:04586	2	대사	【マコト】‥‥‥‥‥‥？	
17006	D1:7616:045A2	1	대사	【カイル】すっかり、覚めてたんだ。	
17007	D1:7616:045D0	1	대사	【マコト】覚めていた‥‥‥‥。	
17008	D1:7616:045F2	1	대사	【カイル】初めは、仕事がおもしろくて、男どころじゃないのかと思った。	
17009	D1:7616:0465E	1	대사	【カイル】少しはあったろうが、それは根本的なことではない。	
17010	D1:7616:046C0	1	대사	【カイル】お前は知らなかったんだ。	
17011	D1:7616:046EE	1	대사	【マコト】‥‥‥‥‥‥何を？	
17012	D1:7616:0470E	1	대사	【カイル】俺と同じように「愛」を知らなかった。	
17013	D1:7616:04764	1	대사	【カイル】恋人もいて、それだけの器量だ。	
17014	D1:7616:0479A	1	대사	【カイル】今までもいろいろあったろうが、本気の愛を知らなかったんだ。	
17015	D1:7616:047EC	1	대사	【マコト】‥私は‥‥‥‥‥。	
17016	D1:7616:0480C	1	대사	【カイル】何でもこなせるんだ。マコト。お前はそつなく何でもやれる。	
17017	D1:7616:04876	1	대사	【カイル】それが、邪魔をした。男も処理すべき仕事の一つに過ぎなかったんだ。	
17018	D1:7616:048CC	1	대사	【マコト】（‥‥‥‥‥‥‥そぅ‥‥かも‥。）	
17019	D1:7616:048FC	1	대사	【カイル】アルのこともそうだ。	
17020	D1:7616:04926	1	대사	【マコト】（‥そう‥‥{n00}そうよ‥‥‥。）	
17021	D1:7616:04952	1	대사	【カイル】俺にはよく判る‥‥‥甘えたい気持ちを出せないんだ。	
17022	D1:7616:0499A	1	대사	【マコト】（‥‥そう、‥‥そうだわ‥‥。）	
17023	D1:7616:049C8	1	대사	【カイル】本当は、思い切り誰かに甘えたいんだっ！	
17024	D1:7616:04A04	1	대사	【マコト】（‥‥カイル‥‥その通りよ‥‥‥‥。）	
17025	D1:7616:04A38	1	대사	【カイル】俺だってそうだ。甘えたいんだ。	
17026	D1:7616:04A6C	1	대사	【マコト】（‥‥‥‥カイルが‥‥この‥‥誰よりも強い男が‥‥。）	
17027	D1:7616:04AB0	1	대사	【カイル】俺は、お前に甘えたい‥‥。	
17028	D1:7616:04AE0	1	대사	【マコト】（カイルっ！）	
17029	D1:7616:04AFC	1	대사	【カイル】‥‥‥‥‥‥ふ、‥‥‥何言ってんだか‥‥‥。	
17030	D1:7616:04B54	1	대사	【カイル】こんな事言ったって、言い訳にしか聞こえんか‥‥‥。	
17031	D1:7616:04B9C	1	대사	【マコト】（っ‥あぁ‥カイル。）	
17032	D1:7616:04BC0	1	대사	【カイル】そう思ってもらっても構わん。	
17033	D1:7616:04BF2	1	대사	【マコト】‥‥っ‥わ‥私‥‥。	
17034	D1:7616:04C14	1	대사	【カイル】んん？	
17035	D1:7616:04C36	1	대사	【マコト】私！！好きよ！	
17036	D1:7616:04C52	1	대사	【カイル】‥‥‥なに？‥‥今何て言った？	
17037	D1:7616:04C86	1	대사	【マコト】私、あなたのことが{n00}好きっ！	
17038	D1:7616:04CB0	1	대사	【カイル】マコト‥‥本心か？‥‥‥‥。	
17039	D1:7616:04CE2	1	대사	【マコト】本当よっ！‥‥今‥‥今判ったわ‥‥。	
17040	D1:7616:04D14	1	대사	【カイル】マコトっ！	
17041	D1:7616:04D34	1	대사	【マコト】カイルっ！	
17042	D1:7616:04D4C	1	대사	【カイル】俺の事が好きか？	
17043	D1:7616:04D72	1	대사	【マコト】好きよ！　大好きよ！！	
17044	D1:7616:04D96	1	대사	【カイル】愛してると言えるか！？	
17045	D1:7616:04DC2	1	대사	【マコト】言えるわ、言えるわ！　愛してる！　あぁぁ、カイル、愛してる！！	
17046	D1:7616:04E0E	1	대사	【マコト】カイル‥‥‥‥。	
17047	D1:7616:04E2C	1	대사	【カイル】ふ‥‥‥、甘えさせてくれるのか？	
17048	D1:7616:04E62	1	대사	【マコト】そう、‥凄く‥‥‥本当よ。	
17049	D1:7616:04E8A	1	대사	【カイル】そうか‥‥‥‥ちょっとマジな話がある。	
17050	D1:7616:04EE6	1	대사	【カイル】いいか？	
17051	D1:7616:04F04	1	대사	【マコト】こ、このあいだの続きね‥‥。	
17052	D1:7616:04F4C	1	대사	【マコト】（な、何だかドキドキするわ‥‥。）	
17053	D1:7616:04F7C	1	대사	【カイル】どうだ、俺と一緒に来ないか？	
17054	D1:7616:04FAE	1	대사	【マコト】えっ‥‥あ、あなたと一緒に？	
17055	D1:7616:04FD8	1	대사	【カイル】俺と一緒に来れば、最大限便宜をはかってやる。お前のことも、俺が守ってやる。	
17056	D1:7616:0505A	1	대사	【カイル】悩んでいるな‥‥例のお調子者のことか？	
17057	D1:7616:05096	1	대사	【マコト】違うわ‥‥‥‥違うの‥‥‥‥。	
17058	D1:7616:050FE	1	대사	【カイル】なんだ、言ってみろよ。	
17059	D1:7616:0512A	1	대사	【マコト】カイル、例の制御ディスクを私に渡して欲しいの。	
17060	D1:7616:05166	1	대사	【カイル】‥‥それはできないな。俺にも仕事というものがある。	
17061	D1:7616:051AE	1	대사	【マコト】カイル、聞いて頂戴。	
17062	D1:7616:051D0	1	대사	【マコト】あの制御ディスクだけでは、装置の一部しか明らかにならない。	
17063	D1:7616:05218	1	대사	【カイル】ハッタリは通用しないぜ。	
17064	D1:7616:05246	1	대사	【マコト】本当なの。制御ディスクの他に、教授の算出した方程式のデータが必要よ。	
17065	D1:7616:052B4	1	대사	【マコト】そのデータがなければ、装置の本質はわからない‥‥	
17066	D1:7616:052F2	1	대사	【マコト】教授はその算出に、研究のほとんどの時間を費やされた。	
17067	D1:7616:05334	1	대사	【カイル】‥‥‥‥で、どうすればいいんだ。	
17068	D1:7616:0536A	1	대사	【マコト】私に制御ディスクを渡して欲しいの。	
17069	D1:7616:0539A	1	대사	【マコト】装置制御のときに、教授の算出したデータを導き出すわ。	
17070	D1:7616:053DC	1	대사	【カイル】なるほど。	
17071	D1:7616:053FE	1	대사	【カイル】じゃあ装置を制御して、{n00}データを導き出せたとして、そうしたらどうする？	
17072	D1:7616:0545C	1	대사	【マコト】そうしたら‥‥‥‥。	
17073	D1:7616:0549A	1	대사	【マコト】そうしたら、私、カイルと一緒に行く。	
17074	D1:7616:054CC	1	대사	【カイル】‥‥‥‥本気か？	
17075	D1:7616:054F2	1	대사	【マコト】決心したわ。あの制御ディスクと、教授の算出した{n00}データをもって、	
17076	D1:7616:05540	1	대사	【マコト】私が反応装置を作り上げてみる。	
17077	D1:7616:0556C	1	대사	【カイル】できるのか？	
17078	D1:7616:0558E	1	대사	【マコト】フフ、正直言うとわからないわ‥‥でも、確信はないけど自信はある。	
17079	D1:7616:055DC	1	대사	【カイル】‥‥‥‥いいだろう、後悔はしないな。	
17080	D1:7616:05616	1	대사	【マコト】いいの‥‥私、カイルに言われて気づいたの。	
17081	D1:7616:0564E	1	대사	【マコト】私自身、装置の行く末をこの目で、この手で確かめたいのよ‥‥。	
17082	D1:7616:056B4	1	대사	【マコト】亡命、という形になると思うわ‥‥{n00}私を守ってくれる？	
17083	D1:7616:056F6	1	대사	【カイル】いいぜ、それが約束だ。	
17084	D1:7616:05722	1	대사	【マコト】私、やるわ‥‥教授の煮えきらない態度に、業を煮やしていたのよ。	
17085	D1:7616:0576E	1	대사	【マコト】教授がやらないのなら、私がやる。	
17086	D1:7616:0579C	1	대사	【カイル】フッ、意外と野心家だな。	
17087	D1:7616:057CA	1	대사	【マコト】野心じゃないわ。知的探求心よ、これは‥‥。	
17088	D1:7616:05802	1	대사	【マコト】（そうよ‥‥これは野心じゃない‥‥。）	
17089	D1:7616:05836	1	대사	【マコト】（今までは教授に頼っていた‥‥教授が何とかしてくれると思っていた‥‥。）	
17090	D1:7616:0588C	1	대사	【マコト】（だけど、今度は自分で‥‥自分の手腕だけが頼りなのよ。）	
17091	D1:7616:058D2	1	대사	【マコト】研究所へ行きましょう。もう職員はほとんどいないはず。	
17092	D1:7616:05914	1	대사	【カイル】いても、俺が何とかする。	
17093	D1:7616:05942	1	대사	【マコト】乱暴なことはよしてよ。	
17094	D1:7616:05966	1	대사	【カイル】なに、ちょっとだけ、いい夢を見てもらうだけさ。	
17095	D1:7616:059AA	1	대사	【マコト】‥‥わかったわ、研究所へ行きましょう。	
17096	D1:7616:059E4	1	대사	【マコト】いないようだわ‥‥。	
17097	D1:7616:05A06	1	대사	【マコト】こっちに来たんじゃなかったのかしら。	
17098	D1:7616:05A38	1	대사	【マコト】どこに行ってしまったのかしら。	
17099	D1:7616:05A64	1	대사	【マコト】確かに浜辺の方へ来たと思ったわ‥‥。	
17100	D1:7616:05A96	1	대사	【マコト】あれだけ大きな背丈なんだから、そうそう見つからない訳ないんだけど‥‥。	
17101	D1:7616:05B0A	1	대사	【マコト】波の音が聞こえてくる‥‥。	
17102	D1:7616:05B32	1	대사	【マコト】人は誰もいないみたい‥‥。	
17103	D1:7616:05B5A	1	대사	【マコト】でも、澄んで綺麗な海‥‥。	
17104	D1:7616:05B82	1	대사	【マコト】一度くらい、ここで泳いでみたかったわ‥‥でも、もう無理よね‥‥。	
17105	D1:7616:05BD0	1	대사	【マコト】夜の海は寒々しいわ‥‥。	
17106	D1:7616:05BF6	1	대사	【マコト】波の音と、飛行場の方から風に乗って来る音が微かに聞こえてくるだけ‥‥。	
17107	D1:7616:05C54	1	대사	【マコト】そうね‥‥飛行場に戻りましょう。	
17108	D1:7616:05CA6	1	대사	【マコト】静かだわ‥‥。	
17109	D1:7616:05CEA	1	대사	【マコト】ここは浜辺‥‥波のさざめきが静かに聞こえてくる。	
17110	D1:7616:05D28	1	대사	【マコト】静かでだれもいなく、私の存在自体を呑み込んでくれる‥‥。	
17111	D1:7616:05D6E	1	대사	【マコト】物思いにふけるには、もってこいの場所ね。	
17112	D1:7616:05DAE	2	대사	【マコト】そうね、飛行場に戻りましょう。	
17113	D1:7616:05E02	1	대사	【マコト】（こんな浜辺に、いったい何の用なのかしら‥‥。）	
17114	D1:7616:05E40	1	대사	【マコト】（いつも冷静なステラ教授‥‥。）	
17115	D1:7616:05E6E	1	대사	【マコト】（彼女が泣いたり、大声で笑ったり、激昂したりするところを、）	
17116	D1:7616:05EB8	1	대사	【マコト】（１度でいいから見てみたい‥‥。）	
17117	D1:7616:05EE8	1	대사	【マルチナ】フフ、どうしたの？{n00}イズミさん。	
17118	D1:7616:05F20	1	대사	【マコト】い、いえ‥‥なんでもありません。	
17119	D1:7616:05F58	1	대사	【マコト】（もう少し教授と話してみたいわ‥‥。）	
17120	D1:7616:05F8C	1	대사	【マルチナ】そういえば例の記者さんとは、うまくいっている？	
17121	D1:7616:05FD2	1	대사	【マコト】え？　は、はぁ‥‥その‥‥。	
17122	D1:7616:05FFC	1	대사	【マルチナ】フフ、若い内は色々とあるんでしょうけど、相手を信じるということも必要よ。	
17123	D1:7616:0605C	1	대사	【マコト】信じた結果、裏切られたらどうするんですか？	
17124	D1:7616:06094	1	대사	【マルチナ】どういうことかしら。	
17125	D1:7616:060C0	1	대사	【マコト】ええとつまり‥‥例えばですよ、例えば信じて彼を待っていたけど、	
17126	D1:7616:0610C	1	대사	【マコト】彼は浮気をしていたりしたら‥‥。	
17127	D1:7616:0613A	1	대사	【マルチナ】フフ、ウフフ‥‥アハハハ‥‥。	
17128	D1:7616:06192	1	대사	【マルチナ】フフ、ごめんなさいね、笑ったりして。	
17129	D1:7616:061CE	1	대사	【マコト】ひどいです。	
17130	D1:7616:061E8	1	대사	【マルチナ】ねぇイズミさん、あなた、愛するってどう考えてる？	
17131	D1:7616:06230	1	대사	【マコト】え？　あ、愛ですか‥‥？	
17132	D1:7616:06256	1	대사	【マルチナ】そう、愛。	
17133	D1:7616:06278	1	대사	【マコト】（ど、どうしちゃったのかしら、教授‥‥‥‥。）	
17134	D1:7616:062B4	1	대사	【マコト】月並みな答かもしれないけど、やっぱり相手を信じることじゃないでしょうか。	
17135	D1:7616:0630A	1	대사	【マルチナ】えぇ、そうね‥‥相手を信じる、とっても大切なことだわ。	
17136	D1:7616:06374	1	대사	【マルチナ】あなたは信じられないの？	
17137	D1:7616:063A4	1	대사	【マコト】裏切った人を、信じろというんですか？	
17138	D1:7616:063D6	1	대사	【マルチナ】そう、それがあなたの愛なのね‥‥‥‥私はね、イズミさん。	
17139	D1:7616:06442	1	대사	【マルチナ】裏切られようと、浮気をされようと、相手を信じるわ。	
17140	D1:7616:064AA	1	대사	【マルチナ】だって、しょうがないじゃない。{n00}私は彼を愛したのよ？	
17141	D1:7616:064F6	1	대사	【マコト】え、えぇ‥‥‥。	
17142	D1:7616:06514	1	대사	【マルチナ】だから彼が私に刃物を突きつけようと、酷い仕打ちをしようと、	
17143	D1:7616:06568	1	대사	【マルチナ】私は彼を信じ、愛する‥‥愛し続けるわ。	
17144	D1:7616:065C4	1	대사	【マルチナ】フフ、不思議そうな顔をしているわね。	
17145	D1:7616:06602	1	대사	【マルチナ】だって私は彼を愛してしまったの、しょうがないのよ。	
17146	D1:7616:0666A	1	대사	【マルチナ】浮気をされたから、愛が壊れるというのはね、それは本当の愛ではないの。	
17147	D1:7616:066E8	1	대사	【マルチナ】それは単に、浮気をしない彼を愛してるというだけのこと。	
17148	D1:7616:06738	1	대사	【マルチナ】言ってみれば、彼の１部分だけを愛していたのね。	
17149	D1:7616:0679C	1	대사	【マルチナ】愛するということはね、怒ったり、憎んだり、悲しんだり、裏切ったり、	
17150	D1:7616:067F8	1	대사	【マルチナ】そういう部分も全て愛するの。わかる？	
17151	D1:7616:06836	1	대사	【マコト】（あぁ、どこかで‥どこかで聞いたことがあるわ。）	
17152	D1:7616:06874	1	대사	【マコト】（どこだったかしら‥‥‥‥。）	
17153	D1:7616:068A0	1	대사	【マコト】（以前どこかで共感した覚えがある‥‥。）	
17154	D1:7616:068D6	1	대사	【マルチナ】フフ‥‥何だかつまらない議論で熱くなってしまったわね。	
17155	D1:7616:06924	1	대사	【マコト】そ、そんな、つまらないだなんて。でも意外でした‥‥。	
17156	D1:7616:06966	1	대사	【マルチナ】私がこんなことを言うなんて？	
17157	D1:7616:0699A	1	대사	【マコト】い、いえ‥‥そういう訳ではないですけど‥‥。	
17158	D1:7616:069D4	1	대사	【マルチナ】ウフフ、いいのよ。でもね、この道理は研究にも言えることよ‥‥。	
17159	D1:7616:06A46	1	대사	【マルチナ】イズミさん、お守りをあげる。	
17160	D1:7616:06A92	1	대사	【マルチナ】恋のお守りよ。私よりも、あなたの方が持ち主としては相応しいかも‥‥。	
17161	D1:7616:06AEE	1	대사	【マコト】（お守り‥‥‥‥。）	
17162	D1:7616:06B10	1	대사	【マコト】あ、ありがとう‥‥ございます。	
17163	D1:7616:06B3C	1	대사	【アルチナ】それを持っているから、恋が成就する訳じゃないけどね。あくまで心の支え‥‥。	
17164	D1:7616:06BB6	1	대사	【マルチナ】恋人と離ればなれになったとき、そのお守りに祈るといいわ。	
17165	D1:7616:06C08	1	대사	【マルチナ】フフ、少女趣味もいいところよね。	
17166	D1:7616:06C42	1	대사	【マコト】（意外だわ、論理の鬼と言われてる教授が、お守りを持っていたなんて‥‥。）	
17167	D1:7616:06C98	1	대사	【マルチナ】さてっ、もう行かなくては‥‥。	
17168	D1:7616:06CD0	1	대사	【マルチナ】私は自室に戻ってやることがあるから。{n00}イズミさんは？	
17169	D1:7616:06D1E	1	대사	【マコト】わ、私ですか？　え、ええと‥‥。	
17170	D1:7616:06D4C	1	대사	【マコト】計測結果がそろそろ算出されているころですから、それを確認したいと思います。	
17171	D1:7616:06DA4	1	대사	【マルチナ】そうね、お互いにがんばりましょう。それじゃあね。	
17172	D1:7616:06E30	1	대사	【マコト】そうよね、クヨクヨしたって始まらない。	
17173	D1:7616:06E64	1	대사	【マコト】私にはやるべきことが、たくさんあるのよ‥‥。	
17174	D1:7616:06E9E	1	대사	【マコト】教授はこの浜辺に、よく来られるんですか？	
17175	D1:7616:06ED4	1	대사	【マルチナ】私？　そうねぇ‥‥昔を思い出して、たまにやってくる程度、かしら。	
17176	D1:7616:06F2C	1	대사	【マコト】昔、何かあったんですか？　あっ、差し支えなかったらで構いませんけど。	
17177	D1:7616:06F7E	1	대사	【マルチナ】ウフフ‥‥ずっと昔、こうして愛する人とよりそって、色々なことを語り合ったわ。	
17178	D1:7616:06FE2	1	대사	【マコト】へぇ‥‥とってもいいですね、それって。	
17179	D1:7616:07016	1	대사	【マルチナ】そう、凄く素敵だった。私の一生の思い出ね。	
17180	D1:7616:07058	1	대사	【マコト】死んだご主人、ですか？	
17181	D1:7616:0709A	1	대사	【マコト】あっ、ご、ごめんなさい！	
17182	D1:7616:070C0	1	대사	【マルチナ】フフ、いいのよ。私が研究を続けられるのは、このためかしら。	
17183	D1:7616:0712E	1	대사	【マコト】（本当に、捉えどころのない女性‥‥‥‥。）	
17184	D1:7616:07166	1	대사	【マコト】（故ステラドヴィッチ教授は、反応装置制作半ばにして、	
17185	D1:7616:071A8	1	대사	【マコト】（事故で死亡してしまったのよね‥‥。）	
17186	D1:7616:071DC	1	대사	【マコト】（確か、そのときに娘さんも一緒に‥‥‥‥。）	
17187	D1:7616:07216	1	대사	【マコト】（私だったら、気が狂っていたかもしれないわ。本当に強い女性‥‥。）	
17188	D1:7616:07266	1	대사	【マルチナ】イズミさんの横、いいかしら？	
17189	D1:7616:0729A	1	대사	【マコト】え？　は、はい‥‥どうぞ。	
17190	D1:7616:072C8	1	대사	【マルチナ】失礼するわね。	
17191	D1:7616:072EE	1	대사	【マコト】（フフ、浜辺で並んで座って‥‥{n00}何だか変な感じよね。）	
17192	D1:7616:07332	1	대사	【マルチナ】疲れているようね、イズミさん。	
17193	D1:7616:07368	1	대사	【マコト】え？　えぇ‥‥少しだけ。でも、仕事ですから。	
17194	D1:7616:073A2	1	대사	【マルチナ】もうすぐ研究が完成する。それまでの辛抱だから、がんばって欲しいわ。	
17195	D1:7616:073FC	1	대사	【マコト】えぇ、わかっています‥‥教授の方はどうですか？	
17196	D1:7616:07438	1	대사	【マルチナ】そうね、とりあえず、万が一に備えて飛行機を２機ばかり手配したわ。	
17197	D1:7616:07490	1	대사	【マコト】《デザイア》放棄のため、ですか‥‥これが利用されないことを祈るだけですね。	
17198	D1:7616:074E8	1	대사	【マルチナ】祈るだけではダメ。そうならないよう最大限の努力をするつもりよ、私は。	
17199	D1:7616:07560	1	대사	【マルチナ】全てをやりつくして、	
17200	D1:7616:0758E	1	대사	【マルチナ】もはやするべき事は何も無しというところまで来たとき‥‥。	
17201	D1:7616:075E0	1	대사	【マコト】その時に、天命を待てばいいんですね。	
17202	D1:7616:07612	1	대사	【マルチナ】そう、神頼みは、やりつくした人のみが行える特権なのよ。	
17203	D1:7616:07660	1	대사	【マコト】（教授らしい‥最後の最後まで諦めないつもりね。）	
17204	D1:7616:0769E	1	대사	【マコト】（本当にさすがとしか言えない‥‥。）	
17205	D1:7616:076D0	1	대사	【マコト】（どこから、そのパワーが涌いてくるのかしら‥。）	
17206	D1:7616:07738	1	대사	【マコト】こうして風にあたっていると、何もかも忘れてしまいそう‥‥。	
17207	D1:7616:07780	1	대사	【マコト】海から吹いてくる風が心地良い‥‥。	
17208	D1:7616:077B0	1	대사	【マコト】嫌なことや大変なことなんか忘れて、ここでこうして寝そべっていたい‥‥。	
17209	D1:7616:07804	1	대사	【マコト】あぁ、相当疲れているわ、私‥‥。	
17210	D1:7616:07832	1	대사	【マコト】誰も泳いでいない綺麗な浜辺。美しいバラには‥‥というあれね。	
17211	D1:7616:0787C	1	대사	【マコト】ここでの水泳は禁止されているわ。	
17212	D1:7616:078AA	1	대사	【マコト】なぜならば‥‥‥‥。	
17213	D1:7616:078CC	1	대사	【マコト】フフ‥‥愚かな科学者たちのせい、かしらね。	
17214	D1:7616:0790E	1	대사	【マコト】もうちょっと、ここにいたい気分よ。	
17215	D1:7616:0793E	1	대사	【マコト】あーぁ、何だかどうでもよくなってきちゃった。	
17216	D1:7616:07978	1	대사	【マコト】研究の事も、装置の事も、カイルの事も‥‥。	
17217	D1:7616:079B0	1	대사	【マコト】アルの事も‥‥‥‥‥‥。	
17218	D1:7616:079D6	1	대사	【マルチナ】フフ、何がどうでもいいのかしら。	
17219	D1:7616:07A3A	1	대사	【マルチナ】どうしたの、イズミさん。元気が無さそうだけど。	
17220	D1:7616:07A80	1	대사	【マコト】い、いえ‥‥そんなこと、ありません。	
17221	D1:7616:07AB2	1	대사	【マルチナ】フフ、散歩がてらやってきたけど、先客がいたとはね。	
17222	D1:7616:07AFC	1	대사	【マコト】（教授も浜辺に来たりするんだ‥‥{n00}ちょっと意外だわ。）	
17223	D1:7616:07B40	1	대사	【マコト】自分で自分の気持ちもわからないなんて‥‥。	
17224	D1:7616:07B78	1	대사	【マコト】フフ、滑稽よね‥‥。	
17225	D1:7616:07B9A	1	대사	【マコト】私、カイルのことをどう思っているのかしら‥‥あの、粗暴で酷い人を。	
17226	D1:7616:07C06	1	대사	【マコト】でも、彼の胸に寄り掛かったとき‥‥なぜか安堵を感じた。	
17227	D1:7616:07C4A	1	대사	【マコト】あれは何なの、彼が私のいるべき場所ということ？	
17228	D1:7616:07C86	1	대사	【マコト】ううん、違う‥‥違うわ。	
17229	D1:7616:07CAC	1	대사	【マコト】錯覚ということもある‥‥思い違いや思い込みかもしれない。	
17230	D1:7616:07CF2	1	대사	【マコト】でも‥‥‥‥‥‥。	
17231	D1:7616:07D12	1	대사	【マコト】あの時、私は本当に安堵感を抱いていた‥‥。	
17232	D1:7616:07D4A	1	대사	【マコト】その感情自体、錯覚なのかもしれない。でも、あの時は確かにそう感じたのよ。	
17233	D1:7616:07DA0	1	대사	【マコト】これって、どういう感情なのかしら‥‥。	
17234	D1:7616:07DD4	1	대사	【マコト】ここ数日、いろんなことが起きて慌ただしかったから‥‥。	
17235	D1:7616:07E18	1	대사	【マコト】正直言って疲れてしまったわ。	
17236	D1:7616:07E5E	1	대사	【マコト】輸送機の行方不明、工作員潜入の可能性、‥‥‥。	
17237	D1:7616:07E9A	1	대사	【マコト】制御ディスクの盗難、反応装置の暴走‥‥‥‥。	
17238	D1:7616:07ED4	1	대사	【マコト】それにカイルとの‥‥‥‥。	
17239	D1:7616:07EFC	1	대사	【マコト】ううん、カイルのことは私個人の問題よね。	
17240	D1:7616:07F32	1	대사	【マコト】これで実務に支障があるようでは、それこそ公私混同‥‥。	
17241	D1:7616:07FE4	1	대사	【マコト】もう他の場所へ行きましょう。	
17242	D1:7616:0800E	1	대사	【マコト】昨日私は‥‥、この場所で‥‥。	
17243	D1:7616:0803A	1	대사	【マコト】いや！　考えたくないわ‥‥。	
17244	D1:7616:08064	1	대사	【マコト】ここの海に入ることは禁止されている‥‥。	
17245	D1:7616:0809A	1	대사	【マコト】フフ、私たちのしたことの、ツケよね。罪深いことをした‥‥。	
17246	D1:7616:080E2	1	대사	【マコト】でも海は静かで綺麗だわ‥‥。	
17247	D1:7616:0814E	1	대사	【カイル】おいおい、どこに行くんだよ。	
17248	D1:7616:08180	1	대사	【マコト】私がどこに行こうと、あなたに関係ないでしょう‥‥‥‥	
17249	D1:7616:081C2	1	대사	【マコト】あっ‥‥いや、やめて！	
17250	D1:7616:081E6	1	대사	【カイル】ちょっと肩を抱いただけだぜ、過剰反応過ぎるな。まるで処女みたいだ。	
17251	D1:7616:0823E	1	대사	【マコト】な、何を言っているのよ。は、離して頂戴！	
17252	D1:7616:08274	1	대사	【カイル】あの野郎に操をたててるのか？	
17253	D1:7616:082A6	1	대사	【マコト】ち、違うわ。そんなんじゃ‥‥‥‥。	
17254	D1:7616:082D6	1	대사	【カイル】だが恋人が浮気をしていたりしたら、さぞかしショックだろうな。	
17255	D1:7616:08328	1	대사	【マコト】（な、なんでそのことを‥‥。）	
17256	D1:7616:08354	1	대사	【カイル】おっ、図星か？　それは確かに怒るよな。	
17257	D1:7616:083AC	1	대사	【マコト】（‥‥‥‥そ、そうよ。）	
17258	D1:7616:083D2	1	대사	【マコト】（アルったら、久しぶりに会ったというのに‥‥。）	
17259	D1:7616:08410	1	대사	【マコト】（しかも総務のクリスなんかと‥‥‥‥なによ！）	
17260	D1:7616:0844C	1	대사	【マコト】（何だかもうどうでもよくなってきたわ‥‥。）	
17261	D1:7616:08486	1	대사	【カイル】ふっ。	
17262	D1:7616:084A2	1	대사	【マコト】何なのよ。	
17263	D1:7616:084BA	1	대사	【カイル】ちょっとくらい、休んでいってもいいだろう。	
17264	D1:7616:084FA	1	대사	【マコト】（何て図々しい男なの‥‥‥。）	
17265	D1:7616:08526	1	대사	【カイル】でも切ないよなぁ。	
17266	D1:7616:0854E	1	대사	【マコト】（‥‥‥‥‥‥そうよ。切ないわ‥‥。）	
17267	D1:7616:08582	1	대사	【カイル】久々に会った恋人が、他のヤツと浮気なんかしてたら、俺だったら気が触れちまう。	
17268	D1:7616:085E4	1	대사	【マコト】（わ、私だって‥‥私だって‥‥。）	
17269	D1:7616:08614	1	대사	【カイル】フフッ‥‥‥‥よっと。	
17270	D1:7616:0865A	1	대사	【カイル】あぁ、これか？‥ただのコインさ。	
17271	D1:7616:08690	1	대사	【マコト】（バッカじゃないのコイツ‥‥！）	
17272	D1:7616:086BE	1	대사	【カイル】バカじゃないさ。	
17273	D1:7616:086E4	1	대사	【マコト】そ、そんな‥‥私今考えただけなのに‥‥？	
17274	D1:7616:0871A	1	대사	【カイル】そのくらいわかる。それより、失恋の痛みを和らげてやろう。	
17275	D1:7616:08768	1	대사	【マコト】あなたが消えてくれるのが一番効果的よ。	
17276	D1:7616:0879C	1	대사	【カイル】まぁ、そういわずにこれを見ろ。	
17277	D1:7616:087D0	1	대사	【マコト】（なによ。えせ催眠術なんかにかかるものですか。）	
17278	D1:7616:0880E	1	대사	【カイル】それにしても派手なストッキングだな。	
17279	D1:7616:08848	1	대사	【マコト】ち、違うわ。私のじゃない‥‥‥‥あっ、いや！	
17280	D1:7616:08882	1	대사	【カイル】へへっ、ちょっとめくっただけじゃないか。ガーターもいいぜ。	
17281	D1:7616:088D2	1	대사	【カイル】そうそう、その怒った目でコイツをしっかり見てみな。	
17282	D1:7616:0891A	1	대사	【マコト】もぅっ！‥‥‥‥信じられない！人を呼ぶわよっ！	
17283	D1:7616:08956	1	대사	【カイル】なんだよ、かかると思ってないんだろ？　ん？	
17284	D1:7616:08996	1	대사	【マコト】当然じゃないの。そんなもの。	
17285	D1:7616:089C0	1	대사	【カイル】じゃ、人を呼ぶ前にちょっとだけ言うとおりにしてくれよ。	
17286	D1:7616:08A0C	1	대사	【マコト】（変な奴。‥‥いいわ。ちょっとだけ‥‥‥それで追い返しちゃえ‥‥‥）	
17287	D1:7616:08A68	1	대사	【カイル】ほら、そうだ。いいかい？揺れに神経を集中して‥‥‥。	
17288	D1:7616:08AB2	1	대사	【マコト】（あっ、‥‥‥なに？‥‥‥。）	
17289	D1:7616:08ADE	1	대사	【カイル】お前は？‥‥なまえは？‥‥‥‥。	
17290	D1:7616:08B14	1	대사	【マコト】マコト。（‥‥う‥うそ‥‥‥名前なんか言わないわよ‥‥。）	
17291	D1:7616:08B5C	1	대사	【マコト】（なんで‥‥なんで抵抗できないの？　私‥‥‥。）	
17292	D1:7616:08B9A	1	대사	【マコト】（それどころか、委ねる気持ちになっている。）	
17293	D1:7616:08BD4	1	대사	【カイル】フッ、そうそう。	
17294	D1:7616:08BFA	1	대사	【マコト】（‥‥‥でも、これだけよ‥‥‥。）	
17295	D1:7616:08C2A	1	대사	【カイル】俺のことが好きか？	
17296	D1:7616:08C52	1	대사	【マコト】（‥‥‥‥もう、だめ‥‥言わないわよっ！！）	
17297	D1:7616:08C8C	1	대사	【マコト】‥‥‥‥好き‥‥。	
17298	D1:7616:08CAC	1	대사	【カイル】ほう、なんだ俺のことが好きなんじゃないか。	
17299	D1:7616:08D0E	1	대사	【カイル】分かった。お前の気持ちは分かった。	
17300	D1:7616:08D46	1	대사	【マコト】（‥‥‥どうして‥‥{n00}で‥‥でも‥‥‥{n00}この感情は？）	
17301	D1:7616:08D8A	1	대사	【マコト】カイル‥‥あ‥愛してる‥‥‥。	
17302	D1:7616:08DB6	1	대사	【マコト】アルなんかよりもずっと‥‥カイル‥‥抱きしめて！	
17303	D1:7616:08DF4	1	대사	【カイル】ほう。	
17304	D1:7616:08E10	1	대사	【マコト】あっ、ダメ！	
17305	D1:7616:08E2A	1	대사	【カイル】言うじゃねえか。	
17306	D1:7616:08E50	1	대사	【マコト】あっ！‥‥‥今のは‥‥私じゃ‥ない。	
17307	D1:7616:08E82	1	대사	【カイル】うん？	
17308	D1:7616:08E9E	1	대사	【マコト】ほ、欲しいの‥‥。	
17309	D1:7616:08EBE	1	대사	【カイル】へっ、言ったな！	
17310	D1:7616:08EE4	1	대사	【カイル】何が欲しいんだ？	
17311	D1:7616:08F0A	1	대사	【マコト】（あぁ‥‥だんだんおかしくなって‥‥くる‥‥。）	
17312	D1:7616:08F48	1	대사	【カイル】じゃ、証拠を示していただこうか。	
17313	D1:7616:08F86	1	대사	【マコト】だ‥‥あっ、いやっ‥‥ダメ！	
17314	D1:7616:08FB0	1	대사	【カイル】インテリのお嬢さんが、俺みたいなものにどんな愛情を示して下さるのかね？	
17315	D1:7616:0900C	1	대사	【マコト】（ち、違うわ！違うわ！）	
17316	D1:7616:09032	1	대사	【カイル】そう、そうだ。そう‥‥。	
17317	D1:7616:09060	1	대사	【マコト】愛してる‥‥‥。	
17318	D1:7616:0907E	1	대사	【カイル】もっとだ！	
17319	D1:7616:0909E	1	대사	【マコト】あっ、あっ、んっ、	
17320	D1:7616:090BE	1	대사	【カイル】そうだ。俺も愛してるぜ。	
17321	D1:7616:090EC	1	대사	【マコト】（私‥‥私、なんで言いなりになってるの？）	
17322	D1:7616:09124	1	대사	【マコト】（でも‥‥今日は‥‥いいの‥‥どうだって！！）	
17323	D1:7616:09160	1	대사	【カイル】あぁ‥‥いい香りだ‥‥‥‥。	
17324	D1:7616:09192	1	대사	【マコト】ぁぁ‥‥うぐ‥‥‥‥。	
17325	D1:7616:091B6	1	대사	【カイル】これで、お前は俺の女だ‥‥。	
17326	D1:7616:091E8	1	대사	【マコト】んはぁ‥‥んはぁ‥‥‥‥	
17327	D1:7616:0920E	1	대사	【カイル】だいぶ、満足したようだな。	
17328	D1:7616:0923E	1	대사	【マコト】ま、満足なんかしていないわ‥‥。	
17329	D1:7616:0926C	1	대사	【カイル】いいや、お前は俺のことが好きなのさ。	
17330	D1:7616:092A8	1	대사	【カイル】そのうち、人前でも公然と恋人面ができるようになる‥‥。	
17331	D1:7616:092F6	1	대사	【マコト】そ、そんな‥‥そんなことないわ！	
17332	D1:7616:09324	1	대사	【カイル】俺にキスしただろう。良さそうだったぜ。	
17333	D1:7616:09360	1	대사	【マコト】（あぁぁ‥‥私、なんてことをしてしまったの！？）	
17334	D1:7616:0939E	1	대사	【マコト】（‥‥どうして？‥‥。）	
17335	D1:7616:093C4	1	대사	【カイル】フッ、満足そうな顔をしているな、マコト。	
17336	D1:7616:09402	1	대사	【マコト】（満足‥‥‥‥。）	
17337	D1:7616:09422	1	대사	【マコト】（そうよ、この感覚‥‥‥‥。）	
17338	D1:7616:0944E	1	대사	【マコト】（これは心地よい虚脱感‥‥満足感なの？‥‥そんなわけが‥‥。）	
17339	D1:7616:0949A	1	대사	【カイル】来いよ。	
17340	D1:7616:094B8	1	대사	【マコト】あっ‥‥ど、どこに‥‥。	
17341	D1:7616:094DE	1	대사	【カイル】いいところだ。	
17342	D1:7616:09502	1	대사	【マコト】ど、どこに行こうと言うの‥‥。	
17343	D1:7616:0954E	1	선택지	　物思いに耽る	
17344	D1:7616:09564	1	대사	【マコト】（カイルが私の目の前にいる‥‥。）	
17345	D1:7616:09594	1	대사	【マコト】（もうここにはいたくないわ。）	
17346	D1:7616:095C0	1	대사	【マコト】静かな海は気持ちがいいわ。	
17347	D1:7616:095E8	1	대사	【マコト】イヤなことをみんな忘れられそう‥‥。	
17348	D1:7616:0961A	1	대사	【マコト】誰もいない浜辺‥‥静かな海‥‥。	
17349	D1:7616:09648	1	대사	【マコト】今の私に相応しい場所よね。	
17350	D1:7616:0968C	1	대사	【マコト】あーぁ、暗いわぁ‥‥でも、アイツのせいよ。	
17351	D1:7616:096C4	1	대사	【マコト】このまま私が根暗になったら、慰謝料を支払わせてやるから。	
17352	D1:7616:09714	1	대사	【マコト】もう少し、ここで物思いに耽っていたい‥‥。	
17353	D1:7616:0974C	1	대사	【マコト】今はどこにも行きたくない。	
17354	D1:7616:09774	1	대사	【マコト】この静かな浜辺にいたい気分よ‥‥。	
17355	D1:7616:097A4	1	대사	【カイル】やり方はどうだっていいぜ。	
17356	D1:7616:097D4	1	대사	【マコト】（な、なんて下品なヤツ。もうこんな所にいたくないわ！）	
17357	D1:7616:09818	1	대사	【マコト】でも、この静かな浜辺のおかげで、気持ちがいくぶん楽になった‥‥。	
17358	D1:7616:09866	1	대사	【マコト】もうアルなんていいもの。私はレイコとあっちに走っちゃうから。	
17359	D1:7616:098B0	1	대사	【マコト】レイコの方がずっと優しいし、巧いし、素敵だし‥‥。	
17360	D1:7616:0990C	1	대사	【マコト】やだ、思い出したら濡れちゃいそう‥‥。	
17361	D1:7616:09940	1	대사	【マコト】そういえばちょっと肌寒いわ。そろそろ宿舎に‥‥{s00}あっ！	
17362	D1:7616:099A0	1	대사	【マコト】急いでいて忘れていたわ‥‥わ、私、下着を‥‥‥。	
17363	D1:7616:099DE	1	대사	【男】よぉ、何をしてるんだ？	
17364	D1:7616:09A06	1	대사	【マコト】（ドキッ！）	
17365	D1:7616:09A48	1	대사	【カイル】何だか、すごい雄叫びが聞こえてきたから、何かと思ったら‥‥。	
17366	D1:7616:09A9A	1	대사	【マコト】やだ、聞いていたの？	
17367	D1:7616:09ABC	1	대사	【カイル】聞くつもりがなくても聞こえるさ。どういう訳だ？	
17368	D1:7616:09B00	1	대사	【マコト】べ、別に‥‥。	
17369	D1:7616:09B1C	1	대사	【マコト】（浮気の現場を目撃したなんて、{n00}死んでも言えないわ。）	
17370	D1:7616:09B60	1	대사	【カイル】まぁいいさ。そういえば今日、マコトの恋人が来たんだってな。	
17371	D1:7616:09BB0	1	대사	【マコト】そ、そうよ‥‥。	
17372	D1:7616:09BCE	1	대사	【カイル】あんな優男の、どこがいいんだ？	
17373	D1:7616:09C02	1	대사	【マコト】あんな優男に、ラウンジでのされたのは誰？	
17374	D1:7616:09C38	1	대사	【カイル】痛いところを付くな。ま、正面決戦ならまず負けない。	
17375	D1:7616:09C80	1	대사	【マコト】口は重宝よね、何とでも言えるわ。	
17376	D1:7616:09CAE	1	대사	【カイル】そうだ、口じゃ何とでも言える。だから今度は容赦しない。	
17377	D1:7616:09CFA	1	대사	【マコト】ら、乱暴なことはやめて頂戴‥‥お願い。	
17378	D1:7616:09D2E	1	대사	【カイル】あのお調子者をかばうのかよ。	
17379	D1:7616:09D60	1	대사	【マコト】か、かばっている訳じゃないわ。乱暴なことが嫌いなだけ。	
17380	D1:7616:09DA4	1	대사	【カイル】フッ、マコトが俺に頼むんなら、やめてやってもいいぜ。	
17381	D1:7616:09DEE	1	대사	【マコト】やめて頂戴。	
17382	D1:7616:09E08	1	대사	【カイル】口じゃダメだな。態度で示せよ。	
17383	D1:7616:09E5E	1	대사	【マコト】（何言ってるのよ！　態度で示せだなんて‥‥。）	
17384	D1:7616:09E9A	1	대사	【マコト】せっかく会えたというのに‥‥アル‥‥。	
17385	D1:7616:09ECE	1	대사	【マコト】よりによって、総務のクリスさんとすることないじゃないの。	
17386	D1:7616:09F14	1	대사	【マコト】あとちょっとガマンしていれば、私がたっぷりしてあげたのに‥‥。	
17387	D1:7616:09F60	1	대사	【マコト】それとも、私とするより、クリスさんの方がいいっていうの！？	
17388	D1:7616:09FC4	1	대사	【マコト】仕事をがんばって、アルに会えると聞いて喜んで‥‥。	
17389	D1:7616:0A004	1	대사	【マコト】でも、一挙に奈落の底に突き落とされて‥‥。	
17390	D1:7616:0A03C	1	대사	【マコト】もう、{n00}アルのバカァァァァ！！	
17391	D1:7616:0A084	1	대사	【マコト】ふぅ、叫んだらちょっとスッキリしたわ。	
17392	D1:7881:007C6	1	대사	【シルビア】あれ、イズミさん‥‥またどうしたの？	
17393	D1:7881:00802	1	대사	【マコト】え？　そ、そうね‥‥私ったらどうしたのかしら。	
17394	D1:7881:0083E	1	대사	【シルビア】‥‥？	
17395	D1:7881:0085C	1	대사	【マコト】フフ、ごめんなさい、邪魔しないうちに出るわ。	
17396	D1:7881:008A6	1	대사	【シルビア】やぁ、イズミさん。{n00}何か用？	
17397	D1:7881:008DA	1	대사	【マコト】ううん、特に用はないんだけど‥‥どんな感じか、見に来たのよ。	
17398	D1:7881:00924	1	대사	【シルビア】こんな感じですよ、もう忙しくて目が回りそう。	
17399	D1:7881:00968	1	대사	【マコト】フフ、忙しいのはいいことよ。暇で暇でしょうがないよりはね。	
17400	D1:7881:009B0	1	대사	【シルビア】まぁね‥‥‥‥おい、そのパイプはこっちじゃない、２番バルブへまわせよ！	
17401	D1:7881:00A0E	1	대사	【マコト】忙しそうね‥‥ごめんなさい、お邪魔だったわ。	
17402	D1:7881:00A48	1	대사	【シルビア】いや、そんなことはないけど‥‥。	
17403	D1:7881:00A80	1	대사	【マコト】フフ、がんばってね、シルビア。	
17404	D1:7881:00AAC	1	대사	【シルビア】えぇ、まかしといて下さい。	
17405	D1:7881:00ADE	1	대사	【マコト】（邪魔者は退散しま{n00}しょう。）	
17406	D1:7881:00B20	1	대사	【マコト】格納庫だわ。	
17407	D1:7881:00B3A	1	대사	【マコト】早ければ、今日の夕方には飛行機がやってくる‥‥。	
17408	D1:7881:00B78	1	대사	【マコト】そのためか、慌ただしいわね。	
17409	D1:7881:00BB2	1	대사	【マコト】ここは格納庫‥‥。	
17410	D1:7881:00BD2	1	대사	【マコト】今現在では、もっとも騒然としている場所ね。	
17411	D1:7881:00C1A	1	대사	【マコト】ここは、格納庫だわ。	
17412	D1:7881:00C3C	1	대사	【マコト】研究室と並んで、騒然としている場所ね。	
17413	D1:7881:00C7A	1	대사	【シルビア】あ、イズミさん‥‥レイコさんも。	
17414	D1:7881:00CB2	1	대사	【マコト】こんにちは、シルビア。	
17415	D1:7881:00CD6	1	대사	【レイコ】飛行機がもう到着しているようだけど？	
17416	D1:7881:00D10	1	대사	【シルビア】うん、予定よりも１時間ほど早く到着しちゃったんです。	
17417	D1:7881:00D5C	1	대사	【マコト】そうだったの‥‥。	
17418	D1:7881:00D7C	1	대사	【レイコ】ま、予定は遅れるために立てると言うからね。	
17419	D1:7881:00DBC	1	대사	【マコト】シルビア、飛行機には新聞記者の人が乗っていたでしょう。	
17420	D1:7881:00E00	1	대사	【シルビア】男の人って‥‥アルって人のこと？	
17421	D1:7881:00E38	1	대사	【マコト】そう。彼はいまどこに？	
17422	D1:7881:00E5C	1	대사	【シルビア】あぁ‥‥フォンでイズミさんを呼び出すから、	
17423	D1:7881:00EA0	1	대사	【シルビア】ここで待っててくれって言ったんだけど‥‥。	
17424	D1:7881:00EE4	1	대사	【マコト】飛び出しちゃったのね。	
17425	D1:7881:00F08	1	대사	【シルビア】うん‥‥その辺を散歩してくるって。	
17426	D1:7881:00F42	1	대사	【マコト】（もう、相変わらず鉄砲玉みたいな人ね‥‥。）	
17427	D1:7881:00FA4	1	대사	【マコト】早ければ、今日の夕方頃には飛行機が到着する予定ね。	
17428	D1:7881:00FE4	1	대사	【マコト】整備士の人たちは大忙しみたい‥‥。	
17429	D1:7881:01014	1	대사	【マコト】騒音と人の慌ただしさ‥‥‥‥。	
17430	D1:7881:01040	1	대사	【マコト】今の研究所とは、大違いね。慌ただしいのは一緒なのだけど。	
17431	D1:7881:01092	1	대사	【マコト】そうね、ここにいてもしょうがないわ。	
17432	D1:7881:010C4	2	대사	【マコト】外に出ましょう。	
17433	D1:7881:010E8	1	대사	【男】もうすぐ飛行機がやってくるんで、大慌てですよ。	
17434	D1:7881:01120	1	대사	【男】整備士長をお呼びします{n00}か？	
17435	D1:7881:01146	1	대사	【男】たぶん奥で計器類のチェックをしていると思いますが。	
17436	D1:7881:01182	1	대사	【男】別にいい？　はぁ、それなら構いませんけど‥‥。	
17437	D1:7881:011BA	1	대사	【男】今日の夕方には飛行機が到着するんで、慌ただしいことこのうえありませんよ。	
17438	D1:7881:0120C	1	대사	【男】いったい何故、今頃やって来るんでしょうかね‥‥。	
17439	D1:7881:01246	1	대사	【男】一介の整備士にはわからないことなんでしょうけど。	
17440	D1:7881:012A2	1	대사	【マコト】ここにいると邪魔になってしまうわ。	
17441	D1:7881:012D2	1	대사	【マコト】早くここを出ましょうよ。	
17442	D1:7881:012F8	1	대사	【マコト】整備士の人たちが慌ただしく行き来している‥‥。	
17443	D1:7881:01334	1	대사	【マコト】シルビアが彼らを統括しているのね。	
17444	D1:7881:01380	2	대사	【マコト】仕事の邪魔をしちゃ悪いから、早くここを出ましょう。	
17445	D1:7881:013C0	1	대사	【マコト】格納庫はいつ来ても騒然としているわ‥‥。	
17446	D1:7881:013F6	1	대사	【マコト】もっとも、明日到着予定の２機のせいもあるんでしょうね。	
17447	D1:7881:0143A	1	대사	【マコト】《デザイア》を放棄という最悪のケースだけは、避けたいものよ‥‥。	
17448	D1:7881:01494	1	대사	【マコト】そうね‥‥ここにいてもしょうがないわ。	
17449	D1:7881:014EC	1	대사	【男】整備士長に何か用ですか？	
17450	D1:7881:0150E	1	대사	【男】なんだったら‥‥あっ、別に構わない？	
17451	D1:7881:0153C	1	대사	【男】あぁ、何でも明日早々に飛行機が２機もやって来るって聞いて、	
17452	D1:7881:01580	1	대사	【男】びっくりしてますよ。	
17453	D1:7881:0159E	1	대사	【男】いったいどういう訳で‥‥あっ、いや。	
17454	D1:7881:015CC	1	대사	【男】別に技術主任から聞き出す訳にはいきませんからね。すいません。	
17455	D1:7881:01612	1	대사	【男】ま、今日は徹夜になるかもしれませんね。	
17456	D1:7881:0166A	1	대사	【マコト】ここに立っていてどうするの？　早く出ましょう。	
17457	D1:7881:016A6	1	대사	【マコト】シルビアは今はいないようね‥‥奥で仕事でもしているのかしら。	
17458	D1:7881:01730	1	대사	【マコト】慌ただしく歩いている人が多いわ‥‥。	
17459	D1:7881:01762	1	대사	【マコト】ここと研究室は、本当に人が動いている。昼間の人口密度が高い場所よね。	
17460	D1:7881:017C0	1	대사	【マコト】そうね、外に出ましょうか。	
17461	D1:7881:017EE	1	대사	【男】整備士長は今、奥で仕事中です。	
17462	D1:7881:01816	1	대사	【マコト】お仕事の邪魔しちゃ悪いわよね。ごめんなさい‥‥。	
17463	D1:7881:01854	1	대사	【男】あっ、技術主任。何がご用でしょうか？	
17464	D1:7881:01882	1	대사	【マコト】ううん、用というほどのことじゃないの。ただちょっと立ち寄っただけで‥‥。	
17465	D1:7881:018D8	1	대사	【男】整備士長だったら、奥にいますけど、呼んできましょうか？	
17466	D1:7881:01918	1	대사	【マコト】ううん、本当にいいの。ごめんなさい‥‥。	
17467	D1:7881:01970	1	대사	【マコト】（仕事着を着ているところを見ると、今まで作業をしていたのかしら？）	
17468	D1:7881:019C0	1	대사	【マコト】人がせわしく動いている‥‥作業中だったみたいね。	
17469	D1:7881:019FE	1	대사	【シルビア】えぇ、飛行機が来ましたからね。こんな時じゃないと、あいつら働かないし。	
17470	D1:7881:01A5C	1	대사	【マコト】大変ね、シルビア‥‥ここで寝泊まりしてるんでしょう？	
17471	D1:7881:01A9E	1	대사	【シルビア】うん、でも仕事がはかどるから‥‥。	
17472	D1:7881:01AD8	1	대사	【マコト】（シルビアは、ここの格納庫における責任者‥‥）	
17473	D1:7881:01B14	1	대사	【マコト】（確か、整備士長という肩書きだったかしら。）	
17474	D1:7881:01B4E	1	대사	【マコト】（若いけど、過不足無く仕事をこなす女性だわ‥‥）	
17475	D1:7881:01B8C	1	대사	【マコト】（女性というには少し男勝り過ぎるかな？）	
17476	D1:7881:01BC2	1	대사	【シルビア】どうしたんですか？　イズミさん。	
17477	D1:7881:01BFA	1	대사	【マコト】えっ？　えぇ‥‥よくお仕事をやってくれてるって思ってたの。	
17478	D1:7881:01C42	1	대사	【シルビア】へへ、まぁ好きですからね、ここでの仕事。	
17479	D1:7881:01C8E	1	대사	【マコト】そうね、研究室に行かなくちゃ。	
17480	D1:7881:01CBA	1	대사	【シルビア】じゃあイズミさん、また‥‥。	
17481	D1:7881:01CEE	1	대사	【マコト】えぇ、レイコ、頼んだわよ。	
17482	D1:7881:01D16	1	대사	【レイコ】わかったわ。	
17483	D1:7881:01D3E	1	대사	【マコト】もう少し、シルビアと話した方がいいわね。	
17484	D1:7881:01D74	1	대사	【レイコ】早く行った方がいいんじゃない？	
17485	D1:7881:01DA8	1	대사	【マコト】そうね‥‥じゃあ、後は頼んだわよ。	
17486	D1:7881:01DD8	1	대사	【レイコ】任せておいて。	
17487	D1:7881:01DFC	1	대사	【マコト】でも、本当にどこまで行っているのかしら。	
17488	D1:7881:01E32	1	대사	【レイコ】焦っても仕方がないんじゃない？	
17489	D1:7881:01E66	1	대사	【マコト】別に焦ってはいないけど‥‥心配なの。	
17490	D1:7881:01E98	1	대사	【レイコ】しばらくここで待っていましょう。そのうち戻ってくるわよ。	
17491	D1:7881:01EE6	1	대사	【マコト】（どうかしら‥‥？）	
17492	D1:7881:01F2E	1	대사	【シルビア】あれ？　放送だ。	
17493	D1:7881:01F56	1	대사	【マコト】まさかアルが何かしたんじゃ‥‥。	
17494	D1:7881:01F84	1	대사	【レイコ】しっ、黙って聞きましょう。	
17495	D1:7881:01FB4	1	대사	【放送の声】技術主任、至急研究室までおいで下さい‥‥。	
17496	D1:7881:01FEE	1	대사	【マコト】私だわ‥‥‥‥。	
17497	D1:7881:02054	1	대사	【マコト】どういうこと‥‥？	
17498	D1:7881:0207E	1	대사	【レイコ】何か急ぎの用みたいよ、早く行った方がいいわ。	
17499	D1:7881:020C0	1	대사	【マコト】そうね。あっ、けど‥‥‥‥。	
17500	D1:7881:020EA	1	대사	【レイコ】フフ、大丈夫。あなたの恋人さんは私が面倒みておいてあげる。	
17501	D1:7881:0213A	1	대사	【マコト】だから心配なの。	
17502	D1:7881:02158	1	대사	【レイコ】バカね。ほら、早く行きなさい。	
17503	D1:7881:0218C	1	대사	【マコト】うん‥‥‥‥シルビア。	
17504	D1:7881:021BA	1	대사	【シルビア】なんです？	
17505	D1:7881:021DC	1	대사	【マコト】アルが来たら宜しく言っておいてね。	
17506	D1:7881:0220C	1	대사	【シルビア】わかりました。	
17507	D1:7881:02232	1	대사	【マコト】ふぅ‥‥いったい何の用事かしら‥‥？	
17508	D1:7881:02264	1	대사	【レイコ】そういえば遅いわね、マコトの恋人。	
17509	D1:7881:0229C	1	대사	【マコト】本当に‥‥どこまで行ったのかしら‥‥。	
17510	D1:7881:022D0	1	대사	【シルビア】最近どうですか？	
17511	D1:7881:022F8	1	대사	【マコト】えっ、なにが？	
17512	D1:7881:02314	1	대사	【シルビア】いえその‥‥お仕事の方は。	
17513	D1:7881:02346	1	대사	【マコト】えぇ、もうすぐね。	
17514	D1:7881:02366	1	대사	【シルビア】もうすぐ？	
17515	D1:7881:02388	1	대사	【マコト】もうすぐ完成をみるかも知れないということ。長かったわ‥‥。	
17516	D1:7881:023D0	1	대사	【シルビア】そうですか‥‥以前起きたような事故は、もう大丈夫ですよね？	
17517	D1:7881:02422	1	대사	【マコト】以前起きた‥‥あぁ、ミスタ・ロイドの件ね。	
17518	D1:7881:0245A	1	대사	【シルビア】えぇ‥‥オレ、もう恐ろしくて‥‥遺体を飛行機に運んだのはオレだから‥‥。	
17519	D1:7881:024BC	1	대사	【シルビア】あの人の身体はもう‥‥。	
17520	D1:7881:024EE	1	대사	【マコト】気持ちはわかるわ、シルビア。	
17521	D1:7881:0253E	1	대사	【マコト】でもね、どの研究にもリスクはつきものなの。	
17522	D1:7881:02576	1	대사	【マコト】無論それを最小限度に抑えるための努力は必要だわ。	
17523	D1:7881:025B4	1	대사	【シルビア】えぇ‥‥。	
17524	D1:7881:025D6	1	대사	【マコト】だけど危険を恐れていては前進しない‥‥わかる？	
17525	D1:7881:02612	1	대사	【シルビア】そうですね‥‥。	
17526	D1:7881:0263A	1	대사	【マコト】確かシルビア、あなたパイロットを目指していたわよね。	
17527	D1:7881:0267C	1	대사	【シルビア】え、えぇ‥‥。	
17528	D1:7881:026A2	1	대사	【マコト】あなたの大好きな飛行機もね、	
17529	D1:7881:026CC	1	대사	【マコト】ここまで来るのに先人がどれだけの犠牲を払ってきたのか‥‥。	
17530	D1:7881:0273A	1	대사	【マコト】恐らく２桁では済まないほどの人数が、亡くなっていると思うわ。	
17531	D1:7881:02784	1	대사	【シルビア】でしょうね。	
17532	D1:7881:027A8	1	대사	【マコト】でも、危険を恐れずにがんばった結果、今の私たちの文明があるわけよ。	
17533	D1:7881:027F8	1	대사	【シルビア】そ、そうですね‥‥。	
17534	D1:7881:02824	1	대사	【マコト】（以前の、教授と私の会話みたいね。）	
17535	D1:7881:02856	1	대사	【マコト】（フフ、皮肉なことに、今は私が教授の役‥‥。）	
17536	D1:7881:02892	1	대사	【マコト】ねぇ、シルビア。アルはどこに行くって？	
17537	D1:7881:028C6	1	대사	【シルビア】さぁ‥‥その辺をブラついてみるって言って、	
17538	D1:7881:0290A	1	대사	【シルビア】ホントにブラっと出ていっちゃったから。	
17539	D1:7881:0294A	1	대사	【マコト】もう、しょうがない人だわ。	
17540	D1:7881:02972	1	대사	【レイコ】ウフフ、いいじゃない。ここに来れたのが、嬉しくてしょうがないのかも。	
17541	D1:7881:029CC	1	대사	【マコト】（また何か、もめ事を起こしていなければ、いいんだけど‥‥。）	
17542	D1:7881:02A16	1	대사	【シルビア】でも、すぐに帰ってくるみたいなことは、言っていたよ。	
17543	D1:7881:02A62	1	대사	【マコト】彼の手なの。すぐに帰ってくる訳がないわ。	
17544	D1:7881:02A98	1	대사	【シルビア】そ、そうなの？	
17545	D1:7881:02ABE	1	대사	【レイコ】聞けば聞くほど面白い人ね、あなたの恋人さんって。	
17546	D1:7881:02B04	1	대사	【マコト】もう、からかわないで、レイコ。	
17547	D1:7948:018E6	2	대사	【マコト】ここは反応装置の内部‥‥。	
17548	D1:7948:0190E	1	대사	【シェリル】はい、誰かいるんでしょうか。	
17549	D1:7948:01942	1	대사	【マコト】こうしてみると、意外に広いわ。いったいどこに‥‥。	
17550	D1:7948:01982	1	대사	【シェリル】い、イズミさん‥‥{n00}あそこ！	
17551	D1:7948:019B6	1	대사	【マコト】あっ‥‥！！	
17552	D1:7948:019D6	1	대사	【シェリル】アルバートさん‥‥それにティーナ‥‥。	
17553	D1:7948:01A14	1	대사	【マコト】（それに、{n00}ドクターゲーツ！？）	
17554	D1:7948:01A42	1	대사	【ゲーツ】まぁ君に言ったところで詮無きことだ。そろそろ旅立ってくれるかね？	
17555	D1:7948:01A98	1	대사	【マコト】（ダメ‥‥アル！！）	
17556	D1:7948:01AD0	1	대사	【ゲーツ】なんだと？	
17557	D1:7948:01B78	1	대사	【ゲーツ】ば、バカな‥‥制御パネルに‥‥！	
17558	D1:7948:01BD6	1	대사	【マコト】なに、どうしたの‥‥！？	
17559	D1:7948:01BFC	1	대사	【シェリル】アルバートさん！！	
17560	D1:7948:01C26	1	대사	【マコト】アル‥‥{n00}どうしたというの！？	
17561	D1:7948:01C66	1	대사	【シェリル】アルバートさん！！！	
17562	D1:7948:01C92	1	대사	【マコト】（な、何なの‥‥アルが光に包まれていく‥‥。）	
17563	D1:7948:01CCE	1	대사	【マコト】（ティーナも‥‥‥どうなってしまうの‥‥‥。）	
17564	D1:7948:01D0A	1	대사	ゴゴゴゴゴゴゴ‥‥‥‥‥‥。	
17565	D1:7948:01D2E	1	대사	【マコト】（まぶしい‥‥なんて光なの‥‥。）{k00}	
17566	D1:7948:01D8A	1	대사	【マコト】あぁぁ、視力がまだ戻らないわ‥‥。	
17567	D1:7948:01DDE	1	대사	【マコト】シェリル、どこ‥‥見えないの、まだ視力が回復しなくて‥‥。	
17568	D1:7948:01E26	1	대사	【シェリル】ここです。	
17569	D1:7948:01E48	1	대사	【マコト】あ、ありがとう‥‥あぁ、だんだん見えるようになってきた‥‥。	
17570	D1:7948:01EB8	1	대사	【ゲーツ】大変なことをしてくれたな‥‥イズミ君。	
17571	D1:7948:01EF4	1	대사	【マコト】何で、{n00}どういうことなの！？	
17572	D1:7948:01F1E	1	대사	【ゲーツ】まぁいい。ここの装置など壊れても構わない、もはやな‥‥。	
17573	D1:7948:01F6C	1	대사	【マコト】（な、何を言っているの‥‥ドクターは何を‥‥？）	
17574	D1:7948:01FAA	1	대사	【ゲーツ】君ら無知蒙昧な輩に、何を話しても詮無きことだ。	
17575	D1:7948:01FF0	1	대사	【ゲーツ】反応方程式が手に入った今、君らに用は無い。	
17576	D1:7948:02032	1	대사	【マコト】きょ、教授は‥‥ステラ教授はどこ！？	
17577	D1:7948:02064	1	대사	【ゲーツ】あぁ、あれには人生の表舞台から、すでにご退場を願ったよ。	
17578	D1:7948:020D4	1	대사	ピピッ、ピピッ‥‥‥。	
17579	D1:7948:020F6	1	대사	【ゲーツ】おっ、意外に早いな‥‥そろそろお別れのようだ。	
17580	D1:7948:0213A	1	대사	【シルビア】『こちら格納庫‥‥研究室には誰もいないのか？』	
17581	D1:7948:02180	1	대사	【マコト】シルビア、ここにいるわ！　といっても装置室に足止めだけど‥‥。	
17582	D1:7948:021CC	1	대사	【シルビア】『イズミさんかい？いったいどういう訳なんだよ、』	
17583	D1:7948:02216	1	대사	【シルビア】『得体の知れないヘリがやってきて着陸しようとしてるぞ！』	
17584	D1:7948:02268	1	대사	【ゲーツ】そのまま、着陸させたまえ。	
17585	D1:7948:02298	1	대사	【シルビア】『冗談言うな！　警告を発したら、いきなりぶっぱなしてきたんだぞ！』	
17586	D1:7948:022F2	1	대사	【ゲーツ】そろそろお別れのようだ。では諸君‥‥。	
17587	D1:7948:0234E	1	대사	【ゲーツ】ん？	
17588	D1:7948:02368	1	대사	【マコト】エレナ！？	
17589	D1:7948:02386	1	대사	【エレナ】ドクター、私は‥‥{n00}私は！？	
17590	D1:7948:023B8	1	대사	【ゲーツ】エレナか。	
17591	D1:7948:023D8	1	대사	【エレナ】私も連れていってくれるって、約束してくれました。	
17592	D1:7948:0241E	1	대사	【ゲーツ】約束？　あぁ、確かそんな約束をした覚えがあるな。	
17593	D1:7948:02464	1	대사	【エレナ】で、でしたら、私も‥‥。	
17594	D1:7948:02492	1	대사	【ゲーツ】あれはね、嘘だよ。	
17595	D1:7948:024BA	1	대사	【エレナ】えっ‥‥！？	
17596	D1:7948:024DC	1	대사	【ゲーツ】あれは君を騙すための嘘なんだ。君は実によく役だってくれたよ。	
17597	D1:7948:0252E	1	대사	【エレナ】そ、そんな‥‥‥‥。	
17598	D1:7948:02558	1	대사	【ゲーツ】私が本気で君を連れていくと思ったのかね？	
17599	D1:7948:02598	1	대사	【ゲーツ】だとしたらかなりの楽天家だな、君は。	
17600	D1:7948:025D4	1	대사	【エレナ】お、お願いです。私、ドクターの言うことを何でも聞いてきました。	
17601	D1:7948:0262A	1	대사	【エレナ】これからも聞きます‥‥私も連れていって下さい！	
17602	D1:7948:02670	1	대사	【ゲーツ】聞き分けがないな。あまり困らせないでくれたまえ。	
17603	D1:7948:026B6	1	대사	【エレナ】でも、ドクター‥‥私、私ドクターの言うとおりに‥‥。	
17604	D1:7948:0270A	1	대사	【エレナ】あぅっ‥‥痛いっ‥‥痛いっ‥‥。	
17605	D1:7948:02740	1	대사	【ゲーツ】銃の底で思いきり殴らせてもらったからね。結構鈍い音がしたな。	
17606	D1:7948:02792	1	대사	【エレナ】あ、頭が‥‥い、痛い‥‥。	
17607	D1:7948:027C2	1	대사	【ゲーツ】聞き分けのない人は好まんな。	
17608	D1:7948:027F4	1	대사	【エレナ】ドクター‥‥お願い、捨てないで‥‥。	
17609	D1:7948:0282E	1	대사	【ゲーツ】さてと、イズミ君たち。	
17610	D1:7948:02860	1	대사	【ゲーツ】君らにもそろそろご退場願おうか。時間も急迫していることだ。	
17611	D1:7948:028B0	1	대사	【マコト】な、なんて酷い‥‥このゲス野郎！	
17612	D1:7948:0290A	1	대사	【ゲーツ】なかなか勇ましい限りだね。だがそれもここまでだ。	
17613	D1:7948:02950	1	대사	【マコト】（何てこと‥‥もう、終わってしまうの‥‥？）	
17614	D1:7948:029CE	1	대사	【マコト】（！！！）	
17615	D1:7948:02A06	1	대사	【マコト】（ま、まだ生きてるみたい‥‥。）	
17616	D1:7948:02A34	1	대사	【マコト】（なぜ？　いま撃たれたんではないの？）	
17617	D1:7948:02A68	1	대사	【ゲーツ】うぐぅぅっ！	
17618	D1:7948:02A92	1	대사	【マコト】カイル！！	
17619	D1:7948:02AAA	1	대사	【ゲーツ】は、放せ‥‥‥‥ぐっ！！	
17620	D1:7948:02AD8	1	대사	【カイル】聞けば聞くほど気にくわねぇ野郎だ‥‥このまま絞め殺してやる。	
17621	D1:7948:02B2A	1	대사	【ゲーツ】くっ！！	
17622	D1:7948:02B54	1	대사	【マコト】きゃぁっ！！{n00}か、カイル！？	
17623	D1:7948:02B7E	1	대사	【ゲーツ】ば、化け物め！	
17624	D1:7948:02BB6	1	대사	【マコト】あぁぁ、カイル‥‥{n00}カイル！！	
17625	D1:7948:02BE2	1	대사	【カイル】効かねぇな、豆鉄砲か、それは。	
17626	D1:7948:02C16	1	대사	【ゲーツ】くっ、貴様ぁぁっ！！	
17627	D1:7948:02C54	1	대사	【マコト】あぁぁ、やめて‥‥お願いよ、もうやめてぇぇっ！！	
17628	D1:7948:02C92	1	대사	【カイル】へっ、そんなに青い顔をしてどうしたよ、オッサン。	
17629	D1:7948:02CD8	1	대사	【ゲーツ】ふひゅーっ、ひゅーっ‥‥。	
17630	D1:7948:02D08	1	대사	【カイル】このまま絞め殺してもいいが、俺が手を下すのもツマらねぇ。	
17631	D1:7948:02D56	1	대사	【ゲーツ】くっ‥‥‥‥。	
17632	D1:7948:02D7A	1	대사	【カイル】おい、足の下がどうなってるかわかるか？	
17633	D1:7948:02DB6	1	대사	【ゲーツ】ひゅーっ、や、やめ‥‥‥‥。	
17634	D1:7948:02DE8	1	대사	【カイル】自慢の装置に落ちて行くんだ、本望だろう。	
17635	D1:7948:02E26	1	대사	【ゲーツ】こ、この‥‥き、きさ、ま‥‥‥‥。	
17636	D1:7948:02E5E	1	대사	【カイル】あばよ‥‥。	
17637	D1:7948:02E84	1	대사	【カイル】へっ、バカが。あんなやつと、一緒に行かなくてよかったぜ‥‥くっ‥‥。	
17638	D1:7948:02EDE	1	대사	ドサッ‥‥！！	
17639	D1:7948:02EF8	1	대사	【マコト】か、カイル！！	
17640	D1:7948:02F1C	1	대사	【カイル】なんだ、お前まだいたのか‥‥？	
17641	D1:7948:02F50	1	대사	【マコト】カイル、しっかりして！	
17642	D1:7948:02F74	1	대사	【マコト】（あぁぁ、何てこと‥‥お腹に、こんな‥‥‥‥。）	
17643	D1:7948:02FB2	1	대사	【カイル】さ、さすがに、ちょっと痛ぇな‥‥。	
17644	D1:7948:02FEA	1	대사	【マコト】あぁぁ、お願い‥‥神様、お願いよ‥‥カイル、カイル‥‥。	
17645	D1:7948:03030	1	대사	【カイル】うるせぇ、ヒナ鳥みたいにピーピーわめくな。	
17646	D1:7948:03094	1	대사	【カイル】なに泣いてやがる。しょうがねぇな‥‥‥‥。	
17647	D1:7948:030D4	1	대사	【マコト】あぁ、カイル‥‥お願いよ、お願い。	
17648	D1:7948:03104	1	대사	【カイル】お願いしたって‥‥ダメなものはダメなんだよ‥‥。	
17649	D1:7948:03168	1	대사	【カイル】この傷を見ろよ‥‥	
17650	D1:7948:03192	1	대사	【カイル】これで助かったら‥‥あのゲーツの野郎だって、生きてるに違いないぜ‥‥。	
17651	D1:7948:031F0	1	대사	【マコト】あぁぁ、イヤよイヤ！	
17652	D1:7948:03212	1	대사	【カイル】駄々っ子だな、そりゃ。	
17653	D1:7948:0323E	1	대사	【マコト】お願いよ、私何でもするわ‥‥あなたの言うことなら何でも聞く！	
17654	D1:7948:03288	1	대사	【マコト】何をされても構わない。だから‥‥。	
17655	D1:7948:032B8	1	대사	【カイル】格納庫の方で、ヘリが待ってるはずだ‥‥早く行け。	
17656	D1:7948:032FE	1	대사	【マコト】あ、あなたを置いてなんか、いけないわよ！	
17657	D1:7948:03334	1	대사	【カイル】俺の名前を出せば大丈夫だよ‥‥１０分しか着陸しない、さっさと行けったら。	
17658	D1:7948:03392	1	대사	【マコト】イヤよ、嫌！	
17659	D1:7948:033AC	1	대사	【カイル】バカな女だ、俺と心中するつもりかよ‥‥。	
17660	D1:7948:033EA	1	대사	【マコト】バカよ、私はバカでも構わない。ねぇ、カイル‥‥。	
17661	D1:7948:03430	1	대사	【マコト】あっ‥‥カイル！！	
17662	D1:7948:03450	1	대사	【カイル】うるせぇ女だ、ちょっと目をつぶっただけだろう‥‥。	
17663	D1:7948:034BC	1	대사	【カイル】人生最後の楽しみだな、死ぬ瞬間ってのは‥‥	
17664	D1:7948:034FE	1	대사	【カイル】一生に一度しか‥‥味わえない‥‥。	
17665	D1:7948:03538	1	대사	【マコト】イヤよ‥‥あぁぁ、イヤよ‥‥。	
17666	D1:7948:03564	1	대사	【カイル】なかなか‥‥これはこれで‥‥面白いぜ‥‥‥‥。	
17667	D1:7948:035A8	1	대사	【マコト】か、カイル‥‥？	
17668	D1:7948:035E2	1	대사	【マコト】カイル、冗談はやめて‥‥目をあけてよ。	
17669	D1:7948:03632	1	대사	【マコト】（う、嘘‥‥‥‥。）	
17670	D1:7948:03654	1	대사	【マコト】（誰もが、私を置いていってしまう‥‥。）	
17671	D1:7948:0368A	1	대사	【マコト】（レイコも‥‥アルも‥‥そしてカイルも‥‥。）	
17672	D1:7948:036C6	1	대사	【マコト】（もう涙も出ない‥‥‥‥泣けもしない‥‥‥‥。）	
17673	D1:7948:03704	1	대사	【マコト】うっ‥‥‥‥くぅ‥‥‥‥カイル‥‥‥‥。	
17674	D1:7948:0374E	1	대사	【シェリル】イズミさん、カイルのことを‥‥。	
17675	D1:7948:03786	1	대사	【マコト】いいの、もう‥‥それよりも、装置制御の方が先よ。	
17676	D1:7948:037EC	1	대사	【マコト】憂いたり、悔しがったり、残念がったりするのは、	
17677	D1:7948:03828	1	대사	【マコト】やるべきことを全てやった人が行えること。	
17678	D1:7948:03884	1	대사	【マコト】フフ、これは教授の弁だけどね。でも今はその心境で、事態に対処するわ。	
17679	D1:7948:038D6	1	대사	ピピッ、ピピッ。	
17680	D1:7948:038F2	1	대사	【シルビア】『こちら格納庫‥‥ヘリが離陸していったけど‥‥いったいどうなってるの？』	
17681	D1:7948:03952	1	대사	【マコト】シルビア、あなたはもう最終便で脱出なさい。	
17682	D1:7948:0398A	1	대사	【シルビア】『じょ、冗談。アルがまだ来ていないじゃないか。アルはどうしたんだよ！』	
17683	D1:7948:039E8	1	대사	【マコト】アルは‥‥わからないわ。	
17684	D1:7948:03A0E	1	대사	【シルビア】『わからないって、どういうこと？』	
17685	D1:7948:03A48	1	대사	【マコト】死んだかどうかは、わからない。	
17686	D1:7948:03A74	1	대사	【シルビア】『なんだよそれは！{n00}死んだかもしれないってこと！？』	
17687	D1:7948:03AC0	1	대사	【マコト】わからないから、そう言ったの！	
17688	D1:7948:03AEC	1	대사	【シルビア】『お、俺は‥‥アルが来るまでここで待ってるぜ。絶対にな』	
17689	D1:7948:03B3C	1	대사	【マコト】わかったわ‥‥すぐに脱出できるよう準備を進めていて頂戴。	
17690	D1:7948:03B82	1	대사	【シルビア】『了解！』	
17691	D1:7948:03BA4	1	대사	【マコト】シェリル、あなたは‥‥。	
17692	D1:7948:03BCA	1	대사	【シェリル】お手伝いします。ここまできたら、一蓮托生です。	
17693	D1:7948:03C10	1	대사	【マコト】フフ、そうね‥‥装置制御のためのデータは？	
17694	D1:7948:03C48	1	대사	【シェリル】教授が算出されたデータは不明です‥‥それがなければ制御は‥‥。	
17695	D1:7948:03C9E	1	대사	【マコト】どうしようもないわね‥‥。	
17696	D1:7948:03CC6	1	대사	【シェリル】ディスクをダンプして解析していくのは？	
17697	D1:7948:03D04	1	대사	【マコト】解析するには時間がなさすぎる‥‥。	
17698	D1:7948:03D34	1	대사	【エレナ】マコト、シェリル‥‥‥‥。	
17699	D1:7948:03D6A	1	대사	【マコト】エレナ‥‥‥‥シェリル、看てあげて。	
17700	D1:7948:03DBE	1	대사	【エレナ】私、こんなことで罪を償おうとは思っていないわ‥‥でも、でも‥‥。	
17701	D1:7948:03E14	1	대사	【シェリル】頭部に裂傷がありますが、致命傷ではなさそうです。	
17702	D1:7948:03E5C	1	대사	【エレナ】フフ、自分の診断くらいできるわ‥‥。	
17703	D1:7948:03E96	1	대사	【マコト】エレナ、今はしゃべらない方がいいわ。	
17704	D1:7948:03EC8	1	대사	【エレナ】聞かせたいのよ‥‥この装置がＤＮＡの塩基構造を、	
17705	D1:7948:03F10	1	대사	【エレナ】ダイナミックに組み替えられることは、知っていたでしょう？	
17706	D1:7948:03F60	1	대사	【マコト】えぇ‥‥。	
17707	D1:7948:03F78	1	대사	【エレナ】ドクターはね、この装置による究極の進化を模索していたの‥‥。	
17708	D1:7948:03FCA	1	대사	【マコト】進化？	
17709	D1:7948:03FDE	1	대사	【エレナ】そう‥‥いつかここで男性職員が変態して死んだ‥‥	
17710	D1:7948:04026	1	대사	【エレナ】そして、レイコさん、彼女も同様に‥‥。	
17711	D1:7948:04064	1	대사	【マコト】あ、あれはこの装置のせいなの‥‥。	
17712	D1:7948:04094	1	대사	【エレナ】ドクターは、あれこそが人間本来あるべき姿だとおっしゃっていたわ。	
17713	D1:7948:040EC	1	대사	【エレナ】あれこそが進化した究極の人間なのだと‥‥。	
17714	D1:7948:0412E	1	대사	【マコト】そ、そんな‥‥アレが！？	
17715	D1:7948:04154	1	대사	【エレナ】生体兵器開発は、あくまで２次的な副産物でしかない。	
17716	D1:7948:0419E	1	대사	【エレナ】ドクターは純粋に知的探求として人間の進化形態を模索していた‥‥。	
17717	D1:7948:041F6	1	대사	【マコト】フフ、知的探求心‥‥もっともエゴイスティックな欲望ね。	
17718	D1:7948:0423A	1	대사	【エレナ】ドクターの口癖だったわ‥‥	
17719	D1:7948:0426C	1	대사	【エレナ】科学の発展の為に安っぽいヒューマニズムなど害悪でしかないと‥‥。	
17720	D1:7948:042C4	1	대사	【マコト】ステラ教授も‥‥彼女も同じ意見だったの？	
17721	D1:7948:042FA	1	대사	【エレナ】わからないわ‥‥あの人は不可解な部分が多すぎる‥‥。	
17722	D1:7948:04360	1	대사	【エレナ】フフ、イズミさん、私がいま幾つかわかる？	
17723	D1:7948:043B6	1	대사	【エレナ】私はいま、４０を過ぎているわ‥‥。	
17724	D1:7948:043EE	1	대사	【マコト】そ、そんな‥‥信じられない！	
17725	D1:7948:04418	1	대사	【エレナ】本当よ。花に群がるハチのように、多くの女性たちが私たちに群がってきた。	
17726	D1:7948:04476	1	대사	【エレナ】ドクターはそれを巧みに利用していたわ‥‥。	
17727	D1:7948:044B8	1	대사	【マコト】ま、まさか‥‥クリスのこと‥‥！？	
17728	D1:7948:044E8	1	대사	【エレナ】そうね、若さや一時的な快楽を求める女性は、後を絶たない。	
17729	D1:7948:04538	1	대사	【エレナ】実験サンプルには事欠かなかった‥‥。	
17730	D1:7948:04590	1	대사	【エレナ】だけど、あの子、ティーナだけは別だったわ‥‥。	
17731	D1:7948:045D4	1	대사	【マコト】ティーナ？	
17732	D1:7948:045EC	1	대사	【エレナ】彼女は特異な体質を持っていた。	
17733	D1:7948:04622	1	대사	【エレナ】ドクターは非常に興味を抱いていたわ‥‥私を放っておくくらいの‥‥。	
17734	D1:7948:0467C	1	대사	【シェリル】まさか、ティーナをさらったりしたのは‥‥。	
17735	D1:7948:046BE	1	대사	【エレナ】フフ、私はあの子に嫉妬していたのね。	
17736	D1:7948:046FA	1	대사	【エレナ】あの子さえいなければと、強く思った‥‥。	
17737	D1:7948:04774	1	대사	【エレナ】くっ‥‥‥‥。	
17738	D1:7948:04798	1	대사	【マコト】あっ‥‥シェリル！	
17739	D1:7948:047D6	1	대사	【エレナ】いいの、大丈夫よ‥‥ステラ教授が算出したデータを教えるわ‥‥。	
17740	D1:7948:04840	1	대사	【シェリル】方程式の解が‥‥。	
17741	D1:7948:0486A	1	대사	【エレナ】ドクターが持っていたディスクのバックアップよ‥‥これを‥‥‥‥うっ。	
17742	D1:7948:048C4	1	대사	【シェリル】エレナさん！	
17743	D1:7948:048E8	1	대사	【マコト】‥‥大丈夫なの？	
17744	D1:7948:04910	1	대사	【シェリル】気を失いました‥‥でも、命に別状はありません。	
17745	D1:7948:04956	1	대사	【マコト】そう、よかったわ‥‥‥‥シェリル。	
17746	D1:7948:049A4	1	대사	【マコト】あなたはもう格納庫へ向かってちょうだい。	
17747	D1:7948:049DA	1	대사	【シェリル】いえ、ここで最後まで‥‥。	
17748	D1:7948:04A0C	1	대사	【マコト】ダメよ、ここはもう危険なの。わかるでしょう？	
17749	D1:7948:04A46	1	대사	【シェリル】私‥‥私、アルバートさんが死んだとは思いたくない。彼はまだ‥‥。	
17750	D1:7948:04A9E	1	대사	【マコト】シェリル、あなた‥‥。	
17751	D1:7948:04AC2	1	대사	【シェリル】ごめんなさい、イズミさん。私‥‥。	
17752	D1:7948:04AFC	1	대사	【マコト】謝る必要なんてないのよ。フフ、あいつって結構やるわね。	
17753	D1:7948:04B40	1	대사	【シェリル】アルバートさんは、素晴らしい人だと思います。	
17754	D1:7948:04B84	1	대사	【マコト】どうかしら‥‥‥‥でもね、エレナがいるのよ。	
17755	D1:7948:04BBE	2	대사	【シェリル】あっ‥‥‥‥。	
17756	D1:7948:04BE4	1	대사	【マコト】彼女は死なせたくないわ‥‥エレナを連れていって頂戴。	
17757	D1:7948:04C26	1	대사	【シェリル】ですが‥‥‥‥。	
17758	D1:7948:04C4E	1	대사	【マコト】時間がないわ、早く！	
17759	D1:7948:04C70	1	대사	【シェリル】わ、わかりました。	
17760	D1:7948:04CA4	1	대사	【マコト】フフ、相変わらず活発ね、アル‥‥‥‥。	
17761	D1:7948:04CD8	1	대사	【マコト】でも、何だか安堵のような感覚も抱いてしまう‥‥なぜかしら、フフフ。	
17762	D1:7948:04D28	1	대사	【マコト】シェリル、一途だわ‥‥	
17763	D1:7948:04D4C	1	대사	【マコト】彼女を泣かすようなことをしたら、ただじゃおかないわよ、アル。	
17764	D1:7948:04D96	1	대사	【マコト】もっとも、生きていたなら‥‥だけど‥‥。	
17765	D1:7948:04DE8	1	대사	【マコト】さっ、研究室へ戻って、反応装置の制御をしなくては‥‥。	
17766	D1:7948:04E2C	1	대사	【マコト】エレナからもらった、このディスクを利用すれば、あるいは‥‥。	
17767	D1:7948:04EA8	1	대사	【マコト】もはや装置の暴走は止められないのかもしれない‥‥。	
17768	D1:7948:04EF2	2	대사	【マコト】ここは装置の内部‥‥。	
17769	D1:7948:04F16	2	대사	【マコト】不気味な色と音が、不快感を増していくわ。	
17770	D1:7948:04FDE	1	대사	【マコト】あら、シェリル。	
17771	D1:7948:04FFC	1	대사	【マコト】（制御室担当の女性だわ。まだ確か２０歳そこそこということだったけど‥。）	
17772	D1:7948:05052	1	대사	【マコト】（でも、数学や物理学のドクターを保有している才媛だわ。）	
17773	D1:7948:05098	1	대사	【シェリル】イズミさん、どうなさったんですか？　お顔の色が優れないようですけど‥‥。	
17774	D1:7948:050F8	1	대사	【マコト】えっ、そ、そうかしら‥‥ほら、装置室の中じゃない、だからよ。	
17775	D1:7948:05142	1	대사	【シェリル】そうですね。フフ、私ったら。	
17776	D1:7948:05176	1	대사	【マコト】シェリルもなかなか大変そうね。	
17777	D1:7948:051A2	1	대사	【シェリル】はい、もうすぐこの研究が完成すると聞いて、	
17778	D1:7948:051E6	1	대사	【シェリル】正直言ってどうなるのかと心配なんです。	
17779	D1:7948:05226	1	대사	【マコト】心配？	
17780	D1:7948:0523A	1	대사	【シェリル】はい‥‥あっ、心配と言っても悪い意味ではなくて‥‥。	
17781	D1:7948:052A2	1	대사	【シェリル】話によると、歴史的な大偉業になるかもしれないって‥‥。	
17782	D1:7948:052F2	1	대사	【シェリル】そんな場に、私なんかが居合わせていいのかなって。	
17783	D1:7948:0533C	1	대사	【マコト】フフ、シェリルはこの場に相応しい人材だと思うわ。安心なさい。	
17784	D1:7948:05386	1	대사	【シェリル】ありがとうございます。	
17785	D1:7948:053B4	1	대사	【マコト】ここのチェックは私がやるわ。シェリルは制御エリアへ‥‥{s00}あら？	
17786	D1:7948:0541E	1	대사	【マコト】シェリル、あなた、またここに泊まったでしょう？	
17787	D1:7948:0545A	1	대사	【シェリル】わ、わかるんですか？	
17788	D1:7948:05486	1	대사	【マコト】唇の色が、昨日と同じよ。	
17789	D1:7948:054D2	1	대사	【マコト】ちゃんと宿舎に戻って寝ないと、ダメだって言っているのに。	
17790	D1:7948:05518	1	대사	【シェリル】ご、ごめんなさい‥‥装置の演算処理に手間取ってしまいまして‥‥。	
17791	D1:7948:05570	1	대사	【マコト】とりあえず、シャワーでも浴びてスッキリしてらっしゃい。	
17792	D1:7948:055B4	1	대사	【マコト】その後でキーディスクのバックアップをして、今日はあがって構わないわ。	
17793	D1:7948:05628	1	대사	【マコト】これは技術主任としての命令。いい？	
17794	D1:7948:056AA	1	대사	【マコト】物事に没頭しやすいタイプなのかも知れないわね。	
17795	D1:7948:056E6	1	대사	【マコト】それはそれでいいのだけど、度が過ぎると、少し問題があるかもしれないわ。	
17796	D1:7948:05744	1	대사	【マコト】な、何て明るいの‥‥‥‥。	
17797	D1:7948:0576C	1	대사	【マコト】装置自体が発光しているかのよう‥‥。	
17798	D1:7948:0579E	1	대사	ピシピシ‥‥{n00}ドカーン！！！！{w00}{k00}	
17799	D1:7948:057E4	1	대사	【マコト】どうしたの‥‥‥‥{n00}何なの！？	
17800	D1:7948:05810	1	대사	【マコト】ま、まさかもう臨界点を突破したのでは‥‥！？	
17801	D1:7948:0584A	1	대사	【シェリル】『イズミさん、今のカミナリみたいな音は、いったい何ですか！？』	
17802	D1:7948:058A0	1	대사	【マコト】シェリル‥‥わからないの、そちらに異状は？	
17803	D1:7948:058D8	1	대사	【シェリル】『ありません‥‥あっ、もう非常事態なんですけ{n00}ど、』	
17804	D1:7948:05926	1	대사	【シェリル】『非常事態に変わりはないということです‥‥』	
17805	D1:7948:05972	1	대사	【マコト】何だったの‥‥‥‥{n00}{s00}あっ！！	
17806	D1:7948:0599E	1	대사	【マコト】こ、コンソールパネルのところに‥‥人！？	
17807	D1:7948:059D4	1	대사	【マコト】まさか‥‥‥‥アル！？	
17808	D1:7948:059FE	1	대사	【マコト】あ、アル！？	
17809	D1:7948:05A18	1	대사	【マコト】うそ‥‥アル！　あなたなの‥‥アル！？	
17810	D1:7948:05B46	1	대사	【アル】おっ、小じわが増えてないな、感心感心‥‥。	
17811	D1:7948:05B84	1	대사	【マコト】何を言っているのよ！	
17812	D1:7948:05BA6	1	대사	【マコト】さっき‥‥さっきあなたを助けたばかりじゃないの。大丈夫なの、本当に‥‥？	
17813	D1:7948:05D42	1	대사	【マコト】いえ、落ちたように見えたのね‥‥。	
17814	D1:7948:05EE0	1	대사	【アル】なっ‥‥彼って‥‥奴にどうかされたのか！？	
17815	D1:7948:05F1E	1	대사	【マコト】（ティーナは‥‥恐らくもう‥‥。）	
17816	D1:7948:05F4E	1	대사	【マコト】（ここから落ちたら、もう生きてはいないわ‥‥。）	
17817	D1:7948:06044	1	대사	【アル】その‥‥誰もいない《デザイア》で、俺と一緒に‥‥。	
17818	D1:7948:0608A	1	대사	【マコト】誰もいない《デザイア》？　アルと一緒に‥‥？	
17819	D1:7948:063A4	1	대사	【マコト】教授のデータを使用しても、装置を停止させるには至らなかった‥‥。	
17820	D1:7948:064FA	1	대사	【マコト】なぜ‥‥なぜそんなに悠然としていられるの？	
17821	D1:7948:065B8	1	대사	【マコト】（色々なことって‥‥どんなことなのかしら‥‥。）	
17822	D1:7948:065F6	1	대사	【アル】でも、そう悲観するもんじゃないぜ。まだなんとかなりそうな予感もするんだ。	
17823	D1:7948:06654	1	대사	【アル】なんとなく、だがな。	
17824	D1:7948:066F0	1	대사	【マコト】シェリルだわ。彼女はいま、向こうで制御を行っているはず‥‥。	
17825	D1:7948:06796	1	대사	【アル】だそうだぜ、ん？	
17826	D1:7948:067DE	1	대사	ガチャ	
17827	D1:7948:068F8	1	대사	【マコト】まっ！（もう、見せつけてくれるじゃない‥‥シェリルったら。）	
17828	D1:7948:06AB6	1	대사	【マコト】し、シルビア‥‥！？{n00}（あなたまで‥‥もう大変だわ。）	
17829	D1:7948:06AFA	1	대사	【シルビア】イズミさん、脱出の準備はもう‥‥‥‥{n00}あっ、アル！！	
17830	D1:7948:06C38	1	대사	【アル】おぉい、泣き出すなよ、こんなところで。	
17831	D1:7948:06C72	1	대사	【シルビア】な、泣きやしないよ！　でも‥‥‥‥{s00}あぁっ！	
17832	D1:7948:06DAA	1	대사	【マコト】（フフ、２人ともアルのことを‥‥‥‥）	
17833	D1:7948:06DDE	1	대사	【マコト】（いい気味ね、アル、もっと困りなさい！）	
17834	D1:7948:06E14	1	대사	【マコト】（でも良かったわ‥‥本当に‥‥。）	
17835	D1:7948:06E44	1	대사	【マコト】（全てが、いい方向に向かっているのかしら‥‥。）	
17836	D1:7948:06E82	1	대사	【マコト】（ううん、いい方向だなんて‥‥口が裂けても言えないわ。）	
17837	D1:7948:06EC8	1	대사	【マコト】（最悪の事態は避けられた、というところかしらね。）	
17838	D1:7948:06F08	1	대사	【マコト】（犠牲はあまりに大きい‥‥。）	
17839	D1:7948:06F34	1	대사	【マコト】（ステラ教授‥‥あなたは私に何を言おうとしたんですか？）	
17840	D1:7948:06F7A	1	대사	【マコト】（私に託したＩＣカードには、何がメモリーされているんですか？）	
17841	D1:7948:06FEA	1	대사	【マコト】（‥フフ、そうよね。それをこれから調べるのよ。）	
17842	D1:7948:07028	1	대사	【マコト】（これからなんだわ、私にとっては‥‥。）	
17843	D1:7948:0707E	1	대사	【マコト】（カイル‥‥‥‥。）	
17844	D1:7948:070A0	1	대사	【マコト】（私、やるわ。この装置を自分で‥‥‥‥。）	
17845	D1:7948:070D8	1	대사	【マコト】（自分の手でこの研究理論を成就させてみせる‥‥私が‥‥。）	
17846	D1:7948:07120	1	대사	【アル】ふぅ‥‥‥‥なんだよ、マコト。	
17847	D1:7948:0727A	1	대사	■２　ＹＥＡＲＳ　ＬＡＴＥＲ・・・・・{w00}{k00}	
17848	D1:7948:072AE	1	대사	【マコト】あれから２年の歳月が流れた‥‥‥‥。{w04}{k00}	
17849	D1:7948:072E4	1	대사	【マコト】長いようで、短い期間だったわ。{w04}{k00}	
17850	D1:7948:07314	1	대사	【マコト】フフ、私にとっては、仕事漬けの２年間ね。{w04}{k00}	
17851	D1:7948:0734E	1	대사	【マコト】そして、私がステラ教授に追いつくための準備期間‥‥。{w05}{k00}	
17852	D1:7948:07394	4	대사	【マコト】‥‥‥‥‥‥‥‥。{w02}{k00}	
17853	D1:7948:073C6	1	대사	【マコト】《デザイア》‥‥‥‥。{w04}{k00}	
17854	D1:7948:073EE	1	대사	【マコト】あの事件は、結局人の目に触れることはなかった‥‥。{w04}{k00}	
17855	D1:7948:07432	1	대사	【マコト】アルが記事にしなかったのね‥‥何故かしら、彼の好きな特ダネなのに‥‥。{w06}{k00}	
17856	D1:7948:0748A	1	대사	【マコト】彼が新聞社を退社したのは、もうずいぶん後になってから聞いたわ。{w06}{k00}	
17857	D1:7948:074DA	1	대사	【マコト】それまで、何度か手紙のやりとりをしたのだけど‥‥。{w04}{k00}	
17858	D1:7948:0751E	1	대사	【マコト】私も、そして彼も忙しかったのね‥‥今はもう疎遠になっている‥‥。{w05}{k00}	
17859	D1:7948:07570	1	대사	【マコト】風の噂では、世界中を飛び回っているとか。たくましいわよね。{w05}{k00}	
17860	D1:7948:075BC	1	대사	【マコト】何でも腕のいい助手が２人もついたって‥‥もう、どうなっても知らないわよ。{w06}{k00}	
17861	D1:7948:0763A	1	대사	【マコト】《デザイア》はあれから閉鎖された。{w04}{k00}	
17862	D1:7948:0766E	1	대사	【マコト】あの装置を扱える人が、誰１人としていなかったのね‥‥。{w04}{k00}	
17863	D1:7948:076B6	1	대사	【マコト】今となっては、ステラ教授が何を研究していたのかも、わかっていない。{w06}{k00}	
17864	D1:7948:0770A	1	대사	【マコト】わかっているのは、生物兵器に応用の可能性がある、ということだけ‥‥。{w06}{k00}	
17865	D1:7948:07760	1	대사	【マコト】だけど、解体はされていない。まだ《デザイア》はあるのよ‥‥。{w05}{k00}	
17866	D1:7948:077AE	1	대사	【マコト】そして、あの装置も‥‥‥‥。{w03}{k00}	
17867	D1:7948:077DC	1	대사	【マコト】私は研究し、勉強し、ステラ教授の開発論理に追いつこうとしている。{w05}{k00}	
17868	D1:7948:0782E	1	대사	【マコト】知的探求心という、己のエゴイズムのため‥‥。{w04}{k00}	
17869	D1:7948:0786C	1	대사	【マコト】そしてようやく８割ほど、あの装置の姿が見えてきた‥‥。{w05}{k00}	
17870	D1:7948:078B4	1	대사	【マコト】８割というのは僭越かしら。でも、半分以上はわかってきたと思うわ‥‥。{w06}{k00}	
17871	D1:7948:0790A	1	대사	【マコト】ステラ教授は兵器開発などというものを否定されていた。{w06}{k00}	
17872	D1:7948:07950	1	대사	【マコト】今になって、それがわかる。{w06}{k00}	
17873	D1:7948:0797C	1	대사	【マコト】私は反応装置が、単なる軍事兵器開発のみの用途では無いことを知っている。{w06}{k00}	
17874	D1:7948:079D4	1	대사	【マコト】ＤＮＡの構造を組み替えるというのは、{w06}{k00}	
17875	D1:7948:07A0A	1	대사	【マコト】ごくごく表面的な機能に過ぎなかった‥‥。{w06}{k00}	
17876	D1:7948:07A44	1	대사	【マコト】むしろ、副産物と言えるかもしれないわ。{w04}{k00}	
17877	D1:7948:07A7C	1	대사	【マコト】あれは数年前、教授自ら発表された‥‥‥‥。{w04}{k00}	
17878	D1:7948:07AB8	1	대사	【マコト】学会では冷笑され、論文は誰も刮目して見ようとしなかった、{w05}{k00}	
17879	D1:7948:07B02	1	대사	【マコト】あの超次元理論‥‥‥‥。{w05}{k00}	
17880	D1:7948:07B50	1	대사	【マコト】だけど‥‥‥‥‥‥。{w02}{k00}	
17881	D1:7948:07B76	1	대사	【マコト】だけど、なぜあの装置が必要なのかは、全くわかっていないわ‥‥。{w05}{k00}	
17882	D1:7948:07BC6	1	대사	【マコト】なぜ、ステラ教授が《デザイア》において、研究をされていたのか‥‥。{w05}{k00}	
17883	D1:7948:07C1A	1	대사	【マコト】もしかしたら、私と同じ、純粋な知的探求心なのかもしれない‥‥。{w05}{k00}	
17884	D1:7948:07C6A	1	대사	【マコト】己の理論の正当性を確認するため‥‥？{w04}{k00}	
17885	D1:7948:07CA0	1	대사	【マコト】今となっては、全てが想像の域を逸脱しないわ。{w04}{k00}	
17886	D1:7948:07D02	1	대사	【マコト】私は、ついに《デザイア》へ赴任することになった。{w04}{k00}	
17887	D1:7948:07D44	1	대사	【マコト】財団側が、私の実績と才能を認めてくれたのね‥‥{w06}{k00}	
17888	D1:7948:07D84	1	대사	【マコト】私は、《デザイア》の総監督して赴任する。{w06}{k00}	
17889	D1:7948:07DBE	1	대사	【マコト】そしてステラ教授のやりたかったことを、この目で確認するの‥‥。{w05}{k00}	
17890	D1:7948:07E0E	1	대사	【マコト】私はやるわ‥‥私自身のために‥‥。{w04}{k00}	
17891	D1:7948:07E42	1	대사	【マコト】そして、それが恐らく、私の運命‥‥‥‥‥‥。{w06}{k00}	
17892	D1:7948:07E94	1	대사	【マコト】さっ、私のするべきことをやってしまいましょう。	
17893	D1:7948:07EEA	1	선택지	　制御する	
17894	D1:7948:07EF6	1	대사	【マコト】落ちついて考えるのよ、制御する方法はあるはずだわ‥‥。	
17895	D1:7948:07F3A	1	대사	【マコト】悠長に見ている暇はないわよ。	
17896	D1:7948:07F64	1	대사	【マコト】早く装置を制御してしまいましょう。	
17897	D1:7948:07F94	1	대사	【マコト】エレナからもらったデータディスク‥‥。	
17898	D1:7948:07FC8	1	대사	【マコト】これを使えば、あるいは装置の制御ができるかもしれない。	
17899	D1:7948:08026	1	대사	【マコト】今ここから逃げ出しても同じよ‥‥。	
17900	D1:7948:08056	1	대사	【マコト】だったら、最後まであきらめないでやった方がマシだわ。	
17901	D1:7948:08098	1	대사	【マコト】さっ、装置を制御してしまいましょう。	
17902	D1:7948:080CA	1	대사	【マコト】冗談言わないで。今逃げ出してしまったら、今までのことが全部水の泡よ。	
17903	D1:7948:0811C	1	대사	【マコト】私がやらなくちゃならないんだわ。	
17904	D1:7948:0814A	1	대사	【マコト】そうだわ、装置室へ行ってみる必要がある‥‥。	
17905	D1:7948:08184	1	대사	【マコト】オブジェクト確認っていったい‥‥？	
17906	D1:7948:081B4	1	대사	【マコト】今は装置室に行く必要はないわ。	
17907	D1:7948:081E0	1	대사	【マコト】制御は外の制御ルームから行うわ。	
17908	D1:7948:0820E	1	대사	【マコト】後で、直接操作しなくてはならない時に行きましょう。	
17909	D1:7948:0824E	1	대사	【マコト】ここの制御はシェリルにまかせるわ。	
17910	D1:7948:0827E	1	대사	【シェリル】はい、任されます。	
17911	D1:7948:082A8	1	대사	【マコト】そうよ、やってみる価値はあるわ。このカードを使って‥‥。	
17912	D1:7948:0831A	1	대사	【マコト】お守りの中にメッセージなんて‥‥	
17913	D1:7948:08348	1	대사	【マコト】教授は、この状況を想定していたのかしら‥‥。	
17914	D1:7948:08382	1	대사	【マコト】教授がいれば、こんなことには‥‥。	
17915	D1:7948:083B2	1	대사	【マコト】わからないわ‥‥なぜ、こんなことをしたのかしら‥‥。	
17916	D1:7948:083F4	1	대사	【マコト】でも、何なの‥‥このデータは‥‥。	
17917	D1:7948:08424	1	대사	【マコト】ものすごい早さでデータがインプットされていく‥‥いったい何のデータ‥‥？	
17918	D1:7948:0847A	3	대사	ピピピ‥‥‥‥ピッ。	
17919	D1:7948:084A0	1	대사	【マコト】レスポンスが返ってきた‥‥データ一致！　やったわ‥‥。	
17920	D1:7948:084EA	1	대사	【声】装置制御は不能になりました。危険です、職員は待避して下さい。	
17921	D1:7948:08530	1	대사	【マコト】な、何ですって！？　どういうことよ！	
17922	D1:7948:08562	1	대사	【声】臨界点までのカウントダウンを開始します。危険です、	
17923	D1:7948:0859E	1	대사	【声】職員は待避して下さい。臨界点突破まであと６２０秒‥‥。	
17924	D1:7948:085DE	1	대사	【マコト】間に合わなかった‥‥？	
17925	D1:7948:08602	1	대사	【マコト】何よ、機械のくせに。{n00}データは一致したじゃないの！！	
17926	D1:7948:08644	1	대사	【マコト】どうするのよ、バカ！	
17927	D1:7948:08666	1	대사	ピーーーーー。	
17928	D1:7948:08680	1	대사	【マコト】な、なに‥‥ば、バカと言ったのは謝るわ‥‥。	
17929	D1:7948:086C0	1	대사	【マコト】えっ？　何かしら‥‥この表示は初めて見る‥‥。	
17930	D1:7948:086FC	1	대사	【マコト】『装置内にオブジェクトを確認』？	
17931	D1:7948:0872A	1	대사	【マコト】‥‥いったい何よ、{n00}これ！？	
17932	D1:7948:08754	1	대사	【マコト】装置内に‥‥いったい何が‥‥？	
17933	D1:7948:087AE	2	대사	【マコト】シェリル‥‥‥‥。	
17934	D1:7948:087CE	1	대사	【シェリル】フフ、来ちゃった。	
17935	D1:7948:087F8	1	대사	【マコト】来ちゃったって、あなた‥‥。	
17936	D1:7948:08822	1	대사	【シェリル】私も、最後までやってみたいんです。	
17937	D1:7948:0885C	1	대사	【マコト】シェリル‥‥‥‥{n00}エレナは？	
17938	D1:7948:08886	1	대사	【シェリル】エレナさんは、最終便で、すでにここを脱出しました。	
17939	D1:7948:088D0	1	대사	【マコト】そう‥‥{n00}シルビアも一緒に？	
17940	D1:7948:088FA	1	대사	【シェリル】彼女は‥‥残ると言って‥‥。	
17941	D1:7948:0892E	1	대사	【マコト】そう、でも‥‥言いにくいけど、あなた達の気持ちは無駄になってしまうわ。	
17942	D1:7948:08982	1	대사	【声】臨界点まであと５００秒‥‥。	
17943	D1:7948:089A8	1	대사	【マコト】という訳よ‥‥ごめんなさい。	
17944	D1:7948:089D2	1	대사	【シェリル】はい、さっきの警告音声は聞きました。	
17945	D1:7948:08A0E	1	대사	【マコト】そう‥‥フフ、シェリル、あなた屈託がないわね。	
17946	D1:7948:08A4A	1	대사	【シェリル】多分、何も考えていないからだと思います。	
17947	D1:7948:08A8A	1	대사	【マコト】ウソ、アルのことを考えているんでしょう？	
17948	D1:7948:08AC0	1	대사	【シェリル】クスクスッ、実はそうです。アルバートさんのことしか考えていません。	
17949	D1:7948:08B3A	1	대사	【シェリル】やりましょう、イズミさん‥‥まだ、時間はあります。	
17950	D1:7948:08B84	1	대사	【マコト】シェリル、ここの制御をお願いするわ。	
17951	D1:7948:08BB6	1	대사	【マコト】私は装置室で確認したいことがあるの‥‥。	
17952	D1:7948:08BEC	1	대사	【シェリル】はい、それは構いませんが‥このオブジェクト確認のメッセージはなんですか？	
17953	D1:7948:08C4C	1	대사	【マコト】だから、その確認よ。	
17954	D1:7948:08C8C	1	대사	【マコト】どうしたらいいのよ‥‥このままでは装置は‥‥。	
17955	D1:7948:08CC8	1	대사	【マコト】あぁ、神様‥‥。	
17956	D1:7948:08D02	1	대사	【マコト】フフ、困ったときの神頼みよね。普段は無神論者のくせに‥‥。	
17957	D1:7948:08D4A	1	대사	【マコト】教授だったらどうされるかしら‥‥？	
17958	D1:7948:08D7A	1	대사	【マコト】あの人は、冷静に対処するんでしょうね。私なんかと違って‥‥。	
17959	D1:7948:08DE0	1	대사	【マコト】そうだわ、教授から戴いたお守りがあった‥‥	
17960	D1:7948:08E18	1	대사	【マコト】フフ、これに祈ってみるのも１つの手よね。	
17961	D1:7948:08E4E	1	대사	【マコト】確か、恋人と別れ別れになったときに効果があるお守り‥‥。	
17962	D1:7948:08E94	1	대사	【マコト】アルとは別れ別れになってるから、祈れば効果があるかも‥‥。	
17963	D1:7948:08EF8	1	대사	【マコト】でも、やけに堅いわ‥‥何かのカードでも入っているのかしら。	
17964	D1:7948:08F40	1	대사	【マコト】カード‥‥？	
17965	D1:7948:08F76	1	대사	【マコト】お守りというのは中を見ると意味がないと言うけど‥‥。	
17966	D1:7948:08FB8	1	대사	【マコト】フフ、こんなことをやっている場合じゃないのにね。	
17967	D1:7948:08FF6	1	대사	【マコト】中には何が入っているのかしら。	
17968	D1:7948:09022	1	대사	【マコト】あっ‥‥‥‥ＩＣカード？	
17969	D1:7948:09050	1	대사	【マコト】な、何‥‥これは‥‥。	
17970	D1:7948:09074	1	대사	【マコト】手紙も添えてあるわ‥‥何て書いてあるのかしら。	
17971	D1:7948:090B0	1	대사	『あなたに託します‥‥‥‥マルチナ』	
17972	D1:7948:090E0	1	대사	【マコト】どういうこと‥‥託すって‥‥？	
17973	D1:7948:0910C	1	대사	【マコト】まさか、{n00}このカードに‥‥？	
17974	D1:7948:09136	1	대사	【マコト】そんな馬鹿なこと‥‥‥‥。	
17975	D1:7948:0917A	1	대사	【マコト】今は何にでもすがりたい心境よ、やってみる価値はあるわ。	
17976	D1:7948:091BE	1	대사	【マコト】エレナがくれたディスクは使えない‥‥。	
17977	D1:7948:091F2	1	대사	【マコト】どうしたらいいのかしら。	
17978	D1:7948:09218	1	대사	【マコト】エレナがダミーを渡す可能性は低いわ‥‥。	
17979	D1:7948:0924E	1	대사	【マコト】ドクターも、正しいデータを手に入れていなかったということ？	
17980	D1:7948:09296	1	대사	【マコト】でも、だったらどこに正しい解があるというの‥‥。	
17981	D1:7948:092D4	1	대사	【マコト】わからないわ‥‥‥‥。	
17982	D1:7948:092F8	1	대사	【マコト】そうね、エレナからもらったこのディスクをもとに、データを算出すれば‥‥。	
17983	D1:7948:0934E	1	대사	【マコト】データを制御ディスクへ{n00}インプットする、	
17984	D1:7948:09384	1	대사	【マコト】しかる後、装置の管理を制御ディスク下へ‥‥。	
17985	D1:7948:093BE	1	대사	【マコト】うまくいくのかしら‥‥‥‥ううん、ここで迷っている暇はない‥‥。	
17986	D1:7948:09430	1	대사	【マコト】あとは運を天に任せて‥‥でも、神頼みなんてステラ教授に怒られるかもね‥‥。	
17987	D1:7948:09488	1	대사	【マコト】しかしもう、打つべき手はすべてやったわ。これでダメだったら‥‥。	
17988	D1:7948:094F6	1	대사	【マコト】来たわ‥‥‥‥で、データ不一致？	
17989	D1:7948:09524	1	대사	【マコト】なによ、どういうこと！？　ちゃんと私は入力したわ。	
17990	D1:7948:09564	1	대사	【マコト】ま、間違いかもしれない、もう１度‥‥。	
17991	D1:7948:095BA	1	대사	【マコト】そうよ、何かの間違いに違いないわ‥‥。	
17992	D1:7948:095EE	1	대사	【マコト】あの状況でエレナが私にダミーを渡すなんこと、あり得ない‥‥。	
17993	D1:7948:09638	1	대사	【マコト】でも死ぬなら、皆を道連れにって考えたのかも‥‥。	
17994	D1:7948:09676	1	대사	【マコト】違うわ、あそこでダミーを渡してどうなるの？	
17995	D1:7948:096AE	1	대사	【マコト】死ぬつもりなら、何もしなければいいのよ。	
17996	D1:7948:096E4	1	대사	【マコト】だけど‥‥‥‥。	
17997	D1:7948:09722	1	대사	【マコト】来たわ‥‥‥‥同じ、データ不一致‥‥。	
17998	D1:7948:09756	1	대사	【マコト】あぁ、どうすればいいの‥‥‥‥。	
17999	D1:7948:0979E	1	대사	【マコト】反応装置は不気味に稼働しているわ‥‥。	
18000	D1:7948:097D2	1	대사	【マコト】ステラ教授の研究の成果が‥‥。	
18001	D1:7948:097FE	1	대사	【マコト】装置が暴走したときどういう事態になるのか、	
18002	D1:7948:09836	1	대사	【マコト】ステラ教授ですら予想できないと言っていたわ‥‥。	
18003	D1:7948:09874	1	대사	【マコト】もうダメなのかしら‥‥。	
18004	D1:7948:0989A	1	대사	【マコト】ううん、教授に言われたじゃない。憂いたりするなら、対処を考えろと‥‥。	
18005	D1:7948:098EE	1	대사	【マコト】でも、考えてもわからなかった場合はどうするのかしら‥‥。	
18006	D1:7948:09934	1	대사	【マコト】フフ、教授に叱られてしまいそう‥‥。	
18007	D1:7948:09976	1	대사	【マコト】そうね、ここにいてもしょうがないわ‥‥。	
18008	D1:7948:099AC	1	대사	【マコト】装置室を出ましょう。	
18009	D1:7948:09A9E	1	대사	【マコト】中央にあるパネルで、この装置の操作を行うわ。	
18010	D1:7948:09AD8	1	대사	【マコト】生体に存在する核酸の、塩基構造を組み替えるという機能を何に使うのか‥‥。	
18011	D1:7948:09B88	1	대사	【マコト】この装置は恐らく各学会を震撼させるでしょうね。	
18012	D1:7948:09BC4	1	대사	【マコト】必然的に、カズミさんが言われたようなケースへ至ってしまうというの？	
18013	D1:7948:09C14	1	대사	【マコト】輸送機の一件といい、工作活動の可能性といい、	
18014	D1:7948:09C4E	1	대사	【マコト】この装置にはそれだけの価値があるということかしら‥‥。	
18015	D1:7948:09CAE	1	대사	【マコト】環境と人類の融合‥‥故ステラドヴィッチ教授の提唱した学説‥‥。	
18016	D1:7948:09CFA	1	대사	【マコト】その理論を実践してしまえる装置が‥‥。	
18017	D1:7948:09D2E	1	대사	【マコト】いったい‥‥。	
18018	D1:7948:09D66	1	대사	【マコト】いったい何が起ころうとしているのかしら‥‥。	
18019	D1:7948:09DAC	1	대사	【マコト】反応装置‥‥いったい誰がそう呼び始めたのかはわからない‥‥。	
18020	D1:7948:09DF6	1	대사	【マコト】けど、そう呼ばれ続けて久しいわ。	
18021	D1:7948:09E40	1	대사	【マコト】今は亡き、故ステラドヴィッチ教授の研究、	
18022	D1:7948:09E76	1	대사	【マコト】あのテオドラでの悲劇を、妻のステラ教授が引き継いだのね。	
18023	D1:7948:09EBC	1	대사	【マコト】教授は強い方だわ‥‥。	
18024	D1:7948:09EE0	1	대사	【マコト】夫と娘の両方を事故で亡くし、それでもなお研究活動に没頭している。	
18025	D1:7948:09F4A	1	대사	【マコト】事故で亡くした２人を忘れるため？	
18026	D1:7948:09F78	1	대사	【マコト】あそこまで研究活動に従事するのはいったいなぜ‥‥。	
18027	D1:7948:09FB8	1	대사	【マコト】フフ、装置に問いかけても、しょうがないことよね‥‥。	
18028	D1:7948:0A00A	1	대사	【マコト】研究室から来たばかりよ。	
18029	D2:41:02924	1	대사	「熱い‥‥‥‥‥‥」{w04}{k00}	
18030	D2:41:02948	1	대사	「ママ‥‥熱い‥‥熱いの‥‥‥‥」{w04}{k00}	
18031	D2:41:0297A	1	대사	「ティーナ！」{w03}{k00}	
18032	D2:41:0299A	1	대사	「助けて‥‥ママ‥‥助け‥‥‥‥」{w04}{k00}	
18033	D2:41:029CC	1	대사	「離しなさい、あそこにはまだ私の‥‥ティーナが！」{w06}{k00}	
18034	D2:41:02A10	1	대사	「ダメです、もう間に合いません！」{w05}{k00}	
18035	D2:41:02A42	1	대사	「おい誰か、早く彼女をお連れしろ！」{w04}{k00}	
18036	D2:41:02A76	1	대사	「グスタフは、グスタフはどこ！？」{w04}{k00}	
18037	D2:41:02AA8	1	대사	「現在連絡が途絶しています」{w04}{k00}	
18038	D2:41:02AD4	1	대사	「もうここは危険です。待避して下さい！」{w05}{k00}	
18039	D2:41:02B0C	1	대사	「早く‥‥早く、お連れして！」{w04}{k00}	
18040	D2:41:02B3A	1	대사	「は、放しなさい！　私は‥‥私はティーナを助けるのよ！」{w05}{k00}	
18041	D2:41:02B82	1	대사	「もう駄目だ。総員待避！」{w04}{k00}	
18042	D2:41:02BAC	1	대사	「臨界点を突破しました。もうすぐ爆発します！」{w05}{k00}	
18043	D2:41:02BEA	1	대사	「は、放して‥‥イヤよ、イヤ！」{w04}{k00}	
18044	D2:41:02C1A	1	대사	「ティーナぁぁぁぁぁぁっっ！！！」{w06}{k00}	
18045	D2:41:02C52	1	대사	【マルチナ】今日も‥‥‥‥。{w03}{k00}	
18046	D2:41:02C7E	1	대사	【マルチナ】今日も、あの夢を見た‥‥‥‥。{w03}{k00}	
18047	D2:41:02CB8	1	대사	【マルチナ】ここのところ毎日、あの夢を見る‥‥‥‥。{w04}{k00}	
18048	D2:41:02CFC	1	대사	【マルチナ】忘れられぬ、あの悪夢を‥‥‥‥。{w03}{k00}	
18049	D2:41:02D38	1	대사	【マルチナ】ティーナ‥‥‥‥‥‥。{w03}{k00}	
18050	D2:41:02D6A	2	대사	プロロロ、プロロロ‥‥‥‥。	
18051	D2:41:02D90	1	대사	【マルチナ】誰かしら‥‥こんなに夜遅く‥‥。	
18052	D2:41:02DF6	1	대사	【マルチナ】わかったわ、今でるから‥‥‥‥。	
18053	D2:41:02E46	1	대사	【マルチナ】「‥‥はい、私です。」	
18054	D2:41:02E76	1	대사	【女性の声】「教授、お休みのところ申し訳ありません。」	
18055	D2:41:02EB0	1	대사	【マルチナ】「いえ‥‥用件をおっしゃって下さい。」	
18056	D2:41:02EEE	1	대사	【女性の声】「はい。先日起こった、大型動力炉の出力欠損に関して。」	
18057	D2:41:02F34	1	대사	【女性の声】「技術主任のミス・イズミが、至急教授にお話したいそうです。」	
18058	D2:41:02F80	1	대사	【マルチナ】「イズミさんが‥‥‥。」	
18059	D2:41:02FB0	1	대사	【女性の声】「はい、{n00}どうなさいますか？」	
18060	D2:41:02FDE	1	대사	【マルチナ】「‥‥‥わかりました。今から研究室へ行きます。」	
18061	D2:41:03026	1	대사	【女性の声】「はい、それではお待ちしています‥‥‥。」	
18062	D2:41:03060	1	대사	プツッ。	
18063	D2:41:03088	1	대사	【マルチナ】ふぅ‥‥彼女、また居残って仕事をしていたのね‥‥。	
18064	D2:41:030D2	1	대사	【マルチナ】よく、がんばってくれている。とっても助かっているわ‥‥けど‥‥。	
18065	D2:41:0312A	10	대사	【マルチナ】‥‥‥‥‥‥‥‥。	
18066	D2:41:0314A	1	대사	【マルチナ】イズミさんが‥‥‥‥。	
18067	D2:41:03178	1	대사	【マルチナ】フフ、彼女が何を言おうとしているのか、私にはわかる。	
18068	D2:41:031C4	1	대사	【マルチナ】でも、それを聞き入れることはできない‥‥。	
18069	D2:41:03206	1	대사	【マルチナ】私の目的‥‥私の希望のために‥‥‥‥。	
18070	D2:41:03244	1	대사	【マルチナ】ティーナ‥‥‥‥。	
18071	D2:41:0326E	1	대사	【マルチナ】もうすぐ、私の希望が成就するのね‥‥長かった‥‥。	
18072	D2:41:032B8	1	대사	【マルチナ】もうすぐよ‥‥‥‥‥‥。{k00}	
18073	D2:41:032F0	1	대사	【マコト】「この装置は危険すぎま{n00}す！」	
18074	D2:41:03324	1	대사	【マルチナ】「どう危険なのかしら？」	
18075	D2:41:03354	1	대사	【マコト】「ジョアンの死に様を見なかったのですか？教授。」	
18076	D2:41:033A4	1	대사	【マルチナ】私の目の前に立つ女性‥‥‥‥技術主任、マコト・イズミ。	
18077	D2:41:033F2	1	대사	【マルチナ】助手として、比較的長く研究を手伝ってもらっている。だけど‥‥‥‥。	
18078	D2:41:0344C	1	대사	【マルチナ】今日も例のことで、私に意見を具申してきている。	
18079	D2:41:03494	1	대사	【マルチナ】この研究を不安視する意見は、彼女に限らず星の数ほど聞いてきた。	
18080	D2:41:034EC	2	대사	【マルチナ】でも‥‥‥‥。	
18081	D2:41:03512	1	대사	【マルチナ】「イズミさんらしからぬ意見ね。」	
18082	D2:41:0354A	2	대사	【マコト】「どういうことですか？」	
18083	D2:41:03578	1	대사	【マルチナ】「火災の惨事を憂いて、火それ自体を否定するようなものよ、それは。」	
18084	D2:41:035D2	1	대사	【マコト】「言わせてもらいますが教授、それは詭弁です。」	
18085	D2:41:03616	1	대사	【マルチナ】私に対してそこまで言えるのは、イズミさん、あなただけね‥‥。	
18086	D2:41:0366A	1	대사	【マルチナ】「イズミさん、古来よりその論法によって、」	
18087	D2:41:036AE	1	대사	【マルチナ】「いかに多くの進歩的研究が潰されてきたのか‥。」	
18088	D2:41:036F8	1	대사	【マコト】「進歩性と危険性が、必ずしも一致する訳ではありません。」	
18089	D2:41:03746	1	대사	【マルチナ】「えてして、一致するものよ。そして今回も一致したの。」	
18090	D2:41:03794	3	대사	【マコト】「教授‥‥‥‥。」	
18091	D2:41:037BC	1	대사	【マルチナ】不条理、という表情を顔に浮かべて、マコトは私を見つめている。	
18092	D2:41:03810	1	대사	【マルチナ】そう、彼女にとっては不条理な理屈かもしれない‥‥でも、私にとっては‥‥。	
18093	D2:41:03870	1	대사	【マルチナ】「ロイドさんは確かに気の毒なことだわ。だけど、」	
18094	D2:41:038BA	1	대사	【マルチナ】「ここで研究を中断してしまったら、彼は全くの無駄死によ。」	
18095	D2:41:0390E	1	대사	【マコト】「今後の被害を食い止めた、とも考えられます。」	
18096	D2:41:03952	1	대사	【マルチナ】「それは単なる見解の相違ね。」	
18097	D2:41:03988	4	대사	【マコト】「‥‥‥‥‥‥。」	
18098	D2:41:039A8	1	대사	【マルチナ】「そしてその見解の相違を是正するのは私の職務‥‥この研究は続行します。」	
18099	D2:41:03A28	1	대사	【マルチナ】私は断固として言い放つと、マコトから視線を切った。	
18100	D2:41:03A74	1	대사	【マルチナ】彼女の溜息が１つ、小さく聞こえてくる。	
18101	D2:41:03AB4	1	대사	【マルチナ】「不服かしら？」	
18102	D2:41:03ADC	1	대사	【マコト】「いえ、教授の方針には従います。」	
18103	D2:41:03B14	1	대사	【マルチナ】「ありがとう。今日はもうあがって構わないわ。」	
18104	D2:41:03B5A	1	대사	【マコト】「わかりました‥‥‥。」	
18105	D2:41:03B88	1	대사	【マルチナ】もう１つ、私は言わなくてはならない。	
18106	D2:41:03BC6	1	대사	【マルチナ】これを彼女に言うのは、心苦しいわ‥‥でも‥‥。	
18107	D2:41:03C0E	1	대사	【マルチナ】「それと、イズミさん。」	
18108	D2:41:03C3E	1	대사	【マコト】「はい、なんでしょう{n00}か？」	
18109	D2:41:03C70	1	대사	【マルチナ】「近々、ここをＳＮＴの方が取材に訪れます。」	
18110	D2:41:03CB4	1	대사	【マコト】「ＳＮＴって‥‥新聞社の記者ですか？」	
18111	D2:41:03CF0	1	대사	【マルチナ】「マクドガルさんという方が、取材に訪れるわ。」	
18112	D2:41:03D36	1	대사	【マコト】「えっ‥‥‥‥{n00}あ、アルが！？」	
18113	D2:41:03D6C	1	대사	【マルチナ】「確か、お知り合いだそうね。」	
18114	D2:41:03DA2	1	대사	【マコト】「は、はい‥‥‥‥。」	
18115	D2:41:03DCE	1	대사	【マルチナ】「恋人？」	
18116	D2:41:03DF0	1	대사	【マコト】「一応は‥‥‥‥。」	
18117	D2:41:03E1A	1	대사	【マルチナ】恋人‥‥‥‥フフ、いい響きね。	
18118	D2:41:03E50	1	대사	【マルチナ】言葉を発しない間、マコトは少し不安にかられたようだった。	
18119	D2:41:03EA2	1	대사	【マルチナ】私は多少の笑みを浮かべて、彼女の不安を取り除いてやる。	
18120	D2:41:03EF2	1	대사	【マコト】「も、もちろん公私の混同にならぬよう十分留意するつもりですが‥‥。」	
18121	D2:41:03F4C	1	대사	【マルチナ】「もしかしたら、イズミさんに色々と頼むことになるかも知れないわね。」	
18122	D2:41:03FA8	1	대사	【マコト】「わ、わかりました‥‥‥‥。」	
18123	D2:41:03FDC	1	대사	【マルチナ】「それでは、もうあがって構わないわ。」	
18124	D2:41:0401A	1	대사	【マコト】「はい‥‥‥‥。」	
18125	D2:41:0404C	1	대사	【マルチナ】マコトは一度こちらをチラッと振り返ると、	
18126	D2:41:0408E	1	대사	【マルチナ】言葉を発さずにここを引き上げていった。	
18127	D2:41:040CE	1	대사	【マルチナ】彼女が何を言いたいのかはわかる。	
18128	D2:41:04108	1	대사	【マルチナ】この研究には、いえ、この反応装置には不条理なところが多すぎると‥‥。	
18129	D2:41:04186	1	대사	【マルチナ】不条理ではないわ、極めて合理的なのよ‥‥。	
18130	D2:41:041C8	1	대사	【マルチナ】そう、私にとっては‥‥‥‥。{k00}	
18131	D2:41:0422A	1	대사	【マルチナ】ここは私の仕事部屋‥‥‥唯一、私が息を付ける聖域‥‥‥‥。	
18132	D2:41:0427C	1	대사	【マルチナ】ここを訪れる人は誰しも質素、簡素という感想を言うわ。	
18133	D2:41:042C8	1	대사	【マルチナ】私は必要以上に飾るのは好きじゃない。必要最小限の調度しか置いてはいない。	
18134	D2:41:04328	1	대사	【マルチナ】本棚には数える程度の専門書が置いてある。	
18135	D2:41:0436A	1	대사	【マルチナ】専門家にしてみれば、なぜこんなベーシックな本をと、思うでしょうね。	
18136	D2:41:043C6	1	대사	【マルチナ】なぜかしらね、フフ、そういえばレイコもこのことを聞いていたわ。	
18137	D2:41:0441C	1	대사	【マルチナ】あの時の彼女の不思議そうな顔といったら‥‥。	
18138	D2:41:04480	1	대사	【マルチナ】今時分、誰かしら‥‥レイコ？	
18139	D2:41:044D4	1	대사	【マルチナ】「どうぞ、開いていま{n00}す。」	
18140	D2:41:04512	2	대사	【マルチナ】「グスタフ‥‥‥‥。」	
18141	D2:41:04540	1	대사	【マルチナ】男はぶしつけに入室してくると、私の傍らに立って見おろした。	
18142	D2:41:04592	1	대사	【マルチナ】私の背も高い方だけど、彼の目は首１つ分、私の上にある。	
18143	D2:41:045E2	1	대사	【マルチナ】彼の不敵な目を見上げる時、つい表情に出てしまったらしい。	
18144	D2:41:04634	1	대사	【グスタフ】「露骨に嫌そうな顔をするな。仮にも夫に対する態度ではないな。」	
18145	D2:41:0468A	1	대사	【マルチナ】「ごめんなさい、私は正直なの。」	
18146	D2:41:046C2	1	대사	【グスタフ】「フッ、相変わらずキツい女だ。まだ娘のことを根にもっているのか‥‥‥。」	
18147	D2:41:04722	1	대사	【マルチナ】このぶしつけな男はゲーツ‥‥いえ、グスタフ・ステラドヴィッチ。	
18148	D2:41:04778	1	대사	【マルチナ】私の夫‥‥‥‥フフ、夫と呼ぶのもおこがましい。私の娘を殺した男‥‥。	
18149	D2:41:047D4	1	대사	【グスタフ】「また目つきが険しくなったな。」	
18150	D2:41:0480E	1	대사	【グスタフ】「いつもそんな目をしていると、男が誰もよりつかないぞ。」	
18151	D2:41:04860	1	대사	【マルチナ】「興味ないわ‥‥それよりもグスタフ、わざわざ何の用？」	
18152	D2:41:048AE	1	대사	【グスタフ】「その名前は使うなと言っただろう。誰かに聞かれたらどうする？」	
18153	D2:41:04904	1	대사	【マルチナ】「あなたこそ、ここへ来ては困ると言ってるじゃ{n00}ない。」	
18154	D2:41:04954	1	대사	【マルチナ】「誰かに見られたらどうするの、帰って頂戴。」	
18155	D2:41:0499A	1	대사	【グスタフ】「話があるんだよ、マルチナ。」	
18156	D2:41:049D0	1	대사	【マルチナ】グスタフは私の肩に手を掛けると、仏頂面をいくぶん緩和させた。	
18157	D2:41:04A24	1	대사	【マルチナ】露骨な態度に、私には彼が何を言いたいのか、すぐにわかってしまった。	
18158	D2:41:04A7E	1	대사	【マルチナ】あなたは反応方程式の解にしか興味はない。	
18159	D2:41:04AC0	1	대사	【マルチナ】そしてその研究の成就にしか興味がないのよ‥‥。	
18160	D2:41:04B08	1	대사	【グスタフ】「研究の進行はどうなっている？」	
18161	D2:41:04B40	1	대사	【マルチナ】「順調よ‥‥早ければ今月中には完成するわ‥‥。」	
18162	D2:41:04B88	1	대사	【マルチナ】私は想定された質問に、予定の回答で応対した。	
18163	D2:41:04BCE	1	대사	【マルチナ】グスタフはそれに、今一つ満足感が得られなかったらしい。	
18164	D2:41:04C1E	1	대사	【グスタフ】「完成してもらわねば困るのだよ。」	
18165	D2:41:04C5A	1	대사	【グスタフ】「今月中に完成せねば、研究打ち切りを本部が言ってきたのだろう？」	
18166	D2:41:04CB4	1	대사	【マルチナ】「そうね、私にとってもこの研究は重要な意味を持つの。」	
18167	D2:41:04D04	1	대사	【マルチナ】「絶対に完成させてみせるわ。」	
18168	D2:41:04D3C	1	대사	【グスタフ】「フッ、いい心がけだ‥‥それを確認したくてね。」	
18169	D2:41:04D84	1	대사	【マルチナ】グスタフは納得すると、しきりに１人で頷きだした。	
18170	D2:41:04DCC	1	대사	【マルチナ】研究の完成間近になると、	
18171	D2:41:04DFE	1	대사	【マルチナ】グスタフは頻繁に私の所へやってきては、同じ質問を繰り返していた。	
18172	D2:41:04E58	1	대사	【マルチナ】私はそれに同じく同様の回答を返す。	
18173	D2:41:04E94	1	대사	【マルチナ】この何でもないやりとりにさえ、私は心労を抱いてしまう‥‥。	
18174	D2:41:04EE8	1	대사	【グスタフ】「それに、これだ。」	
18175	D2:41:04F14	1	대사	【マルチナ】グスタフは何かの図面のようなものを取り出すと、	
18176	D2:41:04F5C	1	대사	【マルチナ】私に赤い印がついている箇所を呈示した。	
18177	D2:41:04F9C	1	대사	【マルチナ】反応装置の図面だった‥‥いったいどこで手にいれたのかしら‥‥。	
18178	D2:41:04FF2	1	대사	【グスタフ】「この機構は、いったい何の必要がある？」	
18179	D2:41:05032	1	대사	【マルチナ】「装置に必要なものよ‥‥‥‥。」	
18180	D2:41:0506A	1	대사	【グスタフ】「そんなことを聞いてるのではない。」	
18181	D2:41:050A6	1	대사	【マルチナ】グスタフは図面を手の甲で１度叩くと、私の目を睨み付けた。	
18182	D2:41:050F6	1	대사	【グスタフ】「知り合いのエンジニアにそれとなく聞いてみたが」	
18183	D2:41:05140	1	대사	【グスタフ】「やけに動力が巨大過ぎるということだ。」	
18184	D2:41:05182	1	대사	【マルチナ】「その、知り合いのエンジニアとやらいう人は、」	
18185	D2:41:051CA	1	대사	【マルチナ】「装置の全容がわかっていないのよ。」	
18186	D2:41:05208	1	대사	【グスタフ】「なぜ、ここまで多大な動力が必要になるのか、それがわからんのだ。」	
18187	D2:41:05262	1	대사	【マルチナ】「グスタフ、あなたいつから省エネ運動の信奉者になったの？」	
18188	D2:41:052B4	1	대사	【マルチナ】グスタフは少しひるんだ様子を見せた。	
18189	D2:41:052F2	1	대사	【マルチナ】私は追い打ちをかけるように言葉を続ける。	
18190	D2:41:05334	1	대사	【マルチナ】「私は装置の理論発案者であり、設計者であり、建設者でもある。」	
18191	D2:41:0538C	1	대사	【マルチナ】「その私が必要と言ってるのよ。」	
18192	D2:41:053C6	4	대사	【グスタフ】「‥‥‥‥‥‥‥‥。」	
18193	D2:41:053F4	1	대사	【マルチナ】「あなたは、その私より」	
18194	D2:41:05426	1	대사	【マルチナ】「訳のわからない知り合いのエンジニアとやらいう人を支持するの？」	
18195	D2:41:05480	1	대사	【グスタフ】「そういう訳ではないが‥‥‥‥。」	
18196	D2:41:054BA	1	대사	【マルチナ】「ではそのエンジニアさんに、設計をさせてみたらいいわ。」	
18197	D2:41:0550C	1	대사	【マルチナ】「どんなものができるか、興味深いわね。」	
18198	D2:41:0554E	1	대사	【マルチナ】グスタフはしばらく俯くと、	
18199	D2:41:05582	1	대사	【マルチナ】今度は先ほどよりは幾分穏和な目で、私の方を見あげた。	
18200	D2:41:055D0	1	대사	【グスタフ】「この機構は、装置に必要なものなんだな。」	
18201	D2:41:05612	1	대사	【マルチナ】「そう、装置に必要なものよ‥‥‥‥。」	
18202	D2:41:05650	2	대사	【グスタフ】「そうか、それならいい‥‥‥‥。」	
18203	D2:41:0568A	1	대사	【マルチナ】話が振り出しに戻っただけなのだが、本人は納得できたようだった。	
18204	D2:41:056E0	1	대사	【マルチナ】彼にしてみれば、装置完成の保証が何よりも欲しいのだろう、	
18205	D2:41:05732	1	대사	【マルチナ】私のやる気と実績を示せば、彼は了承する他はないのだ。	
18206	D2:41:05780	1	대사	【マルチナ】実際、私は嘘などついてはいない。	
18207	D2:41:057BA	1	대사	【マルチナ】現実問題として、グスタフの呈示したあの機構は、装置に必要なものなのだ。	
18208	D2:41:0581A	1	대사	【マルチナ】それが、彼にとって不本意なモノか否かは、質問に含まれてはいない。	
18209	D2:41:05872	1	대사	【マルチナ】「もういいでしょう？　私は少し疲れているの、１人にさせて頂戴‥‥。」	
18210	D2:41:058CE	1	대사	【グスタフ】「あと１つだ。そういえば、近々新聞記者がここを訪れるようだが‥‥。」	
18211	D2:41:0592A	1	대사	【マルチナ】「えぇ‥‥‥‥。」	
18212	D2:41:05954	1	대사	【グスタフ】「どういうつもりだ？」	
18213	D2:41:05982	1	대사	【マルチナ】「どういうつもりと言う{n00}と？」	
18214	D2:41:059B8	1	대사	【マルチナ】グスタフは１度私から目線を切ると、何かを考えるそぶりをして見せた。	
18215	D2:41:05A14	1	대사	【マルチナ】再び私に向き直ると、思い直したように口を開く。	
18216	D2:41:05A5C	1	대사	【グスタフ】「あれほどマスコミの人間を嫌っていたお前が、」	
18217	D2:41:05AA4	1	대사	【グスタフ】「ここにきてどういう風の吹き回しだ？」	
18218	D2:41:05AE4	1	대사	【マルチナ】「財団側のプロパガンダね。研究完成と同時に、大々的に発表するのかも‥‥。」	
18219	D2:41:05B46	1	대사	【グスタフ】「なるほど、お前が了承したのではないのか。」	
18220	D2:41:05B8A	1	대사	【マルチナ】違うわ、私が了承したの‥‥。	
18221	D2:41:05BC0	1	대사	【マルチナ】でも、あなたはその理由を知ることは無いし、知る必要もないわ。	
18222	D2:41:05C16	1	대사	【マルチナ】グスタフは、再び１人で頷き始めた。自己の世界に陶酔しやすい人‥‥。	
18223	D2:41:05C70	1	대사	【グスタフ】「俗物の考えそうなことだ。私の研究をなんだと思っているのか‥‥。」	
18224	D2:41:05CCA	1	대사	【マルチナ】あの反応装置は、ほとんど私１人で理論を考え、設計し、作り上げた‥‥。	
18225	D2:41:05D26	1	대사	【マルチナ】他人の実績を己の才能と勘違いするこの男を見ていると、	
18226	D2:41:05D74	1	대사	【マルチナ】憐憫にも似た気持ちがわき上がってくる‥‥。	
18227	D2:41:05DB8	1	대사	【マルチナ】なぜ私はこの男と‥‥‥‥。	
18228	D2:41:05E0A	1	대사	【マルチナ】その理由は、私自身が一番よくわかっている。	
18229	D2:41:05E4E	1	대사	【マルチナ】私は彼女の言うことを聞いたのよ‥‥。	
18230	D2:41:05E8C	1	대사	【マルチナ】私が一番信頼できる、あの人の言うことを‥‥‥‥。	
18231	D2:41:05ED4	1	대사	【グスタフ】「マルチナ‥‥‥‥。」	
18232	D2:41:05F02	12	대사	【マルチナ】「‥‥‥‥‥‥‥‥。」	
18233	D2:41:05F28	1	대사	【グスタフ】「おい、どうしたんだ。」	
18234	D2:41:05F58	1	대사	【マルチナ】「な、何かしら‥‥？」	
18235	D2:41:05F86	1	대사	【グスタフ】「ふむ、どうやら本当に疲れがたまっているようだ‥‥。」	
18236	D2:41:05FD6	1	대사	【グスタフ】「今日はゆっくり休むがいい。」	
18237	D2:41:0600E	1	대사	【マルチナ】「お心遣い、感謝するわ。では出ていって頂戴。」	
18238	D2:41:06082	1	대사	【マルチナ】「他に、何かあるのかし{n00}ら？」	
18239	D2:41:060B8	1	대사	【グスタフ】「いや‥‥‥また来る。」	
18240	D2:41:06114	1	대사	【マルチナ】グスタフ‥‥あなたが私にしたことは、たぶん一生忘れない‥‥。	
18241	D2:41:06168	1	대사	【マルチナ】ウフフ、一生ですって‥‥‥？	
18242	D2:41:0619C	1	대사	【マルチナ】一生という概念に、いったいどれほどの意味があるのかしら‥‥。	
18243	D2:41:061F0	1	대사	【マルチナ】彼には理解できないし、理解しようともしない。でもあの人にだけは‥‥。	
18244	D2:41:0626E	1	대사	【マルチナ】果てしなく続くかに見える私の人生に、終止符をうつことができて‥‥？	
18245	D2:41:062C8	1	대사	【マルチナ】とうとう来るのね‥‥‥{n00}《デザイア》に‥‥‥。{k00}	
18246	D2:41:0631A	1	대사	【マルチナ】「テロの可能性‥‥‥？」	
18247	D2:41:0634A	1	대사	【カズミ】「まだ極秘事項よ。職員が居残っているのだから、声をひそめて欲しいわ。」	
18248	D2:41:063A6	1	대사	【マルチナ】「ごめんなさい‥‥で、財団の対処はどのように？」	
18249	D2:41:063EE	1	대사	【カズミ】「えぇ、急きょ、対策本部を設置したわ。」	
18250	D2:41:0642C	1	대사	【マルチナ】対策本部ね‥‥ま、何もやらないより、ましかもしれないけれど。	
18251	D2:41:06480	1	대사	【マルチナ】目の前にいる女性は、カズミ・グランチェスタ‥‥。	
18252	D2:41:064CA	1	대사	【マルチナ】確か、財団会長の孫娘ということだったかしら‥‥。	
18253	D2:41:06514	1	대사	【マルチナ】カズミは腕組みをすると、私を見下げるような視線を送る。	
18254	D2:41:06564	1	대사	【マルチナ】そんな気丈な仕草に、彼女の性格を感じとることができて、妙に微笑ましい。	
18255	D2:41:065C4	1	대사	【カズミ】「何が、おかしいのかし{n00}ら？」	
18256	D2:41:065F8	1	대사	【マルチナ】「‥‥おかしい？」	
18257	D2:41:06622	1	대사	【カズミ】「今、少し笑みが浮かんだわ。」	
18258	D2:41:06656	1	대사	【マルチナ】「そう、気のせいじゃない‥‥‥？」	
18259	D2:41:06690	1	대사	【マルチナ】私が存外平静でいるのを、目の前のこの女性は、どうもお気にめさないらしい。	
18260	D2:41:066F0	1	대사	【マルチナ】カズミは、細い目をより一層細めると、冷たく言い放つように言葉を続けた。	
18261	D2:41:0674E	1	대사	【カズミ】「計測器は、当分こないものと思った方がいいわ。」	
18262	D2:41:06794	1	대사	【マルチナ】「それはまた、‥‥‥‥‥急なことね。」	
18263	D2:41:067D2	1	대사	【カズミ】「テロに、こちらの都合は関係なくてよ。」	
18264	D2:41:06810	1	대사	【マルチナ】「そうね‥‥。」	
18265	D2:41:0683A	1	대사	【マルチナ】「だけど一番都合の悪い時期に、よく重なるものと少し驚いているのよ、」	
18266	D2:41:06898	1	대사	【マルチナ】「運命の力にね。」	
18267	D2:41:068C4	4	대사	【カズミ】「‥‥‥‥‥‥‥‥。」	
18268	D2:41:068E8	1	대사	【マルチナ】私の、他愛の無い言葉は、カズミに何か考える要因を与えたようだ。	
18269	D2:41:0693E	1	대사	【マルチナ】しばらく押し黙っている彼女に、私は追い打ちをかけるように言葉を続けた。	
18270	D2:41:0699C	1	대사	【マルチナ】「フフ、運命ではなく、人為的なものかもしれないわね。」	
18271	D2:41:069EA	1	대사	【カズミ】「‥‥人為的？」	
18272	D2:41:06A10	1	대사	【マルチナ】「えぇ、誰かに仕組まれたものだとしたら‥‥。」	
18273	D2:41:06A56	1	대사	【カズミ】「マルチナ、あなた、何を言いたいの？」	
18274	D2:41:06A92	1	대사	【マルチナ】「テロは人為的なものという、極めて当たり前のことを言っただけよ。」	
18275	D2:41:06B10	1	대사	【マルチナ】カズミは再び目を細めると、私の事をじっと凝視した。	
18276	D2:41:06B5C	1	대사	【マルチナ】何事かを、推し量ろうとでもするかのように‥‥。	
18277	D2:41:06BA4	1	대사	【マルチナ】かなり、疲れる生き方をしているようね、この女性は。	
18278	D2:41:06BEE	1	대사	【カズミ】「工作員に関しては‥。」	
18279	D2:41:06C1C	1	대사	【マルチナ】「私たちの他には、」	
18280	D2:41:06C4A	1	대사	【マルチナ】「技術主任と秘書のミス・クサナギにしか知らせない。これでいいかしら？」	
18281	D2:41:06CCE	1	대사	【マルチナ】カズミは大いに不満そうだった。	
18282	D2:41:06D06	1	대사	【マルチナ】私の応対か、あるいは態度それ自体に不本意なものを感じたからかもしれない。	
18283	D2:41:06D68	1	대사	【マルチナ】どうも私は、他人に想定される方向とは、逆を向いてしまう傾向があるらしい。	
18284	D2:41:06DC8	1	대사	【マルチナ】「フフ、何かしら？　カズミさん。」	
18285	D2:41:06E02	1	대사	【カズミ】「あなた‥‥‥‥‥意外と平静ね。」	
18286	D2:41:06E3A	1	대사	【マルチナ】「どうかしら‥‥。」	
18287	D2:41:06E68	1	대사	【マルチナ】「実は凄く焦っていて、表面だけ平静を装っているだけかもしれないわよ。」	
18288	D2:41:06EC8	1	대사	【カズミ】「申し訳ないけど、そうはとても見えないわ。」	
18289	D2:41:06F0A	1	대사	【マルチナ】「見える見えないが、今回の件に何か関係あるのかしら？」	
18290	D2:41:06F7C	1	대사	【マルチナ】カズミはなお、私の表情から何かを読みとろうとする労働に、	
18291	D2:41:06FCE	1	대사	【マルチナ】勤しむことになりそうだった。	
18292	D2:41:0700E	1	대사	【カズミ】「なかなか質素で良い部屋ね。」	
18293	D2:41:07042	1	대사	【マルチナ】「ありがとう、飾るのはあまり好きじゃないの。」	
18294	D2:41:07088	1	대사	【マルチナ】そろそろ、もう１人の来客がありそうね‥‥‥‥。	
18295	D2:41:070CE	1	대사	【マルチナ】カズミは部屋の中をしばらく見つめていたが、おもむろに私の方へ向き直った。	
18296	D2:41:07130	1	대사	【マルチナ】場を移した目的を思い出したようだ。	
18297	D2:41:07176	1	대사	【カズミ】「マルチナ、」	
18298	D2:41:0719C	1	대사	【カズミ】「職員のほとんどに休暇を与えるとは、」	
18299	D2:41:071DA	1	대사	【カズミ】「ずいぶんと思い切ったことをするのね。」	
18300	D2:41:0721A	1	대사	【マルチナ】「研究は既に最終段階までやってきているわ。」	
18301	D2:41:07260	1	대사	【マルチナ】「もはや彼らの助力なしでも‥‥‥何とかやっていける。」	
18302	D2:41:072B0	1	대사	【カズミ】「そう、それは‥‥。」	
18303	D2:41:072DC	1	대사	【マルチナ】残念ね、とでも続けるかのような口振りだったが、	
18304	D2:41:07324	1	대사	【マルチナ】カズミの口から出た言葉は意に反して『幸い』だった。	
18305	D2:41:07370	1	대사	【マルチナ】感情の全くこもらない同意ほど、冷めた気にさせるものはない。	
18306	D2:41:073C4	1	대사	【マルチナ】この女性は、思っているほどポーカーフェイスに徹することができないらしい。	
18307	D2:41:07446	1	대사	【クリス】「クリスです。{n00}アルバード・マクドガルさんをお連れしました。」	
18308	D2:41:0749A	1	대사	【マルチナ】「新聞記者の方が見えたようね。ではミス‥‥‥。」	
18309	D2:41:074E2	1	대사	【カズミ】「カズミで構いません。」	
18310	D2:41:07510	1	대사	【マルチナ】「ではカズミ、その話はまた今度に‥‥‥。」	
18311	D2:41:0755C	1	대사	【マルチナ】カズミは一瞬だけアルと目を合わせると、きびすを返して部屋を退出していった。	
18312	D2:41:075C0	1	대사	【マルチナ】フフ、本当に疲れる生き方をしているようね、あの女性は‥‥‥‥。	
18313	D2:41:07620	1	대사	【アル】「やぁ、どうも‥‥‥。」	
18314	D2:41:0764C	1	대사	【マルチナ】１人の青年が、私の目の前に立つ。	
18315	D2:41:07686	1	대사	【マルチナ】ジャケットにＴシャツをラフに着ているだけだが、	
18316	D2:41:076CE	1	대사	【マルチナ】不思議とだらしなさを感じさせない。	
18317	D2:41:0770A	1	대사	【マルチナ】不敵で放逸とした表情に、また愛着がわいてくるような、そんな青年だ。	
18318	D2:41:07764	1	대사	【マルチナ】「アルバート・マクドガルさん‥でいいのかしら？」	
18319	D2:41:077AC	1	대사	【アル】「あ、アルで構いません{n00}よ。」	
18320	D2:41:077DE	1	대사	【マルチナ】彼の性格のためだろう、私の心に温かいものが満たされる。	
18321	D2:41:0782E	1	대사	【マルチナ】私の顔には、自然と笑みが浮かんでいたようだ。	
18322	D2:41:07874	1	대사	【マルチナ】理由はわかっている‥‥‥それは‥‥‥‥‥‥。	
18323	D2:41:078DE	1	대사	【アル】「あ、あの‥‥なんでしょうか？」	
18324	D2:41:07912	1	대사	【マルチナ】「アル‥‥‥‥。」	
18325	D2:41:0793C	1	대사	【アル】「はい？」	
18326	D2:41:0795A	1	대사	【マルチナ】「‥‥と呼んで構わないのかしら？」	
18327	D2:41:07994	1	대사	【アル】「えっ？　えぇ、大歓迎ですよ。」	
18328	D2:41:079C8	1	대사	【マルチナ】フフ、緊張しているのかも‥‥‥‥。	
18329	D2:41:07A02	1	대사	【マルチナ】これが私、マルチナとアルの、初めての出会い、ということになるのかしら‥‥。{k00}	
18330	D2:41:07A70	1	대사	【グスタフ】「珍しいな、マルチナがここを訪れるとは‥‥‥。」	
18331	D2:41:07AB8	1	대사	【マルチナ】少し肩をしゃくりあげるような素振りをすると、グスタフは私の方に向き直った。	
18332	D2:41:07B1A	1	대사	【マルチナ】あの仕草に、若い女性職員はときめくそうだけど‥‥。	
18333	D2:41:07B66	1	대사	【マルチナ】最近の子の感性には、ちょっと付いていけない。	
18334	D2:41:07BAC	1	대사	【マルチナ】「すぐに退出するわ。」	
18335	D2:41:07BDC	1	대사	【マルチナ】「浜辺に打ち上げられたという女の子を、見に来ただけよ。」	
18336	D2:41:07C2E	1	대사	【グスタフ】「耳がいいな。もう聞き及んでいるとは‥‥。」	
18337	D2:41:07C72	1	대사	【マルチナ】「私はこれでも《デザイ{n00}ア》の総監督、全ての情報を担っているのよ。」	
18338	D2:41:07CCE	1	대사	【マルチナ】グスタフは少し口の端をつり上げると、口を開き始めた。嫌な予感がする‥‥。	
18339	D2:41:07D2E	1	대사	【グスタフ】「フン、これは私の思いやりだがな‥‥‥‥。」	
18340	D2:41:07D72	1	대사	【マルチナ】こういう時、思いやりであったためしがない‥‥。	
18341	D2:41:07DBA	1	대사	【マルチナ】彼は面白がっているのだ、純粋に私の反応を。	
18342	D2:41:07DFE	1	대사	【マルチナ】私にはそれがわかっていた。	
18343	D2:41:07E32	1	대사	【マルチナ】だから少し意地悪く、意外な反応を見せてやろうと思う。	
18344	D2:41:07E80	1	대사	【グスタフ】「あの子には‥‥‥できるだけ会わない方がいいだろう。」	
18345	D2:41:07ECE	1	대사	【マルチナ】「それは、なぜかしら？」	
18346	D2:41:07EFE	1	대사	【グスタフ】「フン‥‥‥どうしても会いたければ、好きにしたらいい。」	
18347	D2:41:07F50	1	대사	【グスタフ】「ティーナは、アルバートとやらいう記者の部屋にいる。」	
18348	D2:41:07FA0	1	대사	【マルチナ】「そう‥‥機会があれば、訪ねて行ってみるわ。」	
18349	D2:41:07FE6	1	대사	【マルチナ】案の定、グスタフはいぶかしげに私を見つめだした。	
18350	D2:41:08030	1	대사	【マルチナ】どうにも不条理という趣で、私を凝視している。	
18351	D2:41:08076	1	대사	【マルチナ】無論、私はそれを想定した応対をしたのだから、私にとっては極めて合理的だ。	
18352	D2:41:080D6	1	대사	【グスタフ】「名前を聞いても驚かないな‥‥‥いったいどういう訳だ？」	
18353	D2:41:08126	1	대사	【マルチナ】「名前？　名前が、どうかしたのかしら。」	
18354	D2:41:08166	1	대사	【グスタフ】「ティーナという名前の子どもだ。しかも、容姿も結構似ている。」	
18355	D2:41:081BC	1	대사	【マルチナ】「あの年頃の女の子なんて、みんな同じように見えてしまうものよ。」	
18356	D2:41:08214	1	대사	【マルチナ】私のこの理由も、彼にとっては不条理に感じたようだ。	
18357	D2:41:08260	1	대사	【マルチナ】細い目が、さらに狭められる。	
18358	D2:41:08296	1	대사	【グスタフ】「ほぉ、意外に冷静だな‥‥‥‥。」	
18359	D2:41:082D0	1	대사	【マルチナ】「子どもの事は、もう吹っ切れたわ。これ以上言わないで頂戴。」	
18360	D2:41:08324	1	대사	【グスタフ】「では、私があの子を実験に利用するのも、構わない訳だな。」	
18361	D2:41:08376	1	대사	【マルチナ】実験‥‥‥‥あの子をいったい何に使うというの‥‥‥‥？	
18362	D2:41:083C4	1	대사	【マルチナ】グスタフは私の表情を見て、ほくそ笑んだ。	
18363	D2:41:08406	1	대사	【マルチナ】私は、まんまと彼の用意した舞台の上に、のっかってしまったようだった。	
18364	D2:41:08464	1	대사	【グスタフ】「表情が変わったな。」	
18365	D2:41:08494	1	대사	【グスタフ】「娘に酷似する子を実験に使われるのは、さすがにしのびないか。」	
18366	D2:41:084EC	1	대사	【マルチナ】「そんなことはないわ。ただ、何の実験に使うのかを知りたいの。」	
18367	D2:41:08542	1	대사	【グスタフ】「決まっているだろう。」	
18368	D2:41:08574	1	대사	【グスタフ】「例の装置の完成度を高めるための、貴重なサンプルだよ、あれは。」	
18369	D2:41:085CE	1	대사	【マルチナ】さも当然という感じで、グスタフは笑いながら私に言ってみせた。	
18370	D2:41:08624	1	대사	【マルチナ】それを見て、私はまたしても顔に感情が出てしまったようだ。	
18371	D2:41:08676	1	대사	【グスタフ】「露骨に嫌な顔をするな。お前らしくもない。」	
18372	D2:41:086BA	1	대사	【マルチナ】「少し驚いただけよ。」	
18373	D2:41:086EA	1	대사	【マルチナ】「でも、他にもまだサンプルが必要なの？　あなたの前妻の‥‥‥‥。」	
18374	D2:41:08746	1	대사	【グスタフ】「フム、エレナか‥‥彼女は確かに貴重な例ではあるがな。」	
18375	D2:41:08798	1	대사	【グスタフ】「だが、アレとていつ、思いもよらぬ反応がでるかもしれない。」	
18376	D2:41:087EE	1	대사	【マルチナ】エレナは、すでに５０近い年齢になっているという。	
18377	D2:41:08838	1	대사	【マルチナ】それが、ハイティーンと見違えるほど、若々しく肌にも張りがあるのも‥‥‥‥。	
18378	D2:41:0889C	1	대사	【マルチナ】彼女は例の装置を利用して得られた、貴重な結果の１つらしい。	
18379	D2:41:088F0	1	대사	【マルチナ】無論、このグスタフにとってだが‥‥‥‥。	
18380	D2:41:08932	1	대사	【グスタフ】「他にもちらつかせれば‥‥‥」	
18381	D2:41:0896A	1	대사	【グスタフ】「エサに群れるハイエナのごとくサンプルは集まってくる。」	
18382	D2:41:089BC	1	대사	【マルチナ】「ならば、それでいいのではないかしら？」	
18383	D2:41:089FC	1	대사	【グスタフ】「馬鹿言っちゃいかん。」	
18384	D2:41:08A2E	1	대사	【グスタフ】「そのエサに食いつくのは、大体同じような個体ばかりだ。」	
18385	D2:41:08A80	1	대사	【マルチナ】『個体』という言葉を平然と使用するところに、グスタフの気質を感じる。	
18386	D2:41:08ADE	1	대사	【マルチナ】もはや他者を人間とすら認識しない口振りで、彼は話を続けた。	
18387	D2:41:08B32	1	대사	【マルチナ】慣れとは恐ろしいものね‥‥。	
18388	D2:41:08B68	1	대사	【マルチナ】私はそれを聞いても、もはや何も感じなくなっている。	
18389	D2:41:08BB4	1	대사	【マルチナ】あの人が聞けば、激怒するのだろうけど。	
18390	D2:41:08BF4	1	대사	【グスタフ】「実験は‥‥私の理論は確認されつつあるのだ。」	
18391	D2:41:08C3A	1	대사	【マルチナ】「あなたとしては、もっとバラエティに富んだサンプルを欲する訳ね‥‥。」	
18392	D2:41:08C98	1	대사	【グスタフ】「そうだ、そこにあの子どもだ。」	
18393	D2:41:08CD0	1	대사	【マルチナ】グスタフはいったん話を区切ると、苦痛を伴う視線で、私を強く見つめる。	
18394	D2:41:08D2E	1	대사	【マルチナ】その視線に私は耐えるしかなかった。	
18395	D2:41:08D6A	1	대사	【グスタフ】「いいかマルチナ、遭難であれば、恐らく死んでいたであろう子どもだ。」	
18396	D2:41:08DC6	1	대사	【マルチナ】グスタフは低い声で私に詰め寄って来た。	
18397	D2:41:08E04	1	대사	【マルチナ】恐らく自分自身をも、納得させようとしているのかもしれない。	
18398	D2:41:08E56	1	대사	【マルチナ】「でも、彼女はまだ生きてるんでしょう？」	
18399	D2:41:08E96	1	대사	【グスタフ】「いや、あの子どもはもう死んだのだ。いいか？」	
18400	D2:41:08EDC	1	대사	【マルチナ】「あなたがしようとしている事は、殺人よ。」	
18401	D2:41:08F1E	1	대사	【グスタフ】「いや違うな、最初から死んでいる者を２度殺すことはできん。」	
18402	D2:41:08F72	1	대사	【マルチナ】「そう、好きにしたらいいわ‥‥‥‥。」	
18403	D2:41:08FB0	1	대사	【マルチナ】グスタフは私のこの態度に、不満を大いに抱いたようだった。	
18404	D2:41:09000	1	대사	【マルチナ】険しい顔しながら私に近寄ってくる。私の腕を取ると、乱暴に引き寄せた。	
18405	D2:41:09068	1	대사	【グスタフ】「マルチナ！」	
18406	D2:41:0908E	1	대사	【マルチナ】「痛いわ、グスタフ‥‥」	
18407	D2:41:090BE	1	대사	【マルチナ】いいか、と言いながらグスタフは私の顔に自分のそれを近づけた。	
18408	D2:41:09114	1	대사	【マルチナ】鋭い眼光が眼前に迫ってきている。	
18409	D2:41:0914E	1	대사	【グスタフ】「これは人類が進化する為の、ワン・ステップに過ぎんのだよ。」	
18410	D2:41:091A2	1	대사	【マルチナ】「わかっているわ、グスタフ。」	
18411	D2:41:091D8	1	대사	【グスタフ】「マルチナは、装置を作り上げることだけに専念するのだ。」	
18412	D2:41:09228	1	대사	【マルチナ】「‥‥‥‥‥‥‥‥‥。」	
18413	D2:41:09250	1	대사	【マルチナ】私が言葉を発しないと、グスタフはよりいっそう顔を私に近づけてきた。	
18414	D2:41:092AA	1	대사	【マルチナ】手を握る指に力を込め、私の目を凝視している。	
18415	D2:41:092F0	1	대사	【マルチナ】私の意図を探ろうとしているようだ。	
18416	D2:41:0932C	1	대사	【グスタフ】「いいか、」	
18417	D2:41:09352	1	대사	【グスタフ】「貴様が路頭に迷っていた時、誰が拾い上げてやったのか、よく思い出すんだ」	
18418	D2:41:093B4	1	대사	【マルチナ】「えぇ、感謝している。あなたには‥‥‥‥。」	
18419	D2:41:09426	1	대사	【マルチナ】「私は、装置を作り上げることに専念するわ。」	
18420	D2:41:0946A	1	대사	【グスタフ】「それならいい‥‥‥‥乱暴なことをして、すまなかったな。」	
18421	D2:41:094EC	1	대사	【グスタフ】「ティーナに関しては、私に一任してもらおう。」	
18422	D2:41:09532	1	대사	【マルチナ】「わかったわ、グスタフ‥‥‥‥。」	
18423	D2:41:0956C	1	대사	【グスタフ】「ならば‥‥‥もう行っていい。」	
18424	D2:41:095CA	1	대사	【マルチナ】「反応装置の完成が成就するのは、既に定められていること‥‥。」	
18425	D2:41:09620	1	대사	【マルチナ】「問題は‥‥‥‥。」	
18426	D2:41:0964C	1	대사	【マルチナ】「そう、問題はティーナ‥‥あの子がどうなるのか‥‥。」	
18427	D2:41:0969A	1	대사	【マルチナ】「私のこだわり‥‥これが運命の螺旋に、私を巻き込んでいくのね‥‥‥‥。」	
18428	D2:41:096FA	1	대사	【マルチナ】「そう、わかってはいるのよ‥‥だけど‥‥。」	
18429	D2:41:0973E	1	대사	【マルチナ】「‥‥‥‥‥‥‥‥」{k00}	
18430	D2:41:0976E	1	대사	【レイコ】「どうなさるおつもりですか、教授？」	
18431	D2:41:097A8	1	대사	【マルチナ】目の前の女性は落ちついた素振りで、私に問いかけてきた。	
18432	D2:41:097F6	1	대사	【マルチナ】すらりと伸びた手足、肉付きの良い身体。	
18433	D2:41:09836	1	대사	【マルチナ】女性の私から見ても魅力的なこの女性は、レイコ・クサナギ‥‥。	
18434	D2:41:0988C	1	대사	【マルチナ】「どうしようもないわ、制御ディスクは既にここに無い‥‥。」	
18435	D2:41:098E0	1	대사	【マルチナ】「無い場合の対処を検討した方が建設的ね。」	
18436	D2:41:09924	1	대사	【レイコ】「職員のほとんどには休暇を与えましたが、」	
18437	D2:41:09966	1	대사	【レイコ】「じきに気づく人たちも少なくないと思います。」	
18438	D2:41:099AC	1	대사	【マルチナ】「そうね、でもそれは仕方のないことよ。」	
18439	D2:41:099EC	1	대사	【マルチナ】私は肩をすぼめながら、薄く笑ってみせた。	
18440	D2:41:09A2E	1	대사	【マルチナ】レイコは私の表情を不思議そうに眺めている。	
18441	D2:41:09A72	1	대사	【レイコ】「私は、例の工作員の筋から内偵しましょうか？」	
18442	D2:41:09AB6	1	대사	【マルチナ】「レイコさんに、そんな危険なことをさせる訳にはいかないわ。」	
18443	D2:41:09B0A	1	대사	【レイコ】「研究の成就の為です。私に言って下されば‥‥‥‥‥。」	
18444	D2:41:09B56	1	대사	【マルチナ】目をやや細めながら、私を探るような趣で見つめている。	
18445	D2:41:09BA2	1	대사	【マルチナ】私を慕い、信奉してくれる有能な秘書‥‥。	
18446	D2:41:09BE4	1	대사	【マルチナ】しかしその一途な情感故に、彼女には危険な匂いがつきまとう‥‥。	
18447	D2:41:09C3C	1	대사	【マルチナ】「でも、見事に裏をかかれたわね‥‥内部の者の犯行は、まず間違いないわ。」	
18448	D2:41:09C9C	1	대사	【レイコ】「では‥‥‥‥。」	
18449	D2:41:09CC4	1	대사	【マルチナ】「いいのよ、レイコさん。それでも、研究はきっと完成する。」	
18450	D2:41:09D16	3	대사	【レイコ】「‥‥‥‥‥‥‥‥。」	
18451	D2:41:09D42	1	대사	【マルチナ】レイコは顎の下に親指を添えて、少し首を傾げる。	
18452	D2:41:09D8A	1	대사	【マルチナ】疑問を感じたときの、彼女の癖なんだろう。	
18453	D2:41:09DCC	1	대사	【マルチナ】私の推測を裏付けるように、レイコは私に向かって話し出した。	
18454	D2:41:09E1E	1	대사	【レイコ】「教授‥‥私、いつも疑問に思っています。」	
18455	D2:41:09E5E	1	대사	【マルチナ】「何を、かしら？」	
18456	D2:41:09E88	1	대사	【レイコ】「何故そんなに自信がおありなんですか？」	
18457	D2:41:09EC8	1	대사	【レイコ】「制御ディスクを盗まれ、装置が今まさに暴走に突入しようかという時に‥‥」	
18458	D2:41:09F28	1	대사	【マルチナ】レイコはやや当惑した感じだ。	
18459	D2:41:09F5E	1	대사	【マルチナ】こういう仕草を見ると、	
18460	D2:41:09F8E	1	대사	【マルチナ】どうも悪戯心が芽生えてくるのは、私の悪い癖かしら‥‥。	
18461	D2:41:09FDE	1	대사	【マルチナ】「ではレイコさんは、私が泣き喚き、取り乱す様を見てみたいの？」	
18462	D2:41:0A034	1	대사	【レイコ】「い、いえ‥‥そんな、決して‥‥‥‥。」	
18463	D2:41:0A072	1	대사	【マルチナ】案の定、彼女の表情は当惑から困惑へと変化していった。	
18464	D2:41:0A0C0	1	대사	【マルチナ】その情感の移り変わりを予期していただけに、	
18465	D2:41:0A104	1	대사	【マルチナ】すまないという気持ちもわいてくる。	
18466	D2:41:0A140	1	대사	【マルチナ】「ごめんなさい、ちょっと意地悪だったかしら。」	
18467	D2:41:0A186	1	대사	【レイコ】「そ、そんなことはありません‥‥けど‥‥。」	
18468	D2:41:0A1C8	1	대사	【マルチナ】「大丈夫よ、私にはわかってるの。研究が完成するのは‥‥。」	
18469	D2:41:0A23E	1	대사	【マルチナ】「ウフフ、レイコさん‥」	
18470	D2:41:0A26E	1	대사	【レイコ】「はい‥‥‥‥。」	
18471	D2:41:0A296	1	대사	【マルチナ】「あまり無理をしない程度にやって頂戴。」	
18472	D2:41:0A2D6	1	대사	【レイコ】「は、はい！」	
18473	D2:41:0A2FA	1	대사	【マルチナ】顔をほころばせながら、彼女は頷いた。	
18474	D2:41:0A338	1	대사	【マルチナ】どうやら、私の了承を取り付けられたと考えたらしい。	
18475	D2:41:0A384	1	대사	【マルチナ】少し悪戯っ子にも似た表情は可愛らしかった。	
18476	D2:41:0A3C8	1	대사	【マルチナ】「イズミさんは、今日遅れて来ると思うわ。」	
18477	D2:41:0A40C	1	대사	【マルチナ】「そのときに、彼女に詳細を伝えて頂戴。」	
18478	D2:41:0A44E	1	대사	【レイコ】「わかりました。その後で、教授の部屋へ行ってもらえばいいんですね？」	
18479	D2:41:0A4A8	1	대사	【マルチナ】「そうね‥‥‥。」	
18480	D2:41:0A4D2	1	대사	【レイコ】「教授、実は私、もう‥‥‥‥。」	
18481	D2:41:0A508	1	대사	【マルチナ】その後に続く言葉をいったん彼女は飲み込んだ。	
18482	D2:41:0A54E	1	대사	【マルチナ】言って良いものかどうか、考えあぐねているような感じだった。	
18483	D2:41:0A5A2	1	대사	【マルチナ】私は少し嫌な予感がした。	
18484	D2:41:0A5D4	1	대사	【マルチナ】ただこの時は、それほど強い予感ではなかったのだけど‥‥‥‥。	
18485	D2:41:0A62A	1	대사	【レイコ】「いえ、何でもありません。それでは失礼します。」	
18486	D2:41:0A67A	1	대사	【マルチナ】レイコは私に軽く頭を下げると、研究室を軽快な足どりで出ていった。	
18487	D2:41:0A6D2	1	대사	【マルチナ】彼女、大丈夫かしら‥‥‥‥どうも端から見ていて、そわそわしてしまう。	
18488	D2:41:0A730	1	대사	【マルチナ】これは、おてんば娘を端から見守る、母親の心境だ。	
18489	D2:41:0A77A	1	대사	【マルチナ】このことが、彼女にとって災いにならなければ良いのだけれど‥‥‥‥。{k00}	
18490	D2:41:0A7E0	1	대사	【マルチナ】反応装置‥‥‥‥‥‥。	
18491	D2:41:0A80E	1	대사	【マルチナ】誰がそう呼び始めたのか、忘れてしまったわ。	
18492	D2:41:0A850	1	대사	【マルチナ】わかっているのは、この装置はそう呼ばれてから久しいということ‥‥‥‥。	
18493	D2:41:0A8AE	1	대사	【マルチナ】テオドラ研究所で、これの基礎理論を私が発案したとき、	
18494	D2:41:0A8FC	1	대사	【マルチナ】夫のグスタフはそれを持って亡命しようとした。	
18495	D2:41:0A942	1	대사	【マルチナ】私はそれに異を唱えた。	
18496	D2:41:0A972	1	대사	【マルチナ】私にしてみれば、研究ができさえすれば、どこでも構わなかったのだから‥‥。	
18497	D2:41:0A9D4	1	대사	【マルチナ】軍事兵器という構想にも真っ向から対立していた彼は、	
18498	D2:41:0AA20	1	대사	【マルチナ】口先だけの平和主義者に担がれ、利用された。	
18499	D2:41:0AA64	1	대사	【マルチナ】彼は結局財団側から疎まれ、考慮外とされていった。被害妄想の強いグスタフは、	
18500	D2:41:0AAC8	1	대사	【マルチナ】それが自分を暗殺するための擬態だと勘違いしたのだ。	
18501	D2:41:0AB14	1	대사	【マルチナ】そして、擬態には擬態を以って‥‥。	
18502	D2:41:0AB50	1	대사	【マルチナ】娘のティーナと、研究職員１人を犠牲にして、彼はテオドラと共に死んだ。	
18503	D2:41:0ABAE	1	대사	【マルチナ】あくまで書類上として‥‥‥‥。	
18504	D2:41:0ABE4	1	대사	【マルチナ】しかし私の１人娘だったティーナは、肉体的に死んだのだ‥‥。	
18505	D2:41:0AC36	1	대사	【マルチナ】それから、しばらくした後、グスタフは顔を整形して私の前に現れた。	
18506	D2:41:0AC8E	1	대사	【マルチナ】私は彼に驚愕し、当惑した後、憎悪した。	
18507	D2:41:0ACCC	1	대사	【マルチナ】彼に対する愛などは露ほども無かった。初めからなかった‥‥。	
18508	D2:41:0AD1E	1	대사	【マルチナ】しかし２人の間にできた娘のティーナにだけは、惜しみない愛情を注いだ。	
18509	D2:41:0AD7A	1	대사	【マルチナ】私にとっての、目的と希望を忘れさせるほどの‥‥‥‥。	
18510	D2:41:0ADE6	1	대사	【マルチナ】それからの私は、ひたすら研究に打ち込んだ。来るべきあの日の為に‥‥。	
18511	D2:41:0AE42	1	대사	【マルチナ】いつの間にかこの装置は、軍事兵器という方面への、応用のみに限定されていた。	
18512	D2:41:0AEA6	1	대사	【マルチナ】私はそれでも構わなかった。	
18513	D2:41:0AEDA	1	대사	【マルチナ】なぜならば、この装置が完成したあかつきには、	
18514	D2:41:0AF20	1	대사	【マルチナ】私はもはやこの世の人間ではなくなるのだから‥‥‥‥。	
18515	D2:41:0AF6E	1	대사	【マルチナ】私は彼女の言うことを信じている。	
18516	D2:41:0AFA8	1	대사	【マルチナ】この装置は恐らく完成するだろう‥‥いえ、するはずなのよ。	
18517	D2:41:0AFFA	1	대사	【マルチナ】だけど‥‥‥‥‥‥。	
18518	D2:41:0B026	1	대사	【マルチナ】‥‥‥‥‥‥‥‥‥‥。	
18519	D2:41:0B04A	1	대사	カタン‥‥‥‥‥‥。	
18520	D2:41:0B06A	1	대사	【マルチナ】「誰！？」	
18521	D2:41:0B08C	1	대사	【マルチナ】私は、音の方に鋭い声を放った。	
18522	D2:41:0B0C2	1	대사	【マルチナ】私がよほど恐い顔をしていたのかもしれない‥‥。	
18523	D2:41:0B10A	1	대사	【マルチナ】その可愛らしい侵入者は、室内の隅に恐々とうずくまっていた。	
18524	D2:41:0B164	1	대사	【ティーナ】「ご、ごめんなさい‥‥‥‥。」	
18525	D2:41:0B19A	1	대사	【マルチナ】「あら、可愛らしい子猫ちゃんね。」	
18526	D2:41:0B1D4	1	대사	【マルチナ】濡れそぼった子猫のような仕草をしているその子は、	
18527	D2:41:0B21E	1	대사	【マルチナ】すまなそうな目で私を見上げている。	
18528	D2:41:0B25A	1	대사	【マルチナ】私が必要以上に優しい笑みを浮かべたせいだろう。	
18529	D2:41:0B2A2	1	대사	【マルチナ】彼女はいくぶん、表情がやわらいだようだ。	
18530	D2:41:0B2EE	1	대사	【ティーナ】「ごめんなさーい、何だか、面白そうだから入っちゃったの。」	
18531	D2:41:0B340	1	대사	【マルチナ】「フフ、悪戯っ子ね‥‥でも、ここはとっても危険なの。」	
18532	D2:41:0B38E	1	대사	【ティーナ】「うん、なんだかちょっと、恐い‥‥‥‥。」	
18533	D2:41:0B3D0	1	대사	【マルチナ】「私と一緒に行く？　アルのところに連れていってあげるわ。」	
18534	D2:41:0B422	1	대사	【ティーナ】「本当！？うん、行く！」	
18535	D2:41:0B452	1	대사	【マルチナ】フフ、可愛らしい子‥‥私の娘を見るようだわ‥‥。	
18536	D2:41:0B49A	1	대사	【マルチナ】私はティーナの手を引いて装置室を出ようとした。そのとき‥‥‥‥。	
18537	D2:41:0B4F2	1	대사	【マルチナ】「ティーナ、{n00}そこに隠れて！」	
18538	D2:41:0B528	1	대사	【ティーナ】「えっ？」	
18539	D2:41:0B54A	1	대사	【マルチナ】「早くなさい！」	
18540	D2:41:0B572	1	대사	【ティーナ】「きゃっ！」	
18541	D2:41:0B5A0	1	대사	【グスタフ】「こんな所で何をしている、しかも１人で。」	
18542	D2:41:0B5EC	1	대사	【マルチナ】グスタフは、さも当然という趣で、装置室に入室してきた。	
18543	D2:41:0B63C	1	대사	【マルチナ】その姿を見て、私はやや焦りを覚える。	
18544	D2:41:0B67A	1	대사	【マルチナ】「グスタフ‥‥装置室に何の用？　ここへ来てはいけないと‥‥。」	
18545	D2:41:0B6D0	1	대사	【グスタフ】「フッ、まぁ堅いことを言うな。職員のほとんどは休暇と言うじゃないか。」	
18546	D2:41:0B72E	1	대사	【マルチナ】周りを見回しながら、薄く微笑んでいる。	
18547	D2:41:0B76E	1	대사	【マルチナ】自分のモノだと言わんばかりの態度に、いささかの反発心を覚えてしまう。	
18548	D2:41:0B7CC	1	대사	【マルチナ】「まだ残っている人がいるのよ‥‥お願い、帰って頂戴。」	
18549	D2:41:0B81A	1	대사	【グスタフ】「‥‥エレナに、あの子を連れて来させることにしたよ。」	
18550	D2:41:0B868	1	대사	【マルチナ】「あ、あの子って‥‥‥」	
18551	D2:41:0B898	1	대사	【グスタフ】「ティーナのことだよ。」	
18552	D2:41:0B8C8	1	대사	【マルチナ】私はハッとして、ティーナが隠れているであろう場所を見た。	
18553	D2:41:0B91A	1	대사	【マルチナ】あの子は首尾良く隠れているらしいが‥‥。	
18554	D2:41:0B95C	1	대사	【グスタフ】「どうした、この期に及んで‥‥‥‥。」	
18555	D2:41:0B99A	1	대사	【マルチナ】「違うわ、あなたがそこまであの子に拘泥する理由がわからないの。」	
18556	D2:41:0B9F2	1	대사	【グスタフ】「ティーナにか？」	
18557	D2:41:0BA1C	1	대사	【マルチナ】「そう、あの子によ。」	
18558	D2:41:0BA4A	1	대사	【マルチナ】私は必要以上に、固有名詞の使用を避けた。	
18559	D2:41:0BA8C	1	대사	【マルチナ】うっかりあの子が、返事をしてしまうのではないかという危惧に駆られた為だ。	
18560	D2:41:0BAEE	1	대사	【グスタフ】「拘泥はしていない。サンプルの１つという訳だが、貴重ではあるな。」	
18561	D2:41:0BB48	1	대사	【マルチナ】「わかったわ。お願いよ、もう帰って頂戴。」	
18562	D2:41:0BB8A	1	대사	【グスタフ】「つれないな、何かあるのか？」	
18563	D2:41:0BBC0	1	대사	【マルチナ】「何もないわ‥‥ただここは危険なの。私はあなたの身を案じているのよ。」	
18564	D2:41:0BC1E	1	대사	【マルチナ】感情の全くこもらない言葉ではあったが、	
18565	D2:41:0BC5E	1	대사	【マルチナ】それなりにグスタフの心を揺り動かしたようだ。	
18566	D2:41:0BCA4	1	대사	【マルチナ】彼はもう１度だけ、装置内を一瞥すると、肩をすくめて苦笑した。	
18567	D2:41:0BCF8	1	대사	【グスタフ】「しょうがないな、ま、身体を壊さない程度にがんばってくれ。」	
18568	D2:41:0BD56	1	대사	【マルチナ】‥あなたが私の身を案じる訳がない。	
18569	D2:41:0BD92	1	대사	【マルチナ】あなたが案じるのは、装置の行く末のみ‥‥‥‥。	
18570	D2:41:0BDDA	1	대사	【マルチナ】フフ‥‥もっとも、私もそれは同じなのだけど‥‥。	
18571	D2:41:0BE22	1	대사	【ティーナ】「オバチャン‥‥‥‥。」	
18572	D2:41:0BE5C	3	대사	【マルチナ】「ティーナ‥‥‥‥。」	
18573	D2:41:0BE8A	1	대사	【マルチナ】本当に似ているわ、あの子に‥‥‥‥。	
18574	D2:41:0BEC8	1	대사	【マルチナ】私はこみ上げてくる熱いものを、ぐっと押さえつけなければならなかった。	
18575	D2:41:0BF26	1	대사	【マルチナ】「フフ、もう恐い男の人は、どこかに行ってしまった{n00}わ。」	
18576	D2:41:0BF76	1	대사	【ティーナ】「うん、ありがとう、オバチャン。」	
18577	D2:41:0BFB0	1	대사	【マルチナ】「ティーナ、１つ良いことを教えてあげる。」	
18578	D2:41:0BFF2	2	대사	【ティーナ】「なになに？」	
18579	D2:41:0C018	1	대사	【マルチナ】ティーナは興味津々という表情を顔に形作っている。フフ、本当に好奇心旺盛ね。	
18580	D2:41:0C07A	1	대사	【マルチナ】「女の人を呼ぶときはね」	
18581	D2:41:0C0AC	1	대사	【マルチナ】「例えずっと年上の人でも『お姉さん』って呼ぶと、可愛がられるわよ。」	
18582	D2:41:0C10A	1	대사	【ティーナ】「そうなの？」	
18583	D2:41:0C130	1	대사	【マルチナ】「えぇ、間違いないわ。」	
18584	D2:41:0C160	1	대사	【ティーナ】「じゃあ‥‥ありがとう、お姉ちゃん！」	
18585	D2:41:0C19E	1	대사	【マルチナ】「ウフフ、いい子ね。可愛いわよ。」	
18586	D2:41:0C1D8	1	대사	【マルチナ】私はティーナの頭を軽く撫でてやる。	
18587	D2:41:0C214	1	대사	【マルチナ】フワリとした髪の毛が、指の間に心地よい感触をもたらした。	
18588	D2:41:0C266	1	대사	【マルチナ】ティーナも意外に気持ちよさそうだった。	
18589	D2:41:0C2A6	1	대사	【マルチナ】薄く目をつぶり、今にも喉をゴロゴロと鳴らしそうだ。	
18590	D2:41:0C2F2	1	대사	【マルチナ】「ねぇ、ティーナ。」	
18591	D2:41:0C31E	1	대사	【ティーナ】「なーに？」	
18592	D2:41:0C342	1	대사	【マルチナ】私はティーナの前に膝をつくと、いくぶん真面目な趣で、ティーナと向き合った。	
18593	D2:41:0C3A6	1	대사	【マルチナ】少しだけ、彼女の緊張が伝わってくる。	
18594	D2:41:0C3E4	1	대사	【マルチナ】「さっきの話、聞いていたでしょう？」	
18595	D2:41:0C420	1	대사	【ティーナ】「うん‥‥‥‥。」	
18596	D2:41:0C44A	1	대사	【マルチナ】「聞いたこと、アルには内緒にしておきなさい。」	
18597	D2:41:0C490	1	대사	【ティーナ】「なんで？」	
18598	D2:41:0C4B4	1	대사	【マルチナ】純粋な疑問からティーナは私に問いただしたのだろう。	
18599	D2:41:0C4FE	1	대사	【マルチナ】これが他の、例えばあのカズミなどだったら、	
18600	D2:41:0C542	1	대사	【マルチナ】かなりシニカルな反応を私はしたかもしれない。	
18601	D2:41:0C588	1	대사	【マルチナ】そのくらい、ティーナの質問はストレートだった。	
18602	D2:41:0C5D0	1	대사	【マルチナ】「アルに言われると、私が困ってしまうの。」	
18603	D2:41:0C612	2	대사	【ティーナ】「‥‥‥‥‥‥。」	
18604	D2:41:0C63C	1	대사	【マルチナ】「そしてね、ティーナ。あなたも困ってしまうと思うわ。」	
18605	D2:41:0C68A	1	대사	【ティーナ】「ティーナが、困っちゃうの？」	
18606	D2:41:0C6C0	1	대사	【マルチナ】「そう、きっと困ってしまうわ。」	
18607	D2:41:0C6F8	1	대사	【マルチナ】この可愛らしい哲学者は、しばし腕組みをして何かを考えているようだった。	
18608	D2:41:0C756	1	대사	【マルチナ】彼女にとって、アルという個人は、意外に高いプライオリティがあるのだろう。	
18609	D2:41:0C7B6	1	대사	【マルチナ】意外‥‥？　意外ではなく、当然なのかもしれない‥‥‥‥。	
18610	D2:41:0C806	1	대사	【ティーナ】「アルに、ウソをついてしまうの？」	
18611	D2:41:0C840	1	대사	【マルチナ】「嘘ではないわ‥‥‥‥、ティーナ。」	
18612	D2:41:0C89E	1	대사	【マルチナ】「嘘というのはね‥‥‥、事実と違うことをワザと言うこと。」	
18613	D2:41:0C8F2	1	대사	【マルチナ】「でも、ティーナは何も言わないというだけ。」	
18614	D2:41:0C938	1	대사	【ティーナ】「ウソじゃないの？」	
18615	D2:41:0C964	1	대사	【マルチナ】「違うわ、単に、アルに言わないだけ。」	
18616	D2:41:0C9A4	1	대사	【マルチナ】「彼に嘘をつく訳でも‥‥‥、まして騙す訳でもないのよ。」	
18617	D2:41:0C9F6	1	대사	【ティーナ】「うーん‥‥‥‥。」	
18618	D2:41:0CA22	1	대사	【マルチナ】本当にピュアな子‥‥、	
18619	D2:41:0CA52	1	대사	【マルチナ】彼女の内面では、他人を、しかも慕うアルに隠し事をするというだけで、	
18620	D2:41:0CAAE	1	대사	【マルチナ】かなり強い葛藤を生み出すに違いなかった。	
18621	D2:41:0CAF0	1	대사	【マルチナ】私は優しい表情を崩さずに、このピュアな少女の返答を待った。	
18622	D2:41:0CB44	1	대사	【ティーナ】「‥‥じゃあ、アルに聞かれたら？　そうしたら、どうするの？」	
18623	D2:41:0CB98	1	대사	【マルチナ】「何も言わないの。あくびでもして、寝ちゃいなさ{n00}い。」	
18624	D2:41:0CBE6	1	대사	【ティーナ】「アル、怒らないかなぁ‥‥。」	
18625	D2:41:0CC1C	1	대사	【マルチナ】「ウフフ、そんなことでは絶対に怒らないわ。絶対に‥‥。」	
18626	D2:41:0CC6C	1	대사	【マルチナ】私は強い確信を込めて{n00}ティーナを見つめた。	
18627	D2:41:0CCB0	1	대사	【マルチナ】何故ここまで確信がこもるのか、自分でも不思議に思う。	
18628	D2:41:0CCFE	1	대사	【マルチナ】ティーナは１つだけ頷くと、また元通りの表情に戻っていった。	
18629	D2:41:0CD50	1	대사	【ティーナ】「うん、わかった。アルには内緒にしとく。女同士の秘密よね。」	
18630	D2:41:0CDA4	1	대사	【マルチナ】「ウフフ、もう１つだけ、良いことを教えてあげる」	
18631	D2:41:0CE12	1	대사	【マルチナ】ティーナは再び好奇心に満ちた目を、私に向けた。	
18632	D2:41:0CE58	1	대사	【マルチナ】「女同士の秘密を持つのは、１つ大人になった証拠よ」	
18633	D2:41:0CEA2	1	대사	【ティーナ】「本当！？」	
18634	D2:41:0CEC6	1	대사	【マルチナ】「えぇ。」	
18635	D2:41:0CEEA	1	대사	【マルチナ】「大人の女同士の秘密というのはね、恋人にも明かさない、内緒のことなの。」	
18636	D2:41:0CF4C	1	대사	【ティーナ】「こ、恋人にも！？」	
18637	D2:41:0CF78	1	대사	【マルチナ】「そう、恋人にも。」	
18638	D2:41:0CFA4	1	대사	【ティーナ】「ティーナは大人だから、アルには言わない！」	
18639	D2:41:0CFE8	1	대사	【マルチナ】ティーナは腰に手をあてて、少しきどったポーズで言った。	
18640	D2:41:0D038	1	대사	【マルチナ】その仕草がまた可愛らしくおしゃまで、純粋な情操を感じさせる。	
18641	D2:41:0D08E	1	대사	【マルチナ】私は立ち上がってティーナの手をとると、ゆっくりと歩き出した。	
18642	D2:41:0D0E2	1	대사	【マルチナ】「じゃあ、アルの所に連れていってあげるわ。」	
18643	D2:41:0D126	1	대사	【ティーナ】「ウン、ありがとう、オバ‥‥‥‥あわわ。」	
18644	D2:41:0D168	1	대사	【マルチナ】「ウフフ、お姉さん、ね」	
18645	D2:41:0D198	1	대사	【ティーナ】「ウン、お姉チャン！」	
18646	D2:41:0D1D0	1	대사	【マルチナ】ここは宿舎前‥‥。	
18647	D2:41:0D1FA	1	대사	【マルチナ】時間がたつのは早いものね、もうこんなに暗くなってしまったわ‥‥。	
18648	D2:41:0D252	1	대사	【ティーナ】「あっ、アルだわ！」	
18649	D2:41:0D27E	1	대사	【マルチナ】ティーナは満面に笑みを浮かべると、彼に向かって文字どおり突進していった。	
18650	D2:41:0D2E0	1	대사	【マルチナ】フフ、元気がいいこと‥‥。	
18651	D2:41:0D320	1	대사	【アル】「ティーナ！」	
18652	D2:41:0D342	1	대사	【アル】「へへっ、タックルにも、だんだん腰がはいって来たな、王女様。」	
18653	D2:41:0D394	1	대사	【ティーナ】「うん、ティーナ腰使いがうまいのよ！」	
18654	D2:41:0D3D2	1	대사	【アル】「どうしたんだよ、ティーナ。」	
18655	D2:41:0D404	1	대사	【ティーナ】「あの人に連れてきてもらったの！」	
18656	D2:41:0D43E	1	대사	【アル】「あの人‥‥‥‥？」	
18657	D2:41:0D470	1	대사	【マルチナ】「元気がいいことね。」	
18658	D2:41:0D49E	1	대사	【アル】「どうもマルチナさん、お世話をおかけして‥‥。」	
18659	D2:41:0D4E2	1	대사	【マルチナ】アルは少し照れるような表情で、私に礼を述べた。	
18660	D2:41:0D528	1	대사	【マルチナ】自分の妹か何かが、他人にずいぶんと世話をかけてしまった、	
18661	D2:41:0D57A	1	대사	【マルチナ】そんな感じのようだ。	
18662	D2:41:0D5A8	1	대사	【マルチナ】「フフ、可愛らしい子ね、アルの恋人さんかしら？」	
18663	D2:41:0D5F0	1	대사	【ティーナ】「うん、そうよ！」	
18664	D2:41:0D61A	1	대사	【アル】「あのなぁ‥‥‥‥。」	
18665	D2:41:0D644	1	대사	【マルチナ】あきれた口振りとは裏腹に、彼の表情は崩れっぱなしだった。	
18666	D2:41:0D696	1	대사	【マルチナ】よほど、ティーナのことを心配して捜していたのだろう。	
18667	D2:41:0D6E4	1	대사	【マルチナ】「この子、研究所の中を歩いていたので、連れてきたのよ。」	
18668	D2:41:0D734	1	대사	【アル】「そうでしたか‥‥どうもお手数をおかけしました」	
18669	D2:41:0D778	1	대사	【マルチナ】「フフ、いいわ。じゃあ‥‥‥‥。」	
18670	D2:41:0D7B2	1	대사	【マルチナ】私がきびすを返すと、背中から遠慮がちに声が掛かってきた。	
18671	D2:41:0D802	1	대사	【アル】「あっ、マルチナさん。」	
18672	D2:41:0D82E	3	대사	【マルチナ】「何かしら？」	
18673	D2:41:0D854	1	대사	【アル】「ええと‥‥今日は私服姿で、とっても素敵ですね」	
18674	D2:41:0D898	1	대사	【マルチナ】どうやら何かを言いあぐねているらしい。	
18675	D2:41:0D8D8	1	대사	【マルチナ】腹芸ができない彼の性格は、私にとって好ましいものだった。	
18676	D2:41:0D92A	1	대사	【マルチナ】「ウフフ、ありがとう。今日はもう仕事をあがった{n00}の、」	
18677	D2:41:0D97A	1	대사	【マルチナ】「明日が少し忙しくなるのでね‥‥。」	
18678	D2:41:0D9B8	1	대사	【アル】「なるほど‥‥で、聞きたいんですけど。」	
18679	D2:41:0D9F4	1	대사	【マルチナ】ほら来た。フフ、相変わらずストレートな言い方ね。さて‥‥‥‥。	
18680	D2:41:0DA70	1	대사	【アル】「このティーナを見て、どう思います？」	
18681	D2:41:0DAAA	1	대사	【マルチナ】どう、と言いながら、アルはティーナの頭を撫でている。	
18682	D2:41:0DAF8	1	대사	【マルチナ】ティーナは彼の腰にベッタリだ。	
18683	D2:41:0DB30	1	대사	【マルチナ】アルの言いたいことは十分に理解できた。	
18684	D2:41:0DB70	1	대사	【マルチナ】そしてその意図も了解していたのだけど‥‥‥‥。	
18685	D2:41:0DBB8	1	대사	【マルチナ】「どうって‥‥可愛らしいわ、とっても。」	
18686	D2:41:0DBF8	1	대사	【アル】「いやそうじゃなくて‥‥‥‥いや、いいんです。どうも、お世話様でした。」	
18687	D2:41:0DC54	1	대사	【マルチナ】「フフ、変な人ね。」	
18688	D2:41:0DC80	1	대사	【マルチナ】実際、変わっている、という形容が妥当な青年だった、アルは。	
18689	D2:41:0DCD2	1	대사	【マルチナ】シニカルで放逸としていながら、繊細で優しくて、	
18690	D2:41:0DD1A	1	대사	【マルチナ】他人を思いやる気持ちが意外に強い‥‥‥‥。	
18691	D2:41:0DD5E	1	대사	【アル】「じゃ、失礼します。お世話様でした。」	
18692	D2:41:0DD98	1	대사	【ティーナ】「じゃーね！」	
18693	D2:41:0DDC8	1	대사	【マルチナ】フフ、ティーナはアルのそんなところを、	
18694	D2:41:0DE08	1	대사	【マルチナ】理屈ではなく本能で理解して、彼のことを好いているのかもしれない。	
18695	D2:41:0DE62	1	대사	【マルチナ】本能ではなく、記憶、かもしれないわ‥‥‥‥。	
18696	D2:41:0DED8	2	대사	【マルチナ】「なにかしら？」	
18697	D2:41:0DF00	1	대사	【マコト】「教授はこの浜辺に、よく来られるんですか？」	
18698	D2:41:0DF42	1	대사	【マルチナ】私の隣にいる女性は、すこし意外そうな顔をしながら尋ねてきた。	
18699	D2:41:0DF96	1	대사	【マルチナ】私が夕べの海にやってくるのが、そんなに意外だったかしら‥‥‥‥。	
18700	D2:41:0DFEE	1	대사	【マルチナ】「私が、よくここへ来るのか、ということ？」	
18701	D2:41:0E030	1	대사	【マコト】「はい、そうです。」	
18702	D2:41:0E05A	1	대사	【マルチナ】「そうねぇ‥‥昔を思い出して、たまにやってくる程度、かしら。」	
18703	D2:41:0E0B0	1	대사	【マコト】「昔‥‥ですか。何かあったんですか？」	
18704	D2:41:0E0EC	1	대사	【マルチナ】言ってからマコトは、あっと気づいたように、	
18705	D2:41:0E130	1	대사	【マルチナ】「差し支えなかったら」とつけ加えた。	
18706	D2:41:0E16E	1	대사	【マルチナ】差し支えは多分にあるのだけど、この好奇心に輝く目を見ていると、断りにくい。	
18707	D2:41:0E1D0	1	대사	【マルチナ】しかしそれを苦に感じないところは、彼女の人格のためかもしれなかった。	
18708	D2:41:0E22C	1	대사	【マルチナ】「ウフフ‥‥、」	
18709	D2:41:0E256	1	대사	【マルチナ】「ずっと昔、こうして愛する人とよりそって、色々なことを語り合ったわ。」	
18710	D2:41:0E2B6	1	대사	【マコト】「へぇ‥‥とってもいいですね、それって。」	
18711	D2:41:0E2F6	1	대사	【マルチナ】「そう、凄く素敵だった。私の一生の思い出かも。」	
18712	D2:41:0E33E	1	대사	【マコト】「死んだご主人‥‥‥‥‥ですか？」	
18713	D2:41:0E376	1	대사	【マルチナ】言いづらいことを、平気で聞いてくる子ね‥‥‥‥。	
18714	D2:41:0E3BE	1	대사	【マルチナ】でも不思議と怒りは涌いてこない。むしろ、私を感傷的な気分にさせた。	
18715	D2:41:0E418	1	대사	【マコト】「あっ‥‥‥‥‥‥、ご、ごめんなさい！」	
18716	D2:41:0E456	1	대사	【マルチナ】「フフ、いいのよ。私が研究を続けられるのは、そのためかしら。」	
18717	D2:41:0E4D4	1	대사	【マルチナ】「そういえば例の記者さんとは、うまくいってる？」	
18718	D2:41:0E51C	1	대사	【マコト】「え？　は、はぁ‥‥‥‥その‥‥‥‥。」	
18719	D2:41:0E55A	1	대사	【マルチナ】マコトはいくぶん躊躇しているようだった。	
18720	D2:41:0E59C	1	대사	【マルチナ】私は話題を提供しただけで、別にその話の持続にはこだわっていない。	
18721	D2:41:0E5F6	1	대사	【マルチナ】話を打ち切るため、私はごくごく平凡なことを言ってみた。	
18722	D2:41:0E644	1	대사	【マルチナ】「フフ、若い内はいろいろあるんでしょうけど、」	
18723	D2:41:0E68C	1	대사	【マルチナ】「相手を信じるということも必要よ。」	
18724	D2:41:0E6CA	1	대사	【マルチナ】この何気ない言葉は、マコトに何かを決意させたようだ。	
18725	D2:41:0E718	1	대사	【マルチナ】彼女は１つ溜息をつくと、私に真顔で話し出した。	
18726	D2:41:0E760	1	대사	【マコト】「信じた結果、裏切られたらどうするんですか？」	
18727	D2:41:0E7A4	1	대사	【マルチナ】「どういうことかしら。」	
18728	D2:41:0E7D4	1	대사	【マコト】「ええとつまり‥‥例えばですよ、」	
18729	D2:41:0E80E	1	대사	【マコト】「例えば信じて彼を待ってたけど、彼は浮気をしていたりしたら‥‥。」	
18730	D2:41:0E868	1	대사	【マルチナ】「フフ、ウフフ‥‥アハハハ‥‥。」	
18731	D2:41:0E8A2	1	대사	【マコト】「きょ、教授‥‥‥‥。」	
18732	D2:41:0E8D0	1	대사	【マルチナ】フフ、本当に可愛らしい子ね、まるでハイスクールの女学生のよう‥‥。	
18733	D2:41:0E92A	1	대사	【マルチナ】しかし、マコトの非難の眼差しに気が付くと、私はすぐに笑いをとめた。	
18734	D2:41:0E986	1	대사	【マルチナ】今度は逆に、真面目過ぎるほどの顔で、彼女に向き直る。	
18735	D2:41:0E9D4	1	대사	【マルチナ】「ごめんなさいね、笑ったりして。」	
18736	D2:41:0EA0E	1	대사	【マコト】「ひどいです‥‥。」	
18737	D2:41:0EA38	1	대사	【マルチナ】何故か彼女に、私は言いたくなった。	
18738	D2:41:0EA74	1	대사	【マルチナ】何故かはわからないのだけど、言わずにはいられなかった。	
18739	D2:41:0EAC4	1	대사	【マルチナ】彼女に、アルという恋人がいるせいかもしれない‥‥‥‥。	
18740	D2:41:0EB12	1	대사	【マルチナ】「ねぇイズミさん、あなた‥‥‥‥、愛するってどう考えてる？」	
18741	D2:41:0EB66	1	대사	【マコト】「え？{n00}　あ、愛ですか‥‥‥？」	
18742	D2:41:0EB9C	1	대사	【マルチナ】「そう、愛。」	
18743	D2:41:0EBC2	1	대사	【マルチナ】意外そうな表情をしている。フフ、私の言うことはほとんど、	
18744	D2:41:0EC14	1	대사	【マルチナ】彼女にとって、意外の形容がふさわしいようね‥‥。	
18745	D2:41:0EC5E	1	대사	【マルチナ】ほんの少しの間をおいて、マコトは回答を呈示した。	
18746	D2:41:0ECA6	1	대사	【マコト】「‥‥月並みな答かもしれないけど、」	
18747	D2:41:0ECE2	1	대사	【マコト】「やっぱり相手を信じることじゃないでしょうか。」	
18748	D2:41:0ED2A	1	대사	【マルチナ】そう、私はそれに異論は全く無かった‥‥。	
18749	D2:41:0ED6C	1	대사	【マルチナ】むしろ、今それを言おうとした矢先だったのだ。	
18750	D2:41:0EDB2	1	대사	【マルチナ】「えぇ、そうね‥‥相手を信じる、とっても大切なことだわ。」	
18751	D2:41:0EE24	1	대사	【マルチナ】「あなたは信じられない{n00}の？」	
18752	D2:41:0EE5A	1	대사	【マコト】「裏切った人を、信じろというんですか？」	
18753	D2:41:0EE98	1	대사	【マルチナ】彼女の言う裏切った人は、恐らく恋人のアルだろう。それがわかるだけに、	
18754	D2:41:0EEF6	1	대사	【マルチナ】私は彼女に対して、より反発心を抱かずにはいられなかった。	
18755	D2:41:0EF48	1	대사	【マルチナ】「そう、それがあなたの愛なのね‥‥‥‥私はね、イズミさん。」	
18756	D2:41:0EFBC	1	대사	【マルチナ】「裏切られようと、浮気をされようと、相手を信じるわ。」	
18757	D2:41:0F00A	1	대사	【マルチナ】私のこの当たり前の議論は、彼女を当惑させたようだった。	
18758	D2:41:0F05A	1	대사	【マルチナ】首を若干かしげて私の方を見つめている。	
18759	D2:41:0F09A	1	대사	【マルチナ】なぜそんな顔をするのかしら‥‥？	
18760	D2:41:0F0D2	1	대사	【マルチナ】「だって、しょうがないじゃない。私は彼を愛したのよ？」	
18761	D2:41:0F120	1	대사	【マコト】「え、えぇ‥‥‥。」	
18762	D2:41:0F14A	1	대사	【マルチナ】「だから彼が私に刃物を突きつけようと、酷い仕打ちをしようと、」	
18763	D2:41:0F1A2	1	대사	【マルチナ】「私は彼を信じ、愛する‥‥愛し続けるわ。」	
18764	D2:41:0F1E6	2	대사	【マコト】「‥‥‥‥‥‥‥‥。」	
18765	D2:41:0F20A	1	대사	【マルチナ】依然として困惑する彼女を見ながら、私は言葉を続けた。	
18766	D2:41:0F256	1	대사	【マルチナ】「浮気をされたから、愛が壊れるというのはね、それは本当の愛ではないの。」	
18767	D2:41:0F2E4	1	대사	【マルチナ】「それは単に、浮気をしない彼を愛しているというだけのこと。」	
18768	D2:41:0F33A	1	대사	【マルチナ】「言ってみれば、彼の１部分だけを愛していたのね」	
18769	D2:41:0F3A8	1	대사	【マルチナ】「愛するということはね、怒ったり、憎んだり、悲しんだり、裏切ったり、」	
18770	D2:41:0F408	1	대사	【マルチナ】「そういう部分も全て愛するの。わかる？」	
18771	D2:41:0F44A	1	대사	【マルチナ】表情を見れば、彼女が良くわかっていないのが理解できた。	
18772	D2:41:0F498	1	대사	【マルチナ】だけど、彼女に理解されなくても構わなかったし、	
18773	D2:41:0F4E0	1	대사	【マルチナ】それで私の信念が変わる訳でもなかった‥‥。	
18774	D2:41:0F524	1	대사	【マルチナ】私は、私の信じた道を行くだけ‥‥‥‥。	
18775	D2:41:0F562	1	대사	【マルチナ】「フフ‥‥何だかつまらない議論で熱くなってしまったわね。」	
18776	D2:41:0F5B4	1	대사	【マコト】「そ、そんなことは‥‥‥‥。」	
18777	D2:41:0F5E8	1	대사	【マルチナ】私は、かねてから用意しておいた小さな袋を、胸のポケットから取り出した。	
18778	D2:41:0F646	1	대사	【マルチナ】「イズミさん、お守りをあげる。」	
18779	D2:41:0F67E	1	대사	【マコト】「えっ‥‥？」	
18780	D2:41:0F6A2	1	대사	【マルチナ】「恋のお守りよ。私よりも、あなたの方が持ち主としては相応しいかも‥‥。」	
18781	D2:41:0F702	1	대사	【マルチナ】中には簡単なメモと、ＩＣカードが入っていた。	
18782	D2:41:0F746	1	대사	【マルチナ】私がこころざし半ばで挫折したとき、彼を別世界から呼び戻すための‥‥。	
18783	D2:41:0F7A2	1	대사	【マルチナ】そして、全てを彼女に託すため‥‥‥‥。	
18784	D2:41:0F7E0	1	대사	【マコト】「あ、ありがとう‥‥ございます。」	
18785	D2:41:0F818	1	대사	【マルチナ】「恋人と別れ別れになったとき、」	
18786	D2:41:0F852	1	대사	【マルチナ】「それに祈ってみると効果があるかもしれないわ。」	
18787	D2:41:0F89C	1	대사	【マルチナ】さりげなく示唆をしたつもりだが、マコトはかなり疑問に思ったようだ。	
18788	D2:41:0F8F6	1	대사	【マルチナ】でもそれはそれで構わない。	
18789	D2:41:0F92A	1	대사	【マルチナ】あれは最悪の場合の、言ってみれば保険のようなもの‥‥。	
18790	D2:41:0F97A	1	대사	【マルチナ】私としては、あれが必要になるような状況を、回避しなければならないのだ‥‥。	
18791	D2:41:0FA02	1	대사	【マルチナ】でも、私にそれができるのかしら‥‥‥‥？{k00}	
18792	D2:41:0FA4E	1	대사	【マルチナ】「それではレイコさんは、今日亡くなったクリスさんが、」	
18793	D2:41:0FA9E	1	대사	【マルチナ】「何かのイリーガルな実験に関与していたと、こういう訳？」	
18794	D2:41:0FAF0	1	대사	【レイコ】「はい、まず間違いないと思います。」	
18795	D2:41:0FB2A	1	대사	【マルチナ】レイコは薄く笑みを浮かべていたが、目だけは真剣に私を見つめている。	
18796	D2:41:0FB84	1	대사	【マルチナ】私は溜息を１つつくと、口を再び開いた。	
18797	D2:41:0FBC2	1	대사	【マルチナ】「レイコさん、あなたの調査はいささか越権だわ。」	
18798	D2:41:0FC0A	1	대사	【レイコ】「しかし教授、」	
18799	D2:41:0FC32	1	대사	【レイコ】「クリスさんが定期的に利用していたメディカルセンターでは‥‥‥‥。」	
18800	D2:41:0FC8E	1	대사	【マルチナ】「レイコ！」	
18801	D2:41:0FCB2	1	대사	【マルチナ】レイコの身体がふいに揺れた。	
18802	D2:41:0FCE8	1	대사	【マルチナ】それが、自分の声のせいだと理解するのに、私は数瞬ほど時間を要してしまった。	
18803	D2:41:0FD4C	1	대사	【マルチナ】自分でも驚くほど、私は大きな声で叫んでいたらしい。	
18804	D2:41:0FD98	1	대사	【マルチナ】レイコの息を呑む音が、私の耳元まで聞こえてきた。	
18805	D2:41:0FDE2	1	대사	【マルチナ】「ごめんなさい‥‥‥‥レイコさん。」	
18806	D2:41:0FE1E	1	대사	【レイコ】「は、はい‥‥‥‥。」	
18807	D2:41:0FE4A	1	대사	【マルチナ】表情を崩さないのはさすがだが、明らかにレイコは困惑していた。	
18808	D2:41:0FEA0	1	대사	【マルチナ】良かれと思ってやっていたことを、逆に叱責されたのだから‥‥。	
18809	D2:41:0FEF6	1	대사	【マルチナ】でもこうしなくては、レイコが‥‥‥‥。	
18810	D2:41:0FF34	1	대사	【マルチナ】「研究成就の為に、尽力を傾けてくれるのはとっても助かるし、嬉しいわ。」	
18811	D2:41:0FF94	1	대사	【マルチナ】「だけど‥‥‥‥。」	
18812	D2:41:0FFE6	1	대사	【マルチナ】「行き過ぎた行為は、慎んで欲しいの。」	
18813	D2:41:10026	1	대사	【マルチナ】「これは《デザイア》の総監督としての要望よ。」	
18814	D2:41:1006E	1	대사	【レイコ】「私のしたことは、それほど教授のご迷惑になるのでしょうか？」	
18815	D2:41:100C0	1	대사	【マルチナ】レイコはやや懇願するような眼差しで私を見つめている。	
18816	D2:41:1010C	1	대사	【マルチナ】わかっていないわ‥‥あなたの為に言っていることなのに。	
18817	D2:41:1015C	1	대사	【マルチナ】だけど今はそれを言えない。いえ、言うことができないのよ‥‥。	
18818	D2:41:101B2	1	대사	【マルチナ】私は隣の部屋のドアを一瞥すると、再びレイコに向き直った。	
18819	D2:41:10202	1	대사	【マルチナ】「レイコさんの気持ちはとっても嬉しいのよ。ただ」	
18820	D2:41:1024C	1	대사	【マルチナ】「行き過ぎた行動を是正するのは私の職務。」	
18821	D2:41:10290	1	대사	【レイコ】「亡くなったクリスさんには、不審な点がいくつかありました。」	
18822	D2:41:102E4	1	대사	【レイコ】「それを究明することが、行き過ぎなのでしょうか」	
18823	D2:41:1032C	1	대사	【マルチナ】「レイコさん、お願いよ‥‥。」	
18824	D2:41:10362	1	대사	【マルチナ】私はもう祈るような気持ちだったに違いない。彼女の言い分は理解できる。	
18825	D2:41:103C0	1	대사	【マルチナ】だからこそ、彼女の身を案じてやまないのだ‥‥。	
18826	D2:41:10408	1	대사	【マルチナ】レイコは当惑しながらも、納得したように頷いた。	
18827	D2:41:1044E	1	대사	【レイコ】「わかりました。そこまでおっしゃるなら‥‥‥‥」	
18828	D2:41:10494	1	대사	【マルチナ】「ありがとう、レイコ{n00}さん。」	
18829	D2:41:104CA	1	대사	【レイコ】「失礼して、よろしいでしょうか？」	
18830	D2:41:10502	1	대사	【マルチナ】「えぇ、構わないわ。」	
18831	D2:41:10560	1	대사	【グスタフ】「あの女は、危険だな。」	
18832	D2:41:105C8	1	대사	【マルチナ】隣の寝室にいたグスタフが、私の目の前に現れた。	
18833	D2:41:10610	1	대사	【マルチナ】彼はじっと息をひそめて、彼女の話を聞いていたに違いないのだ。	
18834	D2:41:10666	1	대사	【グスタフ】「あの女は、私のことに気付きつつある。」	
18835	D2:41:106A6	5	대사	【マルチナ】「そうね‥‥‥‥。」	
18836	D2:41:106D2	1	대사	【グスタフ】「危険すぎるな。」	
18837	D2:41:10728	1	대사	【グスタフ】「だが、幸いにもあの女はマルチナ、お前のことを信奉しているようだ。」	
18838	D2:41:107AA	1	대사	【グスタフ】「そこに、付け入る隙間がある。」	
18839	D2:41:107E2	1	대사	【マルチナ】私が眉をしかめたのは、幸いにも彼の視界に入らなかったようだ。	
18840	D2:41:10836	1	대사	【マルチナ】グスタフは肩をすぼめてズボンのポケットに両手を入れると、	
18841	D2:41:10888	1	대사	【マルチナ】部屋の中をうろうろと歩き始めた。	
18842	D2:41:108C2	1	대사	【グスタフ】「あの女は、財団の調査室を利用して私のことを調べている。」	
18843	D2:41:10916	1	대사	【グスタフ】「それが判明した時は。」	
18844	D2:41:10948	1	대사	【マルチナ】「あなたに、再び魔の手が迫る訳ね。」	
18845	D2:41:10984	1	대사	【マルチナ】私は半ば呆れて言ったのだが、グスタフは意に介さなかったようだ。	
18846	D2:41:109DC	1	대사	【マルチナ】熊のような歩みをとめると、口の端をつり上げながら、	
18847	D2:41:10A28	1	대사	【グスタフ】「そこで私が用意するシナリオはこうだ。」	
18848	D2:41:10A8E	1	대사	【マルチナ】グスタフはフフンと軽く笑ったようだ。私に目を向けると、	
18849	D2:41:10ADC	1	대사	【グスタフ】「例の視察に来ているカズミという女、」	
18850	D2:41:10B1C	1	대사	【グスタフ】「これは既に研究の妨害を画策していることが判明している。」	
18851	D2:41:10B9C	1	대사	【グスタフ】「であるならば、これを逆に利用してやろう。」	
18852	D2:41:10BE0	1	대사	【マルチナ】グスタフの鼻息が多少荒くなってきた。	
18853	D2:41:10C1E	1	대사	【マルチナ】自分で用意したシナリオが、意外に気に入ったらしい。	
18854	D2:41:10C6A	1	대사	【グスタフ】「カズミはいずれにせよ消さねばならん。そこでだ、この殺人の罪を‥‥。」	
18855	D2:41:10CC8	1	대사	【マルチナ】「レイコさんに着せるという訳？」	
18856	D2:41:10D00	1	대사	【グスタフ】「そうだ。」	
18857	D2:41:10D26	1	대사	【グスタフ】「あの女がマルチナを信奉しているのは、多くの職員が知っていることだ。」	
18858	D2:41:10DB2	1	대사	【マルチナ】彼の意図を理解した時、少し声のイントネーションが変わってしまった。	
18859	D2:41:10E0E	1	대사	【マルチナ】私の声は震えていたかもしれない。	
18860	D2:41:10E48	1	대사	【マルチナ】グスタフは、私のそんな微妙な変化にも気付かず、話を進めている。	
18861	D2:41:10E9E	1	대사	【グスタフ】「とすれば、研究中止を勧告にきたカズミを殺したのは、」	
18862	D2:41:10EEE	1	대사	【グスタフ】「師であるマルチナの研究を完成させんがため‥‥」	
18863	D2:41:10F5E	1	대사	【グスタフ】「どうだ、美しい師弟愛という訳だ。」	
18864	D2:41:10F9C	1	대사	【グスタフ】「あのレイコという女が怪しいとなった時、」	
18865	D2:41:10FE0	1	대사	【グスタフ】「絶妙のタイミングでこれを処断する。」	
18866	D2:41:11020	1	대사	【マルチナ】「殺すわけね‥‥‥‥。」	
18867	D2:41:11050	1	대사	【グスタフ】「そうだ、レイコとやらいう女も、マルチナの役に立てたということで、」	
18868	D2:41:110AE	1	대사	【グスタフ】「あの世できっと満足することだろう。」	
18869	D2:41:110EE	1	대사	【マルチナ】私は吐き気がもよおしてくるのを、ぐっとこらえなければならなかった。	
18870	D2:41:1114A	1	대사	【マルチナ】己の主観に陶酔し、普遍性を信じて疑わない偏狭なこの男に‥‥‥。	
18871	D2:41:111A2	1	대사	【マルチナ】しかし感情とは裏腹に、冷静になっていく自分に、少し驚きもする。	
18872	D2:41:111FA	1	대사	【グスタフ】「どうだね‥‥‥‥‥‥‥私のプランは？」	
18873	D2:41:1123A	1	대사	【マルチナ】「そうね、素晴らしいと思うわ。」	
18874	D2:41:112A0	1	대사	【マルチナ】グスタフは私をしばらくの間、じっと凝視した。	
18875	D2:41:112E6	1	대사	【マルチナ】私の冷静な態度が、どうやら気に入らなかったらしい。	
18876	D2:41:11332	1	대사	【マルチナ】両ポケットから手を抜き出すと、私の肩に手を置いた。	
18877	D2:41:1137E	1	대사	【マルチナ】私はその手を払いのけたい衝動に、耐えねばならなかった。	
18878	D2:41:113CE	1	대사	【グスタフ】「意外に冷静だな、マルチナ。」	
18879	D2:41:11406	1	대사	【グスタフ】「お前を信奉する秘書が死ぬかも知れぬというのに‥‥。」	
18880	D2:41:11456	1	대사	【マルチナ】「それが運命ならば、仕方がないことよ。」	
18881	D2:41:11496	1	대사	【グスタフ】「運命か‥‥フッ、恐らくそうなのだろうな。」	
18882	D2:41:114DA	1	대사	【マルチナ】私の「運命」という言葉には、自嘲が多分に込められていた。	
18883	D2:41:1152C	1	대사	【マルチナ】グスタフは無論そのことを知るよしもない。	
18884	D2:41:1156E	1	대사	【マルチナ】この便利な言葉に責任を押しつけ、現実から逃避し、	
18885	D2:41:115B8	1	대사	【マルチナ】防ぐ手段を講じるのを怠ろうとする、自分に対する自嘲なのだ。	
18886	D2:41:1160C	1	대사	【マルチナ】私は目的の為ならば手段を選ばない‥‥。	
18887	D2:41:1164C	1	대사	【マルチナ】己のエゴイズムの成就の為ならば、悪魔にも魂を売ろうとも思うのだ‥‥。	
18888	D2:41:116AA	1	대사	【マルチナ】笑止なことに、その目的が、悪魔とは対極に位置する概念の‥‥‥‥。	
18889	D2:41:11702	2	대사	【グスタフ】「どうした、マルチナ。」	
18890	D2:41:11732	1	대사	【マルチナ】「‥‥‥‥えっ？」	
18891	D2:41:1175C	1	대사	【グスタフ】「ぼんやりして、お前らしくもない。」	
18892	D2:41:11798	1	대사	【マルチナ】「ごめんなさい‥‥目的のためには手段を選ばない」	
18893	D2:41:117E2	1	대사	【マルチナ】「そのことを今、心の中で確認していたのよ。」	
18894	D2:41:11862	1	대사	【マルチナ】グスタフはいったん言葉をきると、何事かを少し考えるような素振りをみせた。	
18895	D2:41:118C4	1	대사	【マルチナ】視線を床に落とし、表情もいくぶん厳しいものになっている。	
18896	D2:41:11916	1	대사	【グスタフ】「装置の方は何ともないのだな。データの算出は？」	
18897	D2:41:1195E	1	대사	【マルチナ】「完了しているわ。明日には完成する‥‥まず間違いなく。」	
18898	D2:41:119AE	1	대사	【グスタフ】「よし‥‥。」	
18899	D2:41:119D6	1	대사	【グスタフ】「フッ、」	
18900	D2:41:119FA	1	대사	【グスタフ】「制御ディスクを盗まれた時は、いったいどうなることかと思ったが‥‥。」	
18901	D2:41:11A5A	1	대사	【マルチナ】「制御ディスク１枚で、どうなるという段階ではないわ。」	
18902	D2:41:11AA8	1	대사	【グスタフ】「それもそうだ‥‥あのカズミという女、とんだ見当違いだった訳だな。」	
18903	D2:41:11B04	1	대사	【マルチナ】グスタフは床を見つめたまま薄く笑みをこぼすと、再び口を開いた。	
18904	D2:41:11B5C	1	대사	【グスタフ】「明日、ティーナを使った実験をする。」	
18905	D2:41:11B9A	1	대사	【マルチナ】「困るわ、装置はまだ完全ではないのよ。」	
18906	D2:41:11BDA	1	대사	【グスタフ】「完全にするのが、お前の役目だ。寝言を言うな。」	
18907	D2:41:11C48	1	대사	【グスタフ】「不服か？」	
18908	D2:41:11C6C	1	대사	【マルチナ】「‥‥わかったわ。何とか、やってみる。」	
18909	D2:41:11CAC	1	대사	【グスタフ】「そうだ、それでいい‥‥‥‥。」	
18910	D2:41:11CE4	1	대사	【マルチナ】グスタフは不気味な笑みをこぼすと、	
18911	D2:41:11D20	1	대사	【マルチナ】肩に置いた手に力を入れ、私を寝室の方へと招いた。	
18912	D2:41:11D6A	1	대사	【マルチナ】これからまた辛い時間が、私を待っているのだ‥‥‥‥。{k00}	
18913	D2:41:11DC2	1	대사	【マルチナ】何気なしに足がここへ向いてしまった‥‥‥‥。	
18914	D2:41:11E06	1	대사	【マルチナ】ここでこうして座って、物思いに耽るのが、私の唯一の安息の時‥‥‥‥。	
18915	D2:41:11E82	1	대사	【アル】「あれ、マルチナさん。」	
18916	D2:41:11EB8	1	대사	【マルチナ】その青年は軽快な足取りで近づいてくると、私の目の前で立ち止まった。	
18917	D2:41:11F12	1	대사	【マルチナ】屈託の無い笑みは、見ている者に安堵をもたらす‥‥‥‥アルだ。	
18918	D2:41:11F66	1	대사	【マルチナ】「どうしたの？　こんな人気のない浜辺に来て。」	
18919	D2:41:11FAC	1	대사	【アル】「い、いやその、何気なしにね。」	
18920	D2:41:11FE0	1	대사	【マルチナ】同じ理由を聞いて、私は少し苦笑してしまった。	
18921	D2:41:12026	1	대사	【マルチナ】私とアルとは、似ているところがあるのかもしれない。	
18922	D2:41:12072	1	대사	【マルチナ】バツの悪そうな、それでいて照れるような、	
18923	D2:41:120B4	1	대사	【マルチナ】そんな表情をしながらアルは私に言った。	
18924	D2:41:120F4	1	대사	【アル】「そういえば、さっきの放送を聞きました。」	
18925	D2:41:12132	1	대사	【マルチナ】「あぁ、あれね‥‥‥‥」	
18926	D2:41:12162	1	대사	【マルチナ】アルが言っているのは、恐らく《デザイア》放棄の放送の事だろう。	
18927	D2:41:121B8	1	대사	【マルチナ】万が一に備えて、職員のほとんどを、この島から引き上げさせるのだ。	
18928	D2:41:12210	1	대사	【アル】「あれねって‥‥‥‥。」	
18929	D2:41:1223C	1	대사	【マルチナ】「ま、諸種の事情ということね。永久放棄という訳ではないわ。」	
18930	D2:41:12290	1	대사	【アル】「ここは、マルチナさんの、長年の研究の成果ですからね。」	
18931	D2:41:122DC	1	대사	【マルチナ】「そうね‥‥長かったわ」	
18932	D2:41:1230C	1	대사	【マルチナ】別に話を合わせた訳ではない。実際、長かった‥‥。	
18933	D2:41:12354	1	대사	【マルチナ】永遠とも言える時の流れを、私は肌に感じていたのだから‥‥。	
18934	D2:41:123A6	1	대사	【アル】「ねぇ、マルチナさん。」	
18935	D2:41:123FA	1	대사	【アル】「マルチナさんにとって、研究とは何ですか？　やっぱりライフワーク？」	
18936	D2:41:12452	1	대사	【マルチナ】「違うわ。」	
18937	D2:41:12478	1	대사	【マルチナ】「意外かもしれないけど、私には目的を達成するための手段に過ぎないの。」	
18938	D2:41:124D8	1	대사	【マルチナ】私は思っていたことをそのまま口に出した。	
18939	D2:41:1251A	1	대사	【マルチナ】何故かアルの前では、そうしたくなる衝動に駆られてしまう。	
18940	D2:41:1256C	1	대사	【マルチナ】アルはしばらく考え込んでいたが、納得できる答えが見つけられなかったようだ。	
18941	D2:41:125D0	1	대사	【マルチナ】少しだけ口元を引き締めて、	
18942	D2:41:12604	1	대사	【アル】「目的のための手段、ですか。」	
18943	D2:41:12636	1	대사	【マルチナ】「そう、手段。」	
18944	D2:41:1265E	1	대사	【アル】「そこまでする目的っていうのは、いったい何なんだろうな。」	
18945	D2:41:126AC	1	대사	【マルチナ】私は喉元までこみ上げてきた言葉を、グッとこらえなければならなかった。	
18946	D2:41:12708	1	대사	【マルチナ】言いたかった‥‥私には気さくに話し合える友人など１人としておらず、	
18947	D2:41:12764	1	대사	【マルチナ】ずっと孤独に耐えてきた。いえ、それが当たり前だった。	
18948	D2:41:127B2	1	대사	【マルチナ】そんな私にとって、目の前の青年は優しく、暖かかった。	
18949	D2:41:12800	1	대사	【マルチナ】何もかも話したい衝動に、私は幾度となく襲われていた。	
18950	D2:41:1284E	1	대사	【マルチナ】「知りたい？」	
18951	D2:41:12874	1	대사	【アル】「うん、知りたい。」	
18952	D2:41:1289C	1	대사	【マルチナ】好奇心旺盛なイタズラっ子という趣だ。	
18953	D2:41:128DA	1	대사	【マルチナ】そんなアルを見ていると、私も少しだけ、イタズラ心が芽生えてくる。	
18954	D2:41:12934	1	대사	【マルチナ】「内緒よ。」	
18955	D2:41:12958	1	대사	【アル】「そんなぁ。」	
18956	D2:41:1297A	1	대사	【マルチナ】「フフ、でも、」	
18957	D2:41:129A4	1	대사	【マルチナ】「ここが放棄されて、私が本国へ戻ることになったら、教えてあげる。」	
18958	D2:41:12A00	1	대사	【マルチナ】私が本国へ戻るときは、最悪のケース‥‥。	
18959	D2:41:12A42	1	대사	【マルチナ】もはや２度と私の目的が成就することはない‥‥‥‥。	
18960	D2:41:12A8E	1	대사	【マルチナ】その時、彼には全てを話しておこうと思う。	
18961	D2:41:12AD0	1	대사	【マルチナ】彼がどう受けとめるかに関わらず‥‥‥‥。	
18962	D2:41:12B12	1	대사	【アル】「ほ、本当に教えてくれるの！？」	
18963	D2:41:12B46	1	대사	【マルチナ】「特別サービスね。」	
18964	D2:41:12B72	1	대사	【アル】「なんだかウソっぽいなぁ。で、具体的にいつ頃なんです？」	
18965	D2:41:12BBE	1	대사	【マルチナ】「そうね、遠い未来か、あるいは‥‥。」	
18966	D2:41:12BFC	1	대사	【アル】「気の長い話ですねぇ。俺、そのとき生きてますか？」	
18967	D2:41:12C42	1	대사	【マルチナ】「生きているわ。絶対。」	
18968	D2:41:12C72	1	대사	【マルチナ】あなたは絶対に生きている‥‥そういう予感がする‥‥。	
18969	D2:41:12CBE	1	대사	【マルチナ】予感ではないわ‥‥これは定められた真実‥‥‥‥？{k00}	
18970	D2:41:12D32	1	대사	【マルチナ】レイコさん‥‥‥‥。	
18971	D2:41:12D5E	1	대사	【マルチナ】本当に生きているのだろうか、彼女は‥‥‥。	
18972	D2:41:12DD0	1	대사	【マルチナ】グスタフが何気なしに私の肩に手を置いた。	
18973	D2:41:12E12	1	대사	【マルチナ】私はもう少しで、肩を揺り動かし、彼の手を落とそうとするところだった。	
18974	D2:41:12E70	1	대사	【マルチナ】表情を気取られないよう、顔は向けずに声だけで応対する。	
18975	D2:41:12EBE	1	대사	【マルチナ】「本当に‥‥彼女は本当に生きているの？」	
18976	D2:41:12EFE	1	대사	【グスタフ】「あぁ、私の射撃の腕は確かだよ。こめかみをかすらせる事くらい訳はない。」	
18977	D2:41:12F5E	1	대사	【マルチナ】グスタフは得意げな表情で私に話す。私はレイコに憐憫の眼差しを向けた。	
18978	D2:41:12FBA	1	대사	【マルチナ】私を純粋に信奉し、信頼していただけのこの女性を‥‥私は‥‥‥‥。	
18979	D2:41:13012	1	대사	【マルチナ】レイコは一連の仕業を、私の犯行だと思ったのだ。	
18980	D2:41:1305A	1	대사	【マルチナ】研究の妨害を画策するカズミを、私が殺したのだと‥‥。	
18981	D2:41:130A8	1	대사	【マルチナ】彼女は恐らく悩み苦しみ、	
18982	D2:41:130DA	1	대사	【マルチナ】自らの命と引き替えに、私のことを救おうとしたのかもしれない‥‥。	
18983	D2:41:13134	1	대사	【マルチナ】「‥‥どうするの、{n00}彼女を？」	
18984	D2:41:1316A	1	대사	【グスタフ】「無論、協力してもらうさ。彼女はもう死んだのだ、書類上ではな‥‥。」	
18985	D2:41:131EC	1	대사	【グスタフ】「まさか今さら、拒否はできんぞ。」	
18986	D2:41:13226	1	대사	【マルチナ】わかっている‥‥。	
18987	D2:41:13252	1	대사	【マルチナ】グスタフの行為を首肯はしなかったが、とりたてて否定もしなかった。	
18988	D2:41:132AC	1	대사	【マルチナ】そう、私は見て見ぬふりをして、この悪夢から逃避したのだ。	
18989	D2:41:132FE	1	대사	【マルチナ】もはや、後戻りはできなかった‥‥‥‥。	
18990	D2:41:1333E	1	대사	【グスタフ】「全くうまく事が運んだ{n00}よ。」	
18991	D2:41:13374	1	대사	【マルチナ】私の思惑などに無頓着なグスタフは、得意げに話を続けている。	
18992	D2:41:133C6	1	대사	【グスタフ】「あのカズミは死に、私の事を盛んに調べていたこの女も‥‥。」	
18993	D2:41:1341C	1	대사	【グスタフ】「私には脚本家としての才能があるようだ。」	
18994	D2:41:13460	1	대사	【マルチナ】「そうね、素晴らしいわ‥‥。」	
18995	D2:41:13496	1	대사	【マルチナ】皮肉と取られない皮肉ほど虚しいものはない。	
18996	D2:41:134DA	1	대사	【マルチナ】グスタフは満悦に頷くと、私の肩を抱いて言葉を続ける。	
18997	D2:41:13528	1	대사	【グスタフ】「私の究極の進化論を、そのうち世間に知らしめてやる。」	
18998	D2:41:13578	1	대사	【グスタフ】「エセ環境学者どもにな‥‥‥。」	
18999	D2:41:135B2	1	대사	【マルチナ】「そうね、あなたの夢も、もうすぐ成就するのね。」	
19000	D2:41:135FA	1	대사	【マルチナ】うっかり口が滑った。グスタフはすぐにそれに気付いて、	
19001	D2:41:13646	1	대사	【グスタフ】「あなたの夢も、だと？」	
19002	D2:41:13678	1	대사	【グスタフ】「マルチナ、お前のいったいどんな夢が成就しつつあるというのだ。」	
19003	D2:41:136D2	1	대사	【マルチナ】「言葉のアヤというもの{n00}よ。」	
19004	D2:41:1370A	1	대사	【マルチナ】「私の夢はあなたの夢、私の夢の成就はあなたの成就‥‥。」	
19005	D2:41:1375C	1	대사	【グスタフ】「‥‥フン、まぁいい。」	
19006	D2:41:1378C	1	대사	【マルチナ】グスタフはさほど関心がなさそうに、私のもとを離れた。	
19007	D2:41:137DA	1	대사	【マルチナ】少し、安堵感に包まれる‥‥。	
19008	D2:41:13810	1	대사	【グスタフ】「サンプルに手を付けるなよ、もう１つもな。」	
19009	D2:41:13856	1	대사	【グスタフ】「私はちょっと出かけてくる‥‥‥‥。」	
19010	D2:41:13896	1	대사	【マルチナ】「エレナの所ね‥‥‥‥」	
19011	D2:41:138C6	1	대사	【グスタフ】「フン、あの女、ティーナを消そうとするとはな‥‥馬鹿が。」	
19012	D2:41:13918	1	대사	【マルチナ】エレナがどういうつもりなのか、女である私には理解できる。	
19013	D2:41:1396A	1	대사	【マルチナ】グスタフにとっては理解の範疇を越えているのだろう、あの気持ちは‥‥。	
19014	D2:41:139C8	1	대사	【マルチナ】彼はもう１つのサンプル‥‥可愛らしい少女‥‥を一瞥すると、	
19015	D2:41:13A1C	1	대사	【マルチナ】満足そうに頷き、部屋を出ていった。	
19016	D2:41:13A58	1	대사	【マルチナ】もう１つのサンプル‥‥‥‥‥。	
19017	D2:41:13AC4	1	대사	【マルチナ】可愛らしく寝息をたてている彼女の頬にそっとふれてみる。柔らかく暖かい‥‥。	
19018	D2:41:13B26	1	대사	【マルチナ】私は、目にかかる髪を優しくかき上げてやった。フフ、可愛い子ね‥‥。	
19019	D2:41:13BB6	1	대사	【ティーナ】「‥‥‥‥お姉ちゃん、だっけ‥‥？」	
19020	D2:41:13BF2	1	대사	【マルチナ】「フフ、起きていたのね‥‥‥‥どう、気分は？」	
19021	D2:41:13C38	1	대사	【ティーナ】「うん‥‥、あの恐いオジチャンがいないから、気分いい。」	
19022	D2:41:13C88	1	대사	【マルチナ】「あら、なかなか言うわね、ウフフ‥‥‥‥。」	
19023	D2:41:13CCC	1	대사	【マルチナ】ティーナはいささか疲労しているようだった。	
19024	D2:41:13D10	1	대사	【マルチナ】薬のせいもあるのだろう、少しけだるそうに話す彼女は、痛々しかった‥‥‥‥。	
19025	D2:41:13D74	1	대사	【ティーナ】「ティーナ、アルのところに戻りたい‥‥。」	
19026	D2:41:13DDC	1	대사	【ティーナ】「あのオジチャンに言ったら、ホッペをぶたれちゃった‥‥。」	
19027	D2:41:13E2E	1	대사	【マルチナ】「可哀想に‥痛かった？」	
19028	D2:41:13E5E	1	대사	【マルチナ】私はそっと頬に手を触れる。ティーナはクスッと子猫のような笑みを浮かべた。	
19029	D2:41:13EBE	1	대사	【ティーナ】「ウフフ、くすぐったいよぉ‥‥‥‥。」	
19030	D2:41:13F22	1	대사	【ティーナ】「なーに‥‥？」	
19031	D2:41:13F4A	1	대사	【マルチナ】「私にもね、ちょうどあなたくらいの、年頃の子どもがいたの。」	
19032	D2:41:13F9E	1	대사	【ティーナ】「ふーん、ティーナくらいの‥‥？」	
19033	D2:41:13FD8	1	대사	【マルチナ】「そうよ、とっても可愛かったの。」	
19034	D2:41:14012	1	대사	【マルチナ】ティーナはちょっと悪戯っ子のような顔をして、私を見つめた。	
19035	D2:41:14064	1	대사	【マルチナ】ウフフ、そういう仕草がとっても似ているのよ‥‥。	
19036	D2:41:140AC	1	대사	【ティーナ】「ねっ、その子とティーナ、どっちが可愛い？」	
19037	D2:41:140F0	2	대사	【マルチナ】「えっ‥‥？」	
19038	D2:41:14116	1	대사	【ティーナ】「だからぁ、どっちが可愛いかなって。」	
19039	D2:41:14154	1	대사	【マルチナ】「そうねぇ‥‥同じくらいかしら？」	
19040	D2:41:1418E	1	대사	【ティーナ】「ずるいよぉ、そんなの‥‥‥‥。」	
19041	D2:41:141C8	1	대사	【マルチナ】ティーナは少し頬をふくらせてスネてみせた。	
19042	D2:41:1420C	1	대사	【マルチナ】そんな仕草に、私はたまらない愛着を感じる。	
19043	D2:41:14250	1	대사	【ティーナ】「今は、何をしてるの？　その子‥‥‥‥。」	
19044	D2:41:14292	1	대사	【マルチナ】「今は‥‥‥‥。」	
19045	D2:41:142BC	1	대사	【マルチナ】自分でこの話題を提供しながら、改めて後悔をしてしまった。	
19046	D2:41:1430E	1	대사	【マルチナ】胸にこみ上げる、熱いものを感じながら‥‥‥‥。	
19047	D2:41:14356	1	대사	【マルチナ】「‥‥ちょっと、遠いところに行っているの。」	
19048	D2:41:1439A	1	대사	【ティーナ】「ふーん‥‥‥‥ねぇ。」	
19049	D2:41:143CA	1	대사	【マルチナ】「なに？」	
19050	D2:41:143EC	1	대사	【ティーナ】「ティーナが、その子のお友達になってあげよっか」	
19051	D2:41:1445A	1	대사	【ティーナ】「‥ねぇ、どうしたの？」	
19052	D2:41:144B0	1	대사	【ティーナ】「目から、涙がこぼれてる‥‥‥‥。」	
19053	D2:41:144EC	1	대사	【マルチナ】ティーナの頬に、滴が落ちていた。	
19054	D2:41:14526	1	대사	【マルチナ】私は慌てて伏し目にすると、中指で目尻をそっとぬぐう。	
19055	D2:41:14574	1	대사	【ティーナ】「ティーナ、何か酷いことを、言ったの？　だったら、ごめんなさい‥‥‥‥。」	
19056	D2:41:145D6	1	대사	【マルチナ】「ううん、違うの。違うのよ‥‥‥‥。」	
19057	D2:41:14614	1	대사	【マルチナ】この少女の表情が翳るのは、見るにしのびなかった‥‥。	
19058	D2:41:14662	1	대사	【マルチナ】私は、以前よりも笑顔を表情に出しながら、ティーナに話しかけてみた。	
19059	D2:41:146BE	1	대사	【マルチナ】「アルの所に‥‥きっと戻れるようにしてあげる。」	
19060	D2:41:14706	1	대사	【ティーナ】「ホント‥‥？」	
19061	D2:41:1472E	1	대사	【マルチナ】「本当よ、きっと‥‥戻れるわ。」	
19062	D2:41:14766	1	대사	【ティーナ】「ウン、そうだといいな‥‥‥‥。」	
19063	D2:41:147A0	1	대사	【マルチナ】戻れるわ、アルの元に‥‥アルに会えるようにしてあげる‥‥‥‥。	
19064	D2:41:147F6	1	대사	【マルチナ】そして、運命という名の呪縛から、解き放ってあげる‥‥‥‥。	
19065	D2:41:14848	1	대사	【マルチナ】きっと‥‥‥‥。{k00}	
19066	D2:1137:009BC	1	대사	【マルチナ】とうとう‥‥この時が来たのね‥‥‥‥。	
19067	D2:1137:00A1A	1	대사	【マルチナ】長かったわ‥‥‥‥。	
19068	D2:1137:00A46	1	대사	【マルチナ】私の目的‥‥‥‥私の希望‥‥‥‥。	
19069	D2:1137:00A80	1	대사	【マルチナ】そして‥‥‥‥。	
19070	D2:1137:00AA8	1	대사	【ティーナ】「ねぇねぇ‥‥‥‥‥‥、どうしたの？」	
19071	D2:1137:00AF0	1	대사	【マルチナ】「えっ‥‥‥‥な、何かしら？」	
19072	D2:1137:00B26	1	대사	【ティーナ】「ちょっと恐い顔をしてたから‥‥‥‥。」	
19073	D2:1137:00B66	1	대사	【マルチナ】ティーナは少し不安げに、身体を若干折り曲げるように私の顔を見上げている。	
19074	D2:1137:00BC8	1	대사	【マルチナ】私は軽くティーナの頭を撫でてやると、	
19075	D2:1137:00C06	1	대사	【マルチナ】「何でもないわ、ティーナ。大丈夫よ‥‥‥‥。」	
19076	D2:1137:00C4C	1	대사	【マルチナ】と彼女の不安を取り除いてやろうとした。いくぶん、表情は緩和されたものの、	
19077	D2:1137:00CAE	1	대사	【マルチナ】彼女の不安は完全に無くなった訳ではないらしい。	
19078	D2:1137:00CF6	1	대사	【ティーナ】「何だか、このあいだより、すっごい音がするね。」	
19079	D2:1137:00D3E	1	대사	【マルチナ】「えぇ、装置が暴走しているのよ。」	
19080	D2:1137:00D78	1	대사	【ティーナ】「ボーソー？」	
19081	D2:1137:00D9E	1	대사	【マルチナ】ティーナは少し首を傾けると、私を不思議そうに見上げた。	
19082	D2:1137:00DEE	1	대사	【マルチナ】その仕草がまた可愛らしく感じる。	
19083	D2:1137:00E28	1	대사	【マルチナ】「暴走というのは他の人が使っている言葉。」	
19084	D2:1137:00E6C	1	대사	【マルチナ】「この装置は、これが正常な姿なのよ。」	
19085	D2:1137:00EAC	2	대사	【ティーナ】「どういうこと？」	
19086	D2:1137:00ED6	1	대사	【マルチナ】「つまり、ティーナが生まれ変わる時がきたということ‥‥。」	
19087	D2:1137:00F28	1	대사	【マルチナ】この装置が本来の役目を果たしたとき、私は‥‥そして、あなたは‥‥‥‥。	
19088	D2:1137:00F86	1	대사	【マルチナ】私はティーナの手を少し強く握った。	
19089	D2:1137:00FC2	1	대사	【マルチナ】彼女は依然、不思議そうに私を見上げている‥‥。	
19090	D2:1137:0100A	2	대사	【ティーナ】「どうするの？　これから‥‥‥‥。」	
19091	D2:1137:01046	1	대사	【マルチナ】「ティーナ、あなたを助けてあげるの。」	
19092	D2:1137:01084	1	대사	【ティーナ】「私を？」	
19093	D2:1137:010A6	2	대사	【マルチナ】「そうよ‥‥‥‥。」	
19094	D2:1137:010D2	1	대사	【マルチナ】丸いクリクリとした目が、あちこちを見回している。	
19095	D2:1137:0111C	1	대사	【マルチナ】キョトンとした表情が何とも愛らしい。	
19096	D2:1137:0115A	1	대사	【マルチナ】フフ、こんなに純真無垢な子が、悪魔に魂を売るようになるなんて、	
19097	D2:1137:011B2	1	대사	【マルチナ】いったい誰が想像できるのかしら‥‥‥‥。	
19098	D2:1137:011F4	1	대사	【ティーナ】「ここ、危ないって言ってたけど‥‥‥‥。」	
19099	D2:1137:01236	1	대사	【マルチナ】「何も知らないで歩き回れば、ね。でも今は、私と一緒だから、大丈夫。」	
19100	D2:1137:01292	1	대사	【ティーナ】「ふーん‥‥‥‥ちょっと、熱いね。」	
19101	D2:1137:012CE	1	대사	【マルチナ】ティーナは胸の部分の布地を摘むと、	
19102	D2:1137:0130A	1	대사	【マルチナ】軽く前後にうごかして、服と肌の間に風を送り込んでいる。	
19103	D2:1137:0135A	1	대사	【マルチナ】装置室内部は、摂氏で４０度近くになる。	
19104	D2:1137:0139A	1	대사	【マルチナ】だがこれは装置の動力が発する熱であって、装置自体が発熱している訳ではない。	
19105	D2:1137:013FE	1	대사	【マルチナ】反応装置は発電器ではないし、溶鉱炉でもない‥‥これは‥‥‥‥。	
19106	D2:1137:01454	1	대사	【ティーナ】「あの恐いオジチャン、大丈夫かな。」	
19107	D2:1137:01490	1	대사	【マルチナ】「えっ‥‥‥‥？」	
19108	D2:1137:014BA	1	대사	【ティーナ】「ほらぁ、さっきお姉ちゃんがガツンと花瓶で殴った、あのオジチャンよ。」	
19109	D2:1137:01518	1	대사	【マルチナ】ティーナはグスタフの事を言っているらしかった。	
19110	D2:1137:0155E	1	대사	【マルチナ】私の算出した数値データのコピーを彼に手渡したとき、	
19111	D2:1137:015AA	1	대사	【マルチナ】私はかねてからの計画を実行したのだ。	
19112	D2:1137:015E8	1	대사	【マルチナ】しかも数値データはダミーだった。もっとも、	
19113	D2:1137:0162C	1	대사	【マルチナ】オリジナルの本当のコピーを手渡したとしても、もはや関係はないのだが‥‥。	
19114	D2:1137:0168E	1	대사	【マルチナ】子どもっぽい意地だったんだろうと思う。彼には、例え無為とはいえ、	
19115	D2:1137:016E8	1	대사	【マルチナ】私の研究の成果の一部でも、渡したくはなかったのだ‥‥。	
19116	D2:1137:01738	1	대사	【マルチナ】本当のオリジナルは、お守りの中に入れて、マコトに手渡してある。	
19117	D2:1137:01790	1	대사	【マルチナ】私に万が一の時があったとき、頼みの綱は彼女だけなのだ‥‥‥‥。	
19118	D2:1137:017E8	1	대사	【マルチナ】「ティーナは優しいのね。あんなに酷いことをした彼の身を、案じているの？」	
19119	D2:1137:01848	1	대사	【ティーナ】「フフ、ま、大人の余裕よね。」	
19120	D2:1137:0187E	1	대사	【マルチナ】「言うわね、なかなか。」	
19121	D2:1137:018AE	1	대사	【マルチナ】少し得意げなティーナの頭を撫でながら、	
19122	D2:1137:018EE	1	대사	【マルチナ】私は彼女の手を引いて中央のコンソールパネルに歩き出した。	
19123	D2:1137:01940	1	대사	【ティーナ】「でも、面白いね、ここ。声が響きそう。」	
19124	D2:1137:01980	1	대사	【ティーナ】「アルぅーーーー！！」	
19125	D2:1137:019AE	1	대사	【ティーナ】「響いてる！　面白いね、ここって。」	
19126	D2:1137:019EA	1	대사	【マルチナ】ティーナはひとしきり満足をすると、再び私の手を握ってきた。	
19127	D2:1137:01A3E	1	대사	【マルチナ】私はゆっくりと、中央に向かって歩き始める。	
19128	D2:1137:01ABE	1	대사	【マルチナ】「これからね、あなたには生まれ変わってもらうの」	
19129	D2:1137:01B30	1	대사	【マルチナ】「永遠ともいえる時間の呪縛を逃れるため‥‥‥。」	
19130	D2:1137:01B7A	1	대사	【マルチナ】「次元の壁を越えて、アルに出会うために‥‥‥。」	
19131	D2:1137:01BC4	1	대사	【ティーナ】「アルに‥‥？」	
19132	D2:1137:01C18	1	대사	【ティーナ】「あっ！」	
19133	D2:1137:01C3A	1	대사	【マルチナ】ティーナの視線が装置室の入り口付近を横切ったとき、唐突に声をあげた。	
19134	D2:1137:01C98	1	대사	【マルチナ】私の手を離すと、視線の先に向かって一目散に走り出す。	
19135	D2:1137:01CEA	1	대사	【マルチナ】私の胸は締め付けられる‥‥ここまで来たのに‥‥‥‥！？	
19136	D2:1137:01D38	1	대사	【マルチナ】ティーナは彼の胸に飛び込むと、喜びを身体全体で表現していた。	
19137	D2:1137:01D92	1	대사	【ティーナ】「アルぅ、アルぅー！！」	
19138	D2:1137:01DC2	1	대사	【マルチナ】彼は‥‥アルバート・マクドガルは、	
19139	D2:1137:01DFE	1	대사	【マルチナ】ひとしきりティーナの頭を撫でると、厳しい顔を私に向けた。	
19140	D2:1137:01E56	1	대사	【アル】「マルチナさん‥‥やはりあなたは‥‥‥‥。」	
19141	D2:1137:01E96	1	대사	【マルチナ】「アル‥‥‥もはや、あなたに何を言っても無駄かもしれない。」	
19142	D2:1137:01EEA	1	대사	【アル】「罪の償いは‥‥‥‥、言葉では軽すぎるんじゃないですか？」	
19143	D2:1137:01F38	1	대사	【マルチナ】もはや言葉も無かった‥‥私はまたしても負けたのだ。	
19144	D2:1137:01F84	1	대사	【マルチナ】運命という強大過ぎる敵に‥‥‥‥。	
19145	D2:1137:01FC0	1	대사	【アル】「あなたは、軍事兵器の開発を急ぐあまりに、」	
19146	D2:1137:02002	1	대사	【アル】「それを阻止しようとするカズミさんを殺害した。あるいは、させた‥‥。」	
19147	D2:1137:0205E	4	대사	【マルチナ】「‥‥‥‥‥‥。」	
19148	D2:1137:02080	1	대사	【アル】「レイコさんですか？　実行犯は。」	
19149	D2:1137:020B6	1	대사	【マルチナ】実際に実行したのは、エレナだろう。そして指示をしたのは、あのグスタフだ。	
19150	D2:1137:02116	1	대사	【マルチナ】私はレイコの名誉の為に、アルの推測を否定しなければならなかった。	
19151	D2:1137:0216E	1	대사	【マルチナ】「あの子は‥‥レイコさんは無実よ。」	
19152	D2:1137:021AA	1	대사	【アル】「そうか‥‥では直接手をくだしたのは、やはりあなたか。」	
19153	D2:1137:021F6	1	대사	【マルチナ】アルの気迫に緊張しているのだろう、	
19154	D2:1137:02232	1	대사	【マルチナ】ティーナは少し恐々とした目で私を見つめている。	
19155	D2:1137:0227A	1	대사	【アル】「そして、クリスだけでなく、」	
19156	D2:1137:022AE	1	대사	【アル】「ティーナまで実験サンプルとして利用しようと‥‥‥‥違いますか？」	
19157	D2:1137:02332	1	대사	【マルチナ】実際その通りだった‥‥例えグスタフが画策していたこととはいえ、	
19158	D2:1137:0238A	1	대사	【マルチナ】私はそれを黙認し、見て見ぬふりを決め込んでいたのだから‥‥。	
19159	D2:1137:023E0	1	대사	【マルチナ】私もまた同罪であり、申し開きをすることはできないのだ。	
19160	D2:1137:0242E	1	대사	【アル】「淡泊だな、追いつめられた人間は冷静になるというが‥‥。」	
19161	D2:1137:0249E	1	대사	【マルチナ】アルはいったん言葉を切ると、一つ溜息をついた。	
19162	D2:1137:024E6	1	대사	【マルチナ】何故だという不条理な気持ちが、表情に顕著に現れていた。	
19163	D2:1137:02536	1	대사	【アル】「マルチナさん、俺はあなたのことを結構気に入ってたんだ。」	
19164	D2:1137:02586	1	대사	【アル】「まさかという気持ちがどこかにあった。」	
19165	D2:1137:025E6	1	대사	【アル】「その期待を、見事に裏切ってくれたな。」	
19166	D2:1137:02622	1	대사	【マルチナ】私はアルの糾弾を黙って聞いていた。聞くしかなかった。	
19167	D2:1137:0266E	1	대사	【マルチナ】アルは口を閉じると、目で私に弁明を促す。	
19168	D2:1137:026B0	1	대사	【マルチナ】私はその辛い要求に、応えてやらなければならない‥‥。	
19169	D2:1137:026FE	1	대사	【マルチナ】「アル。私が何をしようとしていたのか、」	
19170	D2:1137:02740	1	대사	【マルチナ】「あなたは恐らく理解できないし、理解しようとしないでしょうね‥‥。」	
19171	D2:1137:0279E	1	대사	【アル】「科学者の詭弁など聞きたくはないな。」	
19172	D2:1137:027DA	1	대사	【アル】「こんな年端もいかない子供まで利用するなんて、あんたそれでも人間かよ！」	
19173	D2:1137:02838	1	대사	【マルチナ】胸が、熱かった‥‥熱くこみ上げてくるものに耐えねばならなかった‥‥。	
19174	D2:1137:02894	1	대사	【マルチナ】なぜ‥‥‥‥。	
19175	D2:1137:028BA	1	대사	【マルチナ】なぜ彼に、そこまで言われなくてはならないの‥‥？	
19176	D2:1137:02902	1	대사	【マルチナ】私は‥‥‥‥私は‥‥‥‥。	
19177	D2:1137:02934	1	대사	【マルチナ】何故よ、いったい何故なのよ、アル！？	
19178	D2:1137:02970	1	대사	【マルチナ】頬を伝う感触がある。	
19179	D2:1137:0299E	1	대사	【マルチナ】私の目からは、いつの間にか止めどなく涙がこぼれていた。	
19180	D2:1137:029EE	1	대사	【マルチナ】「あなたには‥‥恐らく‥‥理解できないわ‥‥。」	
19181	D2:1137:02A36	1	대사	【マルチナ】やっと、それだけ言うことができた。	
19182	D2:1137:02A72	1	대사	【マルチナ】私は、彼の糾弾に耐えねばならないのだ。それが私の贖罪‥‥‥‥？	
19183	D2:1137:02ACA	1	대사	【マルチナ】ぐっと唇を噛みしめる。口の中に血の味が広がった。	
19184	D2:1137:02B12	1	대사	【マルチナ】「その子には生まれ変わってもらうのよ。ティーナには‥‥。」	
19185	D2:1137:02B66	1	대사	【マルチナ】「それがその子のため、そして私のため‥‥。」	
19186	D2:1137:02BAC	1	대사	【アル】「論外だな。」	
19187	D2:1137:02BCE	1	대사	【マルチナ】「あなたなら、そう言うと思った。」	
19188	D2:1137:02C08	1	대사	【マルチナ】アルの考えがわかるだけに、余計辛かった‥‥。	
19189	D2:1137:02C4C	1	대사	【マルチナ】あなただったら、どう言うだろうと、	
19190	D2:1137:02C88	1	대사	【マルチナ】私は幾度となく自問自答してきたのだから‥‥‥‥。	
19191	D2:1137:02CD2	1	대사	【アル】「マルチナさん、」	
19192	D2:1137:02CFA	1	대사	【アル】「あなたの研究に対する熱意は確かに凄いと思う。」	
19193	D2:1137:02D40	1	대사	【アル】「並々ならぬ迫力すら感じるよ。」	
19194	D2:1137:02D98	1	대사	【アル】「だからこそ俺は許せ{n00}ない。」	
19195	D2:1137:02DCC	1	대사	【アル】「兵器開発なんて非人道的なことをして、あんた恥ずかしくないのかよ！？」	
19196	D2:1137:02E28	1	대사	【男の声】「兵器開発ではない！」	
19197	D2:1137:02E54	1	대사	【アル】「な、なに！」	
19198	D2:1137:02E7C	1	대사	【アル】「ど、ドクター。な、なんであんたがここに？」	
19199	D2:1137:02EBC	1	대사	【マルチナ】「グスタフ‥‥。」	
19200	D2:1137:02EE6	1	대사	【マルチナ】グスタフの意識が戻ったのだろう。	
19201	D2:1137:02F20	1	대사	【マルチナ】額の上部に血のこびり付いた跡がある。私が花瓶で殴りつけた跡だ。	
19202	D2:1137:02F78	1	대사	【マルチナ】甘かったわ‥‥殺すべきだった‥‥？	
19203	D2:1137:02FB2	1	대사	【マルチナ】でもそうして、あの人が喜ぶの？　そうまでして‥‥‥‥。	
19204	D2:1137:03000	1	대사	【グスタフ】「マルチナ、きさま、最後になって裏切ったな。」	
19205	D2:1137:03046	1	대사	【アル】「裏切る？　どういうことだよ！？」	
19206	D2:1137:0307C	1	대사	【グスタフ】「彼女に監視させておいた甲斐があったよ。」	
19207	D2:1137:030C0	1	대사	【グスタフ】「マルチナ、反応方程式は既に手に入れた。」	
19208	D2:1137:03104	1	대사	【マルチナ】「ここまでのようね‥‥‥‥。」	
19209	D2:1137:03142	1	대사	【マルチナ】私は腰に差してあった拳銃を手にすると、アルの目の前にかざした。	
19210	D2:1137:0319A	1	대사	【マルチナ】無論、彼を撃つつもりは毛頭無い。	
19211	D2:1137:031D4	1	대사	【マルチナ】しかし、標的のグスタフは、アルのさらに後方に位置していた。	
19212	D2:1137:03228	1	대사	【マルチナ】私には少し困難な距離‥‥でもグスタフにとっては‥‥。	
19213	D2:1137:03276	1	대사	【アル】「ま、マルチナさん‥。」	
19214	D2:1137:032A2	1	대사	【マルチナ】「ここまで来て‥‥運命には逆らえなかった。」	
19215	D2:1137:032E6	1	대사	【アル】「やめろよ、罪を重くするだけだぜ！」	
19216	D2:1137:0331E	1	대사	【マルチナ】「アル、あなたにはわからない。だけど、わかって欲しかった！」	
19217	D2:1137:03372	1	대사	【アル】「科学者の詭弁をか！？　冗談はよしてくれ。」	
19218	D2:1137:033B2	1	대사	【マルチナ】「運命の螺旋に捉えられ、この身が朽ち果てようとも‥‥。」	
19219	D2:1137:03402	1	대사	【アル】「‥‥‥‥？」	
19220	D2:1137:03424	1	대사	【グスタフ】「馬鹿が、この距離で私と撃ち合うとはな‥‥。」	
19221	D2:1137:0346A	1	대사	【マルチナ】「グスタフ！」	
19222	D2:1137:034A0	1	대사	「ティーナへ」{w00}{k00}	
19223	D2:1137:034CE	1	대사	「この手紙をあなたは、私の本棚で見つけたのでしょう。」	
19224	D2:1137:03512	1	대사	「好奇心旺盛なあなたなら、きっとこれを読むものと確信しています。」	
19225	D2:1137:03562	1	대사	「心して読みなさい。そして慎重に考えるの。」	
19226	D2:1137:0359A	1	대사	「あなたとアルは近いうち、大きな危険にさらされることになる。」	
19227	D2:1137:035E4	1	대사	「だけど不安に駆られる必要はないわ‥‥。」	
19228	D2:1137:0361A	1	대사	「２人が助かる可能性は、あなたのアルに対する想いが、」	
19229	D2:1137:0365E	1	대사	「どれだけあるかに掛かっていると言っても、過言ではないわ。」	
19230	D2:1137:036A8	1	대사	「その結果、彼とは別れ別れになってしまうかもしれない‥‥。」	
19231	D2:1137:036F2	1	대사	「でもそれは‥‥一時的なこと。」	
19232	D2:1137:03720	1	대사	「きっとまた会えるわ。そう信じ、勇気をもって対処なさい。」	
19233	D2:1137:03766	1	대사	「あなたが、アルを愛しているのなら、その気持ちに従って行動するの。」	
19234	D2:1137:037B6	1	대사	「アルを信じて、自分を信じなさい‥‥‥‥。」	
19235	D2:1137:037EE	1	대사	「装置の異常出力のため、空間位相が大きくずれてしまうでしょう。」	
19236	D2:1137:0383A	1	대사	「そしてあなたはどこか、言葉も通じない異国の地で目覚める。」	
19237	D2:1137:03882	1	대사	「そして、１人の男と出会うことになる‥‥。」	
19238	D2:1137:038BA	1	대사	「その男は科学者で、」	
19239	D2:1137:038DE	1	대사	「ティーナの知識と知的探求心を、きっと気に入ってくれる。」	
19240	D2:1137:03926	1	대사	「あなたはそこで一生懸命勉強して、研究をして‥‥そして‥‥‥‥。」	
19241	D2:1137:03974	1	대사	「そして、再び《デザイ{n00}ア》へやってくることになる。」	
19242	D2:1137:039B6	1	대사	「その時に、また会えるわ。アルに‥‥‥‥。」	
19243	D2:1137:039F6	1	대사	「そこでどうするのか、運命を切り開くのはあなた自身‥‥。」	
19244	D2:1137:03A44	1	대사	「がんばって‥‥可愛いもう１人の私‥‥‥‥。」	
19245	D2:1137:03A86	1	대사	「マルチナ・ティーナ・ステラドヴィッチ　より」	
19246	D2:1137:03B86	3	대사	‥‥‥‥‥‥‥‥。{w02}{k00}	
19247	D2:1137:03B9E	1	대사	‥‥ここは、どこ‥‥‥？{w03}{k00}	
19248	D2:1137:03BE4	1	대사	‥‥わからない‥‥なにも、わからない‥‥‥‥‥‥。{w04}{k00}	
19249	D2:1137:03C24	1	대사	‥‥アル‥‥‥‥。{w03}{k00}	
19250	D2:1137:03C44	1	대사	‥‥アルに会いたい‥‥‥‥。{w03}{k00}	
19251	D2:1137:03C8E	1	대사	‥‥アル？　アルって、誰なの‥‥‥‥？{w04}{k00}	
19252	D2:1137:03CC2	1	대사	私はいったい‥‥‥‥‥‥‥‥。{w03}{k00}	
19253	D2:1137:03D00	1	대사	「んっ‥‥‥‥‥」{w02}{k00}	
19254	D2:1137:03D20	1	대사	「気が付いたか‥‥‥大丈夫かい？」{w04}{k00}	
19255	D2:1137:03D50	2	대사	「アル‥‥‥‥‥」{w03}{k00}	
19256	D2:1137:03D70	1	대사	「えっ？‥‥‥‥あぁ、胸の刺繍を見たんだね」{w04}{k00}	
19257	D2:1137:03DCA	1	대사	「あぁ、俺はアル。もう大丈夫だ」{w04}{k00}	
19258	D2:1137:03DF8	1	대사	「うん‥‥‥‥」{w03}{k00}	
19259	D2:1137:03E16	1	대사	「君は？」{w03}{k00}	
19260	D2:1137:03E2E	1	대사	「私は‥‥‥‥‥‥」{w03}{k00}	
19261	D2:1137:03E50	1	대사	「私はティーナ‥‥‥‥‥‥」{w05}{k00}	
